source	registry_source_id	raw_term	headword	pos	cefr	topic_or_section	pdf_page	source_ref	definition	notes	source_role	corpus_policy	source_format	locator
C1 Vocabulary Pack for CAE	c1-vocabulary-pack-cae	Law/rule/regulation	Law			Unit 1 | Social issues	5	registry:c1-vocabulary-pack-cae		Candidate-only lexical evidence; teacher review required before promotion.	lexical_candidate	candidate_only	pdf	pdf:page=5,section=unit-vocabulary
C1 Vocabulary Pack for CAE	c1-vocabulary-pack-cae	Law/rule/regulation	rule			Unit 1 | Social issues	5	registry:c1-vocabulary-pack-cae		Candidate-only lexical evidence; teacher review required before promotion.	lexical_candidate	candidate_only	pdf	pdf:page=5,section=unit-vocabulary
C1 Vocabulary Pack for CAE	c1-vocabulary-pack-cae	Law/rule/regulation	regulation			Unit 1 | Social issues	5	registry:c1-vocabulary-pack-cae		Candidate-only lexical evidence; teacher review required before promotion.	lexical_candidate	candidate_only	pdf	pdf:page=5,section=unit-vocabulary
C1 Vocabulary Pack for CAE	c1-vocabulary-pack-cae	Fine/punishment/penalty	Fine			Unit 1 | Social issues	5	registry:c1-vocabulary-pack-cae		Candidate-only lexical evidence; teacher review required before promotion.	lexical_candidate	candidate_only	pdf	pdf:page=5,section=unit-vocabulary
C1 Vocabulary Pack for CAE	c1-vocabulary-pack-cae	Fine/punishment/penalty	punishment			Unit 1 | Social issues	5	registry:c1-vocabulary-pack-cae		Candidate-only lexical evidence; teacher review required before promotion.	lexical_candidate	candidate_only	pdf	pdf:page=5,section=unit-vocabulary
C1 Vocabulary Pack for CAE	c1-vocabulary-pack-cae	Fine/punishment/penalty	penalty			Unit 1 | Social issues	5	registry:c1-vocabulary-pack-cae		Candidate-only lexical evidence; teacher review required before promotion.	lexical_candidate	candidate_only	pdf	pdf:page=5,section=unit-vocabulary
C1 Vocabulary Pack for CAE	c1-vocabulary-pack-cae	Criminal/robber/thief/burglar	Criminal			Unit 1 | Social issues	5	registry:c1-vocabulary-pack-cae		Candidate-only lexical evidence; teacher review required before promotion.	lexical_candidate	candidate_only	pdf	pdf:page=5,section=unit-vocabulary
C1 Vocabulary Pack for CAE	c1-vocabulary-pack-cae	Criminal/robber/thief/burglar	robber			Unit 1 | Social issues	5	registry:c1-vocabulary-pack-cae		Candidate-only lexical evidence; teacher review required before promotion.	lexical_candidate	candidate_only	pdf	pdf:page=5,section=unit-vocabulary
C1 Vocabulary Pack for CAE	c1-vocabulary-pack-cae	Criminal/robber/thief/burglar	thief			Unit 1 | Social issues	5	registry:c1-vocabulary-pack-cae		Candidate-only lexical evidence; teacher review required before promotion.	lexical_candidate	candidate_only	pdf	pdf:page=5,section=unit-vocabulary
C1 Vocabulary Pack for CAE	c1-vocabulary-pack-cae	Criminal/robber/thief/burglar	burglar			Unit 1 | Social issues	5	registry:c1-vocabulary-pack-cae		Candidate-only lexical evidence; teacher review required before promotion.	lexical_candidate	candidate_only	pdf	pdf:page=5,section=unit-vocabulary
C1 Vocabulary Pack for CAE	c1-vocabulary-pack-cae	Proof/evidence	Proof			Unit 1 | Social issues	5	registry:c1-vocabulary-pack-cae		Candidate-only lexical evidence; teacher review required before promotion.	lexical_candidate	candidate_only	pdf	pdf:page=5,section=unit-vocabulary
C1 Vocabulary Pack for CAE	c1-vocabulary-pack-cae	Proof/evidence	evidence			Unit 1 | Social issues	5	registry:c1-vocabulary-pack-cae		Candidate-only lexical evidence; teacher review required before promotion.	lexical_candidate	candidate_only	pdf	pdf:page=5,section=unit-vocabulary
C1 Vocabulary Pack for CAE	c1-vocabulary-pack-cae	Prison/jail	Prison			Unit 1 | Social issues	5	registry:c1-vocabulary-pack-cae		Candidate-only lexical evidence; teacher review required before promotion.	lexical_candidate	candidate_only	pdf	pdf:page=5,section=unit-vocabulary
C1 Vocabulary Pack for CAE	c1-vocabulary-pack-cae	Prison/jail	jail			Unit 1 | Social issues	5	registry:c1-vocabulary-pack-cae		Candidate-only lexical evidence; teacher review required before promotion.	lexical_candidate	candidate_only	pdf	pdf:page=5,section=unit-vocabulary
C1 Vocabulary Pack for CAE	c1-vocabulary-pack-cae	Arrest/detain/charge/extradite	Arrest			Unit 1 | Social issues	5	registry:c1-vocabulary-pack-cae		Candidate-only lexical evidence; teacher review required before promotion.	lexical_candidate	candidate_only	pdf	pdf:page=5,section=unit-vocabulary
C1 Vocabulary Pack for CAE	c1-vocabulary-pack-cae	Arrest/detain/charge/extradite	detain			Unit 1 | Social issues	5	registry:c1-vocabulary-pack-cae		Candidate-only lexical evidence; teacher review required before promotion.	lexical_candidate	candidate_only	pdf	pdf:page=5,section=unit-vocabulary
C1 Vocabulary Pack for CAE	c1-vocabulary-pack-cae	Arrest/detain/charge/extradite	charge			Unit 1 | Social issues	5	registry:c1-vocabulary-pack-cae		Candidate-only lexical evidence; teacher review required before promotion.	lexical_candidate	candidate_only	pdf	pdf:page=5,section=unit-vocabulary
C1 Vocabulary Pack for CAE	c1-vocabulary-pack-cae	Arrest/detain/charge/extradite	extradite			Unit 1 | Social issues	5	registry:c1-vocabulary-pack-cae		Candidate-only lexical evidence; teacher review required before promotion.	lexical_candidate	candidate_only	pdf	pdf:page=5,section=unit-vocabulary
C1 Vocabulary Pack for CAE	c1-vocabulary-pack-cae	suspect/accuse/sentence/interrogate/prosecute	suspect			Unit 1 | Social issues	5	registry:c1-vocabulary-pack-cae		Candidate-only lexical evidence; teacher review required before promotion.	lexical_candidate	candidate_only	pdf	pdf:page=5,section=unit-vocabulary
C1 Vocabulary Pack for CAE	c1-vocabulary-pack-cae	suspect/accuse/sentence/interrogate/prosecute	accuse			Unit 1 | Social issues	5	registry:c1-vocabulary-pack-cae		Candidate-only lexical evidence; teacher review required before promotion.	lexical_candidate	candidate_only	pdf	pdf:page=5,section=unit-vocabulary
C1 Vocabulary Pack for CAE	c1-vocabulary-pack-cae	suspect/accuse/sentence/interrogate/prosecute	sentence			Unit 1 | Social issues	5	registry:c1-vocabulary-pack-cae		Candidate-only lexical evidence; teacher review required before promotion.	lexical_candidate	candidate_only	pdf	pdf:page=5,section=unit-vocabulary
C1 Vocabulary Pack for CAE	c1-vocabulary-pack-cae	suspect/accuse/sentence/interrogate/prosecute	interrogate			Unit 1 | Social issues	5	registry:c1-vocabulary-pack-cae		Candidate-only lexical evidence; teacher review required before promotion.	lexical_candidate	candidate_only	pdf	pdf:page=5,section=unit-vocabulary
C1 Vocabulary Pack for CAE	c1-vocabulary-pack-cae	suspect/accuse/sentence/interrogate/prosecute	prosecute			Unit 1 | Social issues	5	registry:c1-vocabulary-pack-cae		Candidate-only lexical evidence; teacher review required before promotion.	lexical_candidate	candidate_only	pdf	pdf:page=5,section=unit-vocabulary
C1 Vocabulary Pack for CAE	c1-vocabulary-pack-cae	Escape/get away/flee	Escape			Unit 1 | Social issues	5	registry:c1-vocabulary-pack-cae		Candidate-only lexical evidence; teacher review required before promotion.	lexical_candidate	candidate_only	pdf	pdf:page=5,section=unit-vocabulary
C1 Vocabulary Pack for CAE	c1-vocabulary-pack-cae	Escape/get away/flee	get away			Unit 1 | Social issues	5	registry:c1-vocabulary-pack-cae		Candidate-only lexical evidence; teacher review required before promotion.	lexical_candidate	candidate_only	pdf	pdf:page=5,section=unit-vocabulary
C1 Vocabulary Pack for CAE	c1-vocabulary-pack-cae	Escape/get away/flee	flee			Unit 1 | Social issues	5	registry:c1-vocabulary-pack-cae		Candidate-only lexical evidence; teacher review required before promotion.	lexical_candidate	candidate_only	pdf	pdf:page=5,section=unit-vocabulary
C1 Vocabulary Pack for CAE	c1-vocabulary-pack-cae	Resist	Resist			Unit 1 | Social issues	5	registry:c1-vocabulary-pack-cae		Candidate-only lexical evidence; teacher review required before promotion.	lexical_candidate	candidate_only	pdf	pdf:page=5,section=unit-vocabulary
C1 Vocabulary Pack for CAE	c1-vocabulary-pack-cae	Restrict	Restrict			Unit 1 | Social issues	5	registry:c1-vocabulary-pack-cae		Candidate-only lexical evidence; teacher review required before promotion.	lexical_candidate	candidate_only	pdf	pdf:page=5,section=unit-vocabulary
C1 Vocabulary Pack for CAE	c1-vocabulary-pack-cae	Impose	Impose			Unit 1 | Social issues	5	registry:c1-vocabulary-pack-cae		Candidate-only lexical evidence; teacher review required before promotion.	lexical_candidate	candidate_only	pdf	pdf:page=5,section=unit-vocabulary
C1 Vocabulary Pack for CAE	c1-vocabulary-pack-cae	Victimize	Victimize			Unit 1 | Social issues	5	registry:c1-vocabulary-pack-cae		Candidate-only lexical evidence; teacher review required before promotion.	lexical_candidate	candidate_only	pdf	pdf:page=5,section=unit-vocabulary
C1 Vocabulary Pack for CAE	c1-vocabulary-pack-cae	Undermine	Undermine			Unit 1 | Social issues	5	registry:c1-vocabulary-pack-cae		Candidate-only lexical evidence; teacher review required before promotion.	lexical_candidate	candidate_only	pdf	pdf:page=5,section=unit-vocabulary
C1 Vocabulary Pack for CAE	c1-vocabulary-pack-cae	Blame/fault	Blame			Unit 1 | Social issues	5	registry:c1-vocabulary-pack-cae		Candidate-only lexical evidence; teacher review required before promotion.	lexical_candidate	candidate_only	pdf	pdf:page=5,section=unit-vocabulary
C1 Vocabulary Pack for CAE	c1-vocabulary-pack-cae	Blame/fault	fault			Unit 1 | Social issues	5	registry:c1-vocabulary-pack-cae		Candidate-only lexical evidence; teacher review required before promotion.	lexical_candidate	candidate_only	pdf	pdf:page=5,section=unit-vocabulary
C1 Vocabulary Pack for CAE	c1-vocabulary-pack-cae	Bribe/pay off/corrupt/influence	Bribe			Unit 1 | Social issues	5	registry:c1-vocabulary-pack-cae		Candidate-only lexical evidence; teacher review required before promotion.	lexical_candidate	candidate_only	pdf	pdf:page=5,section=unit-vocabulary
C1 Vocabulary Pack for CAE	c1-vocabulary-pack-cae	Bribe/pay off/corrupt/influence	pay off			Unit 1 | Social issues	5	registry:c1-vocabulary-pack-cae		Candidate-only lexical evidence; teacher review required before promotion.	lexical_candidate	candidate_only	pdf	pdf:page=5,section=unit-vocabulary
C1 Vocabulary Pack for CAE	c1-vocabulary-pack-cae	Bribe/pay off/corrupt/influence	corrupt			Unit 1 | Social issues	5	registry:c1-vocabulary-pack-cae		Candidate-only lexical evidence; teacher review required before promotion.	lexical_candidate	candidate_only	pdf	pdf:page=5,section=unit-vocabulary
C1 Vocabulary Pack for CAE	c1-vocabulary-pack-cae	Bribe/pay off/corrupt/influence	influence			Unit 1 | Social issues	5	registry:c1-vocabulary-pack-cae		Candidate-only lexical evidence; teacher review required before promotion.	lexical_candidate	candidate_only	pdf	pdf:page=5,section=unit-vocabulary
C1 Vocabulary Pack for CAE	c1-vocabulary-pack-cae	Mistake/make an error/ get sth wrong	Mistake			Unit 1 | Social issues	5	registry:c1-vocabulary-pack-cae		Candidate-only lexical evidence; teacher review required before promotion.	lexical_candidate	candidate_only	pdf	pdf:page=5,section=unit-vocabulary
C1 Vocabulary Pack for CAE	c1-vocabulary-pack-cae	Mistake/make an error/ get sth wrong	make an error			Unit 1 | Social issues	5	registry:c1-vocabulary-pack-cae		Candidate-only lexical evidence; teacher review required before promotion.	lexical_candidate	candidate_only	pdf	pdf:page=5,section=unit-vocabulary
C1 Vocabulary Pack for CAE	c1-vocabulary-pack-cae	Mistake/make an error/ get sth wrong	get sth wrong			Unit 1 | Social issues	5	registry:c1-vocabulary-pack-cae		Candidate-only lexical evidence; teacher review required before promotion.	lexical_candidate	candidate_only	pdf	pdf:page=5,section=unit-vocabulary
C1 Vocabulary Pack for CAE	c1-vocabulary-pack-cae	Threaten/intimidate/frighten	Threaten			Unit 1 | Social issues	5	registry:c1-vocabulary-pack-cae		Candidate-only lexical evidence; teacher review required before promotion.	lexical_candidate	candidate_only	pdf	pdf:page=5,section=unit-vocabulary
C1 Vocabulary Pack for CAE	c1-vocabulary-pack-cae	Threaten/intimidate/frighten	intimidate			Unit 1 | Social issues	5	registry:c1-vocabulary-pack-cae		Candidate-only lexical evidence; teacher review required before promotion.	lexical_candidate	candidate_only	pdf	pdf:page=5,section=unit-vocabulary
C1 Vocabulary Pack for CAE	c1-vocabulary-pack-cae	Threaten/intimidate/frighten	frighten			Unit 1 | Social issues	5	registry:c1-vocabulary-pack-cae		Candidate-only lexical evidence; teacher review required before promotion.	lexical_candidate	candidate_only	pdf	pdf:page=5,section=unit-vocabulary
C1 Vocabulary Pack for CAE	c1-vocabulary-pack-cae	Steal/rob/mug	Steal			Unit 1 | Social issues	5	registry:c1-vocabulary-pack-cae		Candidate-only lexical evidence; teacher review required before promotion.	lexical_candidate	candidate_only	pdf	pdf:page=5,section=unit-vocabulary
C1 Vocabulary Pack for CAE	c1-vocabulary-pack-cae	Steal/rob/mug	rob			Unit 1 | Social issues	5	registry:c1-vocabulary-pack-cae		Candidate-only lexical evidence; teacher review required before promotion.	lexical_candidate	candidate_only	pdf	pdf:page=5,section=unit-vocabulary
C1 Vocabulary Pack for CAE	c1-vocabulary-pack-cae	Steal/rob/mug	mug			Unit 1 | Social issues	5	registry:c1-vocabulary-pack-cae		Candidate-only lexical evidence; teacher review required before promotion.	lexical_candidate	candidate_only	pdf	pdf:page=5,section=unit-vocabulary
C1 Vocabulary Pack for CAE	c1-vocabulary-pack-cae	Murder/kill	Murder			Unit 1 | Social issues	5	registry:c1-vocabulary-pack-cae		Candidate-only lexical evidence; teacher review required before promotion.	lexical_candidate	candidate_only	pdf	pdf:page=5,section=unit-vocabulary
C1 Vocabulary Pack for CAE	c1-vocabulary-pack-cae	Murder/kill	kill			Unit 1 | Social issues	5	registry:c1-vocabulary-pack-cae		Candidate-only lexical evidence; teacher review required before promotion.	lexical_candidate	candidate_only	pdf	pdf:page=5,section=unit-vocabulary
C1 Vocabulary Pack for CAE	c1-vocabulary-pack-cae	Attack/assault/hurt/injure/cause damage/harm	Attack			Unit 1 | Social issues	5	registry:c1-vocabulary-pack-cae		Candidate-only lexical evidence; teacher review required before promotion.	lexical_candidate	candidate_only	pdf	pdf:page=5,section=unit-vocabulary
C1 Vocabulary Pack for CAE	c1-vocabulary-pack-cae	Attack/assault/hurt/injure/cause damage/harm	assault			Unit 1 | Social issues	5	registry:c1-vocabulary-pack-cae		Candidate-only lexical evidence; teacher review required before promotion.	lexical_candidate	candidate_only	pdf	pdf:page=5,section=unit-vocabulary
C1 Vocabulary Pack for CAE	c1-vocabulary-pack-cae	Attack/assault/hurt/injure/cause damage/harm	hurt			Unit 1 | Social issues	5	registry:c1-vocabulary-pack-cae		Candidate-only lexical evidence; teacher review required before promotion.	lexical_candidate	candidate_only	pdf	pdf:page=5,section=unit-vocabulary
C1 Vocabulary Pack for CAE	c1-vocabulary-pack-cae	Attack/assault/hurt/injure/cause damage/harm	injure			Unit 1 | Social issues	5	registry:c1-vocabulary-pack-cae		Candidate-only lexical evidence; teacher review required before promotion.	lexical_candidate	candidate_only	pdf	pdf:page=5,section=unit-vocabulary
C1 Vocabulary Pack for CAE	c1-vocabulary-pack-cae	Attack/assault/hurt/injure/cause damage/harm	cause damage			Unit 1 | Social issues	5	registry:c1-vocabulary-pack-cae		Candidate-only lexical evidence; teacher review required before promotion.	lexical_candidate	candidate_only	pdf	pdf:page=5,section=unit-vocabulary
C1 Vocabulary Pack for CAE	c1-vocabulary-pack-cae	Attack/assault/hurt/injure/cause damage/harm	harm			Unit 1 | Social issues	5	registry:c1-vocabulary-pack-cae		Candidate-only lexical evidence; teacher review required before promotion.	lexical_candidate	candidate_only	pdf	pdf:page=5,section=unit-vocabulary
C1 Vocabulary Pack for CAE	c1-vocabulary-pack-cae	Grab/get/pick up	Grab			Unit 1 | Social issues	5	registry:c1-vocabulary-pack-cae		Candidate-only lexical evidence; teacher review required before promotion.	lexical_candidate	candidate_only	pdf	pdf:page=5,section=unit-vocabulary
C1 Vocabulary Pack for CAE	c1-vocabulary-pack-cae	Grab/get/pick up	get			Unit 1 | Social issues	5	registry:c1-vocabulary-pack-cae		Candidate-only lexical evidence; teacher review required before promotion.	lexical_candidate	candidate_only	pdf	pdf:page=5,section=unit-vocabulary
C1 Vocabulary Pack for CAE	c1-vocabulary-pack-cae	Grab/get/pick up	pick up			Unit 1 | Social issues	5	registry:c1-vocabulary-pack-cae		Candidate-only lexical evidence; teacher review required before promotion.	lexical_candidate	candidate_only	pdf	pdf:page=5,section=unit-vocabulary
C1 Vocabulary Pack for CAE	c1-vocabulary-pack-cae	Emigrate/move abroad	Emigrate			Unit 1 | Social issues	5	registry:c1-vocabulary-pack-cae		Candidate-only lexical evidence; teacher review required before promotion.	lexical_candidate	candidate_only	pdf	pdf:page=5,section=unit-vocabulary
C1 Vocabulary Pack for CAE	c1-vocabulary-pack-cae	Emigrate/move abroad	move abroad			Unit 1 | Social issues	5	registry:c1-vocabulary-pack-cae		Candidate-only lexical evidence; teacher review required before promotion.	lexical_candidate	candidate_only	pdf	pdf:page=5,section=unit-vocabulary
C1 Vocabulary Pack for CAE	c1-vocabulary-pack-cae	Descend/go down	Descend			Unit 1 | Social issues	5	registry:c1-vocabulary-pack-cae		Candidate-only lexical evidence; teacher review required before promotion.	lexical_candidate	candidate_only	pdf	pdf:page=5,section=unit-vocabulary
C1 Vocabulary Pack for CAE	c1-vocabulary-pack-cae	Descend/go down	go down			Unit 1 | Social issues	5	registry:c1-vocabulary-pack-cae		Candidate-only lexical evidence; teacher review required before promotion.	lexical_candidate	candidate_only	pdf	pdf:page=5,section=unit-vocabulary
C1 Vocabulary Pack for CAE	c1-vocabulary-pack-cae	Ascend/improve/go up/increase	Ascend			Unit 1 | Social issues	5	registry:c1-vocabulary-pack-cae		Candidate-only lexical evidence; teacher review required before promotion.	lexical_candidate	candidate_only	pdf	pdf:page=5,section=unit-vocabulary
C1 Vocabulary Pack for CAE	c1-vocabulary-pack-cae	Ascend/improve/go up/increase	improve			Unit 1 | Social issues	5	registry:c1-vocabulary-pack-cae		Candidate-only lexical evidence; teacher review required before promotion.	lexical_candidate	candidate_only	pdf	pdf:page=5,section=unit-vocabulary
C1 Vocabulary Pack for CAE	c1-vocabulary-pack-cae	Ascend/improve/go up/increase	go up			Unit 1 | Social issues	5	registry:c1-vocabulary-pack-cae		Candidate-only lexical evidence; teacher review required before promotion.	lexical_candidate	candidate_only	pdf	pdf:page=5,section=unit-vocabulary
C1 Vocabulary Pack for CAE	c1-vocabulary-pack-cae	Ascend/improve/go up/increase	increase			Unit 1 | Social issues	5	registry:c1-vocabulary-pack-cae		Candidate-only lexical evidence; teacher review required before promotion.	lexical_candidate	candidate_only	pdf	pdf:page=5,section=unit-vocabulary
C1 Vocabulary Pack for CAE	c1-vocabulary-pack-cae	Eliminate/rub out/erase	Eliminate			Unit 1 | Social issues	5	registry:c1-vocabulary-pack-cae		Candidate-only lexical evidence; teacher review required before promotion.	lexical_candidate	candidate_only	pdf	pdf:page=5,section=unit-vocabulary
C1 Vocabulary Pack for CAE	c1-vocabulary-pack-cae	Eliminate/rub out/erase	rub out			Unit 1 | Social issues	5	registry:c1-vocabulary-pack-cae		Candidate-only lexical evidence; teacher review required before promotion.	lexical_candidate	candidate_only	pdf	pdf:page=5,section=unit-vocabulary
C1 Vocabulary Pack for CAE	c1-vocabulary-pack-cae	Eliminate/rub out/erase	erase			Unit 1 | Social issues	5	registry:c1-vocabulary-pack-cae		Candidate-only lexical evidence; teacher review required before promotion.	lexical_candidate	candidate_only	pdf	pdf:page=5,section=unit-vocabulary
C1 Vocabulary Pack for CAE	c1-vocabulary-pack-cae	Enforce/obligate	Enforce			Unit 1 | Social issues	5	registry:c1-vocabulary-pack-cae		Candidate-only lexical evidence; teacher review required before promotion.	lexical_candidate	candidate_only	pdf	pdf:page=5,section=unit-vocabulary
C1 Vocabulary Pack for CAE	c1-vocabulary-pack-cae	Enforce/obligate	obligate			Unit 1 | Social issues	5	registry:c1-vocabulary-pack-cae		Candidate-only lexical evidence; teacher review required before promotion.	lexical_candidate	candidate_only	pdf	pdf:page=5,section=unit-vocabulary
C1 Vocabulary Pack for CAE	c1-vocabulary-pack-cae	Insist on/prioritize	Insist on			Unit 1 | Social issues	5	registry:c1-vocabulary-pack-cae		Candidate-only lexical evidence; teacher review required before promotion.	lexical_candidate	candidate_only	pdf	pdf:page=5,section=unit-vocabulary
C1 Vocabulary Pack for CAE	c1-vocabulary-pack-cae	Insist on/prioritize	prioritize			Unit 1 | Social issues	5	registry:c1-vocabulary-pack-cae		Candidate-only lexical evidence; teacher review required before promotion.	lexical_candidate	candidate_only	pdf	pdf:page=5,section=unit-vocabulary
C1 Vocabulary Pack for CAE	c1-vocabulary-pack-cae	Charge with)	Charge with)			Unit 1 | Social issues	5	registry:c1-vocabulary-pack-cae		Candidate-only lexical evidence; teacher review required before promotion.	lexical_candidate	candidate_only	pdf	pdf:page=5,section=unit-vocabulary
C1 Vocabulary Pack for CAE	c1-vocabulary-pack-cae	Punish	Punish			Unit 1 | Social issues	5	registry:c1-vocabulary-pack-cae		Candidate-only lexical evidence; teacher review required before promotion.	lexical_candidate	candidate_only	pdf	pdf:page=5,section=unit-vocabulary
C1 Vocabulary Pack for CAE	c1-vocabulary-pack-cae	Be reluctant to	Be reluctant to	phrase		Unit 1 | Social issues	5	registry:c1-vocabulary-pack-cae		Candidate-only lexical evidence; teacher review required before promotion.	lexical_candidate	candidate_only	pdf	pdf:page=5,section=word-patterns
C1 Vocabulary Pack for CAE	c1-vocabulary-pack-cae	Accuse of	Accuse of	phrase		Unit 1 | Social issues	5	registry:c1-vocabulary-pack-cae		Candidate-only lexical evidence; teacher review required before promotion.	lexical_candidate	candidate_only	pdf	pdf:page=5,section=word-patterns
C1 Vocabulary Pack for CAE	c1-vocabulary-pack-cae	Charge with	Charge with	phrase		Unit 1 | Social issues	5	registry:c1-vocabulary-pack-cae		Candidate-only lexical evidence; teacher review required before promotion.	lexical_candidate	candidate_only	pdf	pdf:page=5,section=word-patterns
C1 Vocabulary Pack for CAE	c1-vocabulary-pack-cae	Escape/flee from	Escape from	phrase		Unit 1 | Social issues	5	registry:c1-vocabulary-pack-cae		Candidate-only lexical evidence; teacher review required before promotion.	lexical_candidate	candidate_only	pdf	pdf:page=5,section=word-patterns
C1 Vocabulary Pack for CAE	c1-vocabulary-pack-cae	Escape/flee from	flee from	phrase		Unit 1 | Social issues	5	registry:c1-vocabulary-pack-cae		Candidate-only lexical evidence; teacher review required before promotion.	lexical_candidate	candidate_only	pdf	pdf:page=5,section=word-patterns
C1 Vocabulary Pack for CAE	c1-vocabulary-pack-cae	Fine for	Fine for	phrase		Unit 1 | Social issues	5	registry:c1-vocabulary-pack-cae		Candidate-only lexical evidence; teacher review required before promotion.	lexical_candidate	candidate_only	pdf	pdf:page=5,section=word-patterns
C1 Vocabulary Pack for CAE	c1-vocabulary-pack-cae	The purpose of	The purpose of	phrase		Unit 1 | Social issues	5	registry:c1-vocabulary-pack-cae		Candidate-only lexical evidence; teacher review required before promotion.	lexical_candidate	candidate_only	pdf	pdf:page=5,section=word-patterns
C1 Vocabulary Pack for CAE	c1-vocabulary-pack-cae	Mistake for	Mistake for	phrase		Unit 1 | Social issues	5	registry:c1-vocabulary-pack-cae		Candidate-only lexical evidence; teacher review required before promotion.	lexical_candidate	candidate_only	pdf	pdf:page=5,section=word-patterns
C1 Vocabulary Pack for CAE	c1-vocabulary-pack-cae	Arrest sb for	Arrest sb for	phrase		Unit 1 | Social issues	5	registry:c1-vocabulary-pack-cae		Candidate-only lexical evidence; teacher review required before promotion.	lexical_candidate	candidate_only	pdf	pdf:page=5,section=word-patterns
C1 Vocabulary Pack for CAE	c1-vocabulary-pack-cae	Forgive sb for	Forgive sb for	phrase		Unit 1 | Social issues	5	registry:c1-vocabulary-pack-cae		Candidate-only lexical evidence; teacher review required before promotion.	lexical_candidate	candidate_only	pdf	pdf:page=5,section=word-patterns
C1 Vocabulary Pack for CAE	c1-vocabulary-pack-cae	Respect sb for	Respect sb for	phrase		Unit 1 | Social issues	5	registry:c1-vocabulary-pack-cae		Candidate-only lexical evidence; teacher review required before promotion.	lexical_candidate	candidate_only	pdf	pdf:page=5,section=word-patterns
C1 Vocabulary Pack for CAE	c1-vocabulary-pack-cae	Threaten with	Threaten with	phrase		Unit 1 | Social issues	5	registry:c1-vocabulary-pack-cae		Candidate-only lexical evidence; teacher review required before promotion.	lexical_candidate	candidate_only	pdf	pdf:page=5,section=word-patterns
C1 Vocabulary Pack for CAE	c1-vocabulary-pack-cae	Be scared/afraid of	Be scared of	phrase		Unit 1 | Social issues	5	registry:c1-vocabulary-pack-cae		Candidate-only lexical evidence; teacher review required before promotion.	lexical_candidate	candidate_only	pdf	pdf:page=5,section=word-patterns
C1 Vocabulary Pack for CAE	c1-vocabulary-pack-cae	Be scared/afraid of	Be afraid of	phrase		Unit 1 | Social issues	5	registry:c1-vocabulary-pack-cae		Candidate-only lexical evidence; teacher review required before promotion.	lexical_candidate	candidate_only	pdf	pdf:page=5,section=word-patterns
C1 Vocabulary Pack for CAE	c1-vocabulary-pack-cae	Be worried about	Be worried about	phrase		Unit 1 | Social issues	5	registry:c1-vocabulary-pack-cae		Candidate-only lexical evidence; teacher review required before promotion.	lexical_candidate	candidate_only	pdf	pdf:page=5,section=word-patterns
C1 Vocabulary Pack for CAE	c1-vocabulary-pack-cae	Be in doubt	Be in doubt	phrase		Unit 1 | Social issues	5	registry:c1-vocabulary-pack-cae		Candidate-only lexical evidence; teacher review required before promotion.	lexical_candidate	candidate_only	pdf	pdf:page=5,section=word-patterns
C1 Vocabulary Pack for CAE	c1-vocabulary-pack-cae	Be guilty of	Be guilty of	phrase		Unit 1 | Social issues	5	registry:c1-vocabulary-pack-cae		Candidate-only lexical evidence; teacher review required before promotion.	lexical_candidate	candidate_only	pdf	pdf:page=5,section=word-patterns
C1 Vocabulary Pack for CAE	c1-vocabulary-pack-cae	Be innocent of	Be innocent of	phrase		Unit 1 | Social issues	5	registry:c1-vocabulary-pack-cae		Candidate-only lexical evidence; teacher review required before promotion.	lexical_candidate	candidate_only	pdf	pdf:page=5,section=word-patterns
C1 Vocabulary Pack for CAE	c1-vocabulary-pack-cae	Grab the attention of	Grab the attention of	phrase		Unit 1 | Social issues	5	registry:c1-vocabulary-pack-cae		Candidate-only lexical evidence; teacher review required before promotion.	lexical_candidate	candidate_only	pdf	pdf:page=5,section=word-patterns
C1 Vocabulary Pack for CAE	c1-vocabulary-pack-cae	Be concerned with	Be concerned with	phrase		Unit 1 | Social issues	5	registry:c1-vocabulary-pack-cae		Candidate-only lexical evidence; teacher review required before promotion.	lexical_candidate	candidate_only	pdf	pdf:page=5,section=word-patterns
C1 Vocabulary Pack for CAE	c1-vocabulary-pack-cae	Come as a	Come as a	phrase		Unit 1 | Social issues	5	registry:c1-vocabulary-pack-cae		Candidate-only lexical evidence; teacher review required before promotion.	lexical_candidate	candidate_only	pdf	pdf:page=5,section=word-patterns
C1 Vocabulary Pack for CAE	c1-vocabulary-pack-cae	Fall into (a place/category/role)	Fall into (a place	phrase		Unit 1 | Social issues	5	registry:c1-vocabulary-pack-cae		Candidate-only lexical evidence; teacher review required before promotion.	lexical_candidate	candidate_only	pdf	pdf:page=5,section=word-patterns
C1 Vocabulary Pack for CAE	c1-vocabulary-pack-cae	Fall into (a place/category/role)	category	phrase		Unit 1 | Social issues	5	registry:c1-vocabulary-pack-cae		Candidate-only lexical evidence; teacher review required before promotion.	lexical_candidate	candidate_only	pdf	pdf:page=5,section=word-patterns
C1 Vocabulary Pack for CAE	c1-vocabulary-pack-cae	Fall into (a place/category/role)	role)	phrase		Unit 1 | Social issues	5	registry:c1-vocabulary-pack-cae		Candidate-only lexical evidence; teacher review required before promotion.	lexical_candidate	candidate_only	pdf	pdf:page=5,section=word-patterns
C1 Vocabulary Pack for CAE	c1-vocabulary-pack-cae	Have sth on good authority	Have sth on good authority	phrase		Unit 1 | Social issues	5	registry:c1-vocabulary-pack-cae		Candidate-only lexical evidence; teacher review required before promotion.	lexical_candidate	candidate_only	pdf	pdf:page=5,section=word-patterns
C1 Vocabulary Pack for CAE	c1-vocabulary-pack-cae	Be under control	Be under control	phrase		Unit 1 | Social issues	5	registry:c1-vocabulary-pack-cae		Candidate-only lexical evidence; teacher review required before promotion.	lexical_candidate	candidate_only	pdf	pdf:page=5,section=word-patterns
C1 Vocabulary Pack for CAE	c1-vocabulary-pack-cae	Charge sb with	Charge sb with	phrase		Unit 1 | Social issues	5	registry:c1-vocabulary-pack-cae		Candidate-only lexical evidence; teacher review required before promotion.	lexical_candidate	candidate_only	pdf	pdf:page=5,section=word-patterns
C1 Vocabulary Pack for CAE	c1-vocabulary-pack-cae	Take charge of	Take charge of	phrase		Unit 1 | Social issues	5	registry:c1-vocabulary-pack-cae		Candidate-only lexical evidence; teacher review required before promotion.	lexical_candidate	candidate_only	pdf	pdf:page=5,section=word-patterns
C1 Vocabulary Pack for CAE	c1-vocabulary-pack-cae	Back down	Back down	phrasal verb		Unit 1 | Social issues	5	registry:c1-vocabulary-pack-cae		Candidate-only lexical evidence; teacher review required before promotion.	lexical_candidate	candidate_only	pdf	pdf:page=5,section=phrasal-verbs
C1 Vocabulary Pack for CAE	c1-vocabulary-pack-cae	Back out (of)	Back out (of)	phrasal verb		Unit 1 | Social issues	5	registry:c1-vocabulary-pack-cae		Candidate-only lexical evidence; teacher review required before promotion.	lexical_candidate	candidate_only	pdf	pdf:page=5,section=phrasal-verbs
C1 Vocabulary Pack for CAE	c1-vocabulary-pack-cae	Blend in	Blend in	phrasal verb		Unit 1 | Social issues	5	registry:c1-vocabulary-pack-cae		Candidate-only lexical evidence; teacher review required before promotion.	lexical_candidate	candidate_only	pdf	pdf:page=5,section=phrasal-verbs
C1 Vocabulary Pack for CAE	c1-vocabulary-pack-cae	Bring out	Bring out	phrasal verb		Unit 1 | Social issues	5	registry:c1-vocabulary-pack-cae		Candidate-only lexical evidence; teacher review required before promotion.	lexical_candidate	candidate_only	pdf	pdf:page=5,section=phrasal-verbs
C1 Vocabulary Pack for CAE	c1-vocabulary-pack-cae	Buy off	Buy off	phrasal verb		Unit 1 | Social issues	5	registry:c1-vocabulary-pack-cae		Candidate-only lexical evidence; teacher review required before promotion.	lexical_candidate	candidate_only	pdf	pdf:page=5,section=phrasal-verbs
C1 Vocabulary Pack for CAE	c1-vocabulary-pack-cae	Crack down on	Crack down on	phrasal verb		Unit 1 | Social issues	5	registry:c1-vocabulary-pack-cae		Candidate-only lexical evidence; teacher review required before promotion.	lexical_candidate	candidate_only	pdf	pdf:page=5,section=phrasal-verbs
C1 Vocabulary Pack for CAE	c1-vocabulary-pack-cae	Get away with	Get away with	phrasal verb		Unit 1 | Social issues	5	registry:c1-vocabulary-pack-cae		Candidate-only lexical evidence; teacher review required before promotion.	lexical_candidate	candidate_only	pdf	pdf:page=5,section=phrasal-verbs
C1 Vocabulary Pack for CAE	c1-vocabulary-pack-cae	Get into	Get into	phrasal verb		Unit 1 | Social issues	5	registry:c1-vocabulary-pack-cae		Candidate-only lexical evidence; teacher review required before promotion.	lexical_candidate	candidate_only	pdf	pdf:page=5,section=phrasal-verbs
C1 Vocabulary Pack for CAE	c1-vocabulary-pack-cae	Give up	Give up	phrasal verb		Unit 1 | Social issues	5	registry:c1-vocabulary-pack-cae		Candidate-only lexical evidence; teacher review required before promotion.	lexical_candidate	candidate_only	pdf	pdf:page=5,section=phrasal-verbs
C1 Vocabulary Pack for CAE	c1-vocabulary-pack-cae	Go off (track)	Go off (track)	phrasal verb		Unit 1 | Social issues	5	registry:c1-vocabulary-pack-cae		Candidate-only lexical evidence; teacher review required before promotion.	lexical_candidate	candidate_only	pdf	pdf:page=5,section=phrasal-verbs
C1 Vocabulary Pack for CAE	c1-vocabulary-pack-cae	Aggression – aggressive, aggressor, aggressively	Aggression			Unit 1 | Social issues	5	registry:c1-vocabulary-pack-cae		Candidate-only lexical evidence; teacher review required before promotion.	lexical_candidate	candidate_only	pdf	pdf:page=5,section=word-formation
C1 Vocabulary Pack for CAE	c1-vocabulary-pack-cae	Aggression – aggressive, aggressor, aggressively	aggressive			Unit 1 | Social issues	5	registry:c1-vocabulary-pack-cae		Candidate-only lexical evidence; teacher review required before promotion.	lexical_candidate	candidate_only	pdf	pdf:page=5,section=word-formation
C1 Vocabulary Pack for CAE	c1-vocabulary-pack-cae	Aggression – aggressive, aggressor, aggressively	aggressor			Unit 1 | Social issues	5	registry:c1-vocabulary-pack-cae		Candidate-only lexical evidence; teacher review required before promotion.	lexical_candidate	candidate_only	pdf	pdf:page=5,section=word-formation
C1 Vocabulary Pack for CAE	c1-vocabulary-pack-cae	Aggression – aggressive, aggressor, aggressively	aggressively			Unit 1 | Social issues	5	registry:c1-vocabulary-pack-cae		Candidate-only lexical evidence; teacher review required before promotion.	lexical_candidate	candidate_only	pdf	pdf:page=5,section=word-formation
C1 Vocabulary Pack for CAE	c1-vocabulary-pack-cae	Threaten – threat, threatening	threat			Unit 1 | Social issues	5	registry:c1-vocabulary-pack-cae		Candidate-only lexical evidence; teacher review required before promotion.	lexical_candidate	candidate_only	pdf	pdf:page=5,section=word-formation
C1 Vocabulary Pack for CAE	c1-vocabulary-pack-cae	Threaten – threat, threatening	threatening			Unit 1 | Social issues	5	registry:c1-vocabulary-pack-cae		Candidate-only lexical evidence; teacher review required before promotion.	lexical_candidate	candidate_only	pdf	pdf:page=5,section=word-formation
C1 Vocabulary Pack for CAE	c1-vocabulary-pack-cae	Bribe – bribery	bribery			Unit 1 | Social issues	5	registry:c1-vocabulary-pack-cae		Candidate-only lexical evidence; teacher review required before promotion.	lexical_candidate	candidate_only	pdf	pdf:page=5,section=word-formation
C1 Vocabulary Pack for CAE	c1-vocabulary-pack-cae	Accuse – accused, accuser, accusation	accused			Unit 1 | Social issues	5	registry:c1-vocabulary-pack-cae		Candidate-only lexical evidence; teacher review required before promotion.	lexical_candidate	candidate_only	pdf	pdf:page=5,section=word-formation
C1 Vocabulary Pack for CAE	c1-vocabulary-pack-cae	Accuse – accused, accuser, accusation	accuser			Unit 1 | Social issues	5	registry:c1-vocabulary-pack-cae		Candidate-only lexical evidence; teacher review required before promotion.	lexical_candidate	candidate_only	pdf	pdf:page=5,section=word-formation
C1 Vocabulary Pack for CAE	c1-vocabulary-pack-cae	Accuse – accused, accuser, accusation	accusation			Unit 1 | Social issues	5	registry:c1-vocabulary-pack-cae		Candidate-only lexical evidence; teacher review required before promotion.	lexical_candidate	candidate_only	pdf	pdf:page=5,section=word-formation
C1 Vocabulary Pack for CAE	c1-vocabulary-pack-cae	Rob – robber, robbery	robbery			Unit 1 | Social issues	5	registry:c1-vocabulary-pack-cae		Candidate-only lexical evidence; teacher review required before promotion.	lexical_candidate	candidate_only	pdf	pdf:page=5,section=word-formation
C1 Vocabulary Pack for CAE	c1-vocabulary-pack-cae	Persuade – dissuade, persuasion, persuasively	Persuade			Unit 1 | Social issues	5	registry:c1-vocabulary-pack-cae		Candidate-only lexical evidence; teacher review required before promotion.	lexical_candidate	candidate_only	pdf	pdf:page=5,section=word-formation
C1 Vocabulary Pack for CAE	c1-vocabulary-pack-cae	Persuade – dissuade, persuasion, persuasively	dissuade			Unit 1 | Social issues	5	registry:c1-vocabulary-pack-cae		Candidate-only lexical evidence; teacher review required before promotion.	lexical_candidate	candidate_only	pdf	pdf:page=5,section=word-formation
C1 Vocabulary Pack for CAE	c1-vocabulary-pack-cae	Persuade – dissuade, persuasion, persuasively	persuasion			Unit 1 | Social issues	5	registry:c1-vocabulary-pack-cae		Candidate-only lexical evidence; teacher review required before promotion.	lexical_candidate	candidate_only	pdf	pdf:page=5,section=word-formation
C1 Vocabulary Pack for CAE	c1-vocabulary-pack-cae	Persuade – dissuade, persuasion, persuasively	persuasively			Unit 1 | Social issues	5	registry:c1-vocabulary-pack-cae		Candidate-only lexical evidence; teacher review required before promotion.	lexical_candidate	candidate_only	pdf	pdf:page=5,section=word-formation
C1 Vocabulary Pack for CAE	c1-vocabulary-pack-cae	Mug – mugger, mugged, mugging	mugger			Unit 1 | Social issues	5	registry:c1-vocabulary-pack-cae		Candidate-only lexical evidence; teacher review required before promotion.	lexical_candidate	candidate_only	pdf	pdf:page=5,section=word-formation
C1 Vocabulary Pack for CAE	c1-vocabulary-pack-cae	Mug – mugger, mugged, mugging	mugged			Unit 1 | Social issues	5	registry:c1-vocabulary-pack-cae		Candidate-only lexical evidence; teacher review required before promotion.	lexical_candidate	candidate_only	pdf	pdf:page=5,section=word-formation
C1 Vocabulary Pack for CAE	c1-vocabulary-pack-cae	Mug – mugger, mugged, mugging	mugging			Unit 1 | Social issues	5	registry:c1-vocabulary-pack-cae		Candidate-only lexical evidence; teacher review required before promotion.	lexical_candidate	candidate_only	pdf	pdf:page=5,section=word-formation
C1 Vocabulary Pack for CAE	c1-vocabulary-pack-cae	Murder – murderer	murderer			Unit 1 | Social issues	5	registry:c1-vocabulary-pack-cae		Candidate-only lexical evidence; teacher review required before promotion.	lexical_candidate	candidate_only	pdf	pdf:page=5,section=word-formation
C1 Vocabulary Pack for CAE	c1-vocabulary-pack-cae	Example – exemplify, exemplification	Example			Unit 1 | Social issues	5	registry:c1-vocabulary-pack-cae		Candidate-only lexical evidence; teacher review required before promotion.	lexical_candidate	candidate_only	pdf	pdf:page=5,section=word-formation
C1 Vocabulary Pack for CAE	c1-vocabulary-pack-cae	Example – exemplify, exemplification	exemplify			Unit 1 | Social issues	5	registry:c1-vocabulary-pack-cae		Candidate-only lexical evidence; teacher review required before promotion.	lexical_candidate	candidate_only	pdf	pdf:page=5,section=word-formation
C1 Vocabulary Pack for CAE	c1-vocabulary-pack-cae	Example – exemplify, exemplification	exemplification			Unit 1 | Social issues	5	registry:c1-vocabulary-pack-cae		Candidate-only lexical evidence; teacher review required before promotion.	lexical_candidate	candidate_only	pdf	pdf:page=5,section=word-formation
C1 Vocabulary Pack for CAE	c1-vocabulary-pack-cae	Harm – harmless, harmful	harmless			Unit 1 | Social issues	5	registry:c1-vocabulary-pack-cae		Candidate-only lexical evidence; teacher review required before promotion.	lexical_candidate	candidate_only	pdf	pdf:page=5,section=word-formation
C1 Vocabulary Pack for CAE	c1-vocabulary-pack-cae	Harm – harmless, harmful	harmful			Unit 1 | Social issues	5	registry:c1-vocabulary-pack-cae		Candidate-only lexical evidence; teacher review required before promotion.	lexical_candidate	candidate_only	pdf	pdf:page=5,section=word-formation
C1 Vocabulary Pack for CAE	c1-vocabulary-pack-cae	Hit back	Hit back	phrasal verb		Unit 1 | Social issues	6	registry:c1-vocabulary-pack-cae		Candidate-only lexical evidence; teacher review required before promotion.	lexical_candidate	candidate_only	pdf	pdf:page=6,section=phrasal-verbs
C1 Vocabulary Pack for CAE	c1-vocabulary-pack-cae	Let down	Let down	phrasal verb		Unit 1 | Social issues	6	registry:c1-vocabulary-pack-cae		Candidate-only lexical evidence; teacher review required before promotion.	lexical_candidate	candidate_only	pdf	pdf:page=6,section=phrasal-verbs
C1 Vocabulary Pack for CAE	c1-vocabulary-pack-cae	Let off	Let off	phrasal verb		Unit 1 | Social issues	6	registry:c1-vocabulary-pack-cae		Candidate-only lexical evidence; teacher review required before promotion.	lexical_candidate	candidate_only	pdf	pdf:page=6,section=phrasal-verbs
C1 Vocabulary Pack for CAE	c1-vocabulary-pack-cae	Lock up	Lock up	phrasal verb		Unit 1 | Social issues	6	registry:c1-vocabulary-pack-cae		Candidate-only lexical evidence; teacher review required before promotion.	lexical_candidate	candidate_only	pdf	pdf:page=6,section=phrasal-verbs
C1 Vocabulary Pack for CAE	c1-vocabulary-pack-cae	Opt out (of)	Opt out (of)	phrasal verb		Unit 1 | Social issues	6	registry:c1-vocabulary-pack-cae		Candidate-only lexical evidence; teacher review required before promotion.	lexical_candidate	candidate_only	pdf	pdf:page=6,section=phrasal-verbs
C1 Vocabulary Pack for CAE	c1-vocabulary-pack-cae	Phase out	Phase out	phrasal verb		Unit 1 | Social issues	6	registry:c1-vocabulary-pack-cae		Candidate-only lexical evidence; teacher review required before promotion.	lexical_candidate	candidate_only	pdf	pdf:page=6,section=phrasal-verbs
C1 Vocabulary Pack for CAE	c1-vocabulary-pack-cae	Push around	Push around	phrasal verb		Unit 1 | Social issues	6	registry:c1-vocabulary-pack-cae		Candidate-only lexical evidence; teacher review required before promotion.	lexical_candidate	candidate_only	pdf	pdf:page=6,section=phrasal-verbs
C1 Vocabulary Pack for CAE	c1-vocabulary-pack-cae	Stand out	Stand out	phrasal verb		Unit 1 | Social issues	6	registry:c1-vocabulary-pack-cae		Candidate-only lexical evidence; teacher review required before promotion.	lexical_candidate	candidate_only	pdf	pdf:page=6,section=phrasal-verbs
C1 Vocabulary Pack for CAE	c1-vocabulary-pack-cae	Stand up for	Stand up for	phrasal verb		Unit 1 | Social issues	6	registry:c1-vocabulary-pack-cae		Candidate-only lexical evidence; teacher review required before promotion.	lexical_candidate	candidate_only	pdf	pdf:page=6,section=phrasal-verbs
C1 Vocabulary Pack for CAE	c1-vocabulary-pack-cae	Take over	Take over	phrasal verb		Unit 1 | Social issues	6	registry:c1-vocabulary-pack-cae		Candidate-only lexical evidence; teacher review required before promotion.	lexical_candidate	candidate_only	pdf	pdf:page=6,section=phrasal-verbs
C1 Vocabulary Pack for CAE	c1-vocabulary-pack-cae	Law – lawyer, lawful, lawless	lawyer			Unit 1 | Social issues	6	registry:c1-vocabulary-pack-cae		Candidate-only lexical evidence; teacher review required before promotion.	lexical_candidate	candidate_only	pdf	pdf:page=6,section=word-formation
C1 Vocabulary Pack for CAE	c1-vocabulary-pack-cae	Law – lawyer, lawful, lawless	lawful			Unit 1 | Social issues	6	registry:c1-vocabulary-pack-cae		Candidate-only lexical evidence; teacher review required before promotion.	lexical_candidate	candidate_only	pdf	pdf:page=6,section=word-formation
C1 Vocabulary Pack for CAE	c1-vocabulary-pack-cae	Law – lawyer, lawful, lawless	lawless			Unit 1 | Social issues	6	registry:c1-vocabulary-pack-cae		Candidate-only lexical evidence; teacher review required before promotion.	lexical_candidate	candidate_only	pdf	pdf:page=6,section=word-formation
C1 Vocabulary Pack for CAE	c1-vocabulary-pack-cae	Crime – criminal	Crime			Unit 1 | Social issues	6	registry:c1-vocabulary-pack-cae		Candidate-only lexical evidence; teacher review required before promotion.	lexical_candidate	candidate_only	pdf	pdf:page=6,section=word-formation
C1 Vocabulary Pack for CAE	c1-vocabulary-pack-cae	Punish – punisher, punished, punishment	punisher			Unit 1 | Social issues	6	registry:c1-vocabulary-pack-cae		Candidate-only lexical evidence; teacher review required before promotion.	lexical_candidate	candidate_only	pdf	pdf:page=6,section=word-formation
C1 Vocabulary Pack for CAE	c1-vocabulary-pack-cae	Punish – punisher, punished, punishment	punished			Unit 1 | Social issues	6	registry:c1-vocabulary-pack-cae		Candidate-only lexical evidence; teacher review required before promotion.	lexical_candidate	candidate_only	pdf	pdf:page=6,section=word-formation
C1 Vocabulary Pack for CAE	c1-vocabulary-pack-cae	Detain – detention, detained	detention			Unit 1 | Social issues	6	registry:c1-vocabulary-pack-cae		Candidate-only lexical evidence; teacher review required before promotion.	lexical_candidate	candidate_only	pdf	pdf:page=6,section=word-formation
C1 Vocabulary Pack for CAE	c1-vocabulary-pack-cae	Detain – detention, detained	detained			Unit 1 | Social issues	6	registry:c1-vocabulary-pack-cae		Candidate-only lexical evidence; teacher review required before promotion.	lexical_candidate	candidate_only	pdf	pdf:page=6,section=word-formation
C1 Vocabulary Pack for CAE	c1-vocabulary-pack-cae	Burgle – burglary, burglar	Burgle			Unit 1 | Social issues	6	registry:c1-vocabulary-pack-cae		Candidate-only lexical evidence; teacher review required before promotion.	lexical_candidate	candidate_only	pdf	pdf:page=6,section=word-formation
C1 Vocabulary Pack for CAE	c1-vocabulary-pack-cae	Burgle – burglary, burglar	burglary			Unit 1 | Social issues	6	registry:c1-vocabulary-pack-cae		Candidate-only lexical evidence; teacher review required before promotion.	lexical_candidate	candidate_only	pdf	pdf:page=6,section=word-formation
C1 Vocabulary Pack for CAE	c1-vocabulary-pack-cae	Famous – famously, infamous	Famous			Unit 1 | Social issues	6	registry:c1-vocabulary-pack-cae		Candidate-only lexical evidence; teacher review required before promotion.	lexical_candidate	candidate_only	pdf	pdf:page=6,section=word-formation
C1 Vocabulary Pack for CAE	c1-vocabulary-pack-cae	Famous – famously, infamous	famously			Unit 1 | Social issues	6	registry:c1-vocabulary-pack-cae		Candidate-only lexical evidence; teacher review required before promotion.	lexical_candidate	candidate_only	pdf	pdf:page=6,section=word-formation
C1 Vocabulary Pack for CAE	c1-vocabulary-pack-cae	Famous – famously, infamous	infamous			Unit 1 | Social issues	6	registry:c1-vocabulary-pack-cae		Candidate-only lexical evidence; teacher review required before promotion.	lexical_candidate	candidate_only	pdf	pdf:page=6,section=word-formation
C1 Vocabulary Pack for CAE	c1-vocabulary-pack-cae	Provoke – provocation, provocative	Provoke			Unit 1 | Social issues	6	registry:c1-vocabulary-pack-cae		Candidate-only lexical evidence; teacher review required before promotion.	lexical_candidate	candidate_only	pdf	pdf:page=6,section=word-formation
C1 Vocabulary Pack for CAE	c1-vocabulary-pack-cae	Provoke – provocation, provocative	provocation			Unit 1 | Social issues	6	registry:c1-vocabulary-pack-cae		Candidate-only lexical evidence; teacher review required before promotion.	lexical_candidate	candidate_only	pdf	pdf:page=6,section=word-formation
C1 Vocabulary Pack for CAE	c1-vocabulary-pack-cae	Provoke – provocation, provocative	provocative			Unit 1 | Social issues	6	registry:c1-vocabulary-pack-cae		Candidate-only lexical evidence; teacher review required before promotion.	lexical_candidate	candidate_only	pdf	pdf:page=6,section=word-formation
C1 Vocabulary Pack for CAE	c1-vocabulary-pack-cae	Charity – charitable	Charity			Unit 1 | Social issues	6	registry:c1-vocabulary-pack-cae		Candidate-only lexical evidence; teacher review required before promotion.	lexical_candidate	candidate_only	pdf	pdf:page=6,section=word-formation
C1 Vocabulary Pack for CAE	c1-vocabulary-pack-cae	Charity – charitable	charitable			Unit 1 | Social issues	6	registry:c1-vocabulary-pack-cae		Candidate-only lexical evidence; teacher review required before promotion.	lexical_candidate	candidate_only	pdf	pdf:page=6,section=word-formation
C1 Vocabulary Pack for CAE	c1-vocabulary-pack-cae	Indicate – indicator, indication	Indicate			Unit 1 | Social issues	6	registry:c1-vocabulary-pack-cae		Candidate-only lexical evidence; teacher review required before promotion.	lexical_candidate	candidate_only	pdf	pdf:page=6,section=word-formation
C1 Vocabulary Pack for CAE	c1-vocabulary-pack-cae	Indicate – indicator, indication	indicator			Unit 1 | Social issues	6	registry:c1-vocabulary-pack-cae		Candidate-only lexical evidence; teacher review required before promotion.	lexical_candidate	candidate_only	pdf	pdf:page=6,section=word-formation
C1 Vocabulary Pack for CAE	c1-vocabulary-pack-cae	Indicate – indicator, indication	indication			Unit 1 | Social issues	6	registry:c1-vocabulary-pack-cae		Candidate-only lexical evidence; teacher review required before promotion.	lexical_candidate	candidate_only	pdf	pdf:page=6,section=word-formation
C1 Vocabulary Pack for CAE	c1-vocabulary-pack-cae	Duty – dutiful	Duty			Unit 1 | Social issues	6	registry:c1-vocabulary-pack-cae		Candidate-only lexical evidence; teacher review required before promotion.	lexical_candidate	candidate_only	pdf	pdf:page=6,section=word-formation
C1 Vocabulary Pack for CAE	c1-vocabulary-pack-cae	Duty – dutiful	dutiful			Unit 1 | Social issues	6	registry:c1-vocabulary-pack-cae		Candidate-only lexical evidence; teacher review required before promotion.	lexical_candidate	candidate_only	pdf	pdf:page=6,section=word-formation
C1 Vocabulary Pack for CAE	c1-vocabulary-pack-cae	Against the law	Against the law	phrase		Unit 1 | Social issues	6	registry:c1-vocabulary-pack-cae		Candidate-only lexical evidence; teacher review required before promotion.	lexical_candidate	candidate_only	pdf	pdf:page=6,section=fixed-phrases
C1 Vocabulary Pack for CAE	c1-vocabulary-pack-cae	On purpose	On purpose	phrase		Unit 1 | Social issues	6	registry:c1-vocabulary-pack-cae		Candidate-only lexical evidence; teacher review required before promotion.	lexical_candidate	candidate_only	pdf	pdf:page=6,section=fixed-phrases
C1 Vocabulary Pack for CAE	c1-vocabulary-pack-cae	Safe and sound	Safe and sound	phrase		Unit 1 | Social issues	6	registry:c1-vocabulary-pack-cae		Candidate-only lexical evidence; teacher review required before promotion.	lexical_candidate	candidate_only	pdf	pdf:page=6,section=fixed-phrases
C1 Vocabulary Pack for CAE	c1-vocabulary-pack-cae	Commit a crime	Commit a crime	phrase		Unit 1 | Social issues	6	registry:c1-vocabulary-pack-cae		Candidate-only lexical evidence; teacher review required before promotion.	lexical_candidate	candidate_only	pdf	pdf:page=6,section=fixed-phrases
C1 Vocabulary Pack for CAE	c1-vocabulary-pack-cae	Come as a shock/surprise	Come as a shock	phrase		Unit 1 | Social issues	6	registry:c1-vocabulary-pack-cae		Candidate-only lexical evidence; teacher review required before promotion.	lexical_candidate	candidate_only	pdf	pdf:page=6,section=fixed-phrases
C1 Vocabulary Pack for CAE	c1-vocabulary-pack-cae	Come as a shock/surprise	Come as a surprise	phrase		Unit 1 | Social issues	6	registry:c1-vocabulary-pack-cae		Candidate-only lexical evidence; teacher review required before promotion.	lexical_candidate	candidate_only	pdf	pdf:page=6,section=fixed-phrases
C1 Vocabulary Pack for CAE	c1-vocabulary-pack-cae	Commit suicide	Commit suicide	phrase		Unit 1 | Social issues	6	registry:c1-vocabulary-pack-cae		Candidate-only lexical evidence; teacher review required before promotion.	lexical_candidate	candidate_only	pdf	pdf:page=6,section=fixed-phrases
C1 Vocabulary Pack for CAE	c1-vocabulary-pack-cae	Break the law	Break the law	phrase		Unit 1 | Social issues	6	registry:c1-vocabulary-pack-cae		Candidate-only lexical evidence; teacher review required before promotion.	lexical_candidate	candidate_only	pdf	pdf:page=6,section=fixed-phrases
C1 Vocabulary Pack for CAE	c1-vocabulary-pack-cae	On account of	On account of	phrase		Unit 1 | Social issues	6	registry:c1-vocabulary-pack-cae		Candidate-only lexical evidence; teacher review required before promotion.	lexical_candidate	candidate_only	pdf	pdf:page=6,section=fixed-phrases
C1 Vocabulary Pack for CAE	c1-vocabulary-pack-cae	Be at fault	Be at fault	phrase		Unit 1 | Social issues	6	registry:c1-vocabulary-pack-cae		Candidate-only lexical evidence; teacher review required before promotion.	lexical_candidate	candidate_only	pdf	pdf:page=6,section=fixed-phrases
C1 Vocabulary Pack for CAE	c1-vocabulary-pack-cae	Drop a hint	Drop a hint	phrase		Unit 1 | Social issues	6	registry:c1-vocabulary-pack-cae		Candidate-only lexical evidence; teacher review required before promotion.	lexical_candidate	candidate_only	pdf	pdf:page=6,section=fixed-phrases
C1 Vocabulary Pack for CAE	c1-vocabulary-pack-cae	Slip out of	Slip out of	phrase		Unit 1 | Social issues	6	registry:c1-vocabulary-pack-cae		Candidate-only lexical evidence; teacher review required before promotion.	lexical_candidate	candidate_only	pdf	pdf:page=6,section=fixed-phrases
C1 Vocabulary Pack for CAE	c1-vocabulary-pack-cae	Let the cat out of the bag	Let the cat out of the bag	idiom		Unit 1 | Social issues	6	registry:c1-vocabulary-pack-cae		Candidate-only lexical evidence; teacher review required before promotion.	lexical_candidate	candidate_only	pdf	pdf:page=6,section=idioms
C1 Vocabulary Pack for CAE	c1-vocabulary-pack-cae	Bury your head in the sand	Bury your head in the sand	idiom		Unit 1 | Social issues	6	registry:c1-vocabulary-pack-cae		Candidate-only lexical evidence; teacher review required before promotion.	lexical_candidate	candidate_only	pdf	pdf:page=6,section=idioms
C1 Vocabulary Pack for CAE	c1-vocabulary-pack-cae	Smell a rat	Smell a rat	idiom		Unit 1 | Social issues	6	registry:c1-vocabulary-pack-cae		Candidate-only lexical evidence; teacher review required before promotion.	lexical_candidate	candidate_only	pdf	pdf:page=6,section=idioms
C1 Vocabulary Pack for CAE	c1-vocabulary-pack-cae	Curiosity killed the cat	Curiosity killed the cat	idiom		Unit 1 | Social issues	6	registry:c1-vocabulary-pack-cae		Candidate-only lexical evidence; teacher review required before promotion.	lexical_candidate	candidate_only	pdf	pdf:page=6,section=idioms
C1 Vocabulary Pack for CAE	c1-vocabulary-pack-cae	The powers to be	The powers to be	idiom		Unit 1 | Social issues	6	registry:c1-vocabulary-pack-cae		Candidate-only lexical evidence; teacher review required before promotion.	lexical_candidate	candidate_only	pdf	pdf:page=6,section=idioms
C1 Vocabulary Pack for CAE	c1-vocabulary-pack-cae	Copy cat	Copy cat	idiom		Unit 1 | Social issues	6	registry:c1-vocabulary-pack-cae		Candidate-only lexical evidence; teacher review required before promotion.	lexical_candidate	candidate_only	pdf	pdf:page=6,section=idioms
C1 Vocabulary Pack for CAE	c1-vocabulary-pack-cae	Smell something fishy	Smell something fishy	idiom		Unit 1 | Social issues	6	registry:c1-vocabulary-pack-cae		Candidate-only lexical evidence; teacher review required before promotion.	lexical_candidate	candidate_only	pdf	pdf:page=6,section=idioms
C1 Vocabulary Pack for CAE	c1-vocabulary-pack-cae	Turn a blind eye	Turn a blind eye	idiom		Unit 1 | Social issues	6	registry:c1-vocabulary-pack-cae		Candidate-only lexical evidence; teacher review required before promotion.	lexical_candidate	candidate_only	pdf	pdf:page=6,section=idioms
C1 Vocabulary Pack for CAE	c1-vocabulary-pack-cae	Pull a few strings	Pull a few strings	idiom		Unit 1 | Social issues	6	registry:c1-vocabulary-pack-cae		Candidate-only lexical evidence; teacher review required before promotion.	lexical_candidate	candidate_only	pdf	pdf:page=6,section=idioms
C1 Vocabulary Pack for CAE	c1-vocabulary-pack-cae	Gain the upper hand	Gain the upper hand	idiom		Unit 1 | Social issues	6	registry:c1-vocabulary-pack-cae		Candidate-only lexical evidence; teacher review required before promotion.	lexical_candidate	candidate_only	pdf	pdf:page=6,section=idioms
C1 Vocabulary Pack for CAE	c1-vocabulary-pack-cae	Give a hand with sth	Give a hand with sth	idiom		Unit 1 | Social issues	6	registry:c1-vocabulary-pack-cae		Candidate-only lexical evidence; teacher review required before promotion.	lexical_candidate	candidate_only	pdf	pdf:page=6,section=idioms
C1 Vocabulary Pack for CAE	c1-vocabulary-pack-cae	Keep an eye on sb	Keep an eye on sb	idiom		Unit 1 | Social issues	6	registry:c1-vocabulary-pack-cae		Candidate-only lexical evidence; teacher review required before promotion.	lexical_candidate	candidate_only	pdf	pdf:page=6,section=idioms
C1 Vocabulary Pack for CAE	c1-vocabulary-pack-cae	Have a cat nap	Have a cat nap	idiom		Unit 1 | Social issues	6	registry:c1-vocabulary-pack-cae		Candidate-only lexical evidence; teacher review required before promotion.	lexical_candidate	candidate_only	pdf	pdf:page=6,section=idioms
C1 Vocabulary Pack for CAE	c1-vocabulary-pack-cae	Give the green light	Give the green light	idiom		Unit 1 | Social issues	6	registry:c1-vocabulary-pack-cae		Candidate-only lexical evidence; teacher review required before promotion.	lexical_candidate	candidate_only	pdf	pdf:page=6,section=idioms
C1 Vocabulary Pack for CAE	c1-vocabulary-pack-cae	Be a busy body	Be a busy body	idiom		Unit 1 | Social issues	6	registry:c1-vocabulary-pack-cae		Candidate-only lexical evidence; teacher review required before promotion.	lexical_candidate	candidate_only	pdf	pdf:page=6,section=idioms
C1 Vocabulary Pack for CAE	c1-vocabulary-pack-cae	Be a know it all	Be a know it all	idiom		Unit 1 | Social issues	6	registry:c1-vocabulary-pack-cae		Candidate-only lexical evidence; teacher review required before promotion.	lexical_candidate	candidate_only	pdf	pdf:page=6,section=idioms
C1 Vocabulary Pack for CAE	c1-vocabulary-pack-cae	Employ/hire/contract/take on	Employ			Unit 2 | Employment and the economy	7	registry:c1-vocabulary-pack-cae		Candidate-only lexical evidence; teacher review required before promotion.	lexical_candidate	candidate_only	pdf	pdf:page=7,section=unit-vocabulary
C1 Vocabulary Pack for CAE	c1-vocabulary-pack-cae	Employ/hire/contract/take on	hire			Unit 2 | Employment and the economy	7	registry:c1-vocabulary-pack-cae		Candidate-only lexical evidence; teacher review required before promotion.	lexical_candidate	candidate_only	pdf	pdf:page=7,section=unit-vocabulary
C1 Vocabulary Pack for CAE	c1-vocabulary-pack-cae	Employ/hire/contract/take on	contract			Unit 2 | Employment and the economy	7	registry:c1-vocabulary-pack-cae		Candidate-only lexical evidence; teacher review required before promotion.	lexical_candidate	candidate_only	pdf	pdf:page=7,section=unit-vocabulary
C1 Vocabulary Pack for CAE	c1-vocabulary-pack-cae	Employ/hire/contract/take on	take on			Unit 2 | Employment and the economy	7	registry:c1-vocabulary-pack-cae		Candidate-only lexical evidence; teacher review required before promotion.	lexical_candidate	candidate_only	pdf	pdf:page=7,section=unit-vocabulary
C1 Vocabulary Pack for CAE	c1-vocabulary-pack-cae	Job/work/career	Job			Unit 2 | Employment and the economy	7	registry:c1-vocabulary-pack-cae		Candidate-only lexical evidence; teacher review required before promotion.	lexical_candidate	candidate_only	pdf	pdf:page=7,section=unit-vocabulary
C1 Vocabulary Pack for CAE	c1-vocabulary-pack-cae	Job/work/career	work			Unit 2 | Employment and the economy	7	registry:c1-vocabulary-pack-cae		Candidate-only lexical evidence; teacher review required before promotion.	lexical_candidate	candidate_only	pdf	pdf:page=7,section=unit-vocabulary
C1 Vocabulary Pack for CAE	c1-vocabulary-pack-cae	Job/work/career	career			Unit 2 | Employment and the economy	7	registry:c1-vocabulary-pack-cae		Candidate-only lexical evidence; teacher review required before promotion.	lexical_candidate	candidate_only	pdf	pdf:page=7,section=unit-vocabulary
C1 Vocabulary Pack for CAE	c1-vocabulary-pack-cae	Earn/win/lose/save/cost (money)	Earn (money)			Unit 2 | Employment and the economy	7	registry:c1-vocabulary-pack-cae		Candidate-only lexical evidence; teacher review required before promotion.	lexical_candidate	candidate_only	pdf	pdf:page=7,section=unit-vocabulary
C1 Vocabulary Pack for CAE	c1-vocabulary-pack-cae	Earn/win/lose/save/cost (money)	win (money)			Unit 2 | Employment and the economy	7	registry:c1-vocabulary-pack-cae		Candidate-only lexical evidence; teacher review required before promotion.	lexical_candidate	candidate_only	pdf	pdf:page=7,section=unit-vocabulary
C1 Vocabulary Pack for CAE	c1-vocabulary-pack-cae	Earn/win/lose/save/cost (money)	lose (money)			Unit 2 | Employment and the economy	7	registry:c1-vocabulary-pack-cae		Candidate-only lexical evidence; teacher review required before promotion.	lexical_candidate	candidate_only	pdf	pdf:page=7,section=unit-vocabulary
C1 Vocabulary Pack for CAE	c1-vocabulary-pack-cae	Earn/win/lose/save/cost (money)	save (money)			Unit 2 | Employment and the economy	7	registry:c1-vocabulary-pack-cae		Candidate-only lexical evidence; teacher review required before promotion.	lexical_candidate	candidate_only	pdf	pdf:page=7,section=unit-vocabulary
C1 Vocabulary Pack for CAE	c1-vocabulary-pack-cae	Earn/win/lose/save/cost (money)	cost (money)			Unit 2 | Employment and the economy	7	registry:c1-vocabulary-pack-cae		Candidate-only lexical evidence; teacher review required before promotion.	lexical_candidate	candidate_only	pdf	pdf:page=7,section=unit-vocabulary
C1 Vocabulary Pack for CAE	c1-vocabulary-pack-cae	Pay/income/salary/wage	Pay			Unit 2 | Employment and the economy	7	registry:c1-vocabulary-pack-cae		Candidate-only lexical evidence; teacher review required before promotion.	lexical_candidate	candidate_only	pdf	pdf:page=7,section=unit-vocabulary
C1 Vocabulary Pack for CAE	c1-vocabulary-pack-cae	Pay/income/salary/wage	income			Unit 2 | Employment and the economy	7	registry:c1-vocabulary-pack-cae		Candidate-only lexical evidence; teacher review required before promotion.	lexical_candidate	candidate_only	pdf	pdf:page=7,section=unit-vocabulary
C1 Vocabulary Pack for CAE	c1-vocabulary-pack-cae	Pay/income/salary/wage	salary			Unit 2 | Employment and the economy	7	registry:c1-vocabulary-pack-cae		Candidate-only lexical evidence; teacher review required before promotion.	lexical_candidate	candidate_only	pdf	pdf:page=7,section=unit-vocabulary
C1 Vocabulary Pack for CAE	c1-vocabulary-pack-cae	Pay/income/salary/wage	wage			Unit 2 | Employment and the economy	7	registry:c1-vocabulary-pack-cae		Candidate-only lexical evidence; teacher review required before promotion.	lexical_candidate	candidate_only	pdf	pdf:page=7,section=unit-vocabulary
C1 Vocabulary Pack for CAE	c1-vocabulary-pack-cae	Commute to/get to/travel to work	Commute to			Unit 2 | Employment and the economy	7	registry:c1-vocabulary-pack-cae		Candidate-only lexical evidence; teacher review required before promotion.	lexical_candidate	candidate_only	pdf	pdf:page=7,section=unit-vocabulary
C1 Vocabulary Pack for CAE	c1-vocabulary-pack-cae	Commute to/get to/travel to work	get to			Unit 2 | Employment and the economy	7	registry:c1-vocabulary-pack-cae		Candidate-only lexical evidence; teacher review required before promotion.	lexical_candidate	candidate_only	pdf	pdf:page=7,section=unit-vocabulary
C1 Vocabulary Pack for CAE	c1-vocabulary-pack-cae	Commute to/get to/travel to work	travel to work			Unit 2 | Employment and the economy	7	registry:c1-vocabulary-pack-cae		Candidate-only lexical evidence; teacher review required before promotion.	lexical_candidate	candidate_only	pdf	pdf:page=7,section=unit-vocabulary
C1 Vocabulary Pack for CAE	c1-vocabulary-pack-cae	Sack/fire/make redundant/lose a job	Sack			Unit 2 | Employment and the economy	7	registry:c1-vocabulary-pack-cae		Candidate-only lexical evidence; teacher review required before promotion.	lexical_candidate	candidate_only	pdf	pdf:page=7,section=unit-vocabulary
C1 Vocabulary Pack for CAE	c1-vocabulary-pack-cae	Sack/fire/make redundant/lose a job	fire			Unit 2 | Employment and the economy	7	registry:c1-vocabulary-pack-cae		Candidate-only lexical evidence; teacher review required before promotion.	lexical_candidate	candidate_only	pdf	pdf:page=7,section=unit-vocabulary
C1 Vocabulary Pack for CAE	c1-vocabulary-pack-cae	Sack/fire/make redundant/lose a job	make redundant			Unit 2 | Employment and the economy	7	registry:c1-vocabulary-pack-cae		Candidate-only lexical evidence; teacher review required before promotion.	lexical_candidate	candidate_only	pdf	pdf:page=7,section=unit-vocabulary
C1 Vocabulary Pack for CAE	c1-vocabulary-pack-cae	Sack/fire/make redundant/lose a job	lose a job			Unit 2 | Employment and the economy	7	registry:c1-vocabulary-pack-cae		Candidate-only lexical evidence; teacher review required before promotion.	lexical_candidate	candidate_only	pdf	pdf:page=7,section=unit-vocabulary
C1 Vocabulary Pack for CAE	c1-vocabulary-pack-cae	Quit/give up a job/hand in a	Quit			Unit 2 | Employment and the economy	7	registry:c1-vocabulary-pack-cae		Candidate-only lexical evidence; teacher review required before promotion.	lexical_candidate	candidate_only	pdf	pdf:page=7,section=unit-vocabulary
C1 Vocabulary Pack for CAE	c1-vocabulary-pack-cae	Quit/give up a job/hand in a	give up a job			Unit 2 | Employment and the economy	7	registry:c1-vocabulary-pack-cae		Candidate-only lexical evidence; teacher review required before promotion.	lexical_candidate	candidate_only	pdf	pdf:page=7,section=unit-vocabulary
C1 Vocabulary Pack for CAE	c1-vocabulary-pack-cae	Quit/give up a job/hand in a	hand in a			Unit 2 | Employment and the economy	7	registry:c1-vocabulary-pack-cae		Candidate-only lexical evidence; teacher review required before promotion.	lexical_candidate	candidate_only	pdf	pdf:page=7,section=unit-vocabulary
C1 Vocabulary Pack for CAE	c1-vocabulary-pack-cae	notice/resign/leave	notice			Unit 2 | Employment and the economy	7	registry:c1-vocabulary-pack-cae		Candidate-only lexical evidence; teacher review required before promotion.	lexical_candidate	candidate_only	pdf	pdf:page=7,section=unit-vocabulary
C1 Vocabulary Pack for CAE	c1-vocabulary-pack-cae	notice/resign/leave	resign			Unit 2 | Employment and the economy	7	registry:c1-vocabulary-pack-cae		Candidate-only lexical evidence; teacher review required before promotion.	lexical_candidate	candidate_only	pdf	pdf:page=7,section=unit-vocabulary
C1 Vocabulary Pack for CAE	c1-vocabulary-pack-cae	notice/resign/leave	leave			Unit 2 | Employment and the economy	7	registry:c1-vocabulary-pack-cae		Candidate-only lexical evidence; teacher review required before promotion.	lexical_candidate	candidate_only	pdf	pdf:page=7,section=unit-vocabulary
C1 Vocabulary Pack for CAE	c1-vocabulary-pack-cae	Retire	Retire			Unit 2 | Employment and the economy	7	registry:c1-vocabulary-pack-cae		Candidate-only lexical evidence; teacher review required before promotion.	lexical_candidate	candidate_only	pdf	pdf:page=7,section=unit-vocabulary
C1 Vocabulary Pack for CAE	c1-vocabulary-pack-cae	Start/begin work	Start			Unit 2 | Employment and the economy	7	registry:c1-vocabulary-pack-cae		Candidate-only lexical evidence; teacher review required before promotion.	lexical_candidate	candidate_only	pdf	pdf:page=7,section=unit-vocabulary
C1 Vocabulary Pack for CAE	c1-vocabulary-pack-cae	Start/begin work	begin work			Unit 2 | Employment and the economy	7	registry:c1-vocabulary-pack-cae		Candidate-only lexical evidence; teacher review required before promotion.	lexical_candidate	candidate_only	pdf	pdf:page=7,section=unit-vocabulary
C1 Vocabulary Pack for CAE	c1-vocabulary-pack-cae	Take a holiday/time off	Take a holiday			Unit 2 | Employment and the economy	7	registry:c1-vocabulary-pack-cae		Candidate-only lexical evidence; teacher review required before promotion.	lexical_candidate	candidate_only	pdf	pdf:page=7,section=unit-vocabulary
C1 Vocabulary Pack for CAE	c1-vocabulary-pack-cae	Take a holiday/time off	time off			Unit 2 | Employment and the economy	7	registry:c1-vocabulary-pack-cae		Candidate-only lexical evidence; teacher review required before promotion.	lexical_candidate	candidate_only	pdf	pdf:page=7,section=unit-vocabulary
C1 Vocabulary Pack for CAE	c1-vocabulary-pack-cae	Take a break/relax/rest	Take a break			Unit 2 | Employment and the economy	7	registry:c1-vocabulary-pack-cae		Candidate-only lexical evidence; teacher review required before promotion.	lexical_candidate	candidate_only	pdf	pdf:page=7,section=unit-vocabulary
C1 Vocabulary Pack for CAE	c1-vocabulary-pack-cae	Take a break/relax/rest	relax			Unit 2 | Employment and the economy	7	registry:c1-vocabulary-pack-cae		Candidate-only lexical evidence; teacher review required before promotion.	lexical_candidate	candidate_only	pdf	pdf:page=7,section=unit-vocabulary
C1 Vocabulary Pack for CAE	c1-vocabulary-pack-cae	Take a break/relax/rest	rest			Unit 2 | Employment and the economy	7	registry:c1-vocabulary-pack-cae		Candidate-only lexical evidence; teacher review required before promotion.	lexical_candidate	candidate_only	pdf	pdf:page=7,section=unit-vocabulary
C1 Vocabulary Pack for CAE	c1-vocabulary-pack-cae	Company/firm/business/enterprise/start-up	Company			Unit 2 | Employment and the economy	7	registry:c1-vocabulary-pack-cae		Candidate-only lexical evidence; teacher review required before promotion.	lexical_candidate	candidate_only	pdf	pdf:page=7,section=unit-vocabulary
C1 Vocabulary Pack for CAE	c1-vocabulary-pack-cae	Company/firm/business/enterprise/start-up	firm			Unit 2 | Employment and the economy	7	registry:c1-vocabulary-pack-cae		Candidate-only lexical evidence; teacher review required before promotion.	lexical_candidate	candidate_only	pdf	pdf:page=7,section=unit-vocabulary
C1 Vocabulary Pack for CAE	c1-vocabulary-pack-cae	Company/firm/business/enterprise/start-up	business			Unit 2 | Employment and the economy	7	registry:c1-vocabulary-pack-cae		Candidate-only lexical evidence; teacher review required before promotion.	lexical_candidate	candidate_only	pdf	pdf:page=7,section=unit-vocabulary
C1 Vocabulary Pack for CAE	c1-vocabulary-pack-cae	Company/firm/business/enterprise/start-up	enterprise			Unit 2 | Employment and the economy	7	registry:c1-vocabulary-pack-cae		Candidate-only lexical evidence; teacher review required before promotion.	lexical_candidate	candidate_only	pdf	pdf:page=7,section=unit-vocabulary
C1 Vocabulary Pack for CAE	c1-vocabulary-pack-cae	Company/firm/business/enterprise/start-up	start-up			Unit 2 | Employment and the economy	7	registry:c1-vocabulary-pack-cae		Candidate-only lexical evidence; teacher review required before promotion.	lexical_candidate	candidate_only	pdf	pdf:page=7,section=unit-vocabulary
C1 Vocabulary Pack for CAE	c1-vocabulary-pack-cae	Over time/duty	Over time			Unit 2 | Employment and the economy	7	registry:c1-vocabulary-pack-cae		Candidate-only lexical evidence; teacher review required before promotion.	lexical_candidate	candidate_only	pdf	pdf:page=7,section=unit-vocabulary
C1 Vocabulary Pack for CAE	c1-vocabulary-pack-cae	Promotion	Promotion			Unit 2 | Employment and the economy	7	registry:c1-vocabulary-pack-cae		Candidate-only lexical evidence; teacher review required before promotion.	lexical_candidate	candidate_only	pdf	pdf:page=7,section=unit-vocabulary
C1 Vocabulary Pack for CAE	c1-vocabulary-pack-cae	Pension	Pension			Unit 2 | Employment and the economy	7	registry:c1-vocabulary-pack-cae		Candidate-only lexical evidence; teacher review required before promotion.	lexical_candidate	candidate_only	pdf	pdf:page=7,section=unit-vocabulary
C1 Vocabulary Pack for CAE	c1-vocabulary-pack-cae	Seasonal	Seasonal			Unit 2 | Employment and the economy	7	registry:c1-vocabulary-pack-cae		Candidate-only lexical evidence; teacher review required before promotion.	lexical_candidate	candidate_only	pdf	pdf:page=7,section=unit-vocabulary
C1 Vocabulary Pack for CAE	c1-vocabulary-pack-cae	Temporary	Temporary			Unit 2 | Employment and the economy	7	registry:c1-vocabulary-pack-cae		Candidate-only lexical evidence; teacher review required before promotion.	lexical_candidate	candidate_only	pdf	pdf:page=7,section=unit-vocabulary
C1 Vocabulary Pack for CAE	c1-vocabulary-pack-cae	Endure/last/span	Endure			Unit 2 | Employment and the economy	7	registry:c1-vocabulary-pack-cae		Candidate-only lexical evidence; teacher review required before promotion.	lexical_candidate	candidate_only	pdf	pdf:page=7,section=unit-vocabulary
C1 Vocabulary Pack for CAE	c1-vocabulary-pack-cae	Endure/last/span	last			Unit 2 | Employment and the economy	7	registry:c1-vocabulary-pack-cae		Candidate-only lexical evidence; teacher review required before promotion.	lexical_candidate	candidate_only	pdf	pdf:page=7,section=unit-vocabulary
C1 Vocabulary Pack for CAE	c1-vocabulary-pack-cae	Endure/last/span	span			Unit 2 | Employment and the economy	7	registry:c1-vocabulary-pack-cae		Candidate-only lexical evidence; teacher review required before promotion.	lexical_candidate	candidate_only	pdf	pdf:page=7,section=unit-vocabulary
C1 Vocabulary Pack for CAE	c1-vocabulary-pack-cae	Lapse/lose time	Lapse			Unit 2 | Employment and the economy	7	registry:c1-vocabulary-pack-cae		Candidate-only lexical evidence; teacher review required before promotion.	lexical_candidate	candidate_only	pdf	pdf:page=7,section=unit-vocabulary
C1 Vocabulary Pack for CAE	c1-vocabulary-pack-cae	Lapse/lose time	lose time			Unit 2 | Employment and the economy	7	registry:c1-vocabulary-pack-cae		Candidate-only lexical evidence; teacher review required before promotion.	lexical_candidate	candidate_only	pdf	pdf:page=7,section=unit-vocabulary
C1 Vocabulary Pack for CAE	c1-vocabulary-pack-cae	Expire/go out of date	Expire			Unit 2 | Employment and the economy	7	registry:c1-vocabulary-pack-cae		Candidate-only lexical evidence; teacher review required before promotion.	lexical_candidate	candidate_only	pdf	pdf:page=7,section=unit-vocabulary
C1 Vocabulary Pack for CAE	c1-vocabulary-pack-cae	Expire/go out of date	go out of date			Unit 2 | Employment and the economy	7	registry:c1-vocabulary-pack-cae		Candidate-only lexical evidence; teacher review required before promotion.	lexical_candidate	candidate_only	pdf	pdf:page=7,section=unit-vocabulary
C1 Vocabulary Pack for CAE	c1-vocabulary-pack-cae	Delay/postpone/put off	Delay			Unit 2 | Employment and the economy	7	registry:c1-vocabulary-pack-cae		Candidate-only lexical evidence; teacher review required before promotion.	lexical_candidate	candidate_only	pdf	pdf:page=7,section=unit-vocabulary
C1 Vocabulary Pack for CAE	c1-vocabulary-pack-cae	Delay/postpone/put off	postpone			Unit 2 | Employment and the economy	7	registry:c1-vocabulary-pack-cae		Candidate-only lexical evidence; teacher review required before promotion.	lexical_candidate	candidate_only	pdf	pdf:page=7,section=unit-vocabulary
C1 Vocabulary Pack for CAE	c1-vocabulary-pack-cae	Delay/postpone/put off	put off			Unit 2 | Employment and the economy	7	registry:c1-vocabulary-pack-cae		Candidate-only lexical evidence; teacher review required before promotion.	lexical_candidate	candidate_only	pdf	pdf:page=7,section=unit-vocabulary
C1 Vocabulary Pack for CAE	c1-vocabulary-pack-cae	Clock/time	Clock			Unit 2 | Employment and the economy	7	registry:c1-vocabulary-pack-cae		Candidate-only lexical evidence; teacher review required before promotion.	lexical_candidate	candidate_only	pdf	pdf:page=7,section=unit-vocabulary
C1 Vocabulary Pack for CAE	c1-vocabulary-pack-cae	Clock/time	time			Unit 2 | Employment and the economy	7	registry:c1-vocabulary-pack-cae		Candidate-only lexical evidence; teacher review required before promotion.	lexical_candidate	candidate_only	pdf	pdf:page=7,section=unit-vocabulary
C1 Vocabulary Pack for CAE	c1-vocabulary-pack-cae	With age	With age	phrase		Unit 2 | Employment and the economy	7	registry:c1-vocabulary-pack-cae		Candidate-only lexical evidence; teacher review required before promotion.	lexical_candidate	candidate_only	pdf	pdf:page=7,section=word-patterns
C1 Vocabulary Pack for CAE	c1-vocabulary-pack-cae	Be on duty	Be on duty	phrase		Unit 2 | Employment and the economy	7	registry:c1-vocabulary-pack-cae		Candidate-only lexical evidence; teacher review required before promotion.	lexical_candidate	candidate_only	pdf	pdf:page=7,section=word-patterns
C1 Vocabulary Pack for CAE	c1-vocabulary-pack-cae	Apply for (a job)	Apply for (a job)	phrase		Unit 2 | Employment and the economy	7	registry:c1-vocabulary-pack-cae		Candidate-only lexical evidence; teacher review required before promotion.	lexical_candidate	candidate_only	pdf	pdf:page=7,section=word-patterns
C1 Vocabulary Pack for CAE	c1-vocabulary-pack-cae	Depend on	Depend on	phrase		Unit 2 | Employment and the economy	7	registry:c1-vocabulary-pack-cae		Candidate-only lexical evidence; teacher review required before promotion.	lexical_candidate	candidate_only	pdf	pdf:page=7,section=word-patterns
C1 Vocabulary Pack for CAE	c1-vocabulary-pack-cae	Rely on	Rely on	phrase		Unit 2 | Employment and the economy	7	registry:c1-vocabulary-pack-cae		Candidate-only lexical evidence; teacher review required before promotion.	lexical_candidate	candidate_only	pdf	pdf:page=7,section=word-patterns
C1 Vocabulary Pack for CAE	c1-vocabulary-pack-cae	Qualify as/in sth	Qualify as	phrase		Unit 2 | Employment and the economy	7	registry:c1-vocabulary-pack-cae		Candidate-only lexical evidence; teacher review required before promotion.	lexical_candidate	candidate_only	pdf	pdf:page=7,section=word-patterns
C1 Vocabulary Pack for CAE	c1-vocabulary-pack-cae	Qualify as/in sth	in sth	phrase		Unit 2 | Employment and the economy	7	registry:c1-vocabulary-pack-cae		Candidate-only lexical evidence; teacher review required before promotion.	lexical_candidate	candidate_only	pdf	pdf:page=7,section=word-patterns
C1 Vocabulary Pack for CAE	c1-vocabulary-pack-cae	Take time off	Take time off	phrase		Unit 2 | Employment and the economy	7	registry:c1-vocabulary-pack-cae		Candidate-only lexical evidence; teacher review required before promotion.	lexical_candidate	candidate_only	pdf	pdf:page=7,section=word-patterns
C1 Vocabulary Pack for CAE	c1-vocabulary-pack-cae	Work as (role)	Work as (role)	phrase		Unit 2 | Employment and the economy	7	registry:c1-vocabulary-pack-cae		Candidate-only lexical evidence; teacher review required before promotion.	lexical_candidate	candidate_only	pdf	pdf:page=7,section=word-patterns
C1 Vocabulary Pack for CAE	c1-vocabulary-pack-cae	Work in/at (a place)	Work in (a place)	phrase		Unit 2 | Employment and the economy	7	registry:c1-vocabulary-pack-cae		Candidate-only lexical evidence; teacher review required before promotion.	lexical_candidate	candidate_only	pdf	pdf:page=7,section=word-patterns
C1 Vocabulary Pack for CAE	c1-vocabulary-pack-cae	Work in/at (a place)	at (a place)	phrase		Unit 2 | Employment and the economy	7	registry:c1-vocabulary-pack-cae		Candidate-only lexical evidence; teacher review required before promotion.	lexical_candidate	candidate_only	pdf	pdf:page=7,section=word-patterns
C1 Vocabulary Pack for CAE	c1-vocabulary-pack-cae	Be experienced in/at sth	Be experienced in	phrase		Unit 2 | Employment and the economy	7	registry:c1-vocabulary-pack-cae		Candidate-only lexical evidence; teacher review required before promotion.	lexical_candidate	candidate_only	pdf	pdf:page=7,section=word-patterns
C1 Vocabulary Pack for CAE	c1-vocabulary-pack-cae	Be experienced in/at sth	Be at sth	phrase		Unit 2 | Employment and the economy	7	registry:c1-vocabulary-pack-cae		Candidate-only lexical evidence; teacher review required before promotion.	lexical_candidate	candidate_only	pdf	pdf:page=7,section=word-patterns
C1 Vocabulary Pack for CAE	c1-vocabulary-pack-cae	Be responsible for sth	Be responsible for sth	phrase		Unit 2 | Employment and the economy	7	registry:c1-vocabulary-pack-cae		Candidate-only lexical evidence; teacher review required before promotion.	lexical_candidate	candidate_only	pdf	pdf:page=7,section=word-patterns
C1 Vocabulary Pack for CAE	c1-vocabulary-pack-cae	Be good/bad at sth	Be good	phrase		Unit 2 | Employment and the economy	7	registry:c1-vocabulary-pack-cae		Candidate-only lexical evidence; teacher review required before promotion.	lexical_candidate	candidate_only	pdf	pdf:page=7,section=word-patterns
C1 Vocabulary Pack for CAE	c1-vocabulary-pack-cae	Be good/bad at sth	Be bad at sth	phrase		Unit 2 | Employment and the economy	7	registry:c1-vocabulary-pack-cae		Candidate-only lexical evidence; teacher review required before promotion.	lexical_candidate	candidate_only	pdf	pdf:page=7,section=word-patterns
C1 Vocabulary Pack for CAE	c1-vocabulary-pack-cae	Be capable of sth	Be capable of sth	phrase		Unit 2 | Employment and the economy	7	registry:c1-vocabulary-pack-cae		Candidate-only lexical evidence; teacher review required before promotion.	lexical_candidate	candidate_only	pdf	pdf:page=7,section=word-patterns
C1 Vocabulary Pack for CAE	c1-vocabulary-pack-cae	Course of action	Course of action	phrase		Unit 2 | Employment and the economy	7	registry:c1-vocabulary-pack-cae		Candidate-only lexical evidence; teacher review required before promotion.	lexical_candidate	candidate_only	pdf	pdf:page=7,section=word-patterns
C1 Vocabulary Pack for CAE	c1-vocabulary-pack-cae	Come to an end	Come to an end	phrase		Unit 2 | Employment and the economy	7	registry:c1-vocabulary-pack-cae		Candidate-only lexical evidence; teacher review required before promotion.	lexical_candidate	candidate_only	pdf	pdf:page=7,section=word-patterns
C1 Vocabulary Pack for CAE	c1-vocabulary-pack-cae	Do sth about sth/sb	Do sth about sth	phrase		Unit 2 | Employment and the economy	7	registry:c1-vocabulary-pack-cae		Candidate-only lexical evidence; teacher review required before promotion.	lexical_candidate	candidate_only	pdf	pdf:page=7,section=word-patterns
C1 Vocabulary Pack for CAE	c1-vocabulary-pack-cae	Do sth about sth/sb	sb	phrase		Unit 2 | Employment and the economy	7	registry:c1-vocabulary-pack-cae		Candidate-only lexical evidence; teacher review required before promotion.	lexical_candidate	candidate_only	pdf	pdf:page=7,section=word-patterns
C1 Vocabulary Pack for CAE	c1-vocabulary-pack-cae	No end in sight	No end in sight	phrase		Unit 2 | Employment and the economy	7	registry:c1-vocabulary-pack-cae		Candidate-only lexical evidence; teacher review required before promotion.	lexical_candidate	candidate_only	pdf	pdf:page=7,section=word-patterns
C1 Vocabulary Pack for CAE	c1-vocabulary-pack-cae	Bring sth to an end	Bring sth to an end	phrase		Unit 2 | Employment and the economy	7	registry:c1-vocabulary-pack-cae		Candidate-only lexical evidence; teacher review required before promotion.	lexical_candidate	candidate_only	pdf	pdf:page=7,section=word-patterns
C1 Vocabulary Pack for CAE	c1-vocabulary-pack-cae	Put an end to sth	Put an end to sth	phrase		Unit 2 | Employment and the economy	7	registry:c1-vocabulary-pack-cae		Candidate-only lexical evidence; teacher review required before promotion.	lexical_candidate	candidate_only	pdf	pdf:page=7,section=word-patterns
C1 Vocabulary Pack for CAE	c1-vocabulary-pack-cae	(Weeks/Hours) on end	Hours) on end	phrase		Unit 2 | Employment and the economy	7	registry:c1-vocabulary-pack-cae		Candidate-only lexical evidence; teacher review required before promotion.	lexical_candidate	candidate_only	pdf	pdf:page=7,section=word-patterns
C1 Vocabulary Pack for CAE	c1-vocabulary-pack-cae	Clock in/out	Clock in	phrase		Unit 2 | Employment and the economy	7	registry:c1-vocabulary-pack-cae		Candidate-only lexical evidence; teacher review required before promotion.	lexical_candidate	candidate_only	pdf	pdf:page=7,section=word-patterns
C1 Vocabulary Pack for CAE	c1-vocabulary-pack-cae	Clock in/out	out	phrase		Unit 2 | Employment and the economy	7	registry:c1-vocabulary-pack-cae		Candidate-only lexical evidence; teacher review required before promotion.	lexical_candidate	candidate_only	pdf	pdf:page=7,section=word-patterns
C1 Vocabulary Pack for CAE	c1-vocabulary-pack-cae	Carry out	Carry out	phrasal verb		Unit 2 | Employment and the economy	7	registry:c1-vocabulary-pack-cae		Candidate-only lexical evidence; teacher review required before promotion.	lexical_candidate	candidate_only	pdf	pdf:page=7,section=phrasal-verbs
C1 Vocabulary Pack for CAE	c1-vocabulary-pack-cae	End up	End up	phrasal verb		Unit 2 | Employment and the economy	7	registry:c1-vocabulary-pack-cae		Candidate-only lexical evidence; teacher review required before promotion.	lexical_candidate	candidate_only	pdf	pdf:page=7,section=phrasal-verbs
C1 Vocabulary Pack for CAE	c1-vocabulary-pack-cae	Get on (with)	Get on (with)	phrasal verb		Unit 2 | Employment and the economy	7	registry:c1-vocabulary-pack-cae		Candidate-only lexical evidence; teacher review required before promotion.	lexical_candidate	candidate_only	pdf	pdf:page=7,section=phrasal-verbs
C1 Vocabulary Pack for CAE	c1-vocabulary-pack-cae	Get out (of)	Get out (of)	phrasal verb		Unit 2 | Employment and the economy	7	registry:c1-vocabulary-pack-cae		Candidate-only lexical evidence; teacher review required before promotion.	lexical_candidate	candidate_only	pdf	pdf:page=7,section=phrasal-verbs
C1 Vocabulary Pack for CAE	c1-vocabulary-pack-cae	Give in	Give in	phrasal verb		Unit 2 | Employment and the economy	7	registry:c1-vocabulary-pack-cae		Candidate-only lexical evidence; teacher review required before promotion.	lexical_candidate	candidate_only	pdf	pdf:page=7,section=phrasal-verbs
C1 Vocabulary Pack for CAE	c1-vocabulary-pack-cae	Go over	Go over	phrasal verb		Unit 2 | Employment and the economy	7	registry:c1-vocabulary-pack-cae		Candidate-only lexical evidence; teacher review required before promotion.	lexical_candidate	candidate_only	pdf	pdf:page=7,section=phrasal-verbs
C1 Vocabulary Pack for CAE	c1-vocabulary-pack-cae	Kick off	Kick off	phrasal verb		Unit 2 | Employment and the economy	7	registry:c1-vocabulary-pack-cae		Candidate-only lexical evidence; teacher review required before promotion.	lexical_candidate	candidate_only	pdf	pdf:page=7,section=phrasal-verbs
C1 Vocabulary Pack for CAE	c1-vocabulary-pack-cae	Knuckle down	Knuckle down	phrasal verb		Unit 2 | Employment and the economy	7	registry:c1-vocabulary-pack-cae		Candidate-only lexical evidence; teacher review required before promotion.	lexical_candidate	candidate_only	pdf	pdf:page=7,section=phrasal-verbs
C1 Vocabulary Pack for CAE	c1-vocabulary-pack-cae	Make up	Make up	phrasal verb		Unit 2 | Employment and the economy	7	registry:c1-vocabulary-pack-cae		Candidate-only lexical evidence; teacher review required before promotion.	lexical_candidate	candidate_only	pdf	pdf:page=7,section=phrasal-verbs
C1 Vocabulary Pack for CAE	c1-vocabulary-pack-cae	Press on	Press on	phrasal verb		Unit 2 | Employment and the economy	7	registry:c1-vocabulary-pack-cae		Candidate-only lexical evidence; teacher review required before promotion.	lexical_candidate	candidate_only	pdf	pdf:page=7,section=phrasal-verbs
C1 Vocabulary Pack for CAE	c1-vocabulary-pack-cae	Push on	Push on	phrasal verb		Unit 2 | Employment and the economy	7	registry:c1-vocabulary-pack-cae		Candidate-only lexical evidence; teacher review required before promotion.	lexical_candidate	candidate_only	pdf	pdf:page=7,section=phrasal-verbs
C1 Vocabulary Pack for CAE	c1-vocabulary-pack-cae	Set out	Set out	phrasal verb		Unit 2 | Employment and the economy	7	registry:c1-vocabulary-pack-cae		Candidate-only lexical evidence; teacher review required before promotion.	lexical_candidate	candidate_only	pdf	pdf:page=7,section=phrasal-verbs
C1 Vocabulary Pack for CAE	c1-vocabulary-pack-cae	Set to	Set to	phrasal verb		Unit 2 | Employment and the economy	7	registry:c1-vocabulary-pack-cae		Candidate-only lexical evidence; teacher review required before promotion.	lexical_candidate	candidate_only	pdf	pdf:page=7,section=phrasal-verbs
C1 Vocabulary Pack for CAE	c1-vocabulary-pack-cae	Set up	Set up	phrasal verb		Unit 2 | Employment and the economy	7	registry:c1-vocabulary-pack-cae		Candidate-only lexical evidence; teacher review required before promotion.	lexical_candidate	candidate_only	pdf	pdf:page=7,section=phrasal-verbs
C1 Vocabulary Pack for CAE	c1-vocabulary-pack-cae	Shut down	Shut down	phrasal verb		Unit 2 | Employment and the economy	7	registry:c1-vocabulary-pack-cae		Candidate-only lexical evidence; teacher review required before promotion.	lexical_candidate	candidate_only	pdf	pdf:page=7,section=phrasal-verbs
C1 Vocabulary Pack for CAE	c1-vocabulary-pack-cae	Snow under	Snow under	phrasal verb		Unit 2 | Employment and the economy	7	registry:c1-vocabulary-pack-cae		Candidate-only lexical evidence; teacher review required before promotion.	lexical_candidate	candidate_only	pdf	pdf:page=7,section=phrasal-verbs
C1 Vocabulary Pack for CAE	c1-vocabulary-pack-cae	Employ – employee, employer, employed,, employment	employee			Unit 2 | Employment and the economy	7	registry:c1-vocabulary-pack-cae		Candidate-only lexical evidence; teacher review required before promotion.	lexical_candidate	candidate_only	pdf	pdf:page=7,section=word-formation
C1 Vocabulary Pack for CAE	c1-vocabulary-pack-cae	Employ – employee, employer, employed,, employment	employer			Unit 2 | Employment and the economy	7	registry:c1-vocabulary-pack-cae		Candidate-only lexical evidence; teacher review required before promotion.	lexical_candidate	candidate_only	pdf	pdf:page=7,section=word-formation
C1 Vocabulary Pack for CAE	c1-vocabulary-pack-cae	Employ – employee, employer, employed,, employment	employed			Unit 2 | Employment and the economy	7	registry:c1-vocabulary-pack-cae		Candidate-only lexical evidence; teacher review required before promotion.	lexical_candidate	candidate_only	pdf	pdf:page=7,section=word-formation
C1 Vocabulary Pack for CAE	c1-vocabulary-pack-cae	Employ – employee, employer, employed,, employment	employment			Unit 2 | Employment and the economy	7	registry:c1-vocabulary-pack-cae		Candidate-only lexical evidence; teacher review required before promotion.	lexical_candidate	candidate_only	pdf	pdf:page=7,section=word-formation
C1 Vocabulary Pack for CAE	c1-vocabulary-pack-cae	Earn – earnings	Earn			Unit 2 | Employment and the economy	7	registry:c1-vocabulary-pack-cae		Candidate-only lexical evidence; teacher review required before promotion.	lexical_candidate	candidate_only	pdf	pdf:page=7,section=word-formation
C1 Vocabulary Pack for CAE	c1-vocabulary-pack-cae	Earn – earnings	earnings			Unit 2 | Employment and the economy	7	registry:c1-vocabulary-pack-cae		Candidate-only lexical evidence; teacher review required before promotion.	lexical_candidate	candidate_only	pdf	pdf:page=7,section=word-formation
C1 Vocabulary Pack for CAE	c1-vocabulary-pack-cae	Retire – retirement	retirement			Unit 2 | Employment and the economy	7	registry:c1-vocabulary-pack-cae		Candidate-only lexical evidence; teacher review required before promotion.	lexical_candidate	candidate_only	pdf	pdf:page=7,section=word-formation
C1 Vocabulary Pack for CAE	c1-vocabulary-pack-cae	Promote – promotion	Promote			Unit 2 | Employment and the economy	7	registry:c1-vocabulary-pack-cae		Candidate-only lexical evidence; teacher review required before promotion.	lexical_candidate	candidate_only	pdf	pdf:page=7,section=word-formation
C1 Vocabulary Pack for CAE	c1-vocabulary-pack-cae	Pension – pensioner	pensioner			Unit 2 | Employment and the economy	7	registry:c1-vocabulary-pack-cae		Candidate-only lexical evidence; teacher review required before promotion.	lexical_candidate	candidate_only	pdf	pdf:page=7,section=word-formation
C1 Vocabulary Pack for CAE	c1-vocabulary-pack-cae	Mean – meaning	Mean			Unit 2 | Employment and the economy	7	registry:c1-vocabulary-pack-cae		Candidate-only lexical evidence; teacher review required before promotion.	lexical_candidate	candidate_only	pdf	pdf:page=7,section=word-formation
C1 Vocabulary Pack for CAE	c1-vocabulary-pack-cae	Mean – meaning	meaning			Unit 2 | Employment and the economy	7	registry:c1-vocabulary-pack-cae		Candidate-only lexical evidence; teacher review required before promotion.	lexical_candidate	candidate_only	pdf	pdf:page=7,section=word-formation
C1 Vocabulary Pack for CAE	c1-vocabulary-pack-cae	Depend – dependence	Depend			Unit 2 | Employment and the economy	7	registry:c1-vocabulary-pack-cae		Candidate-only lexical evidence; teacher review required before promotion.	lexical_candidate	candidate_only	pdf	pdf:page=7,section=word-formation
C1 Vocabulary Pack for CAE	c1-vocabulary-pack-cae	Depend – dependence	dependence			Unit 2 | Employment and the economy	7	registry:c1-vocabulary-pack-cae		Candidate-only lexical evidence; teacher review required before promotion.	lexical_candidate	candidate_only	pdf	pdf:page=7,section=word-formation
C1 Vocabulary Pack for CAE	c1-vocabulary-pack-cae	Rely – reliance	Rely			Unit 2 | Employment and the economy	7	registry:c1-vocabulary-pack-cae		Candidate-only lexical evidence; teacher review required before promotion.	lexical_candidate	candidate_only	pdf	pdf:page=7,section=word-formation
C1 Vocabulary Pack for CAE	c1-vocabulary-pack-cae	Rely – reliance	reliance			Unit 2 | Employment and the economy	7	registry:c1-vocabulary-pack-cae		Candidate-only lexical evidence; teacher review required before promotion.	lexical_candidate	candidate_only	pdf	pdf:page=7,section=word-formation
C1 Vocabulary Pack for CAE	c1-vocabulary-pack-cae	Qualify – qualification	Qualify			Unit 2 | Employment and the economy	7	registry:c1-vocabulary-pack-cae		Candidate-only lexical evidence; teacher review required before promotion.	lexical_candidate	candidate_only	pdf	pdf:page=7,section=word-formation
C1 Vocabulary Pack for CAE	c1-vocabulary-pack-cae	Qualify – qualification	qualification			Unit 2 | Employment and the economy	7	registry:c1-vocabulary-pack-cae		Candidate-only lexical evidence; teacher review required before promotion.	lexical_candidate	candidate_only	pdf	pdf:page=7,section=word-formation
C1 Vocabulary Pack for CAE	c1-vocabulary-pack-cae	Work – working, worker, over work	working			Unit 2 | Employment and the economy	7	registry:c1-vocabulary-pack-cae		Candidate-only lexical evidence; teacher review required before promotion.	lexical_candidate	candidate_only	pdf	pdf:page=7,section=word-formation
C1 Vocabulary Pack for CAE	c1-vocabulary-pack-cae	Work – working, worker, over work	worker			Unit 2 | Employment and the economy	7	registry:c1-vocabulary-pack-cae		Candidate-only lexical evidence; teacher review required before promotion.	lexical_candidate	candidate_only	pdf	pdf:page=7,section=word-formation
C1 Vocabulary Pack for CAE	c1-vocabulary-pack-cae	Work – working, worker, over work	over work			Unit 2 | Employment and the economy	7	registry:c1-vocabulary-pack-cae		Candidate-only lexical evidence; teacher review required before promotion.	lexical_candidate	candidate_only	pdf	pdf:page=7,section=word-formation
C1 Vocabulary Pack for CAE	c1-vocabulary-pack-cae	Apply – application	Apply			Unit 2 | Employment and the economy	7	registry:c1-vocabulary-pack-cae		Candidate-only lexical evidence; teacher review required before promotion.	lexical_candidate	candidate_only	pdf	pdf:page=7,section=word-formation
C1 Vocabulary Pack for CAE	c1-vocabulary-pack-cae	Apply – application	application			Unit 2 | Employment and the economy	7	registry:c1-vocabulary-pack-cae		Candidate-only lexical evidence; teacher review required before promotion.	lexical_candidate	candidate_only	pdf	pdf:page=7,section=word-formation
C1 Vocabulary Pack for CAE	c1-vocabulary-pack-cae	Opt - option	Opt			Unit 2 | Employment and the economy	7	registry:c1-vocabulary-pack-cae		Candidate-only lexical evidence; teacher review required before promotion.	lexical_candidate	candidate_only	pdf	pdf:page=7,section=word-formation
C1 Vocabulary Pack for CAE	c1-vocabulary-pack-cae	Opt - option	option			Unit 2 | Employment and the economy	7	registry:c1-vocabulary-pack-cae		Candidate-only lexical evidence; teacher review required before promotion.	lexical_candidate	candidate_only	pdf	pdf:page=7,section=word-formation
C1 Vocabulary Pack for CAE	c1-vocabulary-pack-cae	Wind down	Wind down	phrasal verb		Unit 2 | Employment and the economy	8	registry:c1-vocabulary-pack-cae		Candidate-only lexical evidence; teacher review required before promotion.	lexical_candidate	candidate_only	pdf	pdf:page=8,section=phrasal-verbs
C1 Vocabulary Pack for CAE	c1-vocabulary-pack-cae	Wind up	Wind up	phrasal verb		Unit 2 | Employment and the economy	8	registry:c1-vocabulary-pack-cae		Candidate-only lexical evidence; teacher review required before promotion.	lexical_candidate	candidate_only	pdf	pdf:page=8,section=phrasal-verbs
C1 Vocabulary Pack for CAE	c1-vocabulary-pack-cae	Work on	Work on	phrasal verb		Unit 2 | Employment and the economy	8	registry:c1-vocabulary-pack-cae		Candidate-only lexical evidence; teacher review required before promotion.	lexical_candidate	candidate_only	pdf	pdf:page=8,section=phrasal-verbs
C1 Vocabulary Pack for CAE	c1-vocabulary-pack-cae	By accident	By accident	phrase		Unit 2 | Employment and the economy	8	registry:c1-vocabulary-pack-cae		Candidate-only lexical evidence; teacher review required before promotion.	lexical_candidate	candidate_only	pdf	pdf:page=8,section=fixed-phrases
C1 Vocabulary Pack for CAE	c1-vocabulary-pack-cae	Be willing	Be willing	phrase		Unit 2 | Employment and the economy	8	registry:c1-vocabulary-pack-cae		Candidate-only lexical evidence; teacher review required before promotion.	lexical_candidate	candidate_only	pdf	pdf:page=8,section=fixed-phrases
C1 Vocabulary Pack for CAE	c1-vocabulary-pack-cae	Be praised for	Be praised for	phrase		Unit 2 | Employment and the economy	8	registry:c1-vocabulary-pack-cae		Candidate-only lexical evidence; teacher review required before promotion.	lexical_candidate	candidate_only	pdf	pdf:page=8,section=fixed-phrases
C1 Vocabulary Pack for CAE	c1-vocabulary-pack-cae	Better/worse than expected	Better	phrase		Unit 2 | Employment and the economy	8	registry:c1-vocabulary-pack-cae		Candidate-only lexical evidence; teacher review required before promotion.	lexical_candidate	candidate_only	pdf	pdf:page=8,section=fixed-phrases
C1 Vocabulary Pack for CAE	c1-vocabulary-pack-cae	Better/worse than expected	worse than expected	phrase		Unit 2 | Employment and the economy	8	registry:c1-vocabulary-pack-cae		Candidate-only lexical evidence; teacher review required before promotion.	lexical_candidate	candidate_only	pdf	pdf:page=8,section=fixed-phrases
C1 Vocabulary Pack for CAE	c1-vocabulary-pack-cae	The pros and cons of	The pros and cons of	phrase		Unit 2 | Employment and the economy	8	registry:c1-vocabulary-pack-cae		Candidate-only lexical evidence; teacher review required before promotion.	lexical_candidate	candidate_only	pdf	pdf:page=8,section=fixed-phrases
C1 Vocabulary Pack for CAE	c1-vocabulary-pack-cae	On time	On time	phrase		Unit 2 | Employment and the economy	8	registry:c1-vocabulary-pack-cae		Candidate-only lexical evidence; teacher review required before promotion.	lexical_candidate	candidate_only	pdf	pdf:page=8,section=fixed-phrases
C1 Vocabulary Pack for CAE	c1-vocabulary-pack-cae	On and on	On and on	phrase		Unit 2 | Employment and the economy	8	registry:c1-vocabulary-pack-cae		Candidate-only lexical evidence; teacher review required before promotion.	lexical_candidate	candidate_only	pdf	pdf:page=8,section=fixed-phrases
C1 Vocabulary Pack for CAE	c1-vocabulary-pack-cae	Every now and then	Every now and then	phrase		Unit 2 | Employment and the economy	8	registry:c1-vocabulary-pack-cae		Candidate-only lexical evidence; teacher review required before promotion.	lexical_candidate	candidate_only	pdf	pdf:page=8,section=fixed-phrases
C1 Vocabulary Pack for CAE	c1-vocabulary-pack-cae	In the moment	In the moment	phrase		Unit 2 | Employment and the economy	8	registry:c1-vocabulary-pack-cae		Candidate-only lexical evidence; teacher review required before promotion.	lexical_candidate	candidate_only	pdf	pdf:page=8,section=fixed-phrases
C1 Vocabulary Pack for CAE	c1-vocabulary-pack-cae	From time to time	From time to time	phrase		Unit 2 | Employment and the economy	8	registry:c1-vocabulary-pack-cae		Candidate-only lexical evidence; teacher review required before promotion.	lexical_candidate	candidate_only	pdf	pdf:page=8,section=fixed-phrases
C1 Vocabulary Pack for CAE	c1-vocabulary-pack-cae	From day to day	From day to day	phrase		Unit 2 | Employment and the economy	8	registry:c1-vocabulary-pack-cae		Candidate-only lexical evidence; teacher review required before promotion.	lexical_candidate	candidate_only	pdf	pdf:page=8,section=fixed-phrases
C1 Vocabulary Pack for CAE	c1-vocabulary-pack-cae	In this day and age	In this day and age	phrase		Unit 2 | Employment and the economy	8	registry:c1-vocabulary-pack-cae		Candidate-only lexical evidence; teacher review required before promotion.	lexical_candidate	candidate_only	pdf	pdf:page=8,section=fixed-phrases
C1 Vocabulary Pack for CAE	c1-vocabulary-pack-cae	Any day now	Any day now	phrase		Unit 2 | Employment and the economy	8	registry:c1-vocabulary-pack-cae		Candidate-only lexical evidence; teacher review required before promotion.	lexical_candidate	candidate_only	pdf	pdf:page=8,section=fixed-phrases
C1 Vocabulary Pack for CAE	c1-vocabulary-pack-cae	Ages ago	Ages ago	phrase		Unit 2 | Employment and the economy	8	registry:c1-vocabulary-pack-cae		Candidate-only lexical evidence; teacher review required before promotion.	lexical_candidate	candidate_only	pdf	pdf:page=8,section=fixed-phrases
C1 Vocabulary Pack for CAE	c1-vocabulary-pack-cae	About time	About time	phrase		Unit 2 | Employment and the economy	8	registry:c1-vocabulary-pack-cae		Candidate-only lexical evidence; teacher review required before promotion.	lexical_candidate	candidate_only	pdf	pdf:page=8,section=fixed-phrases
C1 Vocabulary Pack for CAE	c1-vocabulary-pack-cae	Day by day	Day by day	phrase		Unit 2 | Employment and the economy	8	registry:c1-vocabulary-pack-cae		Candidate-only lexical evidence; teacher review required before promotion.	lexical_candidate	candidate_only	pdf	pdf:page=8,section=fixed-phrases
C1 Vocabulary Pack for CAE	c1-vocabulary-pack-cae	Little by little	Little by little	phrase		Unit 2 | Employment and the economy	8	registry:c1-vocabulary-pack-cae		Candidate-only lexical evidence; teacher review required before promotion.	lexical_candidate	candidate_only	pdf	pdf:page=8,section=fixed-phrases
C1 Vocabulary Pack for CAE	c1-vocabulary-pack-cae	Over and over	Over and over	phrase		Unit 2 | Employment and the economy	8	registry:c1-vocabulary-pack-cae		Candidate-only lexical evidence; teacher review required before promotion.	lexical_candidate	candidate_only	pdf	pdf:page=8,section=fixed-phrases
C1 Vocabulary Pack for CAE	c1-vocabulary-pack-cae	Work like a dog	Work like a dog	idiom		Unit 2 | Employment and the economy	8	registry:c1-vocabulary-pack-cae		Candidate-only lexical evidence; teacher review required before promotion.	lexical_candidate	candidate_only	pdf	pdf:page=8,section=idioms
C1 Vocabulary Pack for CAE	c1-vocabulary-pack-cae	All in good time	All in good time	idiom		Unit 2 | Employment and the economy	8	registry:c1-vocabulary-pack-cae		Candidate-only lexical evidence; teacher review required before promotion.	lexical_candidate	candidate_only	pdf	pdf:page=8,section=idioms
C1 Vocabulary Pack for CAE	c1-vocabulary-pack-cae	Be for the time being	Be for the time being	idiom		Unit 2 | Employment and the economy	8	registry:c1-vocabulary-pack-cae		Candidate-only lexical evidence; teacher review required before promotion.	lexical_candidate	candidate_only	pdf	pdf:page=8,section=idioms
C1 Vocabulary Pack for CAE	c1-vocabulary-pack-cae	Work around the clock	Work around the clock	idiom		Unit 2 | Employment and the economy	8	registry:c1-vocabulary-pack-cae		Candidate-only lexical evidence; teacher review required before promotion.	lexical_candidate	candidate_only	pdf	pdf:page=8,section=idioms
C1 Vocabulary Pack for CAE	c1-vocabulary-pack-cae	At the drop of a hat	At the drop of a hat	idiom		Unit 2 | Employment and the economy	8	registry:c1-vocabulary-pack-cae		Candidate-only lexical evidence; teacher review required before promotion.	lexical_candidate	candidate_only	pdf	pdf:page=8,section=idioms
C1 Vocabulary Pack for CAE	c1-vocabulary-pack-cae	Be a people person	Be a people person	idiom		Unit 2 | Employment and the economy	8	registry:c1-vocabulary-pack-cae		Candidate-only lexical evidence; teacher review required before promotion.	lexical_candidate	candidate_only	pdf	pdf:page=8,section=idioms
C1 Vocabulary Pack for CAE	c1-vocabulary-pack-cae	Have the gift of the gab	Have the gift of the gab	idiom		Unit 2 | Employment and the economy	8	registry:c1-vocabulary-pack-cae		Candidate-only lexical evidence; teacher review required before promotion.	lexical_candidate	candidate_only	pdf	pdf:page=8,section=idioms
C1 Vocabulary Pack for CAE	c1-vocabulary-pack-cae	Be a big fish	Be a big fish	idiom		Unit 2 | Employment and the economy	8	registry:c1-vocabulary-pack-cae		Candidate-only lexical evidence; teacher review required before promotion.	lexical_candidate	candidate_only	pdf	pdf:page=8,section=idioms
C1 Vocabulary Pack for CAE	c1-vocabulary-pack-cae	Be a go-getter	Be a go-getter	idiom		Unit 2 | Employment and the economy	8	registry:c1-vocabulary-pack-cae		Candidate-only lexical evidence; teacher review required before promotion.	lexical_candidate	candidate_only	pdf	pdf:page=8,section=idioms
C1 Vocabulary Pack for CAE	c1-vocabulary-pack-cae	Be a cheapskate	Be a cheapskate	idiom		Unit 2 | Employment and the economy	8	registry:c1-vocabulary-pack-cae		Candidate-only lexical evidence; teacher review required before promotion.	lexical_candidate	candidate_only	pdf	pdf:page=8,section=idioms
C1 Vocabulary Pack for CAE	c1-vocabulary-pack-cae	Foot the bill	Foot the bill	idiom		Unit 2 | Employment and the economy	8	registry:c1-vocabulary-pack-cae		Candidate-only lexical evidence; teacher review required before promotion.	lexical_candidate	candidate_only	pdf	pdf:page=8,section=idioms
C1 Vocabulary Pack for CAE	c1-vocabulary-pack-cae	A drop in the ocean	A drop in the ocean	idiom		Unit 2 | Employment and the economy	8	registry:c1-vocabulary-pack-cae		Candidate-only lexical evidence; teacher review required before promotion.	lexical_candidate	candidate_only	pdf	pdf:page=8,section=idioms
C1 Vocabulary Pack for CAE	c1-vocabulary-pack-cae	Have an eye for	Have an eye for	idiom		Unit 2 | Employment and the economy	8	registry:c1-vocabulary-pack-cae		Candidate-only lexical evidence; teacher review required before promotion.	lexical_candidate	candidate_only	pdf	pdf:page=8,section=idioms
C1 Vocabulary Pack for CAE	c1-vocabulary-pack-cae	Be pinching pennies	Be pinching pennies	idiom		Unit 2 | Employment and the economy	8	registry:c1-vocabulary-pack-cae		Candidate-only lexical evidence; teacher review required before promotion.	lexical_candidate	candidate_only	pdf	pdf:page=8,section=idioms
C1 Vocabulary Pack for CAE	c1-vocabulary-pack-cae	Line your pockets	Line your pockets	idiom		Unit 2 | Employment and the economy	8	registry:c1-vocabulary-pack-cae		Candidate-only lexical evidence; teacher review required before promotion.	lexical_candidate	candidate_only	pdf	pdf:page=8,section=idioms
C1 Vocabulary Pack for CAE	c1-vocabulary-pack-cae	Be on the dole	Be on the dole	idiom		Unit 2 | Employment and the economy	8	registry:c1-vocabulary-pack-cae		Candidate-only lexical evidence; teacher review required before promotion.	lexical_candidate	candidate_only	pdf	pdf:page=8,section=idioms
C1 Vocabulary Pack for CAE	c1-vocabulary-pack-cae	Fall short	Fall short	idiom		Unit 2 | Employment and the economy	8	registry:c1-vocabulary-pack-cae		Candidate-only lexical evidence; teacher review required before promotion.	lexical_candidate	candidate_only	pdf	pdf:page=8,section=idioms
C1 Vocabulary Pack for CAE	c1-vocabulary-pack-cae	Break even	Break even	idiom		Unit 2 | Employment and the economy	8	registry:c1-vocabulary-pack-cae		Candidate-only lexical evidence; teacher review required before promotion.	lexical_candidate	candidate_only	pdf	pdf:page=8,section=idioms
C1 Vocabulary Pack for CAE	c1-vocabulary-pack-cae	Be skint	Be skint	idiom		Unit 2 | Employment and the economy	8	registry:c1-vocabulary-pack-cae		Candidate-only lexical evidence; teacher review required before promotion.	lexical_candidate	candidate_only	pdf	pdf:page=8,section=idioms
C1 Vocabulary Pack for CAE	c1-vocabulary-pack-cae	Repair/fix/mend	Repair			Unit 3 | Communication and technology	9	registry:c1-vocabulary-pack-cae		Candidate-only lexical evidence; teacher review required before promotion.	lexical_candidate	candidate_only	pdf	pdf:page=9,section=unit-vocabulary
C1 Vocabulary Pack for CAE	c1-vocabulary-pack-cae	Repair/fix/mend	fix			Unit 3 | Communication and technology	9	registry:c1-vocabulary-pack-cae		Candidate-only lexical evidence; teacher review required before promotion.	lexical_candidate	candidate_only	pdf	pdf:page=9,section=unit-vocabulary
C1 Vocabulary Pack for CAE	c1-vocabulary-pack-cae	Repair/fix/mend	mend			Unit 3 | Communication and technology	9	registry:c1-vocabulary-pack-cae		Candidate-only lexical evidence; teacher review required before promotion.	lexical_candidate	candidate_only	pdf	pdf:page=9,section=unit-vocabulary
C1 Vocabulary Pack for CAE	c1-vocabulary-pack-cae	Progress/advance	Progress			Unit 3 | Communication and technology	9	registry:c1-vocabulary-pack-cae		Candidate-only lexical evidence; teacher review required before promotion.	lexical_candidate	candidate_only	pdf	pdf:page=9,section=unit-vocabulary
C1 Vocabulary Pack for CAE	c1-vocabulary-pack-cae	Progress/advance	advance			Unit 3 | Communication and technology	9	registry:c1-vocabulary-pack-cae		Candidate-only lexical evidence; teacher review required before promotion.	lexical_candidate	candidate_only	pdf	pdf:page=9,section=unit-vocabulary
C1 Vocabulary Pack for CAE	c1-vocabulary-pack-cae	Invent/discover/find out	Invent			Unit 3 | Communication and technology	9	registry:c1-vocabulary-pack-cae		Candidate-only lexical evidence; teacher review required before promotion.	lexical_candidate	candidate_only	pdf	pdf:page=9,section=unit-vocabulary
C1 Vocabulary Pack for CAE	c1-vocabulary-pack-cae	Invent/discover/find out	discover			Unit 3 | Communication and technology	9	registry:c1-vocabulary-pack-cae		Candidate-only lexical evidence; teacher review required before promotion.	lexical_candidate	candidate_only	pdf	pdf:page=9,section=unit-vocabulary
C1 Vocabulary Pack for CAE	c1-vocabulary-pack-cae	Invent/discover/find out	find out			Unit 3 | Communication and technology	9	registry:c1-vocabulary-pack-cae		Candidate-only lexical evidence; teacher review required before promotion.	lexical_candidate	candidate_only	pdf	pdf:page=9,section=unit-vocabulary
C1 Vocabulary Pack for CAE	c1-vocabulary-pack-cae	Investigate/research/look into	Investigate			Unit 3 | Communication and technology	9	registry:c1-vocabulary-pack-cae		Candidate-only lexical evidence; teacher review required before promotion.	lexical_candidate	candidate_only	pdf	pdf:page=9,section=unit-vocabulary
C1 Vocabulary Pack for CAE	c1-vocabulary-pack-cae	Investigate/research/look into	research			Unit 3 | Communication and technology	9	registry:c1-vocabulary-pack-cae		Candidate-only lexical evidence; teacher review required before promotion.	lexical_candidate	candidate_only	pdf	pdf:page=9,section=unit-vocabulary
C1 Vocabulary Pack for CAE	c1-vocabulary-pack-cae	Investigate/research/look into	look into			Unit 3 | Communication and technology	9	registry:c1-vocabulary-pack-cae		Candidate-only lexical evidence; teacher review required before promotion.	lexical_candidate	candidate_only	pdf	pdf:page=9,section=unit-vocabulary
C1 Vocabulary Pack for CAE	c1-vocabulary-pack-cae	Estimate/calculate	Estimate			Unit 3 | Communication and technology	9	registry:c1-vocabulary-pack-cae		Candidate-only lexical evidence; teacher review required before promotion.	lexical_candidate	candidate_only	pdf	pdf:page=9,section=unit-vocabulary
C1 Vocabulary Pack for CAE	c1-vocabulary-pack-cae	Estimate/calculate	calculate			Unit 3 | Communication and technology	9	registry:c1-vocabulary-pack-cae		Candidate-only lexical evidence; teacher review required before promotion.	lexical_candidate	candidate_only	pdf	pdf:page=9,section=unit-vocabulary
C1 Vocabulary Pack for CAE	c1-vocabulary-pack-cae	Solve/ find a solution	Solve			Unit 3 | Communication and technology	9	registry:c1-vocabulary-pack-cae		Candidate-only lexical evidence; teacher review required before promotion.	lexical_candidate	candidate_only	pdf	pdf:page=9,section=unit-vocabulary
C1 Vocabulary Pack for CAE	c1-vocabulary-pack-cae	Solve/ find a solution	find a solution			Unit 3 | Communication and technology	9	registry:c1-vocabulary-pack-cae		Candidate-only lexical evidence; teacher review required before promotion.	lexical_candidate	candidate_only	pdf	pdf:page=9,section=unit-vocabulary
C1 Vocabulary Pack for CAE	c1-vocabulary-pack-cae	Occur/happen/take place	Occur			Unit 3 | Communication and technology	9	registry:c1-vocabulary-pack-cae		Candidate-only lexical evidence; teacher review required before promotion.	lexical_candidate	candidate_only	pdf	pdf:page=9,section=unit-vocabulary
C1 Vocabulary Pack for CAE	c1-vocabulary-pack-cae	Occur/happen/take place	happen			Unit 3 | Communication and technology	9	registry:c1-vocabulary-pack-cae		Candidate-only lexical evidence; teacher review required before promotion.	lexical_candidate	candidate_only	pdf	pdf:page=9,section=unit-vocabulary
C1 Vocabulary Pack for CAE	c1-vocabulary-pack-cae	Occur/happen/take place	take place			Unit 3 | Communication and technology	9	registry:c1-vocabulary-pack-cae		Candidate-only lexical evidence; teacher review required before promotion.	lexical_candidate	candidate_only	pdf	pdf:page=9,section=unit-vocabulary
C1 Vocabulary Pack for CAE	c1-vocabulary-pack-cae	Aim/objective/focus	Aim			Unit 3 | Communication and technology	9	registry:c1-vocabulary-pack-cae		Candidate-only lexical evidence; teacher review required before promotion.	lexical_candidate	candidate_only	pdf	pdf:page=9,section=unit-vocabulary
C1 Vocabulary Pack for CAE	c1-vocabulary-pack-cae	Aim/objective/focus	objective			Unit 3 | Communication and technology	9	registry:c1-vocabulary-pack-cae		Candidate-only lexical evidence; teacher review required before promotion.	lexical_candidate	candidate_only	pdf	pdf:page=9,section=unit-vocabulary
C1 Vocabulary Pack for CAE	c1-vocabulary-pack-cae	Aim/objective/focus	focus			Unit 3 | Communication and technology	9	registry:c1-vocabulary-pack-cae		Candidate-only lexical evidence; teacher review required before promotion.	lexical_candidate	candidate_only	pdf	pdf:page=9,section=unit-vocabulary
C1 Vocabulary Pack for CAE	c1-vocabulary-pack-cae	Way/method	Way			Unit 3 | Communication and technology	9	registry:c1-vocabulary-pack-cae		Candidate-only lexical evidence; teacher review required before promotion.	lexical_candidate	candidate_only	pdf	pdf:page=9,section=unit-vocabulary
C1 Vocabulary Pack for CAE	c1-vocabulary-pack-cae	Way/method	method			Unit 3 | Communication and technology	9	registry:c1-vocabulary-pack-cae		Candidate-only lexical evidence; teacher review required before promotion.	lexical_candidate	candidate_only	pdf	pdf:page=9,section=unit-vocabulary
C1 Vocabulary Pack for CAE	c1-vocabulary-pack-cae	Reason/cause	Reason			Unit 3 | Communication and technology	9	registry:c1-vocabulary-pack-cae		Candidate-only lexical evidence; teacher review required before promotion.	lexical_candidate	candidate_only	pdf	pdf:page=9,section=unit-vocabulary
C1 Vocabulary Pack for CAE	c1-vocabulary-pack-cae	Reason/cause	cause			Unit 3 | Communication and technology	9	registry:c1-vocabulary-pack-cae		Candidate-only lexical evidence; teacher review required before promotion.	lexical_candidate	candidate_only	pdf	pdf:page=9,section=unit-vocabulary
C1 Vocabulary Pack for CAE	c1-vocabulary-pack-cae	Sure/certain	Sure			Unit 3 | Communication and technology	9	registry:c1-vocabulary-pack-cae		Candidate-only lexical evidence; teacher review required before promotion.	lexical_candidate	candidate_only	pdf	pdf:page=9,section=unit-vocabulary
C1 Vocabulary Pack for CAE	c1-vocabulary-pack-cae	Sure/certain	certain			Unit 3 | Communication and technology	9	registry:c1-vocabulary-pack-cae		Candidate-only lexical evidence; teacher review required before promotion.	lexical_candidate	candidate_only	pdf	pdf:page=9,section=unit-vocabulary
C1 Vocabulary Pack for CAE	c1-vocabulary-pack-cae	Design/develop/create/work on	Design			Unit 3 | Communication and technology	9	registry:c1-vocabulary-pack-cae		Candidate-only lexical evidence; teacher review required before promotion.	lexical_candidate	candidate_only	pdf	pdf:page=9,section=unit-vocabulary
C1 Vocabulary Pack for CAE	c1-vocabulary-pack-cae	Design/develop/create/work on	develop			Unit 3 | Communication and technology	9	registry:c1-vocabulary-pack-cae		Candidate-only lexical evidence; teacher review required before promotion.	lexical_candidate	candidate_only	pdf	pdf:page=9,section=unit-vocabulary
C1 Vocabulary Pack for CAE	c1-vocabulary-pack-cae	Design/develop/create/work on	create			Unit 3 | Communication and technology	9	registry:c1-vocabulary-pack-cae		Candidate-only lexical evidence; teacher review required before promotion.	lexical_candidate	candidate_only	pdf	pdf:page=9,section=unit-vocabulary
C1 Vocabulary Pack for CAE	c1-vocabulary-pack-cae	Attempt/try/test	Attempt			Unit 3 | Communication and technology	9	registry:c1-vocabulary-pack-cae		Candidate-only lexical evidence; teacher review required before promotion.	lexical_candidate	candidate_only	pdf	pdf:page=9,section=unit-vocabulary
C1 Vocabulary Pack for CAE	c1-vocabulary-pack-cae	Attempt/try/test	try			Unit 3 | Communication and technology	9	registry:c1-vocabulary-pack-cae		Candidate-only lexical evidence; teacher review required before promotion.	lexical_candidate	candidate_only	pdf	pdf:page=9,section=unit-vocabulary
C1 Vocabulary Pack for CAE	c1-vocabulary-pack-cae	Attempt/try/test	test			Unit 3 | Communication and technology	9	registry:c1-vocabulary-pack-cae		Candidate-only lexical evidence; teacher review required before promotion.	lexical_candidate	candidate_only	pdf	pdf:page=9,section=unit-vocabulary
C1 Vocabulary Pack for CAE	c1-vocabulary-pack-cae	Consider/think about	Consider about			Unit 3 | Communication and technology	9	registry:c1-vocabulary-pack-cae		Candidate-only lexical evidence; teacher review required before promotion.	lexical_candidate	candidate_only	pdf	pdf:page=9,section=unit-vocabulary
C1 Vocabulary Pack for CAE	c1-vocabulary-pack-cae	Consider/think about	think about			Unit 3 | Communication and technology	9	registry:c1-vocabulary-pack-cae		Candidate-only lexical evidence; teacher review required before promotion.	lexical_candidate	candidate_only	pdf	pdf:page=9,section=unit-vocabulary
C1 Vocabulary Pack for CAE	c1-vocabulary-pack-cae	Expect/intend	Expect			Unit 3 | Communication and technology	9	registry:c1-vocabulary-pack-cae		Candidate-only lexical evidence; teacher review required before promotion.	lexical_candidate	candidate_only	pdf	pdf:page=9,section=unit-vocabulary
C1 Vocabulary Pack for CAE	c1-vocabulary-pack-cae	Expect/intend	intend			Unit 3 | Communication and technology	9	registry:c1-vocabulary-pack-cae		Candidate-only lexical evidence; teacher review required before promotion.	lexical_candidate	candidate_only	pdf	pdf:page=9,section=unit-vocabulary
C1 Vocabulary Pack for CAE	c1-vocabulary-pack-cae	Fact/truth	Fact			Unit 3 | Communication and technology	9	registry:c1-vocabulary-pack-cae		Candidate-only lexical evidence; teacher review required before promotion.	lexical_candidate	candidate_only	pdf	pdf:page=9,section=unit-vocabulary
C1 Vocabulary Pack for CAE	c1-vocabulary-pack-cae	Fact/truth	truth			Unit 3 | Communication and technology	9	registry:c1-vocabulary-pack-cae		Candidate-only lexical evidence; teacher review required before promotion.	lexical_candidate	candidate_only	pdf	pdf:page=9,section=unit-vocabulary
C1 Vocabulary Pack for CAE	c1-vocabulary-pack-cae	Wonder/think/reckon	Wonder			Unit 3 | Communication and technology	9	registry:c1-vocabulary-pack-cae		Candidate-only lexical evidence; teacher review required before promotion.	lexical_candidate	candidate_only	pdf	pdf:page=9,section=unit-vocabulary
C1 Vocabulary Pack for CAE	c1-vocabulary-pack-cae	Wonder/think/reckon	think			Unit 3 | Communication and technology	9	registry:c1-vocabulary-pack-cae		Candidate-only lexical evidence; teacher review required before promotion.	lexical_candidate	candidate_only	pdf	pdf:page=9,section=unit-vocabulary
C1 Vocabulary Pack for CAE	c1-vocabulary-pack-cae	Wonder/think/reckon	reckon			Unit 3 | Communication and technology	9	registry:c1-vocabulary-pack-cae		Candidate-only lexical evidence; teacher review required before promotion.	lexical_candidate	candidate_only	pdf	pdf:page=9,section=unit-vocabulary
C1 Vocabulary Pack for CAE	c1-vocabulary-pack-cae	Observe/watch/look at	Observe			Unit 3 | Communication and technology	9	registry:c1-vocabulary-pack-cae		Candidate-only lexical evidence; teacher review required before promotion.	lexical_candidate	candidate_only	pdf	pdf:page=9,section=unit-vocabulary
C1 Vocabulary Pack for CAE	c1-vocabulary-pack-cae	Observe/watch/look at	watch			Unit 3 | Communication and technology	9	registry:c1-vocabulary-pack-cae		Candidate-only lexical evidence; teacher review required before promotion.	lexical_candidate	candidate_only	pdf	pdf:page=9,section=unit-vocabulary
C1 Vocabulary Pack for CAE	c1-vocabulary-pack-cae	Observe/watch/look at	look at			Unit 3 | Communication and technology	9	registry:c1-vocabulary-pack-cae		Candidate-only lexical evidence; teacher review required before promotion.	lexical_candidate	candidate_only	pdf	pdf:page=9,section=unit-vocabulary
C1 Vocabulary Pack for CAE	c1-vocabulary-pack-cae	Manage/achieve/succeed	Manage			Unit 3 | Communication and technology	9	registry:c1-vocabulary-pack-cae		Candidate-only lexical evidence; teacher review required before promotion.	lexical_candidate	candidate_only	pdf	pdf:page=9,section=unit-vocabulary
C1 Vocabulary Pack for CAE	c1-vocabulary-pack-cae	Manage/achieve/succeed	achieve			Unit 3 | Communication and technology	9	registry:c1-vocabulary-pack-cae		Candidate-only lexical evidence; teacher review required before promotion.	lexical_candidate	candidate_only	pdf	pdf:page=9,section=unit-vocabulary
C1 Vocabulary Pack for CAE	c1-vocabulary-pack-cae	Manage/achieve/succeed	succeed			Unit 3 | Communication and technology	9	registry:c1-vocabulary-pack-cae		Candidate-only lexical evidence; teacher review required before promotion.	lexical_candidate	candidate_only	pdf	pdf:page=9,section=unit-vocabulary
C1 Vocabulary Pack for CAE	c1-vocabulary-pack-cae	Evolve/change	Evolve			Unit 3 | Communication and technology	9	registry:c1-vocabulary-pack-cae		Candidate-only lexical evidence; teacher review required before promotion.	lexical_candidate	candidate_only	pdf	pdf:page=9,section=unit-vocabulary
C1 Vocabulary Pack for CAE	c1-vocabulary-pack-cae	Evolve/change	change			Unit 3 | Communication and technology	9	registry:c1-vocabulary-pack-cae		Candidate-only lexical evidence; teacher review required before promotion.	lexical_candidate	candidate_only	pdf	pdf:page=9,section=unit-vocabulary
C1 Vocabulary Pack for CAE	c1-vocabulary-pack-cae	Endure/last/stand the test of time	stand the test of time			Unit 3 | Communication and technology	9	registry:c1-vocabulary-pack-cae		Candidate-only lexical evidence; teacher review required before promotion.	lexical_candidate	candidate_only	pdf	pdf:page=9,section=unit-vocabulary
C1 Vocabulary Pack for CAE	c1-vocabulary-pack-cae	Persist	Persist			Unit 3 | Communication and technology	9	registry:c1-vocabulary-pack-cae		Candidate-only lexical evidence; teacher review required before promotion.	lexical_candidate	candidate_only	pdf	pdf:page=9,section=unit-vocabulary
C1 Vocabulary Pack for CAE	c1-vocabulary-pack-cae	Sustain	Sustain			Unit 3 | Communication and technology	9	registry:c1-vocabulary-pack-cae		Candidate-only lexical evidence; teacher review required before promotion.	lexical_candidate	candidate_only	pdf	pdf:page=9,section=unit-vocabulary
C1 Vocabulary Pack for CAE	c1-vocabulary-pack-cae	Steady	Steady			Unit 3 | Communication and technology	9	registry:c1-vocabulary-pack-cae		Candidate-only lexical evidence; teacher review required before promotion.	lexical_candidate	candidate_only	pdf	pdf:page=9,section=unit-vocabulary
C1 Vocabulary Pack for CAE	c1-vocabulary-pack-cae	Convert	Convert			Unit 3 | Communication and technology	9	registry:c1-vocabulary-pack-cae		Candidate-only lexical evidence; teacher review required before promotion.	lexical_candidate	candidate_only	pdf	pdf:page=9,section=unit-vocabulary
C1 Vocabulary Pack for CAE	c1-vocabulary-pack-cae	Distort	Distort			Unit 3 | Communication and technology	9	registry:c1-vocabulary-pack-cae		Candidate-only lexical evidence; teacher review required before promotion.	lexical_candidate	candidate_only	pdf	pdf:page=9,section=unit-vocabulary
C1 Vocabulary Pack for CAE	c1-vocabulary-pack-cae	Succeed in	Succeed in	phrase		Unit 3 | Communication and technology	9	registry:c1-vocabulary-pack-cae		Candidate-only lexical evidence; teacher review required before promotion.	lexical_candidate	candidate_only	pdf	pdf:page=9,section=word-patterns
C1 Vocabulary Pack for CAE	c1-vocabulary-pack-cae	Focus on	Focus on	phrase		Unit 3 | Communication and technology	9	registry:c1-vocabulary-pack-cae		Candidate-only lexical evidence; teacher review required before promotion.	lexical_candidate	candidate_only	pdf	pdf:page=9,section=word-patterns
C1 Vocabulary Pack for CAE	c1-vocabulary-pack-cae	Concentrate on	Concentrate on	phrase		Unit 3 | Communication and technology	9	registry:c1-vocabulary-pack-cae		Candidate-only lexical evidence; teacher review required before promotion.	lexical_candidate	candidate_only	pdf	pdf:page=9,section=word-patterns
C1 Vocabulary Pack for CAE	c1-vocabulary-pack-cae	Work on/at sth	at sth	phrase		Unit 3 | Communication and technology	9	registry:c1-vocabulary-pack-cae		Candidate-only lexical evidence; teacher review required before promotion.	lexical_candidate	candidate_only	pdf	pdf:page=9,section=word-patterns
C1 Vocabulary Pack for CAE	c1-vocabulary-pack-cae	Turn into	Turn into	phrase		Unit 3 | Communication and technology	9	registry:c1-vocabulary-pack-cae		Candidate-only lexical evidence; teacher review required before promotion.	lexical_candidate	candidate_only	pdf	pdf:page=9,section=word-patterns
C1 Vocabulary Pack for CAE	c1-vocabulary-pack-cae	A result of	A result of	phrase		Unit 3 | Communication and technology	9	registry:c1-vocabulary-pack-cae		Candidate-only lexical evidence; teacher review required before promotion.	lexical_candidate	candidate_only	pdf	pdf:page=9,section=word-patterns
C1 Vocabulary Pack for CAE	c1-vocabulary-pack-cae	A cause of	A cause of	phrase		Unit 3 | Communication and technology	9	registry:c1-vocabulary-pack-cae		Candidate-only lexical evidence; teacher review required before promotion.	lexical_candidate	candidate_only	pdf	pdf:page=9,section=word-patterns
C1 Vocabulary Pack for CAE	c1-vocabulary-pack-cae	An introduction to	An introduction to	phrase		Unit 3 | Communication and technology	9	registry:c1-vocabulary-pack-cae		Candidate-only lexical evidence; teacher review required before promotion.	lexical_candidate	candidate_only	pdf	pdf:page=9,section=word-patterns
C1 Vocabulary Pack for CAE	c1-vocabulary-pack-cae	A matter of (fact)	A matter of (fact)	phrase		Unit 3 | Communication and technology	9	registry:c1-vocabulary-pack-cae		Candidate-only lexical evidence; teacher review required before promotion.	lexical_candidate	candidate_only	pdf	pdf:page=9,section=word-patterns
C1 Vocabulary Pack for CAE	c1-vocabulary-pack-cae	Experiment with sth	Experiment with sth	phrase		Unit 3 | Communication and technology	9	registry:c1-vocabulary-pack-cae		Candidate-only lexical evidence; teacher review required before promotion.	lexical_candidate	candidate_only	pdf	pdf:page=9,section=word-patterns
C1 Vocabulary Pack for CAE	c1-vocabulary-pack-cae	Explain sth to sb	Explain sth to sb	phrase		Unit 3 | Communication and technology	9	registry:c1-vocabulary-pack-cae		Candidate-only lexical evidence; teacher review required before promotion.	lexical_candidate	candidate_only	pdf	pdf:page=9,section=word-patterns
C1 Vocabulary Pack for CAE	c1-vocabulary-pack-cae	Conclude with	Conclude with	phrase		Unit 3 | Communication and technology	9	registry:c1-vocabulary-pack-cae		Candidate-only lexical evidence; teacher review required before promotion.	lexical_candidate	candidate_only	pdf	pdf:page=9,section=word-patterns
C1 Vocabulary Pack for CAE	c1-vocabulary-pack-cae	An attempt to	An attempt to	phrase		Unit 3 | Communication and technology	9	registry:c1-vocabulary-pack-cae		Candidate-only lexical evidence; teacher review required before promotion.	lexical_candidate	candidate_only	pdf	pdf:page=9,section=word-patterns
C1 Vocabulary Pack for CAE	c1-vocabulary-pack-cae	Have a try/go at	Have a try at	phrase		Unit 3 | Communication and technology	9	registry:c1-vocabulary-pack-cae		Candidate-only lexical evidence; teacher review required before promotion.	lexical_candidate	candidate_only	pdf	pdf:page=9,section=word-patterns
C1 Vocabulary Pack for CAE	c1-vocabulary-pack-cae	Have a try/go at	go at	phrase		Unit 3 | Communication and technology	9	registry:c1-vocabulary-pack-cae		Candidate-only lexical evidence; teacher review required before promotion.	lexical_candidate	candidate_only	pdf	pdf:page=9,section=word-patterns
C1 Vocabulary Pack for CAE	c1-vocabulary-pack-cae	Be on the internet	Be on the internet	phrase		Unit 3 | Communication and technology	9	registry:c1-vocabulary-pack-cae		Candidate-only lexical evidence; teacher review required before promotion.	lexical_candidate	candidate_only	pdf	pdf:page=9,section=word-patterns
C1 Vocabulary Pack for CAE	c1-vocabulary-pack-cae	Be online	Be online	phrase		Unit 3 | Communication and technology	9	registry:c1-vocabulary-pack-cae		Candidate-only lexical evidence; teacher review required before promotion.	lexical_candidate	candidate_only	pdf	pdf:page=9,section=word-patterns
C1 Vocabulary Pack for CAE	c1-vocabulary-pack-cae	Keep in touch	Keep in touch	phrase		Unit 3 | Communication and technology	9	registry:c1-vocabulary-pack-cae		Candidate-only lexical evidence; teacher review required before promotion.	lexical_candidate	candidate_only	pdf	pdf:page=9,section=word-patterns
C1 Vocabulary Pack for CAE	c1-vocabulary-pack-cae	The demand for	The demand for	phrase		Unit 3 | Communication and technology	9	registry:c1-vocabulary-pack-cae		Candidate-only lexical evidence; teacher review required before promotion.	lexical_candidate	candidate_only	pdf	pdf:page=9,section=word-patterns
C1 Vocabulary Pack for CAE	c1-vocabulary-pack-cae	Link to	Link to	phrase		Unit 3 | Communication and technology	9	registry:c1-vocabulary-pack-cae		Candidate-only lexical evidence; teacher review required before promotion.	lexical_candidate	candidate_only	pdf	pdf:page=9,section=word-patterns
C1 Vocabulary Pack for CAE	c1-vocabulary-pack-cae	Click on	Click on	phrase		Unit 3 | Communication and technology	9	registry:c1-vocabulary-pack-cae		Candidate-only lexical evidence; teacher review required before promotion.	lexical_candidate	candidate_only	pdf	pdf:page=9,section=word-patterns
C1 Vocabulary Pack for CAE	c1-vocabulary-pack-cae	Blurt out	Blurt out	phrasal verb		Unit 3 | Communication and technology	9	registry:c1-vocabulary-pack-cae		Candidate-only lexical evidence; teacher review required before promotion.	lexical_candidate	candidate_only	pdf	pdf:page=9,section=phrasal-verbs
C1 Vocabulary Pack for CAE	c1-vocabulary-pack-cae	Change into	Change into	phrasal verb		Unit 3 | Communication and technology	9	registry:c1-vocabulary-pack-cae		Candidate-only lexical evidence; teacher review required before promotion.	lexical_candidate	candidate_only	pdf	pdf:page=9,section=phrasal-verbs
C1 Vocabulary Pack for CAE	c1-vocabulary-pack-cae	Chat up	Chat up	phrasal verb		Unit 3 | Communication and technology	9	registry:c1-vocabulary-pack-cae		Candidate-only lexical evidence; teacher review required before promotion.	lexical_candidate	candidate_only	pdf	pdf:page=9,section=phrasal-verbs
C1 Vocabulary Pack for CAE	c1-vocabulary-pack-cae	Come out (with)	Come out (with)	phrasal verb		Unit 3 | Communication and technology	9	registry:c1-vocabulary-pack-cae		Candidate-only lexical evidence; teacher review required before promotion.	lexical_candidate	candidate_only	pdf	pdf:page=9,section=phrasal-verbs
C1 Vocabulary Pack for CAE	c1-vocabulary-pack-cae	Do away with	Do away with	phrasal verb		Unit 3 | Communication and technology	9	registry:c1-vocabulary-pack-cae		Candidate-only lexical evidence; teacher review required before promotion.	lexical_candidate	candidate_only	pdf	pdf:page=9,section=phrasal-verbs
C1 Vocabulary Pack for CAE	c1-vocabulary-pack-cae	Get at	Get at	phrasal verb		Unit 3 | Communication and technology	9	registry:c1-vocabulary-pack-cae		Candidate-only lexical evidence; teacher review required before promotion.	lexical_candidate	candidate_only	pdf	pdf:page=9,section=phrasal-verbs
C1 Vocabulary Pack for CAE	c1-vocabulary-pack-cae	Get across	Get across	phrasal verb		Unit 3 | Communication and technology	9	registry:c1-vocabulary-pack-cae		Candidate-only lexical evidence; teacher review required before promotion.	lexical_candidate	candidate_only	pdf	pdf:page=9,section=phrasal-verbs
C1 Vocabulary Pack for CAE	c1-vocabulary-pack-cae	Let on	Let on	phrasal verb		Unit 3 | Communication and technology	9	registry:c1-vocabulary-pack-cae		Candidate-only lexical evidence; teacher review required before promotion.	lexical_candidate	candidate_only	pdf	pdf:page=9,section=phrasal-verbs
C1 Vocabulary Pack for CAE	c1-vocabulary-pack-cae	Mix up	Mix up	phrasal verb		Unit 3 | Communication and technology	9	registry:c1-vocabulary-pack-cae		Candidate-only lexical evidence; teacher review required before promotion.	lexical_candidate	candidate_only	pdf	pdf:page=9,section=phrasal-verbs
C1 Vocabulary Pack for CAE	c1-vocabulary-pack-cae	Pass on	Pass on	phrasal verb		Unit 3 | Communication and technology	9	registry:c1-vocabulary-pack-cae		Candidate-only lexical evidence; teacher review required before promotion.	lexical_candidate	candidate_only	pdf	pdf:page=9,section=phrasal-verbs
C1 Vocabulary Pack for CAE	c1-vocabulary-pack-cae	Ring up	Ring up	phrasal verb		Unit 3 | Communication and technology	9	registry:c1-vocabulary-pack-cae		Candidate-only lexical evidence; teacher review required before promotion.	lexical_candidate	candidate_only	pdf	pdf:page=9,section=phrasal-verbs
C1 Vocabulary Pack for CAE	c1-vocabulary-pack-cae	Sign up	Sign up	phrasal verb		Unit 3 | Communication and technology	9	registry:c1-vocabulary-pack-cae		Candidate-only lexical evidence; teacher review required before promotion.	lexical_candidate	candidate_only	pdf	pdf:page=9,section=phrasal-verbs
C1 Vocabulary Pack for CAE	c1-vocabulary-pack-cae	Speak out	Speak out	phrasal verb		Unit 3 | Communication and technology	9	registry:c1-vocabulary-pack-cae		Candidate-only lexical evidence; teacher review required before promotion.	lexical_candidate	candidate_only	pdf	pdf:page=9,section=phrasal-verbs
C1 Vocabulary Pack for CAE	c1-vocabulary-pack-cae	Safe – safety, safely	Safe			Unit 3 | Communication and technology	9	registry:c1-vocabulary-pack-cae		Candidate-only lexical evidence; teacher review required before promotion.	lexical_candidate	candidate_only	pdf	pdf:page=9,section=word-formation
C1 Vocabulary Pack for CAE	c1-vocabulary-pack-cae	Safe – safety, safely	safety			Unit 3 | Communication and technology	9	registry:c1-vocabulary-pack-cae		Candidate-only lexical evidence; teacher review required before promotion.	lexical_candidate	candidate_only	pdf	pdf:page=9,section=word-formation
C1 Vocabulary Pack for CAE	c1-vocabulary-pack-cae	Safe – safety, safely	safely			Unit 3 | Communication and technology	9	registry:c1-vocabulary-pack-cae		Candidate-only lexical evidence; teacher review required before promotion.	lexical_candidate	candidate_only	pdf	pdf:page=9,section=word-formation
C1 Vocabulary Pack for CAE	c1-vocabulary-pack-cae	Secure – security, securely	Secure			Unit 3 | Communication and technology	9	registry:c1-vocabulary-pack-cae		Candidate-only lexical evidence; teacher review required before promotion.	lexical_candidate	candidate_only	pdf	pdf:page=9,section=word-formation
C1 Vocabulary Pack for CAE	c1-vocabulary-pack-cae	Secure – security, securely	security			Unit 3 | Communication and technology	9	registry:c1-vocabulary-pack-cae		Candidate-only lexical evidence; teacher review required before promotion.	lexical_candidate	candidate_only	pdf	pdf:page=9,section=word-formation
C1 Vocabulary Pack for CAE	c1-vocabulary-pack-cae	Secure – security, securely	securely			Unit 3 | Communication and technology	9	registry:c1-vocabulary-pack-cae		Candidate-only lexical evidence; teacher review required before promotion.	lexical_candidate	candidate_only	pdf	pdf:page=9,section=word-formation
C1 Vocabulary Pack for CAE	c1-vocabulary-pack-cae	Estimate – estimation	estimation			Unit 3 | Communication and technology	9	registry:c1-vocabulary-pack-cae		Candidate-only lexical evidence; teacher review required before promotion.	lexical_candidate	candidate_only	pdf	pdf:page=9,section=word-formation
C1 Vocabulary Pack for CAE	c1-vocabulary-pack-cae	Occur – occurrence	occurrence			Unit 3 | Communication and technology	9	registry:c1-vocabulary-pack-cae		Candidate-only lexical evidence; teacher review required before promotion.	lexical_candidate	candidate_only	pdf	pdf:page=9,section=word-formation
C1 Vocabulary Pack for CAE	c1-vocabulary-pack-cae	Investigate – investigation	investigation			Unit 3 | Communication and technology	9	registry:c1-vocabulary-pack-cae		Candidate-only lexical evidence; teacher review required before promotion.	lexical_candidate	candidate_only	pdf	pdf:page=9,section=word-formation
C1 Vocabulary Pack for CAE	c1-vocabulary-pack-cae	Calculate – calculation	calculation			Unit 3 | Communication and technology	9	registry:c1-vocabulary-pack-cae		Candidate-only lexical evidence; teacher review required before promotion.	lexical_candidate	candidate_only	pdf	pdf:page=9,section=word-formation
C1 Vocabulary Pack for CAE	c1-vocabulary-pack-cae	Progress – progression	progression			Unit 3 | Communication and technology	9	registry:c1-vocabulary-pack-cae		Candidate-only lexical evidence; teacher review required before promotion.	lexical_candidate	candidate_only	pdf	pdf:page=9,section=word-formation
C1 Vocabulary Pack for CAE	c1-vocabulary-pack-cae	Concentrate – concentration	Concentrate			Unit 3 | Communication and technology	9	registry:c1-vocabulary-pack-cae		Candidate-only lexical evidence; teacher review required before promotion.	lexical_candidate	candidate_only	pdf	pdf:page=9,section=word-formation
C1 Vocabulary Pack for CAE	c1-vocabulary-pack-cae	Concentrate – concentration	concentration			Unit 3 | Communication and technology	9	registry:c1-vocabulary-pack-cae		Candidate-only lexical evidence; teacher review required before promotion.	lexical_candidate	candidate_only	pdf	pdf:page=9,section=word-formation
C1 Vocabulary Pack for CAE	c1-vocabulary-pack-cae	Expect – expectation	expectation			Unit 3 | Communication and technology	9	registry:c1-vocabulary-pack-cae		Candidate-only lexical evidence; teacher review required before promotion.	lexical_candidate	candidate_only	pdf	pdf:page=9,section=word-formation
C1 Vocabulary Pack for CAE	c1-vocabulary-pack-cae	Method – methodology	methodology			Unit 3 | Communication and technology	9	registry:c1-vocabulary-pack-cae		Candidate-only lexical evidence; teacher review required before promotion.	lexical_candidate	candidate_only	pdf	pdf:page=9,section=word-formation
C1 Vocabulary Pack for CAE	c1-vocabulary-pack-cae	Observe – observation	observation			Unit 3 | Communication and technology	9	registry:c1-vocabulary-pack-cae		Candidate-only lexical evidence; teacher review required before promotion.	lexical_candidate	candidate_only	pdf	pdf:page=9,section=word-formation
C1 Vocabulary Pack for CAE	c1-vocabulary-pack-cae	Truth – truthfully	truthfully			Unit 3 | Communication and technology	9	registry:c1-vocabulary-pack-cae		Candidate-only lexical evidence; teacher review required before promotion.	lexical_candidate	candidate_only	pdf	pdf:page=9,section=word-formation
C1 Vocabulary Pack for CAE	c1-vocabulary-pack-cae	Manage – management, manager	management			Unit 3 | Communication and technology	9	registry:c1-vocabulary-pack-cae		Candidate-only lexical evidence; teacher review required before promotion.	lexical_candidate	candidate_only	pdf	pdf:page=9,section=word-formation
C1 Vocabulary Pack for CAE	c1-vocabulary-pack-cae	Manage – management, manager	manager			Unit 3 | Communication and technology	9	registry:c1-vocabulary-pack-cae		Candidate-only lexical evidence; teacher review required before promotion.	lexical_candidate	candidate_only	pdf	pdf:page=9,section=word-formation
C1 Vocabulary Pack for CAE	c1-vocabulary-pack-cae	Talk over	Talk over	phrasal verb		Unit 3 | Communication and technology	10	registry:c1-vocabulary-pack-cae		Candidate-only lexical evidence; teacher review required before promotion.	lexical_candidate	candidate_only	pdf	pdf:page=10,section=phrasal-verbs
C1 Vocabulary Pack for CAE	c1-vocabulary-pack-cae	Tell off	Tell off	phrasal verb		Unit 3 | Communication and technology	10	registry:c1-vocabulary-pack-cae		Candidate-only lexical evidence; teacher review required before promotion.	lexical_candidate	candidate_only	pdf	pdf:page=10,section=phrasal-verbs
C1 Vocabulary Pack for CAE	c1-vocabulary-pack-cae	Use up	Use up	phrasal verb		Unit 3 | Communication and technology	10	registry:c1-vocabulary-pack-cae		Candidate-only lexical evidence; teacher review required before promotion.	lexical_candidate	candidate_only	pdf	pdf:page=10,section=phrasal-verbs
C1 Vocabulary Pack for CAE	c1-vocabulary-pack-cae	Wear out	Wear out	phrasal verb		Unit 3 | Communication and technology	10	registry:c1-vocabulary-pack-cae		Candidate-only lexical evidence; teacher review required before promotion.	lexical_candidate	candidate_only	pdf	pdf:page=10,section=phrasal-verbs
C1 Vocabulary Pack for CAE	c1-vocabulary-pack-cae	Intend - intention	intention			Unit 3 | Communication and technology	10	registry:c1-vocabulary-pack-cae		Candidate-only lexical evidence; teacher review required before promotion.	lexical_candidate	candidate_only	pdf	pdf:page=10,section=word-formation
C1 Vocabulary Pack for CAE	c1-vocabulary-pack-cae	In fact	In fact	phrase		Unit 3 | Communication and technology	10	registry:c1-vocabulary-pack-cae		Candidate-only lexical evidence; teacher review required before promotion.	lexical_candidate	candidate_only	pdf	pdf:page=10,section=fixed-phrases
C1 Vocabulary Pack for CAE	c1-vocabulary-pack-cae	On average	On average	phrase		Unit 3 | Communication and technology	10	registry:c1-vocabulary-pack-cae		Candidate-only lexical evidence; teacher review required before promotion.	lexical_candidate	candidate_only	pdf	pdf:page=10,section=fixed-phrases
C1 Vocabulary Pack for CAE	c1-vocabulary-pack-cae	As a result	As a result	phrase		Unit 3 | Communication and technology	10	registry:c1-vocabulary-pack-cae		Candidate-only lexical evidence; teacher review required before promotion.	lexical_candidate	candidate_only	pdf	pdf:page=10,section=fixed-phrases
C1 Vocabulary Pack for CAE	c1-vocabulary-pack-cae	All in all	All in all	phrase		Unit 3 | Communication and technology	10	registry:c1-vocabulary-pack-cae		Candidate-only lexical evidence; teacher review required before promotion.	lexical_candidate	candidate_only	pdf	pdf:page=10,section=fixed-phrases
C1 Vocabulary Pack for CAE	c1-vocabulary-pack-cae	Change your mind	Change your mind	phrase		Unit 3 | Communication and technology	10	registry:c1-vocabulary-pack-cae		Candidate-only lexical evidence; teacher review required before promotion.	lexical_candidate	candidate_only	pdf	pdf:page=10,section=fixed-phrases
C1 Vocabulary Pack for CAE	c1-vocabulary-pack-cae	Undergo a change	Undergo a change	phrase		Unit 3 | Communication and technology	10	registry:c1-vocabulary-pack-cae		Candidate-only lexical evidence; teacher review required before promotion.	lexical_candidate	candidate_only	pdf	pdf:page=10,section=fixed-phrases
C1 Vocabulary Pack for CAE	c1-vocabulary-pack-cae	Lead the way	Lead the way	phrase		Unit 3 | Communication and technology	10	registry:c1-vocabulary-pack-cae		Candidate-only lexical evidence; teacher review required before promotion.	lexical_candidate	candidate_only	pdf	pdf:page=10,section=fixed-phrases
C1 Vocabulary Pack for CAE	c1-vocabulary-pack-cae	Be in demand	Be in demand	phrase		Unit 3 | Communication and technology	10	registry:c1-vocabulary-pack-cae		Candidate-only lexical evidence; teacher review required before promotion.	lexical_candidate	candidate_only	pdf	pdf:page=10,section=fixed-phrases
C1 Vocabulary Pack for CAE	c1-vocabulary-pack-cae	Surf the net	Surf the net	idiom		Unit 3 | Communication and technology	10	registry:c1-vocabulary-pack-cae		Candidate-only lexical evidence; teacher review required before promotion.	lexical_candidate	candidate_only	pdf	pdf:page=10,section=idioms
C1 Vocabulary Pack for CAE	c1-vocabulary-pack-cae	Blow a fuse	Blow a fuse	idiom		Unit 3 | Communication and technology	10	registry:c1-vocabulary-pack-cae		Candidate-only lexical evidence; teacher review required before promotion.	lexical_candidate	candidate_only	pdf	pdf:page=10,section=idioms
C1 Vocabulary Pack for CAE	c1-vocabulary-pack-cae	Pull the plug	Pull the plug	idiom		Unit 3 | Communication and technology	10	registry:c1-vocabulary-pack-cae		Candidate-only lexical evidence; teacher review required before promotion.	lexical_candidate	candidate_only	pdf	pdf:page=10,section=idioms
C1 Vocabulary Pack for CAE	c1-vocabulary-pack-cae	To make something tick	To make something tick	idiom		Unit 3 | Communication and technology	10	registry:c1-vocabulary-pack-cae		Candidate-only lexical evidence; teacher review required before promotion.	lexical_candidate	candidate_only	pdf	pdf:page=10,section=idioms
C1 Vocabulary Pack for CAE	c1-vocabulary-pack-cae	Meet/know (people)	Meet (people)			Unit 4 | People and relationships	11	registry:c1-vocabulary-pack-cae		Candidate-only lexical evidence; teacher review required before promotion.	lexical_candidate	candidate_only	pdf	pdf:page=11,section=unit-vocabulary
C1 Vocabulary Pack for CAE	c1-vocabulary-pack-cae	Meet/know (people)	know (people)			Unit 4 | People and relationships	11	registry:c1-vocabulary-pack-cae		Candidate-only lexical evidence; teacher review required before promotion.	lexical_candidate	candidate_only	pdf	pdf:page=11,section=unit-vocabulary
C1 Vocabulary Pack for CAE	c1-vocabulary-pack-cae	Support/assist/help	Support			Unit 4 | People and relationships	11	registry:c1-vocabulary-pack-cae		Candidate-only lexical evidence; teacher review required before promotion.	lexical_candidate	candidate_only	pdf	pdf:page=11,section=unit-vocabulary
C1 Vocabulary Pack for CAE	c1-vocabulary-pack-cae	Support/assist/help	assist			Unit 4 | People and relationships	11	registry:c1-vocabulary-pack-cae		Candidate-only lexical evidence; teacher review required before promotion.	lexical_candidate	candidate_only	pdf	pdf:page=11,section=unit-vocabulary
C1 Vocabulary Pack for CAE	c1-vocabulary-pack-cae	Support/assist/help	help			Unit 4 | People and relationships	11	registry:c1-vocabulary-pack-cae		Candidate-only lexical evidence; teacher review required before promotion.	lexical_candidate	candidate_only	pdf	pdf:page=11,section=unit-vocabulary
C1 Vocabulary Pack for CAE	c1-vocabulary-pack-cae	Live/inhabit/reside	Live			Unit 4 | People and relationships	11	registry:c1-vocabulary-pack-cae		Candidate-only lexical evidence; teacher review required before promotion.	lexical_candidate	candidate_only	pdf	pdf:page=11,section=unit-vocabulary
C1 Vocabulary Pack for CAE	c1-vocabulary-pack-cae	Live/inhabit/reside	inhabit			Unit 4 | People and relationships	11	registry:c1-vocabulary-pack-cae		Candidate-only lexical evidence; teacher review required before promotion.	lexical_candidate	candidate_only	pdf	pdf:page=11,section=unit-vocabulary
C1 Vocabulary Pack for CAE	c1-vocabulary-pack-cae	Live/inhabit/reside	reside			Unit 4 | People and relationships	11	registry:c1-vocabulary-pack-cae		Candidate-only lexical evidence; teacher review required before promotion.	lexical_candidate	candidate_only	pdf	pdf:page=11,section=unit-vocabulary
C1 Vocabulary Pack for CAE	c1-vocabulary-pack-cae	Chat/gossip/boast/argue/shout	Chat			Unit 4 | People and relationships	11	registry:c1-vocabulary-pack-cae		Candidate-only lexical evidence; teacher review required before promotion.	lexical_candidate	candidate_only	pdf	pdf:page=11,section=unit-vocabulary
C1 Vocabulary Pack for CAE	c1-vocabulary-pack-cae	Chat/gossip/boast/argue/shout	gossip			Unit 4 | People and relationships	11	registry:c1-vocabulary-pack-cae		Candidate-only lexical evidence; teacher review required before promotion.	lexical_candidate	candidate_only	pdf	pdf:page=11,section=unit-vocabulary
C1 Vocabulary Pack for CAE	c1-vocabulary-pack-cae	Chat/gossip/boast/argue/shout	boast			Unit 4 | People and relationships	11	registry:c1-vocabulary-pack-cae		Candidate-only lexical evidence; teacher review required before promotion.	lexical_candidate	candidate_only	pdf	pdf:page=11,section=unit-vocabulary
C1 Vocabulary Pack for CAE	c1-vocabulary-pack-cae	Chat/gossip/boast/argue/shout	argue			Unit 4 | People and relationships	11	registry:c1-vocabulary-pack-cae		Candidate-only lexical evidence; teacher review required before promotion.	lexical_candidate	candidate_only	pdf	pdf:page=11,section=unit-vocabulary
C1 Vocabulary Pack for CAE	c1-vocabulary-pack-cae	Chat/gossip/boast/argue/shout	shout			Unit 4 | People and relationships	11	registry:c1-vocabulary-pack-cae		Candidate-only lexical evidence; teacher review required before promotion.	lexical_candidate	candidate_only	pdf	pdf:page=11,section=unit-vocabulary
C1 Vocabulary Pack for CAE	c1-vocabulary-pack-cae	Pretend/imitate/copy	Pretend			Unit 4 | People and relationships	11	registry:c1-vocabulary-pack-cae		Candidate-only lexical evidence; teacher review required before promotion.	lexical_candidate	candidate_only	pdf	pdf:page=11,section=unit-vocabulary
C1 Vocabulary Pack for CAE	c1-vocabulary-pack-cae	Pretend/imitate/copy	imitate			Unit 4 | People and relationships	11	registry:c1-vocabulary-pack-cae		Candidate-only lexical evidence; teacher review required before promotion.	lexical_candidate	candidate_only	pdf	pdf:page=11,section=unit-vocabulary
C1 Vocabulary Pack for CAE	c1-vocabulary-pack-cae	Pretend/imitate/copy	copy			Unit 4 | People and relationships	11	registry:c1-vocabulary-pack-cae		Candidate-only lexical evidence; teacher review required before promotion.	lexical_candidate	candidate_only	pdf	pdf:page=11,section=unit-vocabulary
C1 Vocabulary Pack for CAE	c1-vocabulary-pack-cae	Promise	Promise			Unit 4 | People and relationships	11	registry:c1-vocabulary-pack-cae		Candidate-only lexical evidence; teacher review required before promotion.	lexical_candidate	candidate_only	pdf	pdf:page=11,section=unit-vocabulary
C1 Vocabulary Pack for CAE	c1-vocabulary-pack-cae	Regret	Regret			Unit 4 | People and relationships	11	registry:c1-vocabulary-pack-cae		Candidate-only lexical evidence; teacher review required before promotion.	lexical_candidate	candidate_only	pdf	pdf:page=11,section=unit-vocabulary
C1 Vocabulary Pack for CAE	c1-vocabulary-pack-cae	Deny	Deny			Unit 4 | People and relationships	11	registry:c1-vocabulary-pack-cae		Candidate-only lexical evidence; teacher review required before promotion.	lexical_candidate	candidate_only	pdf	pdf:page=11,section=unit-vocabulary
C1 Vocabulary Pack for CAE	c1-vocabulary-pack-cae	Apologise/say sorry	Apologise			Unit 4 | People and relationships	11	registry:c1-vocabulary-pack-cae		Candidate-only lexical evidence; teacher review required before promotion.	lexical_candidate	candidate_only	pdf	pdf:page=11,section=unit-vocabulary
C1 Vocabulary Pack for CAE	c1-vocabulary-pack-cae	Apologise/say sorry	say sorry			Unit 4 | People and relationships	11	registry:c1-vocabulary-pack-cae		Candidate-only lexical evidence; teacher review required before promotion.	lexical_candidate	candidate_only	pdf	pdf:page=11,section=unit-vocabulary
C1 Vocabulary Pack for CAE	c1-vocabulary-pack-cae	Remember/forget	Remember			Unit 4 | People and relationships	11	registry:c1-vocabulary-pack-cae		Candidate-only lexical evidence; teacher review required before promotion.	lexical_candidate	candidate_only	pdf	pdf:page=11,section=unit-vocabulary
C1 Vocabulary Pack for CAE	c1-vocabulary-pack-cae	Remember/forget	forget			Unit 4 | People and relationships	11	registry:c1-vocabulary-pack-cae		Candidate-only lexical evidence; teacher review required before promotion.	lexical_candidate	candidate_only	pdf	pdf:page=11,section=unit-vocabulary
C1 Vocabulary Pack for CAE	c1-vocabulary-pack-cae	Allow/let/permit	Allow			Unit 4 | People and relationships	11	registry:c1-vocabulary-pack-cae		Candidate-only lexical evidence; teacher review required before promotion.	lexical_candidate	candidate_only	pdf	pdf:page=11,section=unit-vocabulary
C1 Vocabulary Pack for CAE	c1-vocabulary-pack-cae	Allow/let/permit	let			Unit 4 | People and relationships	11	registry:c1-vocabulary-pack-cae		Candidate-only lexical evidence; teacher review required before promotion.	lexical_candidate	candidate_only	pdf	pdf:page=11,section=unit-vocabulary
C1 Vocabulary Pack for CAE	c1-vocabulary-pack-cae	Allow/let/permit	permit			Unit 4 | People and relationships	11	registry:c1-vocabulary-pack-cae		Candidate-only lexical evidence; teacher review required before promotion.	lexical_candidate	candidate_only	pdf	pdf:page=11,section=unit-vocabulary
C1 Vocabulary Pack for CAE	c1-vocabulary-pack-cae	Ban/forbid	Ban			Unit 4 | People and relationships	11	registry:c1-vocabulary-pack-cae		Candidate-only lexical evidence; teacher review required before promotion.	lexical_candidate	candidate_only	pdf	pdf:page=11,section=unit-vocabulary
C1 Vocabulary Pack for CAE	c1-vocabulary-pack-cae	Ban/forbid	forbid			Unit 4 | People and relationships	11	registry:c1-vocabulary-pack-cae		Candidate-only lexical evidence; teacher review required before promotion.	lexical_candidate	candidate_only	pdf	pdf:page=11,section=unit-vocabulary
C1 Vocabulary Pack for CAE	c1-vocabulary-pack-cae	Sociable/talkative/chatty/outgoing	Sociable			Unit 4 | People and relationships	11	registry:c1-vocabulary-pack-cae		Candidate-only lexical evidence; teacher review required before promotion.	lexical_candidate	candidate_only	pdf	pdf:page=11,section=unit-vocabulary
C1 Vocabulary Pack for CAE	c1-vocabulary-pack-cae	Sociable/talkative/chatty/outgoing	talkative			Unit 4 | People and relationships	11	registry:c1-vocabulary-pack-cae		Candidate-only lexical evidence; teacher review required before promotion.	lexical_candidate	candidate_only	pdf	pdf:page=11,section=unit-vocabulary
C1 Vocabulary Pack for CAE	c1-vocabulary-pack-cae	Sociable/talkative/chatty/outgoing	chatty			Unit 4 | People and relationships	11	registry:c1-vocabulary-pack-cae		Candidate-only lexical evidence; teacher review required before promotion.	lexical_candidate	candidate_only	pdf	pdf:page=11,section=unit-vocabulary
C1 Vocabulary Pack for CAE	c1-vocabulary-pack-cae	Sociable/talkative/chatty/outgoing	outgoing			Unit 4 | People and relationships	11	registry:c1-vocabulary-pack-cae		Candidate-only lexical evidence; teacher review required before promotion.	lexical_candidate	candidate_only	pdf	pdf:page=11,section=unit-vocabulary
C1 Vocabulary Pack for CAE	c1-vocabulary-pack-cae	Lonely/solitary	Lonely			Unit 4 | People and relationships	11	registry:c1-vocabulary-pack-cae		Candidate-only lexical evidence; teacher review required before promotion.	lexical_candidate	candidate_only	pdf	pdf:page=11,section=unit-vocabulary
C1 Vocabulary Pack for CAE	c1-vocabulary-pack-cae	Lonely/solitary	solitary			Unit 4 | People and relationships	11	registry:c1-vocabulary-pack-cae		Candidate-only lexical evidence; teacher review required before promotion.	lexical_candidate	candidate_only	pdf	pdf:page=11,section=unit-vocabulary
C1 Vocabulary Pack for CAE	c1-vocabulary-pack-cae	Envious/jealous	Envious			Unit 4 | People and relationships	11	registry:c1-vocabulary-pack-cae		Candidate-only lexical evidence; teacher review required before promotion.	lexical_candidate	candidate_only	pdf	pdf:page=11,section=unit-vocabulary
C1 Vocabulary Pack for CAE	c1-vocabulary-pack-cae	Envious/jealous	jealous			Unit 4 | People and relationships	11	registry:c1-vocabulary-pack-cae		Candidate-only lexical evidence; teacher review required before promotion.	lexical_candidate	candidate_only	pdf	pdf:page=11,section=unit-vocabulary
C1 Vocabulary Pack for CAE	c1-vocabulary-pack-cae	Smile/frown	Smile			Unit 4 | People and relationships	11	registry:c1-vocabulary-pack-cae		Candidate-only lexical evidence; teacher review required before promotion.	lexical_candidate	candidate_only	pdf	pdf:page=11,section=unit-vocabulary
C1 Vocabulary Pack for CAE	c1-vocabulary-pack-cae	Smile/frown	frown			Unit 4 | People and relationships	11	registry:c1-vocabulary-pack-cae		Candidate-only lexical evidence; teacher review required before promotion.	lexical_candidate	candidate_only	pdf	pdf:page=11,section=unit-vocabulary
C1 Vocabulary Pack for CAE	c1-vocabulary-pack-cae	Cry/laugh	Cry			Unit 4 | People and relationships	11	registry:c1-vocabulary-pack-cae		Candidate-only lexical evidence; teacher review required before promotion.	lexical_candidate	candidate_only	pdf	pdf:page=11,section=unit-vocabulary
C1 Vocabulary Pack for CAE	c1-vocabulary-pack-cae	Cry/laugh	laugh			Unit 4 | People and relationships	11	registry:c1-vocabulary-pack-cae		Candidate-only lexical evidence; teacher review required before promotion.	lexical_candidate	candidate_only	pdf	pdf:page=11,section=unit-vocabulary
C1 Vocabulary Pack for CAE	c1-vocabulary-pack-cae	Feel	Feel			Unit 4 | People and relationships	11	registry:c1-vocabulary-pack-cae		Candidate-only lexical evidence; teacher review required before promotion.	lexical_candidate	candidate_only	pdf	pdf:page=11,section=unit-vocabulary
C1 Vocabulary Pack for CAE	c1-vocabulary-pack-cae	Seem/Look like	Seem			Unit 4 | People and relationships	11	registry:c1-vocabulary-pack-cae		Candidate-only lexical evidence; teacher review required before promotion.	lexical_candidate	candidate_only	pdf	pdf:page=11,section=unit-vocabulary
C1 Vocabulary Pack for CAE	c1-vocabulary-pack-cae	Seem/Look like	Look like			Unit 4 | People and relationships	11	registry:c1-vocabulary-pack-cae		Candidate-only lexical evidence; teacher review required before promotion.	lexical_candidate	candidate_only	pdf	pdf:page=11,section=unit-vocabulary
C1 Vocabulary Pack for CAE	c1-vocabulary-pack-cae	Fancy/feel like	Fancy			Unit 4 | People and relationships	11	registry:c1-vocabulary-pack-cae		Candidate-only lexical evidence; teacher review required before promotion.	lexical_candidate	candidate_only	pdf	pdf:page=11,section=unit-vocabulary
C1 Vocabulary Pack for CAE	c1-vocabulary-pack-cae	Fancy/feel like	feel like			Unit 4 | People and relationships	11	registry:c1-vocabulary-pack-cae		Candidate-only lexical evidence; teacher review required before promotion.	lexical_candidate	candidate_only	pdf	pdf:page=11,section=unit-vocabulary
C1 Vocabulary Pack for CAE	c1-vocabulary-pack-cae	Enjoy/please	Enjoy			Unit 4 | People and relationships	11	registry:c1-vocabulary-pack-cae		Candidate-only lexical evidence; teacher review required before promotion.	lexical_candidate	candidate_only	pdf	pdf:page=11,section=unit-vocabulary
C1 Vocabulary Pack for CAE	c1-vocabulary-pack-cae	Enjoy/please	please			Unit 4 | People and relationships	11	registry:c1-vocabulary-pack-cae		Candidate-only lexical evidence; teacher review required before promotion.	lexical_candidate	candidate_only	pdf	pdf:page=11,section=unit-vocabulary
C1 Vocabulary Pack for CAE	c1-vocabulary-pack-cae	Partner/couple	Partner			Unit 4 | People and relationships	11	registry:c1-vocabulary-pack-cae		Candidate-only lexical evidence; teacher review required before promotion.	lexical_candidate	candidate_only	pdf	pdf:page=11,section=unit-vocabulary
C1 Vocabulary Pack for CAE	c1-vocabulary-pack-cae	Partner/couple	couple			Unit 4 | People and relationships	11	registry:c1-vocabulary-pack-cae		Candidate-only lexical evidence; teacher review required before promotion.	lexical_candidate	candidate_only	pdf	pdf:page=11,section=unit-vocabulary
C1 Vocabulary Pack for CAE	c1-vocabulary-pack-cae	Sibling/parent/relative	Sibling			Unit 4 | People and relationships	11	registry:c1-vocabulary-pack-cae		Candidate-only lexical evidence; teacher review required before promotion.	lexical_candidate	candidate_only	pdf	pdf:page=11,section=unit-vocabulary
C1 Vocabulary Pack for CAE	c1-vocabulary-pack-cae	Sibling/parent/relative	parent			Unit 4 | People and relationships	11	registry:c1-vocabulary-pack-cae		Candidate-only lexical evidence; teacher review required before promotion.	lexical_candidate	candidate_only	pdf	pdf:page=11,section=unit-vocabulary
C1 Vocabulary Pack for CAE	c1-vocabulary-pack-cae	Sibling/parent/relative	relative			Unit 4 | People and relationships	11	registry:c1-vocabulary-pack-cae		Candidate-only lexical evidence; teacher review required before promotion.	lexical_candidate	candidate_only	pdf	pdf:page=11,section=unit-vocabulary
C1 Vocabulary Pack for CAE	c1-vocabulary-pack-cae	Colleague/mate/acquaintance/friend	Colleague			Unit 4 | People and relationships	11	registry:c1-vocabulary-pack-cae		Candidate-only lexical evidence; teacher review required before promotion.	lexical_candidate	candidate_only	pdf	pdf:page=11,section=unit-vocabulary
C1 Vocabulary Pack for CAE	c1-vocabulary-pack-cae	Colleague/mate/acquaintance/friend	mate			Unit 4 | People and relationships	11	registry:c1-vocabulary-pack-cae		Candidate-only lexical evidence; teacher review required before promotion.	lexical_candidate	candidate_only	pdf	pdf:page=11,section=unit-vocabulary
C1 Vocabulary Pack for CAE	c1-vocabulary-pack-cae	Colleague/mate/acquaintance/friend	acquaintance			Unit 4 | People and relationships	11	registry:c1-vocabulary-pack-cae		Candidate-only lexical evidence; teacher review required before promotion.	lexical_candidate	candidate_only	pdf	pdf:page=11,section=unit-vocabulary
C1 Vocabulary Pack for CAE	c1-vocabulary-pack-cae	Colleague/mate/acquaintance/friend	friend			Unit 4 | People and relationships	11	registry:c1-vocabulary-pack-cae		Candidate-only lexical evidence; teacher review required before promotion.	lexical_candidate	candidate_only	pdf	pdf:page=11,section=unit-vocabulary
C1 Vocabulary Pack for CAE	c1-vocabulary-pack-cae	Sensitive/sensible	Sensitive			Unit 4 | People and relationships	11	registry:c1-vocabulary-pack-cae		Candidate-only lexical evidence; teacher review required before promotion.	lexical_candidate	candidate_only	pdf	pdf:page=11,section=unit-vocabulary
C1 Vocabulary Pack for CAE	c1-vocabulary-pack-cae	Sensitive/sensible	sensible			Unit 4 | People and relationships	11	registry:c1-vocabulary-pack-cae		Candidate-only lexical evidence; teacher review required before promotion.	lexical_candidate	candidate_only	pdf	pdf:page=11,section=unit-vocabulary
C1 Vocabulary Pack for CAE	c1-vocabulary-pack-cae	Mood	Mood			Unit 4 | People and relationships	11	registry:c1-vocabulary-pack-cae		Candidate-only lexical evidence; teacher review required before promotion.	lexical_candidate	candidate_only	pdf	pdf:page=11,section=unit-vocabulary
C1 Vocabulary Pack for CAE	c1-vocabulary-pack-cae	Angry – annoyed/furious	furious			Unit 4 | People and relationships	11	registry:c1-vocabulary-pack-cae		Candidate-only lexical evidence; teacher review required before promotion.	lexical_candidate	candidate_only	pdf	pdf:page=11,section=unit-vocabulary
C1 Vocabulary Pack for CAE	c1-vocabulary-pack-cae	Shy/timid	Shy			Unit 4 | People and relationships	11	registry:c1-vocabulary-pack-cae		Candidate-only lexical evidence; teacher review required before promotion.	lexical_candidate	candidate_only	pdf	pdf:page=11,section=unit-vocabulary
C1 Vocabulary Pack for CAE	c1-vocabulary-pack-cae	Shy/timid	timid			Unit 4 | People and relationships	11	registry:c1-vocabulary-pack-cae		Candidate-only lexical evidence; teacher review required before promotion.	lexical_candidate	candidate_only	pdf	pdf:page=11,section=unit-vocabulary
C1 Vocabulary Pack for CAE	c1-vocabulary-pack-cae	Be polite to	Be polite to	phrase		Unit 4 | People and relationships	11	registry:c1-vocabulary-pack-cae		Candidate-only lexical evidence; teacher review required before promotion.	lexical_candidate	candidate_only	pdf	pdf:page=11,section=word-patterns
C1 Vocabulary Pack for CAE	c1-vocabulary-pack-cae	Be rude to	Be rude to	phrase		Unit 4 | People and relationships	11	registry:c1-vocabulary-pack-cae		Candidate-only lexical evidence; teacher review required before promotion.	lexical_candidate	candidate_only	pdf	pdf:page=11,section=word-patterns
C1 Vocabulary Pack for CAE	c1-vocabulary-pack-cae	Be jealous of	Be jealous of	phrase		Unit 4 | People and relationships	11	registry:c1-vocabulary-pack-cae		Candidate-only lexical evidence; teacher review required before promotion.	lexical_candidate	candidate_only	pdf	pdf:page=11,section=word-patterns
C1 Vocabulary Pack for CAE	c1-vocabulary-pack-cae	Be attracted to/by	Be attracted to	phrase		Unit 4 | People and relationships	11	registry:c1-vocabulary-pack-cae		Candidate-only lexical evidence; teacher review required before promotion.	lexical_candidate	candidate_only	pdf	pdf:page=11,section=word-patterns
C1 Vocabulary Pack for CAE	c1-vocabulary-pack-cae	Be attracted to/by	Be Be attracted by	phrase		Unit 4 | People and relationships	11	registry:c1-vocabulary-pack-cae		Candidate-only lexical evidence; teacher review required before promotion.	lexical_candidate	candidate_only	pdf	pdf:page=11,section=word-patterns
C1 Vocabulary Pack for CAE	c1-vocabulary-pack-cae	Get/be married to	be married to	phrase		Unit 4 | People and relationships	11	registry:c1-vocabulary-pack-cae		Candidate-only lexical evidence; teacher review required before promotion.	lexical_candidate	candidate_only	pdf	pdf:page=11,section=word-patterns
C1 Vocabulary Pack for CAE	c1-vocabulary-pack-cae	Take care of	Take care of	phrase		Unit 4 | People and relationships	11	registry:c1-vocabulary-pack-cae		Candidate-only lexical evidence; teacher review required before promotion.	lexical_candidate	candidate_only	pdf	pdf:page=11,section=word-patterns
C1 Vocabulary Pack for CAE	c1-vocabulary-pack-cae	Have fun with	Have fun with	phrase		Unit 4 | People and relationships	11	registry:c1-vocabulary-pack-cae		Candidate-only lexical evidence; teacher review required before promotion.	lexical_candidate	candidate_only	pdf	pdf:page=11,section=word-patterns
C1 Vocabulary Pack for CAE	c1-vocabulary-pack-cae	Dream of/about	Dream of	phrase		Unit 4 | People and relationships	11	registry:c1-vocabulary-pack-cae		Candidate-only lexical evidence; teacher review required before promotion.	lexical_candidate	candidate_only	pdf	pdf:page=11,section=word-patterns
C1 Vocabulary Pack for CAE	c1-vocabulary-pack-cae	Dream of/about	about	phrase		Unit 4 | People and relationships	11	registry:c1-vocabulary-pack-cae		Candidate-only lexical evidence; teacher review required before promotion.	lexical_candidate	candidate_only	pdf	pdf:page=11,section=word-patterns
C1 Vocabulary Pack for CAE	c1-vocabulary-pack-cae	Approve of sth	Approve of sth	phrase		Unit 4 | People and relationships	11	registry:c1-vocabulary-pack-cae		Candidate-only lexical evidence; teacher review required before promotion.	lexical_candidate	candidate_only	pdf	pdf:page=11,section=word-patterns
C1 Vocabulary Pack for CAE	c1-vocabulary-pack-cae	Be in favour of	Be in favour of	phrase		Unit 4 | People and relationships	11	registry:c1-vocabulary-pack-cae		Candidate-only lexical evidence; teacher review required before promotion.	lexical_candidate	candidate_only	pdf	pdf:page=11,section=word-patterns
C1 Vocabulary Pack for CAE	c1-vocabulary-pack-cae	Work with/as/in	Work with	phrase		Unit 4 | People and relationships	11	registry:c1-vocabulary-pack-cae		Candidate-only lexical evidence; teacher review required before promotion.	lexical_candidate	candidate_only	pdf	pdf:page=11,section=word-patterns
C1 Vocabulary Pack for CAE	c1-vocabulary-pack-cae	Work with/as/in	as	phrase		Unit 4 | People and relationships	11	registry:c1-vocabulary-pack-cae		Candidate-only lexical evidence; teacher review required before promotion.	lexical_candidate	candidate_only	pdf	pdf:page=11,section=word-patterns
C1 Vocabulary Pack for CAE	c1-vocabulary-pack-cae	Work with/as/in	in	phrase		Unit 4 | People and relationships	11	registry:c1-vocabulary-pack-cae		Candidate-only lexical evidence; teacher review required before promotion.	lexical_candidate	candidate_only	pdf	pdf:page=11,section=word-patterns
C1 Vocabulary Pack for CAE	c1-vocabulary-pack-cae	Live in/near to/far from	Live in	phrase		Unit 4 | People and relationships	11	registry:c1-vocabulary-pack-cae		Candidate-only lexical evidence; teacher review required before promotion.	lexical_candidate	candidate_only	pdf	pdf:page=11,section=word-patterns
C1 Vocabulary Pack for CAE	c1-vocabulary-pack-cae	Live in/near to/far from	near to	phrase		Unit 4 | People and relationships	11	registry:c1-vocabulary-pack-cae		Candidate-only lexical evidence; teacher review required before promotion.	lexical_candidate	candidate_only	pdf	pdf:page=11,section=word-patterns
C1 Vocabulary Pack for CAE	c1-vocabulary-pack-cae	Live in/near to/far from	far from	phrase		Unit 4 | People and relationships	11	registry:c1-vocabulary-pack-cae		Candidate-only lexical evidence; teacher review required before promotion.	lexical_candidate	candidate_only	pdf	pdf:page=11,section=word-patterns
C1 Vocabulary Pack for CAE	c1-vocabulary-pack-cae	Laugh at	Laugh at	phrase		Unit 4 | People and relationships	11	registry:c1-vocabulary-pack-cae		Candidate-only lexical evidence; teacher review required before promotion.	lexical_candidate	candidate_only	pdf	pdf:page=11,section=word-patterns
C1 Vocabulary Pack for CAE	c1-vocabulary-pack-cae	Talk to sb/about sth	Talk to sb	phrase		Unit 4 | People and relationships	11	registry:c1-vocabulary-pack-cae		Candidate-only lexical evidence; teacher review required before promotion.	lexical_candidate	candidate_only	pdf	pdf:page=11,section=word-patterns
C1 Vocabulary Pack for CAE	c1-vocabulary-pack-cae	Talk to sb/about sth	about sth	phrase		Unit 4 | People and relationships	11	registry:c1-vocabulary-pack-cae		Candidate-only lexical evidence; teacher review required before promotion.	lexical_candidate	candidate_only	pdf	pdf:page=11,section=word-patterns
C1 Vocabulary Pack for CAE	c1-vocabulary-pack-cae	Be keen on	Be keen on	phrase		Unit 4 | People and relationships	11	registry:c1-vocabulary-pack-cae		Candidate-only lexical evidence; teacher review required before promotion.	lexical_candidate	candidate_only	pdf	pdf:page=11,section=word-patterns
C1 Vocabulary Pack for CAE	c1-vocabulary-pack-cae	Be fond of	Be fond of	phrase		Unit 4 | People and relationships	11	registry:c1-vocabulary-pack-cae		Candidate-only lexical evidence; teacher review required before promotion.	lexical_candidate	candidate_only	pdf	pdf:page=11,section=word-patterns
C1 Vocabulary Pack for CAE	c1-vocabulary-pack-cae	Be happy with sb/about sth	Be happy with sb	phrase		Unit 4 | People and relationships	11	registry:c1-vocabulary-pack-cae		Candidate-only lexical evidence; teacher review required before promotion.	lexical_candidate	candidate_only	pdf	pdf:page=11,section=word-patterns
C1 Vocabulary Pack for CAE	c1-vocabulary-pack-cae	Be happy with sb/about sth	Be about sth	phrase		Unit 4 | People and relationships	11	registry:c1-vocabulary-pack-cae		Candidate-only lexical evidence; teacher review required before promotion.	lexical_candidate	candidate_only	pdf	pdf:page=11,section=word-patterns
C1 Vocabulary Pack for CAE	c1-vocabulary-pack-cae	Be proud of	Be proud of	phrase		Unit 4 | People and relationships	11	registry:c1-vocabulary-pack-cae		Candidate-only lexical evidence; teacher review required before promotion.	lexical_candidate	candidate_only	pdf	pdf:page=11,section=word-patterns
C1 Vocabulary Pack for CAE	c1-vocabulary-pack-cae	Be crazy/mad about	Be crazy about	phrase		Unit 4 | People and relationships	11	registry:c1-vocabulary-pack-cae		Candidate-only lexical evidence; teacher review required before promotion.	lexical_candidate	candidate_only	pdf	pdf:page=11,section=word-patterns
C1 Vocabulary Pack for CAE	c1-vocabulary-pack-cae	Be crazy/mad about	Be mad about	phrase		Unit 4 | People and relationships	11	registry:c1-vocabulary-pack-cae		Candidate-only lexical evidence; teacher review required before promotion.	lexical_candidate	candidate_only	pdf	pdf:page=11,section=word-patterns
C1 Vocabulary Pack for CAE	c1-vocabulary-pack-cae	Be kind to	Be kind to	phrase		Unit 4 | People and relationships	11	registry:c1-vocabulary-pack-cae		Candidate-only lexical evidence; teacher review required before promotion.	lexical_candidate	candidate_only	pdf	pdf:page=11,section=word-patterns
C1 Vocabulary Pack for CAE	c1-vocabulary-pack-cae	Agree with/on	Agree with	phrase		Unit 4 | People and relationships	11	registry:c1-vocabulary-pack-cae		Candidate-only lexical evidence; teacher review required before promotion.	lexical_candidate	candidate_only	pdf	pdf:page=11,section=word-patterns
C1 Vocabulary Pack for CAE	c1-vocabulary-pack-cae	Agree with/on	on	phrase		Unit 4 | People and relationships	11	registry:c1-vocabulary-pack-cae		Candidate-only lexical evidence; teacher review required before promotion.	lexical_candidate	candidate_only	pdf	pdf:page=11,section=word-patterns
C1 Vocabulary Pack for CAE	c1-vocabulary-pack-cae	Dream about/of	Dream about	phrase		Unit 4 | People and relationships	11	registry:c1-vocabulary-pack-cae		Candidate-only lexical evidence; teacher review required before promotion.	lexical_candidate	candidate_only	pdf	pdf:page=11,section=word-patterns
C1 Vocabulary Pack for CAE	c1-vocabulary-pack-cae	Dream about/of	of	phrase		Unit 4 | People and relationships	11	registry:c1-vocabulary-pack-cae		Candidate-only lexical evidence; teacher review required before promotion.	lexical_candidate	candidate_only	pdf	pdf:page=11,section=word-patterns
C1 Vocabulary Pack for CAE	c1-vocabulary-pack-cae	be angry with sb/about sth	be angry with sb	phrase		Unit 4 | People and relationships	11	registry:c1-vocabulary-pack-cae		Candidate-only lexical evidence; teacher review required before promotion.	lexical_candidate	candidate_only	pdf	pdf:page=11,section=word-patterns
C1 Vocabulary Pack for CAE	c1-vocabulary-pack-cae	have a tolerance for	have a tolerance for	phrase		Unit 4 | People and relationships	11	registry:c1-vocabulary-pack-cae		Candidate-only lexical evidence; teacher review required before promotion.	lexical_candidate	candidate_only	pdf	pdf:page=11,section=word-patterns
C1 Vocabulary Pack for CAE	c1-vocabulary-pack-cae	Answer back	Answer back	phrasal verb		Unit 4 | People and relationships	11	registry:c1-vocabulary-pack-cae		Candidate-only lexical evidence; teacher review required before promotion.	lexical_candidate	candidate_only	pdf	pdf:page=11,section=phrasal-verbs
C1 Vocabulary Pack for CAE	c1-vocabulary-pack-cae	Ask out	Ask out	phrasal verb		Unit 4 | People and relationships	11	registry:c1-vocabulary-pack-cae		Candidate-only lexical evidence; teacher review required before promotion.	lexical_candidate	candidate_only	pdf	pdf:page=11,section=phrasal-verbs
C1 Vocabulary Pack for CAE	c1-vocabulary-pack-cae	Bottle up	Bottle up	phrasal verb		Unit 4 | People and relationships	11	registry:c1-vocabulary-pack-cae		Candidate-only lexical evidence; teacher review required before promotion.	lexical_candidate	candidate_only	pdf	pdf:page=11,section=phrasal-verbs
C1 Vocabulary Pack for CAE	c1-vocabulary-pack-cae	Break up	Break up	phrasal verb		Unit 4 | People and relationships	11	registry:c1-vocabulary-pack-cae		Candidate-only lexical evidence; teacher review required before promotion.	lexical_candidate	candidate_only	pdf	pdf:page=11,section=phrasal-verbs
C1 Vocabulary Pack for CAE	c1-vocabulary-pack-cae	Bump into	Bump into	phrasal verb		Unit 4 | People and relationships	11	registry:c1-vocabulary-pack-cae		Candidate-only lexical evidence; teacher review required before promotion.	lexical_candidate	candidate_only	pdf	pdf:page=11,section=phrasal-verbs
C1 Vocabulary Pack for CAE	c1-vocabulary-pack-cae	Calm down	Calm down	phrasal verb		Unit 4 | People and relationships	11	registry:c1-vocabulary-pack-cae		Candidate-only lexical evidence; teacher review required before promotion.	lexical_candidate	candidate_only	pdf	pdf:page=11,section=phrasal-verbs
C1 Vocabulary Pack for CAE	c1-vocabulary-pack-cae	Carry on	Carry on	phrasal verb		Unit 4 | People and relationships	11	registry:c1-vocabulary-pack-cae		Candidate-only lexical evidence; teacher review required before promotion.	lexical_candidate	candidate_only	pdf	pdf:page=11,section=phrasal-verbs
C1 Vocabulary Pack for CAE	c1-vocabulary-pack-cae	Cheer up	Cheer up	phrasal verb		Unit 4 | People and relationships	11	registry:c1-vocabulary-pack-cae		Candidate-only lexical evidence; teacher review required before promotion.	lexical_candidate	candidate_only	pdf	pdf:page=11,section=phrasal-verbs
C1 Vocabulary Pack for CAE	c1-vocabulary-pack-cae	Live (v, adj) – life, lively, lifestyle, lives	life			Unit 4 | People and relationships	11	registry:c1-vocabulary-pack-cae		Candidate-only lexical evidence; teacher review required before promotion.	lexical_candidate	candidate_only	pdf	pdf:page=11,section=word-formation
C1 Vocabulary Pack for CAE	c1-vocabulary-pack-cae	Live (v, adj) – life, lively, lifestyle, lives	lively			Unit 4 | People and relationships	11	registry:c1-vocabulary-pack-cae		Candidate-only lexical evidence; teacher review required before promotion.	lexical_candidate	candidate_only	pdf	pdf:page=11,section=word-formation
C1 Vocabulary Pack for CAE	c1-vocabulary-pack-cae	Live (v, adj) – life, lively, lifestyle, lives	lifestyle			Unit 4 | People and relationships	11	registry:c1-vocabulary-pack-cae		Candidate-only lexical evidence; teacher review required before promotion.	lexical_candidate	candidate_only	pdf	pdf:page=11,section=word-formation
C1 Vocabulary Pack for CAE	c1-vocabulary-pack-cae	Live (v, adj) – life, lively, lifestyle, lives	lives			Unit 4 | People and relationships	11	registry:c1-vocabulary-pack-cae		Candidate-only lexical evidence; teacher review required before promotion.	lexical_candidate	candidate_only	pdf	pdf:page=11,section=word-formation
C1 Vocabulary Pack for CAE	c1-vocabulary-pack-cae	Stress – stressed, stressful	Stress			Unit 4 | People and relationships	11	registry:c1-vocabulary-pack-cae		Candidate-only lexical evidence; teacher review required before promotion.	lexical_candidate	candidate_only	pdf	pdf:page=11,section=word-formation
C1 Vocabulary Pack for CAE	c1-vocabulary-pack-cae	Stress – stressed, stressful	stressed			Unit 4 | People and relationships	11	registry:c1-vocabulary-pack-cae		Candidate-only lexical evidence; teacher review required before promotion.	lexical_candidate	candidate_only	pdf	pdf:page=11,section=word-formation
C1 Vocabulary Pack for CAE	c1-vocabulary-pack-cae	Stress – stressed, stressful	stressful			Unit 4 | People and relationships	11	registry:c1-vocabulary-pack-cae		Candidate-only lexical evidence; teacher review required before promotion.	lexical_candidate	candidate_only	pdf	pdf:page=11,section=word-formation
C1 Vocabulary Pack for CAE	c1-vocabulary-pack-cae	Relax – relaxed, relaxing	relaxed			Unit 4 | People and relationships	11	registry:c1-vocabulary-pack-cae		Candidate-only lexical evidence; teacher review required before promotion.	lexical_candidate	candidate_only	pdf	pdf:page=11,section=word-formation
C1 Vocabulary Pack for CAE	c1-vocabulary-pack-cae	Relax – relaxed, relaxing	relaxing			Unit 4 | People and relationships	11	registry:c1-vocabulary-pack-cae		Candidate-only lexical evidence; teacher review required before promotion.	lexical_candidate	candidate_only	pdf	pdf:page=11,section=word-formation
C1 Vocabulary Pack for CAE	c1-vocabulary-pack-cae	Excite – excited, exciting	Excite			Unit 4 | People and relationships	11	registry:c1-vocabulary-pack-cae		Candidate-only lexical evidence; teacher review required before promotion.	lexical_candidate	candidate_only	pdf	pdf:page=11,section=word-formation
C1 Vocabulary Pack for CAE	c1-vocabulary-pack-cae	Excite – excited, exciting	excited			Unit 4 | People and relationships	11	registry:c1-vocabulary-pack-cae		Candidate-only lexical evidence; teacher review required before promotion.	lexical_candidate	candidate_only	pdf	pdf:page=11,section=word-formation
C1 Vocabulary Pack for CAE	c1-vocabulary-pack-cae	Excite – excited, exciting	exciting			Unit 4 | People and relationships	11	registry:c1-vocabulary-pack-cae		Candidate-only lexical evidence; teacher review required before promotion.	lexical_candidate	candidate_only	pdf	pdf:page=11,section=word-formation
C1 Vocabulary Pack for CAE	c1-vocabulary-pack-cae	Person – personality, personally	Person			Unit 4 | People and relationships	11	registry:c1-vocabulary-pack-cae		Candidate-only lexical evidence; teacher review required before promotion.	lexical_candidate	candidate_only	pdf	pdf:page=11,section=word-formation
C1 Vocabulary Pack for CAE	c1-vocabulary-pack-cae	Person – personality, personally	personality			Unit 4 | People and relationships	11	registry:c1-vocabulary-pack-cae		Candidate-only lexical evidence; teacher review required before promotion.	lexical_candidate	candidate_only	pdf	pdf:page=11,section=word-formation
C1 Vocabulary Pack for CAE	c1-vocabulary-pack-cae	Person – personality, personally	personally			Unit 4 | People and relationships	11	registry:c1-vocabulary-pack-cae		Candidate-only lexical evidence; teacher review required before promotion.	lexical_candidate	candidate_only	pdf	pdf:page=11,section=word-formation
C1 Vocabulary Pack for CAE	c1-vocabulary-pack-cae	Relate – relationship, related, relatives	Relate			Unit 4 | People and relationships	11	registry:c1-vocabulary-pack-cae		Candidate-only lexical evidence; teacher review required before promotion.	lexical_candidate	candidate_only	pdf	pdf:page=11,section=word-formation
C1 Vocabulary Pack for CAE	c1-vocabulary-pack-cae	Relate – relationship, related, relatives	relationship			Unit 4 | People and relationships	11	registry:c1-vocabulary-pack-cae		Candidate-only lexical evidence; teacher review required before promotion.	lexical_candidate	candidate_only	pdf	pdf:page=11,section=word-formation
C1 Vocabulary Pack for CAE	c1-vocabulary-pack-cae	Relate – relationship, related, relatives	related			Unit 4 | People and relationships	11	registry:c1-vocabulary-pack-cae		Candidate-only lexical evidence; teacher review required before promotion.	lexical_candidate	candidate_only	pdf	pdf:page=11,section=word-formation
C1 Vocabulary Pack for CAE	c1-vocabulary-pack-cae	Relate – relationship, related, relatives	relatives			Unit 4 | People and relationships	11	registry:c1-vocabulary-pack-cae		Candidate-only lexical evidence; teacher review required before promotion.	lexical_candidate	candidate_only	pdf	pdf:page=11,section=word-formation
C1 Vocabulary Pack for CAE	c1-vocabulary-pack-cae	Argue – argument, argumentative	argument			Unit 4 | People and relationships	11	registry:c1-vocabulary-pack-cae		Candidate-only lexical evidence; teacher review required before promotion.	lexical_candidate	candidate_only	pdf	pdf:page=11,section=word-formation
C1 Vocabulary Pack for CAE	c1-vocabulary-pack-cae	Argue – argument, argumentative	argumentative			Unit 4 | People and relationships	11	registry:c1-vocabulary-pack-cae		Candidate-only lexical evidence; teacher review required before promotion.	lexical_candidate	candidate_only	pdf	pdf:page=11,section=word-formation
C1 Vocabulary Pack for CAE	c1-vocabulary-pack-cae	Willing – unwilling, willingness	Willing			Unit 4 | People and relationships	11	registry:c1-vocabulary-pack-cae		Candidate-only lexical evidence; teacher review required before promotion.	lexical_candidate	candidate_only	pdf	pdf:page=11,section=word-formation
C1 Vocabulary Pack for CAE	c1-vocabulary-pack-cae	Willing – unwilling, willingness	unwilling			Unit 4 | People and relationships	11	registry:c1-vocabulary-pack-cae		Candidate-only lexical evidence; teacher review required before promotion.	lexical_candidate	candidate_only	pdf	pdf:page=11,section=word-formation
C1 Vocabulary Pack for CAE	c1-vocabulary-pack-cae	Willing – unwilling, willingness	willingness			Unit 4 | People and relationships	11	registry:c1-vocabulary-pack-cae		Candidate-only lexical evidence; teacher review required before promotion.	lexical_candidate	candidate_only	pdf	pdf:page=11,section=word-formation
C1 Vocabulary Pack for CAE	c1-vocabulary-pack-cae	Come between	Come between	phrasal verb		Unit 4 | People and relationships	12	registry:c1-vocabulary-pack-cae		Candidate-only lexical evidence; teacher review required before promotion.	lexical_candidate	candidate_only	pdf	pdf:page=12,section=phrasal-verbs
C1 Vocabulary Pack for CAE	c1-vocabulary-pack-cae	Crack up	Crack up	phrasal verb		Unit 4 | People and relationships	12	registry:c1-vocabulary-pack-cae		Candidate-only lexical evidence; teacher review required before promotion.	lexical_candidate	candidate_only	pdf	pdf:page=12,section=phrasal-verbs
C1 Vocabulary Pack for CAE	c1-vocabulary-pack-cae	Grow on	Grow on	phrasal verb		Unit 4 | People and relationships	12	registry:c1-vocabulary-pack-cae		Candidate-only lexical evidence; teacher review required before promotion.	lexical_candidate	candidate_only	pdf	pdf:page=12,section=phrasal-verbs
C1 Vocabulary Pack for CAE	c1-vocabulary-pack-cae	Grow up	Grow up	phrasal verb		Unit 4 | People and relationships	12	registry:c1-vocabulary-pack-cae		Candidate-only lexical evidence; teacher review required before promotion.	lexical_candidate	candidate_only	pdf	pdf:page=12,section=phrasal-verbs
C1 Vocabulary Pack for CAE	c1-vocabulary-pack-cae	Meet up	Meet up	phrasal verb		Unit 4 | People and relationships	12	registry:c1-vocabulary-pack-cae		Candidate-only lexical evidence; teacher review required before promotion.	lexical_candidate	candidate_only	pdf	pdf:page=12,section=phrasal-verbs
C1 Vocabulary Pack for CAE	c1-vocabulary-pack-cae	Pick on	Pick on	phrasal verb		Unit 4 | People and relationships	12	registry:c1-vocabulary-pack-cae		Candidate-only lexical evidence; teacher review required before promotion.	lexical_candidate	candidate_only	pdf	pdf:page=12,section=phrasal-verbs
C1 Vocabulary Pack for CAE	c1-vocabulary-pack-cae	Split up	Split up	phrasal verb		Unit 4 | People and relationships	12	registry:c1-vocabulary-pack-cae		Candidate-only lexical evidence; teacher review required before promotion.	lexical_candidate	candidate_only	pdf	pdf:page=12,section=phrasal-verbs
C1 Vocabulary Pack for CAE	c1-vocabulary-pack-cae	Take after	Take after	phrasal verb		Unit 4 | People and relationships	12	registry:c1-vocabulary-pack-cae		Candidate-only lexical evidence; teacher review required before promotion.	lexical_candidate	candidate_only	pdf	pdf:page=12,section=phrasal-verbs
C1 Vocabulary Pack for CAE	c1-vocabulary-pack-cae	Care – careless, careful, caring	Care			Unit 4 | People and relationships	12	registry:c1-vocabulary-pack-cae		Candidate-only lexical evidence; teacher review required before promotion.	lexical_candidate	candidate_only	pdf	pdf:page=12,section=word-formation
C1 Vocabulary Pack for CAE	c1-vocabulary-pack-cae	Care – careless, careful, caring	careless			Unit 4 | People and relationships	12	registry:c1-vocabulary-pack-cae		Candidate-only lexical evidence; teacher review required before promotion.	lexical_candidate	candidate_only	pdf	pdf:page=12,section=word-formation
C1 Vocabulary Pack for CAE	c1-vocabulary-pack-cae	Care – careless, careful, caring	careful			Unit 4 | People and relationships	12	registry:c1-vocabulary-pack-cae		Candidate-only lexical evidence; teacher review required before promotion.	lexical_candidate	candidate_only	pdf	pdf:page=12,section=word-formation
C1 Vocabulary Pack for CAE	c1-vocabulary-pack-cae	Care – careless, careful, caring	caring			Unit 4 | People and relationships	12	registry:c1-vocabulary-pack-cae		Candidate-only lexical evidence; teacher review required before promotion.	lexical_candidate	candidate_only	pdf	pdf:page=12,section=word-formation
C1 Vocabulary Pack for CAE	c1-vocabulary-pack-cae	Inhabit – inhabitants	inhabitants			Unit 4 | People and relationships	12	registry:c1-vocabulary-pack-cae		Candidate-only lexical evidence; teacher review required before promotion.	lexical_candidate	candidate_only	pdf	pdf:page=12,section=word-formation
C1 Vocabulary Pack for CAE	c1-vocabulary-pack-cae	Reside – residential, resident, residence	residential			Unit 4 | People and relationships	12	registry:c1-vocabulary-pack-cae		Candidate-only lexical evidence; teacher review required before promotion.	lexical_candidate	candidate_only	pdf	pdf:page=12,section=word-formation
C1 Vocabulary Pack for CAE	c1-vocabulary-pack-cae	Reside – residential, resident, residence	resident			Unit 4 | People and relationships	12	registry:c1-vocabulary-pack-cae		Candidate-only lexical evidence; teacher review required before promotion.	lexical_candidate	candidate_only	pdf	pdf:page=12,section=word-formation
C1 Vocabulary Pack for CAE	c1-vocabulary-pack-cae	Reside – residential, resident, residence	residence			Unit 4 | People and relationships	12	registry:c1-vocabulary-pack-cae		Candidate-only lexical evidence; teacher review required before promotion.	lexical_candidate	candidate_only	pdf	pdf:page=12,section=word-formation
C1 Vocabulary Pack for CAE	c1-vocabulary-pack-cae	Happy – unhappy, happiness, happily	Happy			Unit 4 | People and relationships	12	registry:c1-vocabulary-pack-cae		Candidate-only lexical evidence; teacher review required before promotion.	lexical_candidate	candidate_only	pdf	pdf:page=12,section=word-formation
C1 Vocabulary Pack for CAE	c1-vocabulary-pack-cae	Happy – unhappy, happiness, happily	unhappy			Unit 4 | People and relationships	12	registry:c1-vocabulary-pack-cae		Candidate-only lexical evidence; teacher review required before promotion.	lexical_candidate	candidate_only	pdf	pdf:page=12,section=word-formation
C1 Vocabulary Pack for CAE	c1-vocabulary-pack-cae	Happy – unhappy, happiness, happily	happiness			Unit 4 | People and relationships	12	registry:c1-vocabulary-pack-cae		Candidate-only lexical evidence; teacher review required before promotion.	lexical_candidate	candidate_only	pdf	pdf:page=12,section=word-formation
C1 Vocabulary Pack for CAE	c1-vocabulary-pack-cae	Happy – unhappy, happiness, happily	happily			Unit 4 | People and relationships	12	registry:c1-vocabulary-pack-cae		Candidate-only lexical evidence; teacher review required before promotion.	lexical_candidate	candidate_only	pdf	pdf:page=12,section=word-formation
C1 Vocabulary Pack for CAE	c1-vocabulary-pack-cae	Friend – friendship. Friendly	friendship. Friendly			Unit 4 | People and relationships	12	registry:c1-vocabulary-pack-cae		Candidate-only lexical evidence; teacher review required before promotion.	lexical_candidate	candidate_only	pdf	pdf:page=12,section=word-formation
C1 Vocabulary Pack for CAE	c1-vocabulary-pack-cae	Mood – moody	moody			Unit 4 | People and relationships	12	registry:c1-vocabulary-pack-cae		Candidate-only lexical evidence; teacher review required before promotion.	lexical_candidate	candidate_only	pdf	pdf:page=12,section=word-formation
C1 Vocabulary Pack for CAE	c1-vocabulary-pack-cae	Sensitive – sensitively, sensitivity	sensitively			Unit 4 | People and relationships	12	registry:c1-vocabulary-pack-cae		Candidate-only lexical evidence; teacher review required before promotion.	lexical_candidate	candidate_only	pdf	pdf:page=12,section=word-formation
C1 Vocabulary Pack for CAE	c1-vocabulary-pack-cae	Sensitive – sensitively, sensitivity	sensitivity			Unit 4 | People and relationships	12	registry:c1-vocabulary-pack-cae		Candidate-only lexical evidence; teacher review required before promotion.	lexical_candidate	candidate_only	pdf	pdf:page=12,section=word-formation
C1 Vocabulary Pack for CAE	c1-vocabulary-pack-cae	Mate – flatmate, workmate, teammate	flatmate			Unit 4 | People and relationships	12	registry:c1-vocabulary-pack-cae		Candidate-only lexical evidence; teacher review required before promotion.	lexical_candidate	candidate_only	pdf	pdf:page=12,section=word-formation
C1 Vocabulary Pack for CAE	c1-vocabulary-pack-cae	Mate – flatmate, workmate, teammate	workmate			Unit 4 | People and relationships	12	registry:c1-vocabulary-pack-cae		Candidate-only lexical evidence; teacher review required before promotion.	lexical_candidate	candidate_only	pdf	pdf:page=12,section=word-formation
C1 Vocabulary Pack for CAE	c1-vocabulary-pack-cae	Mate – flatmate, workmate, teammate	teammate			Unit 4 | People and relationships	12	registry:c1-vocabulary-pack-cae		Candidate-only lexical evidence; teacher review required before promotion.	lexical_candidate	candidate_only	pdf	pdf:page=12,section=word-formation
C1 Vocabulary Pack for CAE	c1-vocabulary-pack-cae	Proud – pride	Proud			Unit 4 | People and relationships	12	registry:c1-vocabulary-pack-cae		Candidate-only lexical evidence; teacher review required before promotion.	lexical_candidate	candidate_only	pdf	pdf:page=12,section=word-formation
C1 Vocabulary Pack for CAE	c1-vocabulary-pack-cae	Proud – pride	pride			Unit 4 | People and relationships	12	registry:c1-vocabulary-pack-cae		Candidate-only lexical evidence; teacher review required before promotion.	lexical_candidate	candidate_only	pdf	pdf:page=12,section=word-formation
C1 Vocabulary Pack for CAE	c1-vocabulary-pack-cae	Polite – impolite, politeness	Polite			Unit 4 | People and relationships	12	registry:c1-vocabulary-pack-cae		Candidate-only lexical evidence; teacher review required before promotion.	lexical_candidate	candidate_only	pdf	pdf:page=12,section=word-formation
C1 Vocabulary Pack for CAE	c1-vocabulary-pack-cae	Polite – impolite, politeness	impolite			Unit 4 | People and relationships	12	registry:c1-vocabulary-pack-cae		Candidate-only lexical evidence; teacher review required before promotion.	lexical_candidate	candidate_only	pdf	pdf:page=12,section=word-formation
C1 Vocabulary Pack for CAE	c1-vocabulary-pack-cae	Polite – impolite, politeness	politeness			Unit 4 | People and relationships	12	registry:c1-vocabulary-pack-cae		Candidate-only lexical evidence; teacher review required before promotion.	lexical_candidate	candidate_only	pdf	pdf:page=12,section=word-formation
C1 Vocabulary Pack for CAE	c1-vocabulary-pack-cae	Crazy – craziness	Crazy			Unit 4 | People and relationships	12	registry:c1-vocabulary-pack-cae		Candidate-only lexical evidence; teacher review required before promotion.	lexical_candidate	candidate_only	pdf	pdf:page=12,section=word-formation
C1 Vocabulary Pack for CAE	c1-vocabulary-pack-cae	Crazy – craziness	craziness			Unit 4 | People and relationships	12	registry:c1-vocabulary-pack-cae		Candidate-only lexical evidence; teacher review required before promotion.	lexical_candidate	candidate_only	pdf	pdf:page=12,section=word-formation
C1 Vocabulary Pack for CAE	c1-vocabulary-pack-cae	Marry – married, marriage	Marry			Unit 4 | People and relationships	12	registry:c1-vocabulary-pack-cae		Candidate-only lexical evidence; teacher review required before promotion.	lexical_candidate	candidate_only	pdf	pdf:page=12,section=word-formation
C1 Vocabulary Pack for CAE	c1-vocabulary-pack-cae	Marry – married, marriage	married			Unit 4 | People and relationships	12	registry:c1-vocabulary-pack-cae		Candidate-only lexical evidence; teacher review required before promotion.	lexical_candidate	candidate_only	pdf	pdf:page=12,section=word-formation
C1 Vocabulary Pack for CAE	c1-vocabulary-pack-cae	Marry – married, marriage	marriage			Unit 4 | People and relationships	12	registry:c1-vocabulary-pack-cae		Candidate-only lexical evidence; teacher review required before promotion.	lexical_candidate	candidate_only	pdf	pdf:page=12,section=word-formation
C1 Vocabulary Pack for CAE	c1-vocabulary-pack-cae	Eager - eagerness	Eager			Unit 4 | People and relationships	12	registry:c1-vocabulary-pack-cae		Candidate-only lexical evidence; teacher review required before promotion.	lexical_candidate	candidate_only	pdf	pdf:page=12,section=word-formation
C1 Vocabulary Pack for CAE	c1-vocabulary-pack-cae	Eager - eagerness	eagerness			Unit 4 | People and relationships	12	registry:c1-vocabulary-pack-cae		Candidate-only lexical evidence; teacher review required before promotion.	lexical_candidate	candidate_only	pdf	pdf:page=12,section=word-formation
C1 Vocabulary Pack for CAE	c1-vocabulary-pack-cae	Tolerate - tolerance	Tolerate			Unit 4 | People and relationships	12	registry:c1-vocabulary-pack-cae		Candidate-only lexical evidence; teacher review required before promotion.	lexical_candidate	candidate_only	pdf	pdf:page=12,section=word-formation
C1 Vocabulary Pack for CAE	c1-vocabulary-pack-cae	Tolerate - tolerance	tolerance			Unit 4 | People and relationships	12	registry:c1-vocabulary-pack-cae		Candidate-only lexical evidence; teacher review required before promotion.	lexical_candidate	candidate_only	pdf	pdf:page=12,section=word-formation
C1 Vocabulary Pack for CAE	c1-vocabulary-pack-cae	At its height	At its height	phrase		Unit 4 | People and relationships	12	registry:c1-vocabulary-pack-cae		Candidate-only lexical evidence; teacher review required before promotion.	lexical_candidate	candidate_only	pdf	pdf:page=12,section=fixed-phrases
C1 Vocabulary Pack for CAE	c1-vocabulary-pack-cae	At that time	At that time	phrase		Unit 4 | People and relationships	12	registry:c1-vocabulary-pack-cae		Candidate-only lexical evidence; teacher review required before promotion.	lexical_candidate	candidate_only	pdf	pdf:page=12,section=fixed-phrases
C1 Vocabulary Pack for CAE	c1-vocabulary-pack-cae	Ever since	Ever since	phrase		Unit 4 | People and relationships	12	registry:c1-vocabulary-pack-cae		Candidate-only lexical evidence; teacher review required before promotion.	lexical_candidate	candidate_only	pdf	pdf:page=12,section=fixed-phrases
C1 Vocabulary Pack for CAE	c1-vocabulary-pack-cae	For a long time to come	For a long time to come	phrase		Unit 4 | People and relationships	12	registry:c1-vocabulary-pack-cae		Candidate-only lexical evidence; teacher review required before promotion.	lexical_candidate	candidate_only	pdf	pdf:page=12,section=fixed-phrases
C1 Vocabulary Pack for CAE	c1-vocabulary-pack-cae	On the outskirts	On the outskirts	phrase		Unit 4 | People and relationships	12	registry:c1-vocabulary-pack-cae		Candidate-only lexical evidence; teacher review required before promotion.	lexical_candidate	candidate_only	pdf	pdf:page=12,section=fixed-phrases
C1 Vocabulary Pack for CAE	c1-vocabulary-pack-cae	Be on good terms with	Be on good terms with	phrase		Unit 4 | People and relationships	12	registry:c1-vocabulary-pack-cae		Candidate-only lexical evidence; teacher review required before promotion.	lexical_candidate	candidate_only	pdf	pdf:page=12,section=fixed-phrases
C1 Vocabulary Pack for CAE	c1-vocabulary-pack-cae	Bear in mind	Bear in mind	phrase		Unit 4 | People and relationships	12	registry:c1-vocabulary-pack-cae		Candidate-only lexical evidence; teacher review required before promotion.	lexical_candidate	candidate_only	pdf	pdf:page=12,section=fixed-phrases
C1 Vocabulary Pack for CAE	c1-vocabulary-pack-cae	Brace yourself	Brace yourself	phrase		Unit 4 | People and relationships	12	registry:c1-vocabulary-pack-cae		Candidate-only lexical evidence; teacher review required before promotion.	lexical_candidate	candidate_only	pdf	pdf:page=12,section=fixed-phrases
C1 Vocabulary Pack for CAE	c1-vocabulary-pack-cae	For some... for others	For some... for others	phrase		Unit 4 | People and relationships	12	registry:c1-vocabulary-pack-cae		Candidate-only lexical evidence; teacher review required before promotion.	lexical_candidate	candidate_only	pdf	pdf:page=12,section=fixed-phrases
C1 Vocabulary Pack for CAE	c1-vocabulary-pack-cae	Pull yourself together	Pull yourself together	phrase		Unit 4 | People and relationships	12	registry:c1-vocabulary-pack-cae		Candidate-only lexical evidence; teacher review required before promotion.	lexical_candidate	candidate_only	pdf	pdf:page=12,section=fixed-phrases
C1 Vocabulary Pack for CAE	c1-vocabulary-pack-cae	Be over the moon	Be over the moon	idiom		Unit 4 | People and relationships	12	registry:c1-vocabulary-pack-cae		Candidate-only lexical evidence; teacher review required before promotion.	lexical_candidate	candidate_only	pdf	pdf:page=12,section=idioms
C1 Vocabulary Pack for CAE	c1-vocabulary-pack-cae	Be on cloud noun	Be on cloud noun	idiom		Unit 4 | People and relationships	12	registry:c1-vocabulary-pack-cae		Candidate-only lexical evidence; teacher review required before promotion.	lexical_candidate	candidate_only	pdf	pdf:page=12,section=idioms
C1 Vocabulary Pack for CAE	c1-vocabulary-pack-cae	See eye to eye	See eye to eye	idiom		Unit 4 | People and relationships	12	registry:c1-vocabulary-pack-cae		Candidate-only lexical evidence; teacher review required before promotion.	lexical_candidate	candidate_only	pdf	pdf:page=12,section=idioms
C1 Vocabulary Pack for CAE	c1-vocabulary-pack-cae	Be in the clouds	Be in the clouds	idiom		Unit 4 | People and relationships	12	registry:c1-vocabulary-pack-cae		Candidate-only lexical evidence; teacher review required before promotion.	lexical_candidate	candidate_only	pdf	pdf:page=12,section=idioms
C1 Vocabulary Pack for CAE	c1-vocabulary-pack-cae	Jump for joy	Jump for joy	idiom		Unit 4 | People and relationships	12	registry:c1-vocabulary-pack-cae		Candidate-only lexical evidence; teacher review required before promotion.	lexical_candidate	candidate_only	pdf	pdf:page=12,section=idioms
C1 Vocabulary Pack for CAE	c1-vocabulary-pack-cae	Get on like a house on fire	Get on like a house on fire	idiom		Unit 4 | People and relationships	12	registry:c1-vocabulary-pack-cae		Candidate-only lexical evidence; teacher review required before promotion.	lexical_candidate	candidate_only	pdf	pdf:page=12,section=idioms
C1 Vocabulary Pack for CAE	c1-vocabulary-pack-cae	Be an item	Be an item	idiom		Unit 4 | People and relationships	12	registry:c1-vocabulary-pack-cae		Candidate-only lexical evidence; teacher review required before promotion.	lexical_candidate	candidate_only	pdf	pdf:page=12,section=idioms
C1 Vocabulary Pack for CAE	c1-vocabulary-pack-cae	Tie the knot	Tie the knot	idiom		Unit 4 | People and relationships	12	registry:c1-vocabulary-pack-cae		Candidate-only lexical evidence; teacher review required before promotion.	lexical_candidate	candidate_only	pdf	pdf:page=12,section=idioms
C1 Vocabulary Pack for CAE	c1-vocabulary-pack-cae	Be like two peas in a pod	Be like two peas in a pod	idiom		Unit 4 | People and relationships	12	registry:c1-vocabulary-pack-cae		Candidate-only lexical evidence; teacher review required before promotion.	lexical_candidate	candidate_only	pdf	pdf:page=12,section=idioms
C1 Vocabulary Pack for CAE	c1-vocabulary-pack-cae	Have butterflies in your stomach	Have butterflies in your stomach	idiom		Unit 4 | People and relationships	12	registry:c1-vocabulary-pack-cae		Candidate-only lexical evidence; teacher review required before promotion.	lexical_candidate	candidate_only	pdf	pdf:page=12,section=idioms
C1 Vocabulary Pack for CAE	c1-vocabulary-pack-cae	Be on the same wave length	Be on the same wave length	idiom		Unit 4 | People and relationships	12	registry:c1-vocabulary-pack-cae		Candidate-only lexical evidence; teacher review required before promotion.	lexical_candidate	candidate_only	pdf	pdf:page=12,section=idioms
C1 Vocabulary Pack for CAE	c1-vocabulary-pack-cae	Be your flesh and blood	Be your flesh and blood	idiom		Unit 4 | People and relationships	12	registry:c1-vocabulary-pack-cae		Candidate-only lexical evidence; teacher review required before promotion.	lexical_candidate	candidate_only	pdf	pdf:page=12,section=idioms
C1 Vocabulary Pack for CAE	c1-vocabulary-pack-cae	Be on good terms	Be on good terms	idiom		Unit 4 | People and relationships	12	registry:c1-vocabulary-pack-cae		Candidate-only lexical evidence; teacher review required before promotion.	lexical_candidate	candidate_only	pdf	pdf:page=12,section=idioms
C1 Vocabulary Pack for CAE	c1-vocabulary-pack-cae	Spend/take/pass (time)	Spend (time)			Unit 5 | Our time and how we use it	13	registry:c1-vocabulary-pack-cae		Candidate-only lexical evidence; teacher review required before promotion.	lexical_candidate	candidate_only	pdf	pdf:page=13,section=unit-vocabulary
C1 Vocabulary Pack for CAE	c1-vocabulary-pack-cae	Spend/take/pass (time)	take (time)			Unit 5 | Our time and how we use it	13	registry:c1-vocabulary-pack-cae		Candidate-only lexical evidence; teacher review required before promotion.	lexical_candidate	candidate_only	pdf	pdf:page=13,section=unit-vocabulary
C1 Vocabulary Pack for CAE	c1-vocabulary-pack-cae	Spend/take/pass (time)	pass (time)			Unit 5 | Our time and how we use it	13	registry:c1-vocabulary-pack-cae		Candidate-only lexical evidence; teacher review required before promotion.	lexical_candidate	candidate_only	pdf	pdf:page=13,section=unit-vocabulary
C1 Vocabulary Pack for CAE	c1-vocabulary-pack-cae	Waste (time)	Waste (time)			Unit 5 | Our time and how we use it	13	registry:c1-vocabulary-pack-cae		Candidate-only lexical evidence; teacher review required before promotion.	lexical_candidate	candidate_only	pdf	pdf:page=13,section=unit-vocabulary
C1 Vocabulary Pack for CAE	c1-vocabulary-pack-cae	Kill (time)	Kill (time)			Unit 5 | Our time and how we use it	13	registry:c1-vocabulary-pack-cae		Candidate-only lexical evidence; teacher review required before promotion.	lexical_candidate	candidate_only	pdf	pdf:page=13,section=unit-vocabulary
C1 Vocabulary Pack for CAE	c1-vocabulary-pack-cae	Use (time)	Use (time)			Unit 5 | Our time and how we use it	13	registry:c1-vocabulary-pack-cae		Candidate-only lexical evidence; teacher review required before promotion.	lexical_candidate	candidate_only	pdf	pdf:page=13,section=unit-vocabulary
C1 Vocabulary Pack for CAE	c1-vocabulary-pack-cae	Schedule (v, n)	Schedule			Unit 5 | Our time and how we use it	13	registry:c1-vocabulary-pack-cae		Candidate-only lexical evidence; teacher review required before promotion.	lexical_candidate	candidate_only	pdf	pdf:page=13,section=unit-vocabulary
C1 Vocabulary Pack for CAE	c1-vocabulary-pack-cae	Shift/turn (n, v)	Shift			Unit 5 | Our time and how we use it	13	registry:c1-vocabulary-pack-cae		Candidate-only lexical evidence; teacher review required before promotion.	lexical_candidate	candidate_only	pdf	pdf:page=13,section=unit-vocabulary
C1 Vocabulary Pack for CAE	c1-vocabulary-pack-cae	Shift/turn (n, v)	turn			Unit 5 | Our time and how we use it	13	registry:c1-vocabulary-pack-cae		Candidate-only lexical evidence; teacher review required before promotion.	lexical_candidate	candidate_only	pdf	pdf:page=13,section=unit-vocabulary
C1 Vocabulary Pack for CAE	c1-vocabulary-pack-cae	Fortnight	Fortnight			Unit 5 | Our time and how we use it	13	registry:c1-vocabulary-pack-cae		Candidate-only lexical evidence; teacher review required before promotion.	lexical_candidate	candidate_only	pdf	pdf:page=13,section=unit-vocabulary
C1 Vocabulary Pack for CAE	c1-vocabulary-pack-cae	Sunrise	Sunrise			Unit 5 | Our time and how we use it	13	registry:c1-vocabulary-pack-cae		Candidate-only lexical evidence; teacher review required before promotion.	lexical_candidate	candidate_only	pdf	pdf:page=13,section=unit-vocabulary
C1 Vocabulary Pack for CAE	c1-vocabulary-pack-cae	Sunset	Sunset			Unit 5 | Our time and how we use it	13	registry:c1-vocabulary-pack-cae		Candidate-only lexical evidence; teacher review required before promotion.	lexical_candidate	candidate_only	pdf	pdf:page=13,section=unit-vocabulary
C1 Vocabulary Pack for CAE	c1-vocabulary-pack-cae	Noon	Noon			Unit 5 | Our time and how we use it	13	registry:c1-vocabulary-pack-cae		Candidate-only lexical evidence; teacher review required before promotion.	lexical_candidate	candidate_only	pdf	pdf:page=13,section=unit-vocabulary
C1 Vocabulary Pack for CAE	c1-vocabulary-pack-cae	Midnight	Midnight			Unit 5 | Our time and how we use it	13	registry:c1-vocabulary-pack-cae		Candidate-only lexical evidence; teacher review required before promotion.	lexical_candidate	candidate_only	pdf	pdf:page=13,section=unit-vocabulary
C1 Vocabulary Pack for CAE	c1-vocabulary-pack-cae	Punctual (adj)	Punctual			Unit 5 | Our time and how we use it	13	registry:c1-vocabulary-pack-cae		Candidate-only lexical evidence; teacher review required before promotion.	lexical_candidate	candidate_only	pdf	pdf:page=13,section=unit-vocabulary
C1 Vocabulary Pack for CAE	c1-vocabulary-pack-cae	Premature (adj)	Premature			Unit 5 | Our time and how we use it	13	registry:c1-vocabulary-pack-cae		Candidate-only lexical evidence; teacher review required before promotion.	lexical_candidate	candidate_only	pdf	pdf:page=13,section=unit-vocabulary
C1 Vocabulary Pack for CAE	c1-vocabulary-pack-cae	Hate/loathe/detest/despise	Hate			Unit 5 | Our time and how we use it	13	registry:c1-vocabulary-pack-cae		Candidate-only lexical evidence; teacher review required before promotion.	lexical_candidate	candidate_only	pdf	pdf:page=13,section=unit-vocabulary
C1 Vocabulary Pack for CAE	c1-vocabulary-pack-cae	Hate/loathe/detest/despise	loathe			Unit 5 | Our time and how we use it	13	registry:c1-vocabulary-pack-cae		Candidate-only lexical evidence; teacher review required before promotion.	lexical_candidate	candidate_only	pdf	pdf:page=13,section=unit-vocabulary
C1 Vocabulary Pack for CAE	c1-vocabulary-pack-cae	Hate/loathe/detest/despise	detest			Unit 5 | Our time and how we use it	13	registry:c1-vocabulary-pack-cae		Candidate-only lexical evidence; teacher review required before promotion.	lexical_candidate	candidate_only	pdf	pdf:page=13,section=unit-vocabulary
C1 Vocabulary Pack for CAE	c1-vocabulary-pack-cae	Hate/loathe/detest/despise	despise			Unit 5 | Our time and how we use it	13	registry:c1-vocabulary-pack-cae		Candidate-only lexical evidence; teacher review required before promotion.	lexical_candidate	candidate_only	pdf	pdf:page=13,section=unit-vocabulary
C1 Vocabulary Pack for CAE	c1-vocabulary-pack-cae	Win/lose/draw	Win			Unit 5 | Our time and how we use it	13	registry:c1-vocabulary-pack-cae		Candidate-only lexical evidence; teacher review required before promotion.	lexical_candidate	candidate_only	pdf	pdf:page=13,section=unit-vocabulary
C1 Vocabulary Pack for CAE	c1-vocabulary-pack-cae	Win/lose/draw	lose			Unit 5 | Our time and how we use it	13	registry:c1-vocabulary-pack-cae		Candidate-only lexical evidence; teacher review required before promotion.	lexical_candidate	candidate_only	pdf	pdf:page=13,section=unit-vocabulary
C1 Vocabulary Pack for CAE	c1-vocabulary-pack-cae	Win/lose/draw	draw			Unit 5 | Our time and how we use it	13	registry:c1-vocabulary-pack-cae		Candidate-only lexical evidence; teacher review required before promotion.	lexical_candidate	candidate_only	pdf	pdf:page=13,section=unit-vocabulary
C1 Vocabulary Pack for CAE	c1-vocabulary-pack-cae	Beat	Beat			Unit 5 | Our time and how we use it	13	registry:c1-vocabulary-pack-cae		Candidate-only lexical evidence; teacher review required before promotion.	lexical_candidate	candidate_only	pdf	pdf:page=13,section=unit-vocabulary
C1 Vocabulary Pack for CAE	c1-vocabulary-pack-cae	Score	Score			Unit 5 | Our time and how we use it	13	registry:c1-vocabulary-pack-cae		Candidate-only lexical evidence; teacher review required before promotion.	lexical_candidate	candidate_only	pdf	pdf:page=13,section=unit-vocabulary
C1 Vocabulary Pack for CAE	c1-vocabulary-pack-cae	Like/love/enjoy	Like			Unit 5 | Our time and how we use it	13	registry:c1-vocabulary-pack-cae		Candidate-only lexical evidence; teacher review required before promotion.	lexical_candidate	candidate_only	pdf	pdf:page=13,section=unit-vocabulary
C1 Vocabulary Pack for CAE	c1-vocabulary-pack-cae	Like/love/enjoy	love			Unit 5 | Our time and how we use it	13	registry:c1-vocabulary-pack-cae		Candidate-only lexical evidence; teacher review required before promotion.	lexical_candidate	candidate_only	pdf	pdf:page=13,section=unit-vocabulary
C1 Vocabulary Pack for CAE	c1-vocabulary-pack-cae	Do/play (sport)	Do (sport)			Unit 5 | Our time and how we use it	13	registry:c1-vocabulary-pack-cae		Candidate-only lexical evidence; teacher review required before promotion.	lexical_candidate	candidate_only	pdf	pdf:page=13,section=unit-vocabulary
C1 Vocabulary Pack for CAE	c1-vocabulary-pack-cae	Do/play (sport)	play (sport)			Unit 5 | Our time and how we use it	13	registry:c1-vocabulary-pack-cae		Candidate-only lexical evidence; teacher review required before promotion.	lexical_candidate	candidate_only	pdf	pdf:page=13,section=unit-vocabulary
C1 Vocabulary Pack for CAE	c1-vocabulary-pack-cae	Arrange/plan	Arrange			Unit 5 | Our time and how we use it	13	registry:c1-vocabulary-pack-cae		Candidate-only lexical evidence; teacher review required before promotion.	lexical_candidate	candidate_only	pdf	pdf:page=13,section=unit-vocabulary
C1 Vocabulary Pack for CAE	c1-vocabulary-pack-cae	Arrange/plan	plan			Unit 5 | Our time and how we use it	13	registry:c1-vocabulary-pack-cae		Candidate-only lexical evidence; teacher review required before promotion.	lexical_candidate	candidate_only	pdf	pdf:page=13,section=unit-vocabulary
C1 Vocabulary Pack for CAE	c1-vocabulary-pack-cae	Arrive at/get to/reach	Arrive at			Unit 5 | Our time and how we use it	13	registry:c1-vocabulary-pack-cae		Candidate-only lexical evidence; teacher review required before promotion.	lexical_candidate	candidate_only	pdf	pdf:page=13,section=unit-vocabulary
C1 Vocabulary Pack for CAE	c1-vocabulary-pack-cae	Arrive at/get to/reach	reach			Unit 5 | Our time and how we use it	13	registry:c1-vocabulary-pack-cae		Candidate-only lexical evidence; teacher review required before promotion.	lexical_candidate	candidate_only	pdf	pdf:page=13,section=unit-vocabulary
C1 Vocabulary Pack for CAE	c1-vocabulary-pack-cae	Stay	Stay			Unit 5 | Our time and how we use it	13	registry:c1-vocabulary-pack-cae		Candidate-only lexical evidence; teacher review required before promotion.	lexical_candidate	candidate_only	pdf	pdf:page=13,section=unit-vocabulary
C1 Vocabulary Pack for CAE	c1-vocabulary-pack-cae	Start/begin	begin			Unit 5 | Our time and how we use it	13	registry:c1-vocabulary-pack-cae		Candidate-only lexical evidence; teacher review required before promotion.	lexical_candidate	candidate_only	pdf	pdf:page=13,section=unit-vocabulary
C1 Vocabulary Pack for CAE	c1-vocabulary-pack-cae	Garden (v, n)	Garden			Unit 5 | Our time and how we use it	13	registry:c1-vocabulary-pack-cae		Candidate-only lexical evidence; teacher review required before promotion.	lexical_candidate	candidate_only	pdf	pdf:page=13,section=unit-vocabulary
C1 Vocabulary Pack for CAE	c1-vocabulary-pack-cae	Do DIY	Do DIY			Unit 5 | Our time and how we use it	13	registry:c1-vocabulary-pack-cae		Candidate-only lexical evidence; teacher review required before promotion.	lexical_candidate	candidate_only	pdf	pdf:page=13,section=unit-vocabulary
C1 Vocabulary Pack for CAE	c1-vocabulary-pack-cae	Pub/bar/club/concert/festival	Pub			Unit 5 | Our time and how we use it	13	registry:c1-vocabulary-pack-cae		Candidate-only lexical evidence; teacher review required before promotion.	lexical_candidate	candidate_only	pdf	pdf:page=13,section=unit-vocabulary
C1 Vocabulary Pack for CAE	c1-vocabulary-pack-cae	Pub/bar/club/concert/festival	bar			Unit 5 | Our time and how we use it	13	registry:c1-vocabulary-pack-cae		Candidate-only lexical evidence; teacher review required before promotion.	lexical_candidate	candidate_only	pdf	pdf:page=13,section=unit-vocabulary
C1 Vocabulary Pack for CAE	c1-vocabulary-pack-cae	Pub/bar/club/concert/festival	club			Unit 5 | Our time and how we use it	13	registry:c1-vocabulary-pack-cae		Candidate-only lexical evidence; teacher review required before promotion.	lexical_candidate	candidate_only	pdf	pdf:page=13,section=unit-vocabulary
C1 Vocabulary Pack for CAE	c1-vocabulary-pack-cae	Pub/bar/club/concert/festival	concert			Unit 5 | Our time and how we use it	13	registry:c1-vocabulary-pack-cae		Candidate-only lexical evidence; teacher review required before promotion.	lexical_candidate	candidate_only	pdf	pdf:page=13,section=unit-vocabulary
C1 Vocabulary Pack for CAE	c1-vocabulary-pack-cae	Pub/bar/club/concert/festival	festival			Unit 5 | Our time and how we use it	13	registry:c1-vocabulary-pack-cae		Candidate-only lexical evidence; teacher review required before promotion.	lexical_candidate	candidate_only	pdf	pdf:page=13,section=unit-vocabulary
C1 Vocabulary Pack for CAE	c1-vocabulary-pack-cae	Be keen on, Be fond of, Be a fan of, Be big on	Be a fan of	phrase		Unit 5 | Our time and how we use it	13	registry:c1-vocabulary-pack-cae		Candidate-only lexical evidence; teacher review required before promotion.	lexical_candidate	candidate_only	pdf	pdf:page=13,section=word-patterns
C1 Vocabulary Pack for CAE	c1-vocabulary-pack-cae	Be keen on, Be fond of, Be a fan of, Be big on	Be big on	phrase		Unit 5 | Our time and how we use it	13	registry:c1-vocabulary-pack-cae		Candidate-only lexical evidence; teacher review required before promotion.	lexical_candidate	candidate_only	pdf	pdf:page=13,section=word-patterns
C1 Vocabulary Pack for CAE	c1-vocabulary-pack-cae	Be good/bad at	Be good at	phrase		Unit 5 | Our time and how we use it	13	registry:c1-vocabulary-pack-cae		Candidate-only lexical evidence; teacher review required before promotion.	lexical_candidate	candidate_only	pdf	pdf:page=13,section=word-patterns
C1 Vocabulary Pack for CAE	c1-vocabulary-pack-cae	Be good/bad at	Be bad at	phrase		Unit 5 | Our time and how we use it	13	registry:c1-vocabulary-pack-cae		Candidate-only lexical evidence; teacher review required before promotion.	lexical_candidate	candidate_only	pdf	pdf:page=13,section=word-patterns
C1 Vocabulary Pack for CAE	c1-vocabulary-pack-cae	Be interested in	Be interested in	phrase		Unit 5 | Our time and how we use it	13	registry:c1-vocabulary-pack-cae		Candidate-only lexical evidence; teacher review required before promotion.	lexical_candidate	candidate_only	pdf	pdf:page=13,section=word-patterns
C1 Vocabulary Pack for CAE	c1-vocabulary-pack-cae	Compete against	Compete against	phrase		Unit 5 | Our time and how we use it	13	registry:c1-vocabulary-pack-cae		Candidate-only lexical evidence; teacher review required before promotion.	lexical_candidate	candidate_only	pdf	pdf:page=13,section=word-patterns
C1 Vocabulary Pack for CAE	c1-vocabulary-pack-cae	Involve in	Involve in	phrase		Unit 5 | Our time and how we use it	13	registry:c1-vocabulary-pack-cae		Candidate-only lexical evidence; teacher review required before promotion.	lexical_candidate	candidate_only	pdf	pdf:page=13,section=word-patterns
C1 Vocabulary Pack for CAE	c1-vocabulary-pack-cae	Listen to	Listen to	phrase		Unit 5 | Our time and how we use it	13	registry:c1-vocabulary-pack-cae		Candidate-only lexical evidence; teacher review required before promotion.	lexical_candidate	candidate_only	pdf	pdf:page=13,section=word-patterns
C1 Vocabulary Pack for CAE	c1-vocabulary-pack-cae	Participate in	Participate in	phrase		Unit 5 | Our time and how we use it	13	registry:c1-vocabulary-pack-cae		Candidate-only lexical evidence; teacher review required before promotion.	lexical_candidate	candidate_only	pdf	pdf:page=13,section=word-patterns
C1 Vocabulary Pack for CAE	c1-vocabulary-pack-cae	Join in	Join in	phrase		Unit 5 | Our time and how we use it	13	registry:c1-vocabulary-pack-cae		Candidate-only lexical evidence; teacher review required before promotion.	lexical_candidate	candidate_only	pdf	pdf:page=13,section=word-patterns
C1 Vocabulary Pack for CAE	c1-vocabulary-pack-cae	Go for a walk	Go for a walk	phrase		Unit 5 | Our time and how we use it	13	registry:c1-vocabulary-pack-cae		Candidate-only lexical evidence; teacher review required before promotion.	lexical_candidate	candidate_only	pdf	pdf:page=13,section=word-patterns
C1 Vocabulary Pack for CAE	c1-vocabulary-pack-cae	Do (general activities) – do sport, do nothing	do nothing	phrase		Unit 5 | Our time and how we use it	13	registry:c1-vocabulary-pack-cae		Candidate-only lexical evidence; teacher review required before promotion.	lexical_candidate	candidate_only	pdf	pdf:page=13,section=word-patterns
C1 Vocabulary Pack for CAE	c1-vocabulary-pack-cae	Be on time	Be on time	phrase		Unit 5 | Our time and how we use it	13	registry:c1-vocabulary-pack-cae		Candidate-only lexical evidence; teacher review required before promotion.	lexical_candidate	candidate_only	pdf	pdf:page=13,section=word-patterns
C1 Vocabulary Pack for CAE	c1-vocabulary-pack-cae	Take advantage of	Take advantage of	phrase		Unit 5 | Our time and how we use it	13	registry:c1-vocabulary-pack-cae		Candidate-only lexical evidence; teacher review required before promotion.	lexical_candidate	candidate_only	pdf	pdf:page=13,section=word-patterns
C1 Vocabulary Pack for CAE	c1-vocabulary-pack-cae	According to	According to	phrase		Unit 5 | Our time and how we use it	13	registry:c1-vocabulary-pack-cae		Candidate-only lexical evidence; teacher review required before promotion.	lexical_candidate	candidate_only	pdf	pdf:page=13,section=word-patterns
C1 Vocabulary Pack for CAE	c1-vocabulary-pack-cae	Confuse with	Confuse with	phrase		Unit 5 | Our time and how we use it	13	registry:c1-vocabulary-pack-cae		Candidate-only lexical evidence; teacher review required before promotion.	lexical_candidate	candidate_only	pdf	pdf:page=13,section=word-patterns
C1 Vocabulary Pack for CAE	c1-vocabulary-pack-cae	Believe in	Believe in	phrase		Unit 5 | Our time and how we use it	13	registry:c1-vocabulary-pack-cae		Candidate-only lexical evidence; teacher review required before promotion.	lexical_candidate	candidate_only	pdf	pdf:page=13,section=word-patterns
C1 Vocabulary Pack for CAE	c1-vocabulary-pack-cae	comment on	comment on	phrase		Unit 5 | Our time and how we use it	13	registry:c1-vocabulary-pack-cae		Candidate-only lexical evidence; teacher review required before promotion.	lexical_candidate	candidate_only	pdf	pdf:page=13,section=word-patterns
C1 Vocabulary Pack for CAE	c1-vocabulary-pack-cae	surprise by	surprise by	phrase		Unit 5 | Our time and how we use it	13	registry:c1-vocabulary-pack-cae		Candidate-only lexical evidence; teacher review required before promotion.	lexical_candidate	candidate_only	pdf	pdf:page=13,section=word-patterns
C1 Vocabulary Pack for CAE	c1-vocabulary-pack-cae	persuade of	persuade of	phrase		Unit 5 | Our time and how we use it	13	registry:c1-vocabulary-pack-cae		Candidate-only lexical evidence; teacher review required before promotion.	lexical_candidate	candidate_only	pdf	pdf:page=13,section=word-patterns
C1 Vocabulary Pack for CAE	c1-vocabulary-pack-cae	share with	share with	phrase		Unit 5 | Our time and how we use it	13	registry:c1-vocabulary-pack-cae		Candidate-only lexical evidence; teacher review required before promotion.	lexical_candidate	candidate_only	pdf	pdf:page=13,section=word-patterns
C1 Vocabulary Pack for CAE	c1-vocabulary-pack-cae	point in (ing)	point in (ing)	phrase		Unit 5 | Our time and how we use it	13	registry:c1-vocabulary-pack-cae		Candidate-only lexical evidence; teacher review required before promotion.	lexical_candidate	candidate_only	pdf	pdf:page=13,section=word-patterns
C1 Vocabulary Pack for CAE	c1-vocabulary-pack-cae	describe as	describe as	phrase		Unit 5 | Our time and how we use it	13	registry:c1-vocabulary-pack-cae		Candidate-only lexical evidence; teacher review required before promotion.	lexical_candidate	candidate_only	pdf	pdf:page=13,section=word-patterns
C1 Vocabulary Pack for CAE	c1-vocabulary-pack-cae	be similar to	be similar to	phrase		Unit 5 | Our time and how we use it	13	registry:c1-vocabulary-pack-cae		Candidate-only lexical evidence; teacher review required before promotion.	lexical_candidate	candidate_only	pdf	pdf:page=13,section=word-patterns
C1 Vocabulary Pack for CAE	c1-vocabulary-pack-cae	Clock out	Clock out	phrasal verb		Unit 5 | Our time and how we use it	13	registry:c1-vocabulary-pack-cae		Candidate-only lexical evidence; teacher review required before promotion.	lexical_candidate	candidate_only	pdf	pdf:page=13,section=phrasal-verbs
C1 Vocabulary Pack for CAE	c1-vocabulary-pack-cae	Crop up	Crop up	phrasal verb		Unit 5 | Our time and how we use it	13	registry:c1-vocabulary-pack-cae		Candidate-only lexical evidence; teacher review required before promotion.	lexical_candidate	candidate_only	pdf	pdf:page=13,section=phrasal-verbs
C1 Vocabulary Pack for CAE	c1-vocabulary-pack-cae	Fit in	Fit in	phrasal verb		Unit 5 | Our time and how we use it	13	registry:c1-vocabulary-pack-cae		Candidate-only lexical evidence; teacher review required before promotion.	lexical_candidate	candidate_only	pdf	pdf:page=13,section=phrasal-verbs
C1 Vocabulary Pack for CAE	c1-vocabulary-pack-cae	Get together	Get together	phrasal verb		Unit 5 | Our time and how we use it	13	registry:c1-vocabulary-pack-cae		Candidate-only lexical evidence; teacher review required before promotion.	lexical_candidate	candidate_only	pdf	pdf:page=13,section=phrasal-verbs
C1 Vocabulary Pack for CAE	c1-vocabulary-pack-cae	Go off	Go off	phrasal verb		Unit 5 | Our time and how we use it	13	registry:c1-vocabulary-pack-cae		Candidate-only lexical evidence; teacher review required before promotion.	lexical_candidate	candidate_only	pdf	pdf:page=13,section=phrasal-verbs
C1 Vocabulary Pack for CAE	c1-vocabulary-pack-cae	Hang out	Hang out	phrasal verb		Unit 5 | Our time and how we use it	13	registry:c1-vocabulary-pack-cae		Candidate-only lexical evidence; teacher review required before promotion.	lexical_candidate	candidate_only	pdf	pdf:page=13,section=phrasal-verbs
C1 Vocabulary Pack for CAE	c1-vocabulary-pack-cae	Keep on	Keep on	phrasal verb		Unit 5 | Our time and how we use it	13	registry:c1-vocabulary-pack-cae		Candidate-only lexical evidence; teacher review required before promotion.	lexical_candidate	candidate_only	pdf	pdf:page=13,section=phrasal-verbs
C1 Vocabulary Pack for CAE	c1-vocabulary-pack-cae	Win – winning, winner	winning			Unit 5 | Our time and how we use it	13	registry:c1-vocabulary-pack-cae		Candidate-only lexical evidence; teacher review required before promotion.	lexical_candidate	candidate_only	pdf	pdf:page=13,section=word-formation
C1 Vocabulary Pack for CAE	c1-vocabulary-pack-cae	Win – winning, winner	winner			Unit 5 | Our time and how we use it	13	registry:c1-vocabulary-pack-cae		Candidate-only lexical evidence; teacher review required before promotion.	lexical_candidate	candidate_only	pdf	pdf:page=13,section=word-formation
C1 Vocabulary Pack for CAE	c1-vocabulary-pack-cae	Lose – lost, losing, loss	lost			Unit 5 | Our time and how we use it	13	registry:c1-vocabulary-pack-cae		Candidate-only lexical evidence; teacher review required before promotion.	lexical_candidate	candidate_only	pdf	pdf:page=13,section=word-formation
C1 Vocabulary Pack for CAE	c1-vocabulary-pack-cae	Lose – lost, losing, loss	losing			Unit 5 | Our time and how we use it	13	registry:c1-vocabulary-pack-cae		Candidate-only lexical evidence; teacher review required before promotion.	lexical_candidate	candidate_only	pdf	pdf:page=13,section=word-formation
C1 Vocabulary Pack for CAE	c1-vocabulary-pack-cae	Lose – lost, losing, loss	loss			Unit 5 | Our time and how we use it	13	registry:c1-vocabulary-pack-cae		Candidate-only lexical evidence; teacher review required before promotion.	lexical_candidate	candidate_only	pdf	pdf:page=13,section=word-formation
C1 Vocabulary Pack for CAE	c1-vocabulary-pack-cae	Arrive – arrival	Arrive			Unit 5 | Our time and how we use it	13	registry:c1-vocabulary-pack-cae		Candidate-only lexical evidence; teacher review required before promotion.	lexical_candidate	candidate_only	pdf	pdf:page=13,section=word-formation
C1 Vocabulary Pack for CAE	c1-vocabulary-pack-cae	Arrive – arrival	arrival			Unit 5 | Our time and how we use it	13	registry:c1-vocabulary-pack-cae		Candidate-only lexical evidence; teacher review required before promotion.	lexical_candidate	candidate_only	pdf	pdf:page=13,section=word-formation
C1 Vocabulary Pack for CAE	c1-vocabulary-pack-cae	Arrange – arrangement	arrangement			Unit 5 | Our time and how we use it	13	registry:c1-vocabulary-pack-cae		Candidate-only lexical evidence; teacher review required before promotion.	lexical_candidate	candidate_only	pdf	pdf:page=13,section=word-formation
C1 Vocabulary Pack for CAE	c1-vocabulary-pack-cae	Begin – beginning	beginning			Unit 5 | Our time and how we use it	13	registry:c1-vocabulary-pack-cae		Candidate-only lexical evidence; teacher review required before promotion.	lexical_candidate	candidate_only	pdf	pdf:page=13,section=word-formation
C1 Vocabulary Pack for CAE	c1-vocabulary-pack-cae	Involve – involvement	Involve			Unit 5 | Our time and how we use it	13	registry:c1-vocabulary-pack-cae		Candidate-only lexical evidence; teacher review required before promotion.	lexical_candidate	candidate_only	pdf	pdf:page=13,section=word-formation
C1 Vocabulary Pack for CAE	c1-vocabulary-pack-cae	Involve – involvement	involvement			Unit 5 | Our time and how we use it	13	registry:c1-vocabulary-pack-cae		Candidate-only lexical evidence; teacher review required before promotion.	lexical_candidate	candidate_only	pdf	pdf:page=13,section=word-formation
C1 Vocabulary Pack for CAE	c1-vocabulary-pack-cae	Join – joint	Join			Unit 5 | Our time and how we use it	13	registry:c1-vocabulary-pack-cae		Candidate-only lexical evidence; teacher review required before promotion.	lexical_candidate	candidate_only	pdf	pdf:page=13,section=word-formation
C1 Vocabulary Pack for CAE	c1-vocabulary-pack-cae	Join – joint	joint			Unit 5 | Our time and how we use it	13	registry:c1-vocabulary-pack-cae		Candidate-only lexical evidence; teacher review required before promotion.	lexical_candidate	candidate_only	pdf	pdf:page=13,section=word-formation
C1 Vocabulary Pack for CAE	c1-vocabulary-pack-cae	Garden – gardening	gardening			Unit 5 | Our time and how we use it	13	registry:c1-vocabulary-pack-cae		Candidate-only lexical evidence; teacher review required before promotion.	lexical_candidate	candidate_only	pdf	pdf:page=13,section=word-formation
C1 Vocabulary Pack for CAE	c1-vocabulary-pack-cae	Knock off	Knock off	phrasal verb		Unit 5 | Our time and how we use it	14	registry:c1-vocabulary-pack-cae		Candidate-only lexical evidence; teacher review required before promotion.	lexical_candidate	candidate_only	pdf	pdf:page=14,section=phrasal-verbs
C1 Vocabulary Pack for CAE	c1-vocabulary-pack-cae	Lay out	Lay out	phrasal verb		Unit 5 | Our time and how we use it	14	registry:c1-vocabulary-pack-cae		Candidate-only lexical evidence; teacher review required before promotion.	lexical_candidate	candidate_only	pdf	pdf:page=14,section=phrasal-verbs
C1 Vocabulary Pack for CAE	c1-vocabulary-pack-cae	Lie ahead	Lie ahead	phrasal verb		Unit 5 | Our time and how we use it	14	registry:c1-vocabulary-pack-cae		Candidate-only lexical evidence; teacher review required before promotion.	lexical_candidate	candidate_only	pdf	pdf:page=14,section=phrasal-verbs
C1 Vocabulary Pack for CAE	c1-vocabulary-pack-cae	Mess about	Mess about	phrasal verb		Unit 5 | Our time and how we use it	14	registry:c1-vocabulary-pack-cae		Candidate-only lexical evidence; teacher review required before promotion.	lexical_candidate	candidate_only	pdf	pdf:page=14,section=phrasal-verbs
C1 Vocabulary Pack for CAE	c1-vocabulary-pack-cae	Run out (of)	Run out (of)	phrasal verb		Unit 5 | Our time and how we use it	14	registry:c1-vocabulary-pack-cae		Candidate-only lexical evidence; teacher review required before promotion.	lexical_candidate	candidate_only	pdf	pdf:page=14,section=phrasal-verbs
C1 Vocabulary Pack for CAE	c1-vocabulary-pack-cae	Take off	Take off	phrasal verb		Unit 5 | Our time and how we use it	14	registry:c1-vocabulary-pack-cae		Candidate-only lexical evidence; teacher review required before promotion.	lexical_candidate	candidate_only	pdf	pdf:page=14,section=phrasal-verbs
C1 Vocabulary Pack for CAE	c1-vocabulary-pack-cae	Tide over	Tide over	phrasal verb		Unit 5 | Our time and how we use it	14	registry:c1-vocabulary-pack-cae		Candidate-only lexical evidence; teacher review required before promotion.	lexical_candidate	candidate_only	pdf	pdf:page=14,section=phrasal-verbs
C1 Vocabulary Pack for CAE	c1-vocabulary-pack-cae	Compete – competition	Compete			Unit 5 | Our time and how we use it	14	registry:c1-vocabulary-pack-cae		Candidate-only lexical evidence; teacher review required before promotion.	lexical_candidate	candidate_only	pdf	pdf:page=14,section=word-formation
C1 Vocabulary Pack for CAE	c1-vocabulary-pack-cae	Compete – competition	competition			Unit 5 | Our time and how we use it	14	registry:c1-vocabulary-pack-cae		Candidate-only lexical evidence; teacher review required before promotion.	lexical_candidate	candidate_only	pdf	pdf:page=14,section=word-formation
C1 Vocabulary Pack for CAE	c1-vocabulary-pack-cae	Eager – eagerly, eagerness	eagerly			Unit 5 | Our time and how we use it	14	registry:c1-vocabulary-pack-cae		Candidate-only lexical evidence; teacher review required before promotion.	lexical_candidate	candidate_only	pdf	pdf:page=14,section=word-formation
C1 Vocabulary Pack for CAE	c1-vocabulary-pack-cae	Interest – interested, interesting	Interest			Unit 5 | Our time and how we use it	14	registry:c1-vocabulary-pack-cae		Candidate-only lexical evidence; teacher review required before promotion.	lexical_candidate	candidate_only	pdf	pdf:page=14,section=word-formation
C1 Vocabulary Pack for CAE	c1-vocabulary-pack-cae	Interest – interested, interesting	interested			Unit 5 | Our time and how we use it	14	registry:c1-vocabulary-pack-cae		Candidate-only lexical evidence; teacher review required before promotion.	lexical_candidate	candidate_only	pdf	pdf:page=14,section=word-formation
C1 Vocabulary Pack for CAE	c1-vocabulary-pack-cae	Interest – interested, interesting	interesting			Unit 5 | Our time and how we use it	14	registry:c1-vocabulary-pack-cae		Candidate-only lexical evidence; teacher review required before promotion.	lexical_candidate	candidate_only	pdf	pdf:page=14,section=word-formation
C1 Vocabulary Pack for CAE	c1-vocabulary-pack-cae	Waste – wasteful	Waste			Unit 5 | Our time and how we use it	14	registry:c1-vocabulary-pack-cae		Candidate-only lexical evidence; teacher review required before promotion.	lexical_candidate	candidate_only	pdf	pdf:page=14,section=word-formation
C1 Vocabulary Pack for CAE	c1-vocabulary-pack-cae	Waste – wasteful	wasteful			Unit 5 | Our time and how we use it	14	registry:c1-vocabulary-pack-cae		Candidate-only lexical evidence; teacher review required before promotion.	lexical_candidate	candidate_only	pdf	pdf:page=14,section=word-formation
C1 Vocabulary Pack for CAE	c1-vocabulary-pack-cae	Spend – expensive, spending	Spend			Unit 5 | Our time and how we use it	14	registry:c1-vocabulary-pack-cae		Candidate-only lexical evidence; teacher review required before promotion.	lexical_candidate	candidate_only	pdf	pdf:page=14,section=word-formation
C1 Vocabulary Pack for CAE	c1-vocabulary-pack-cae	Spend – expensive, spending	expensive			Unit 5 | Our time and how we use it	14	registry:c1-vocabulary-pack-cae		Candidate-only lexical evidence; teacher review required before promotion.	lexical_candidate	candidate_only	pdf	pdf:page=14,section=word-formation
C1 Vocabulary Pack for CAE	c1-vocabulary-pack-cae	Spend – expensive, spending	spending			Unit 5 | Our time and how we use it	14	registry:c1-vocabulary-pack-cae		Candidate-only lexical evidence; teacher review required before promotion.	lexical_candidate	candidate_only	pdf	pdf:page=14,section=word-formation
C1 Vocabulary Pack for CAE	c1-vocabulary-pack-cae	Clock – clockwise, anti-clockwise	clockwise			Unit 5 | Our time and how we use it	14	registry:c1-vocabulary-pack-cae		Candidate-only lexical evidence; teacher review required before promotion.	lexical_candidate	candidate_only	pdf	pdf:page=14,section=word-formation
C1 Vocabulary Pack for CAE	c1-vocabulary-pack-cae	Clock – clockwise, anti-clockwise	anti-clockwise			Unit 5 | Our time and how we use it	14	registry:c1-vocabulary-pack-cae		Candidate-only lexical evidence; teacher review required before promotion.	lexical_candidate	candidate_only	pdf	pdf:page=14,section=word-formation
C1 Vocabulary Pack for CAE	c1-vocabulary-pack-cae	Press – pressure	Press			Unit 5 | Our time and how we use it	14	registry:c1-vocabulary-pack-cae		Candidate-only lexical evidence; teacher review required before promotion.	lexical_candidate	candidate_only	pdf	pdf:page=14,section=word-formation
C1 Vocabulary Pack for CAE	c1-vocabulary-pack-cae	Press – pressure	pressure			Unit 5 | Our time and how we use it	14	registry:c1-vocabulary-pack-cae		Candidate-only lexical evidence; teacher review required before promotion.	lexical_candidate	candidate_only	pdf	pdf:page=14,section=word-formation
C1 Vocabulary Pack for CAE	c1-vocabulary-pack-cae	Time – timeless	timeless			Unit 5 | Our time and how we use it	14	registry:c1-vocabulary-pack-cae		Candidate-only lexical evidence; teacher review required before promotion.	lexical_candidate	candidate_only	pdf	pdf:page=14,section=word-formation
C1 Vocabulary Pack for CAE	c1-vocabulary-pack-cae	Similar – similarity	Similar			Unit 5 | Our time and how we use it	14	registry:c1-vocabulary-pack-cae		Candidate-only lexical evidence; teacher review required before promotion.	lexical_candidate	candidate_only	pdf	pdf:page=14,section=word-formation
C1 Vocabulary Pack for CAE	c1-vocabulary-pack-cae	Similar – similarity	similarity			Unit 5 | Our time and how we use it	14	registry:c1-vocabulary-pack-cae		Candidate-only lexical evidence; teacher review required before promotion.	lexical_candidate	candidate_only	pdf	pdf:page=14,section=word-formation
C1 Vocabulary Pack for CAE	c1-vocabulary-pack-cae	Describe – description, descriptive	Describe			Unit 5 | Our time and how we use it	14	registry:c1-vocabulary-pack-cae		Candidate-only lexical evidence; teacher review required before promotion.	lexical_candidate	candidate_only	pdf	pdf:page=14,section=word-formation
C1 Vocabulary Pack for CAE	c1-vocabulary-pack-cae	Describe – description, descriptive	description			Unit 5 | Our time and how we use it	14	registry:c1-vocabulary-pack-cae		Candidate-only lexical evidence; teacher review required before promotion.	lexical_candidate	candidate_only	pdf	pdf:page=14,section=word-formation
C1 Vocabulary Pack for CAE	c1-vocabulary-pack-cae	Describe – description, descriptive	descriptive			Unit 5 | Our time and how we use it	14	registry:c1-vocabulary-pack-cae		Candidate-only lexical evidence; teacher review required before promotion.	lexical_candidate	candidate_only	pdf	pdf:page=14,section=word-formation
C1 Vocabulary Pack for CAE	c1-vocabulary-pack-cae	Confuse – confusion	Confuse			Unit 5 | Our time and how we use it	14	registry:c1-vocabulary-pack-cae		Candidate-only lexical evidence; teacher review required before promotion.	lexical_candidate	candidate_only	pdf	pdf:page=14,section=word-formation
C1 Vocabulary Pack for CAE	c1-vocabulary-pack-cae	Confuse – confusion	confusion			Unit 5 | Our time and how we use it	14	registry:c1-vocabulary-pack-cae		Candidate-only lexical evidence; teacher review required before promotion.	lexical_candidate	candidate_only	pdf	pdf:page=14,section=word-formation
C1 Vocabulary Pack for CAE	c1-vocabulary-pack-cae	Believe – belief	Believe			Unit 5 | Our time and how we use it	14	registry:c1-vocabulary-pack-cae		Candidate-only lexical evidence; teacher review required before promotion.	lexical_candidate	candidate_only	pdf	pdf:page=14,section=word-formation
C1 Vocabulary Pack for CAE	c1-vocabulary-pack-cae	Believe – belief	belief			Unit 5 | Our time and how we use it	14	registry:c1-vocabulary-pack-cae		Candidate-only lexical evidence; teacher review required before promotion.	lexical_candidate	candidate_only	pdf	pdf:page=14,section=word-formation
C1 Vocabulary Pack for CAE	c1-vocabulary-pack-cae	Mess – messy	Mess			Unit 5 | Our time and how we use it	14	registry:c1-vocabulary-pack-cae		Candidate-only lexical evidence; teacher review required before promotion.	lexical_candidate	candidate_only	pdf	pdf:page=14,section=word-formation
C1 Vocabulary Pack for CAE	c1-vocabulary-pack-cae	Mess – messy	messy			Unit 5 | Our time and how we use it	14	registry:c1-vocabulary-pack-cae		Candidate-only lexical evidence; teacher review required before promotion.	lexical_candidate	candidate_only	pdf	pdf:page=14,section=word-formation
C1 Vocabulary Pack for CAE	c1-vocabulary-pack-cae	Time – timely. timing	timely. timing			Unit 5 | Our time and how we use it	14	registry:c1-vocabulary-pack-cae		Candidate-only lexical evidence; teacher review required before promotion.	lexical_candidate	candidate_only	pdf	pdf:page=14,section=word-formation
C1 Vocabulary Pack for CAE	c1-vocabulary-pack-cae	As well as	As well as	phrase		Unit 5 | Our time and how we use it	14	registry:c1-vocabulary-pack-cae		Candidate-only lexical evidence; teacher review required before promotion.	lexical_candidate	candidate_only	pdf	pdf:page=14,section=fixed-phrases
C1 Vocabulary Pack for CAE	c1-vocabulary-pack-cae	As long as	As long as	phrase		Unit 5 | Our time and how we use it	14	registry:c1-vocabulary-pack-cae		Candidate-only lexical evidence; teacher review required before promotion.	lexical_candidate	candidate_only	pdf	pdf:page=14,section=fixed-phrases
C1 Vocabulary Pack for CAE	c1-vocabulary-pack-cae	A part of	A part of	phrase		Unit 5 | Our time and how we use it	14	registry:c1-vocabulary-pack-cae		Candidate-only lexical evidence; teacher review required before promotion.	lexical_candidate	candidate_only	pdf	pdf:page=14,section=fixed-phrases
C1 Vocabulary Pack for CAE	c1-vocabulary-pack-cae	As soon as	As soon as	phrase		Unit 5 | Our time and how we use it	14	registry:c1-vocabulary-pack-cae		Candidate-only lexical evidence; teacher review required before promotion.	lexical_candidate	candidate_only	pdf	pdf:page=14,section=fixed-phrases
C1 Vocabulary Pack for CAE	c1-vocabulary-pack-cae	By the time	By the time	phrase		Unit 5 | Our time and how we use it	14	registry:c1-vocabulary-pack-cae		Candidate-only lexical evidence; teacher review required before promotion.	lexical_candidate	candidate_only	pdf	pdf:page=14,section=fixed-phrases
C1 Vocabulary Pack for CAE	c1-vocabulary-pack-cae	On/at the point of	at the point of	phrase		Unit 5 | Our time and how we use it	14	registry:c1-vocabulary-pack-cae		Candidate-only lexical evidence; teacher review required before promotion.	lexical_candidate	candidate_only	pdf	pdf:page=14,section=fixed-phrases
C1 Vocabulary Pack for CAE	c1-vocabulary-pack-cae	Take ages	Take ages	phrase		Unit 5 | Our time and how we use it	14	registry:c1-vocabulary-pack-cae		Candidate-only lexical evidence; teacher review required before promotion.	lexical_candidate	candidate_only	pdf	pdf:page=14,section=fixed-phrases
C1 Vocabulary Pack for CAE	c1-vocabulary-pack-cae	Take by surprise	Take by surprise	phrase		Unit 5 | Our time and how we use it	14	registry:c1-vocabulary-pack-cae		Candidate-only lexical evidence; teacher review required before promotion.	lexical_candidate	candidate_only	pdf	pdf:page=14,section=fixed-phrases
C1 Vocabulary Pack for CAE	c1-vocabulary-pack-cae	A matter of time	A matter of time	phrase		Unit 5 | Our time and how we use it	14	registry:c1-vocabulary-pack-cae		Candidate-only lexical evidence; teacher review required before promotion.	lexical_candidate	candidate_only	pdf	pdf:page=14,section=fixed-phrases
C1 Vocabulary Pack for CAE	c1-vocabulary-pack-cae	At this point/At a time	At this point	phrase		Unit 5 | Our time and how we use it	14	registry:c1-vocabulary-pack-cae		Candidate-only lexical evidence; teacher review required before promotion.	lexical_candidate	candidate_only	pdf	pdf:page=14,section=fixed-phrases
C1 Vocabulary Pack for CAE	c1-vocabulary-pack-cae	At this point/At a time	At a time	phrase		Unit 5 | Our time and how we use it	14	registry:c1-vocabulary-pack-cae		Candidate-only lexical evidence; teacher review required before promotion.	lexical_candidate	candidate_only	pdf	pdf:page=14,section=fixed-phrases
C1 Vocabulary Pack for CAE	c1-vocabulary-pack-cae	During which	During which	phrase		Unit 5 | Our time and how we use it	14	registry:c1-vocabulary-pack-cae		Candidate-only lexical evidence; teacher review required before promotion.	lexical_candidate	candidate_only	pdf	pdf:page=14,section=fixed-phrases
C1 Vocabulary Pack for CAE	c1-vocabulary-pack-cae	No longer	No longer	phrase		Unit 5 | Our time and how we use it	14	registry:c1-vocabulary-pack-cae		Candidate-only lexical evidence; teacher review required before promotion.	lexical_candidate	candidate_only	pdf	pdf:page=14,section=fixed-phrases
C1 Vocabulary Pack for CAE	c1-vocabulary-pack-cae	Be at a loose end	Be at a loose end	idiom		Unit 5 | Our time and how we use it	14	registry:c1-vocabulary-pack-cae		Candidate-only lexical evidence; teacher review required before promotion.	lexical_candidate	candidate_only	pdf	pdf:page=14,section=idioms
C1 Vocabulary Pack for CAE	c1-vocabulary-pack-cae	Let off steam	Let off steam	idiom		Unit 5 | Our time and how we use it	14	registry:c1-vocabulary-pack-cae		Candidate-only lexical evidence; teacher review required before promotion.	lexical_candidate	candidate_only	pdf	pdf:page=14,section=idioms
C1 Vocabulary Pack for CAE	c1-vocabulary-pack-cae	Put your feet up	Put your feet up	idiom		Unit 5 | Our time and how we use it	14	registry:c1-vocabulary-pack-cae		Candidate-only lexical evidence; teacher review required before promotion.	lexical_candidate	candidate_only	pdf	pdf:page=14,section=idioms
C1 Vocabulary Pack for CAE	c1-vocabulary-pack-cae	A couch potato	A couch potato	idiom		Unit 5 | Our time and how we use it	14	registry:c1-vocabulary-pack-cae		Candidate-only lexical evidence; teacher review required before promotion.	lexical_candidate	candidate_only	pdf	pdf:page=14,section=idioms
C1 Vocabulary Pack for CAE	c1-vocabulary-pack-cae	Take five	Take five	idiom		Unit 5 | Our time and how we use it	14	registry:c1-vocabulary-pack-cae		Candidate-only lexical evidence; teacher review required before promotion.	lexical_candidate	candidate_only	pdf	pdf:page=14,section=idioms
C1 Vocabulary Pack for CAE	c1-vocabulary-pack-cae	Recharge your batteries	Recharge your batteries	idiom		Unit 5 | Our time and how we use it	14	registry:c1-vocabulary-pack-cae		Candidate-only lexical evidence; teacher review required before promotion.	lexical_candidate	candidate_only	pdf	pdf:page=14,section=idioms
C1 Vocabulary Pack for CAE	c1-vocabulary-pack-cae	Variety is the spice of life	Variety is the spice of life	idiom		Unit 5 | Our time and how we use it	14	registry:c1-vocabulary-pack-cae		Candidate-only lexical evidence; teacher review required before promotion.	lexical_candidate	candidate_only	pdf	pdf:page=14,section=idioms
C1 Vocabulary Pack for CAE	c1-vocabulary-pack-cae	Be on the ball	Be on the ball	idiom		Unit 5 | Our time and how we use it	14	registry:c1-vocabulary-pack-cae		Candidate-only lexical evidence; teacher review required before promotion.	lexical_candidate	candidate_only	pdf	pdf:page=14,section=idioms
C1 Vocabulary Pack for CAE	c1-vocabulary-pack-cae	Jump the gun	Jump the gun	idiom		Unit 5 | Our time and how we use it	14	registry:c1-vocabulary-pack-cae		Candidate-only lexical evidence; teacher review required before promotion.	lexical_candidate	candidate_only	pdf	pdf:page=14,section=idioms
C1 Vocabulary Pack for CAE	c1-vocabulary-pack-cae	Around the corner	Around the corner	idiom		Unit 5 | Our time and how we use it	14	registry:c1-vocabulary-pack-cae		Candidate-only lexical evidence; teacher review required before promotion.	lexical_candidate	candidate_only	pdf	pdf:page=14,section=idioms
C1 Vocabulary Pack for CAE	c1-vocabulary-pack-cae	In a flash	In a flash	idiom		Unit 5 | Our time and how we use it	14	registry:c1-vocabulary-pack-cae		Candidate-only lexical evidence; teacher review required before promotion.	lexical_candidate	candidate_only	pdf	pdf:page=14,section=idioms
C1 Vocabulary Pack for CAE	c1-vocabulary-pack-cae	In the nick of time	In the nick of time	idiom		Unit 5 | Our time and how we use it	14	registry:c1-vocabulary-pack-cae		Candidate-only lexical evidence; teacher review required before promotion.	lexical_candidate	candidate_only	pdf	pdf:page=14,section=idioms
C1 Vocabulary Pack for CAE	c1-vocabulary-pack-cae	Lose track of time	Lose track of time	idiom		Unit 5 | Our time and how we use it	14	registry:c1-vocabulary-pack-cae		Candidate-only lexical evidence; teacher review required before promotion.	lexical_candidate	candidate_only	pdf	pdf:page=14,section=idioms
C1 Vocabulary Pack for CAE	c1-vocabulary-pack-cae	Before your time	Before your time	idiom		Unit 5 | Our time and how we use it	14	registry:c1-vocabulary-pack-cae		Candidate-only lexical evidence; teacher review required before promotion.	lexical_candidate	candidate_only	pdf	pdf:page=14,section=idioms
C1 Vocabulary Pack for CAE	c1-vocabulary-pack-cae	When pigs fly	When pigs fly	idiom		Unit 5 | Our time and how we use it	14	registry:c1-vocabulary-pack-cae		Candidate-only lexical evidence; teacher review required before promotion.	lexical_candidate	candidate_only	pdf	pdf:page=14,section=idioms
C1 Vocabulary Pack for CAE	c1-vocabulary-pack-cae	For good	For good	idiom		Unit 5 | Our time and how we use it	14	registry:c1-vocabulary-pack-cae		Candidate-only lexical evidence; teacher review required before promotion.	lexical_candidate	candidate_only	pdf	pdf:page=14,section=idioms
C1 Vocabulary Pack for CAE	c1-vocabulary-pack-cae	Once in a blue moon	Once in a blue moon	idiom		Unit 5 | Our time and how we use it	14	registry:c1-vocabulary-pack-cae		Candidate-only lexical evidence; teacher review required before promotion.	lexical_candidate	candidate_only	pdf	pdf:page=14,section=idioms
C1 Vocabulary Pack for CAE	c1-vocabulary-pack-cae	On the spur of the moment	On the spur of the moment	idiom		Unit 5 | Our time and how we use it	14	registry:c1-vocabulary-pack-cae		Candidate-only lexical evidence; teacher review required before promotion.	lexical_candidate	candidate_only	pdf	pdf:page=14,section=idioms
C1 Vocabulary Pack for CAE	c1-vocabulary-pack-cae	Agonise/cause harm	Agonise			Unit 6 | Health, fitness and our diet	15	registry:c1-vocabulary-pack-cae		Candidate-only lexical evidence; teacher review required before promotion.	lexical_candidate	candidate_only	pdf	pdf:page=15,section=unit-vocabulary
C1 Vocabulary Pack for CAE	c1-vocabulary-pack-cae	Agonise/cause harm	cause harm			Unit 6 | Health, fitness and our diet	15	registry:c1-vocabulary-pack-cae		Candidate-only lexical evidence; teacher review required before promotion.	lexical_candidate	candidate_only	pdf	pdf:page=15,section=unit-vocabulary
C1 Vocabulary Pack for CAE	c1-vocabulary-pack-cae	Gloat/boast/show off	Gloat			Unit 6 | Health, fitness and our diet	15	registry:c1-vocabulary-pack-cae		Candidate-only lexical evidence; teacher review required before promotion.	lexical_candidate	candidate_only	pdf	pdf:page=15,section=unit-vocabulary
C1 Vocabulary Pack for CAE	c1-vocabulary-pack-cae	Gloat/boast/show off	show off			Unit 6 | Health, fitness and our diet	15	registry:c1-vocabulary-pack-cae		Candidate-only lexical evidence; teacher review required before promotion.	lexical_candidate	candidate_only	pdf	pdf:page=15,section=unit-vocabulary
C1 Vocabulary Pack for CAE	c1-vocabulary-pack-cae	Hurt/injure/damage/dislocate	damage			Unit 6 | Health, fitness and our diet	15	registry:c1-vocabulary-pack-cae		Candidate-only lexical evidence; teacher review required before promotion.	lexical_candidate	candidate_only	pdf	pdf:page=15,section=unit-vocabulary
C1 Vocabulary Pack for CAE	c1-vocabulary-pack-cae	Hurt/injure/damage/dislocate	dislocate			Unit 6 | Health, fitness and our diet	15	registry:c1-vocabulary-pack-cae		Candidate-only lexical evidence; teacher review required before promotion.	lexical_candidate	candidate_only	pdf	pdf:page=15,section=unit-vocabulary
C1 Vocabulary Pack for CAE	c1-vocabulary-pack-cae	Healthy/fit	Healthy			Unit 6 | Health, fitness and our diet	15	registry:c1-vocabulary-pack-cae		Candidate-only lexical evidence; teacher review required before promotion.	lexical_candidate	candidate_only	pdf	pdf:page=15,section=unit-vocabulary
C1 Vocabulary Pack for CAE	c1-vocabulary-pack-cae	Healthy/fit	fit			Unit 6 | Health, fitness and our diet	15	registry:c1-vocabulary-pack-cae		Candidate-only lexical evidence; teacher review required before promotion.	lexical_candidate	candidate_only	pdf	pdf:page=15,section=unit-vocabulary
C1 Vocabulary Pack for CAE	c1-vocabulary-pack-cae	Sore/hurt/pain	Sore			Unit 6 | Health, fitness and our diet	15	registry:c1-vocabulary-pack-cae		Candidate-only lexical evidence; teacher review required before promotion.	lexical_candidate	candidate_only	pdf	pdf:page=15,section=unit-vocabulary
C1 Vocabulary Pack for CAE	c1-vocabulary-pack-cae	Sore/hurt/pain	pain			Unit 6 | Health, fitness and our diet	15	registry:c1-vocabulary-pack-cae		Candidate-only lexical evidence; teacher review required before promotion.	lexical_candidate	candidate_only	pdf	pdf:page=15,section=unit-vocabulary
C1 Vocabulary Pack for CAE	c1-vocabulary-pack-cae	disgust	disgust			Unit 6 | Health, fitness and our diet	15	registry:c1-vocabulary-pack-cae		Candidate-only lexical evidence; teacher review required before promotion.	lexical_candidate	candidate_only	pdf	pdf:page=15,section=unit-vocabulary
C1 Vocabulary Pack for CAE	c1-vocabulary-pack-cae	Antibiotics/medicine/pills/tablets/vaccines	Antibiotics			Unit 6 | Health, fitness and our diet	15	registry:c1-vocabulary-pack-cae		Candidate-only lexical evidence; teacher review required before promotion.	lexical_candidate	candidate_only	pdf	pdf:page=15,section=unit-vocabulary
C1 Vocabulary Pack for CAE	c1-vocabulary-pack-cae	Antibiotics/medicine/pills/tablets/vaccines	medicine			Unit 6 | Health, fitness and our diet	15	registry:c1-vocabulary-pack-cae		Candidate-only lexical evidence; teacher review required before promotion.	lexical_candidate	candidate_only	pdf	pdf:page=15,section=unit-vocabulary
C1 Vocabulary Pack for CAE	c1-vocabulary-pack-cae	Antibiotics/medicine/pills/tablets/vaccines	pills			Unit 6 | Health, fitness and our diet	15	registry:c1-vocabulary-pack-cae		Candidate-only lexical evidence; teacher review required before promotion.	lexical_candidate	candidate_only	pdf	pdf:page=15,section=unit-vocabulary
C1 Vocabulary Pack for CAE	c1-vocabulary-pack-cae	Antibiotics/medicine/pills/tablets/vaccines	tablets			Unit 6 | Health, fitness and our diet	15	registry:c1-vocabulary-pack-cae		Candidate-only lexical evidence; teacher review required before promotion.	lexical_candidate	candidate_only	pdf	pdf:page=15,section=unit-vocabulary
C1 Vocabulary Pack for CAE	c1-vocabulary-pack-cae	Antibiotics/medicine/pills/tablets/vaccines	vaccines			Unit 6 | Health, fitness and our diet	15	registry:c1-vocabulary-pack-cae		Candidate-only lexical evidence; teacher review required before promotion.	lexical_candidate	candidate_only	pdf	pdf:page=15,section=unit-vocabulary
C1 Vocabulary Pack for CAE	c1-vocabulary-pack-cae	Illness/disease	Illness			Unit 6 | Health, fitness and our diet	15	registry:c1-vocabulary-pack-cae		Candidate-only lexical evidence; teacher review required before promotion.	lexical_candidate	candidate_only	pdf	pdf:page=15,section=unit-vocabulary
C1 Vocabulary Pack for CAE	c1-vocabulary-pack-cae	Illness/disease	disease			Unit 6 | Health, fitness and our diet	15	registry:c1-vocabulary-pack-cae		Candidate-only lexical evidence; teacher review required before promotion.	lexical_candidate	candidate_only	pdf	pdf:page=15,section=unit-vocabulary
C1 Vocabulary Pack for CAE	c1-vocabulary-pack-cae	Exhaustion/tiredness	Exhaustion			Unit 6 | Health, fitness and our diet	15	registry:c1-vocabulary-pack-cae		Candidate-only lexical evidence; teacher review required before promotion.	lexical_candidate	candidate_only	pdf	pdf:page=15,section=unit-vocabulary
C1 Vocabulary Pack for CAE	c1-vocabulary-pack-cae	Exhaustion/tiredness	tiredness			Unit 6 | Health, fitness and our diet	15	registry:c1-vocabulary-pack-cae		Candidate-only lexical evidence; teacher review required before promotion.	lexical_candidate	candidate_only	pdf	pdf:page=15,section=unit-vocabulary
C1 Vocabulary Pack for CAE	c1-vocabulary-pack-cae	Contagious/catchy	Contagious			Unit 6 | Health, fitness and our diet	15	registry:c1-vocabulary-pack-cae		Candidate-only lexical evidence; teacher review required before promotion.	lexical_candidate	candidate_only	pdf	pdf:page=15,section=unit-vocabulary
C1 Vocabulary Pack for CAE	c1-vocabulary-pack-cae	Contagious/catchy	catchy			Unit 6 | Health, fitness and our diet	15	registry:c1-vocabulary-pack-cae		Candidate-only lexical evidence; teacher review required before promotion.	lexical_candidate	candidate_only	pdf	pdf:page=15,section=unit-vocabulary
C1 Vocabulary Pack for CAE	c1-vocabulary-pack-cae	Cure/recover/get over	Cure			Unit 6 | Health, fitness and our diet	15	registry:c1-vocabulary-pack-cae		Candidate-only lexical evidence; teacher review required before promotion.	lexical_candidate	candidate_only	pdf	pdf:page=15,section=unit-vocabulary
C1 Vocabulary Pack for CAE	c1-vocabulary-pack-cae	Cure/recover/get over	recover			Unit 6 | Health, fitness and our diet	15	registry:c1-vocabulary-pack-cae		Candidate-only lexical evidence; teacher review required before promotion.	lexical_candidate	candidate_only	pdf	pdf:page=15,section=unit-vocabulary
C1 Vocabulary Pack for CAE	c1-vocabulary-pack-cae	Cure/recover/get over	get over			Unit 6 | Health, fitness and our diet	15	registry:c1-vocabulary-pack-cae		Candidate-only lexical evidence; teacher review required before promotion.	lexical_candidate	candidate_only	pdf	pdf:page=15,section=unit-vocabulary
C1 Vocabulary Pack for CAE	c1-vocabulary-pack-cae	Chuckle/laugh/giggle	Chuckle			Unit 6 | Health, fitness and our diet	15	registry:c1-vocabulary-pack-cae		Candidate-only lexical evidence; teacher review required before promotion.	lexical_candidate	candidate_only	pdf	pdf:page=15,section=unit-vocabulary
C1 Vocabulary Pack for CAE	c1-vocabulary-pack-cae	Chuckle/laugh/giggle	giggle			Unit 6 | Health, fitness and our diet	15	registry:c1-vocabulary-pack-cae		Candidate-only lexical evidence; teacher review required before promotion.	lexical_candidate	candidate_only	pdf	pdf:page=15,section=unit-vocabulary
C1 Vocabulary Pack for CAE	c1-vocabulary-pack-cae	Ill/sick/poorly	Ill			Unit 6 | Health, fitness and our diet	15	registry:c1-vocabulary-pack-cae		Candidate-only lexical evidence; teacher review required before promotion.	lexical_candidate	candidate_only	pdf	pdf:page=15,section=unit-vocabulary
C1 Vocabulary Pack for CAE	c1-vocabulary-pack-cae	Ill/sick/poorly	sick			Unit 6 | Health, fitness and our diet	15	registry:c1-vocabulary-pack-cae		Candidate-only lexical evidence; teacher review required before promotion.	lexical_candidate	candidate_only	pdf	pdf:page=15,section=unit-vocabulary
C1 Vocabulary Pack for CAE	c1-vocabulary-pack-cae	Ill/sick/poorly	poorly			Unit 6 | Health, fitness and our diet	15	registry:c1-vocabulary-pack-cae		Candidate-only lexical evidence; teacher review required before promotion.	lexical_candidate	candidate_only	pdf	pdf:page=15,section=unit-vocabulary
C1 Vocabulary Pack for CAE	c1-vocabulary-pack-cae	Vomit/puke	Vomit			Unit 6 | Health, fitness and our diet	15	registry:c1-vocabulary-pack-cae		Candidate-only lexical evidence; teacher review required before promotion.	lexical_candidate	candidate_only	pdf	pdf:page=15,section=unit-vocabulary
C1 Vocabulary Pack for CAE	c1-vocabulary-pack-cae	Vomit/puke	puke			Unit 6 | Health, fitness and our diet	15	registry:c1-vocabulary-pack-cae		Candidate-only lexical evidence; teacher review required before promotion.	lexical_candidate	candidate_only	pdf	pdf:page=15,section=unit-vocabulary
C1 Vocabulary Pack for CAE	c1-vocabulary-pack-cae	Train/exercise/practice/work out	Train			Unit 6 | Health, fitness and our diet	15	registry:c1-vocabulary-pack-cae		Candidate-only lexical evidence; teacher review required before promotion.	lexical_candidate	candidate_only	pdf	pdf:page=15,section=unit-vocabulary
C1 Vocabulary Pack for CAE	c1-vocabulary-pack-cae	Train/exercise/practice/work out	exercise			Unit 6 | Health, fitness and our diet	15	registry:c1-vocabulary-pack-cae		Candidate-only lexical evidence; teacher review required before promotion.	lexical_candidate	candidate_only	pdf	pdf:page=15,section=unit-vocabulary
C1 Vocabulary Pack for CAE	c1-vocabulary-pack-cae	Train/exercise/practice/work out	practice			Unit 6 | Health, fitness and our diet	15	registry:c1-vocabulary-pack-cae		Candidate-only lexical evidence; teacher review required before promotion.	lexical_candidate	candidate_only	pdf	pdf:page=15,section=unit-vocabulary
C1 Vocabulary Pack for CAE	c1-vocabulary-pack-cae	Train/exercise/practice/work out	work out			Unit 6 | Health, fitness and our diet	15	registry:c1-vocabulary-pack-cae		Candidate-only lexical evidence; teacher review required before promotion.	lexical_candidate	candidate_only	pdf	pdf:page=15,section=unit-vocabulary
C1 Vocabulary Pack for CAE	c1-vocabulary-pack-cae	Track/court/pitch/field/stadium/sports	Track			Unit 6 | Health, fitness and our diet	15	registry:c1-vocabulary-pack-cae		Candidate-only lexical evidence; teacher review required before promotion.	lexical_candidate	candidate_only	pdf	pdf:page=15,section=unit-vocabulary
C1 Vocabulary Pack for CAE	c1-vocabulary-pack-cae	Track/court/pitch/field/stadium/sports	court			Unit 6 | Health, fitness and our diet	15	registry:c1-vocabulary-pack-cae		Candidate-only lexical evidence; teacher review required before promotion.	lexical_candidate	candidate_only	pdf	pdf:page=15,section=unit-vocabulary
C1 Vocabulary Pack for CAE	c1-vocabulary-pack-cae	Track/court/pitch/field/stadium/sports	pitch			Unit 6 | Health, fitness and our diet	15	registry:c1-vocabulary-pack-cae		Candidate-only lexical evidence; teacher review required before promotion.	lexical_candidate	candidate_only	pdf	pdf:page=15,section=unit-vocabulary
C1 Vocabulary Pack for CAE	c1-vocabulary-pack-cae	Track/court/pitch/field/stadium/sports	field			Unit 6 | Health, fitness and our diet	15	registry:c1-vocabulary-pack-cae		Candidate-only lexical evidence; teacher review required before promotion.	lexical_candidate	candidate_only	pdf	pdf:page=15,section=unit-vocabulary
C1 Vocabulary Pack for CAE	c1-vocabulary-pack-cae	Track/court/pitch/field/stadium/sports	stadium			Unit 6 | Health, fitness and our diet	15	registry:c1-vocabulary-pack-cae		Candidate-only lexical evidence; teacher review required before promotion.	lexical_candidate	candidate_only	pdf	pdf:page=15,section=unit-vocabulary
C1 Vocabulary Pack for CAE	c1-vocabulary-pack-cae	Track/court/pitch/field/stadium/sports	sports			Unit 6 | Health, fitness and our diet	15	registry:c1-vocabulary-pack-cae		Candidate-only lexical evidence; teacher review required before promotion.	lexical_candidate	candidate_only	pdf	pdf:page=15,section=unit-vocabulary
C1 Vocabulary Pack for CAE	c1-vocabulary-pack-cae	centre/pool	centre			Unit 6 | Health, fitness and our diet	15	registry:c1-vocabulary-pack-cae		Candidate-only lexical evidence; teacher review required before promotion.	lexical_candidate	candidate_only	pdf	pdf:page=15,section=unit-vocabulary
C1 Vocabulary Pack for CAE	c1-vocabulary-pack-cae	centre/pool	pool			Unit 6 | Health, fitness and our diet	15	registry:c1-vocabulary-pack-cae		Candidate-only lexical evidence; teacher review required before promotion.	lexical_candidate	candidate_only	pdf	pdf:page=15,section=unit-vocabulary
C1 Vocabulary Pack for CAE	c1-vocabulary-pack-cae	Faint/pass out	Faint			Unit 6 | Health, fitness and our diet	15	registry:c1-vocabulary-pack-cae		Candidate-only lexical evidence; teacher review required before promotion.	lexical_candidate	candidate_only	pdf	pdf:page=15,section=unit-vocabulary
C1 Vocabulary Pack for CAE	c1-vocabulary-pack-cae	Faint/pass out	pass out			Unit 6 | Health, fitness and our diet	15	registry:c1-vocabulary-pack-cae		Candidate-only lexical evidence; teacher review required before promotion.	lexical_candidate	candidate_only	pdf	pdf:page=15,section=unit-vocabulary
C1 Vocabulary Pack for CAE	c1-vocabulary-pack-cae	Handle/deal with/cope with	Handle			Unit 6 | Health, fitness and our diet	15	registry:c1-vocabulary-pack-cae		Candidate-only lexical evidence; teacher review required before promotion.	lexical_candidate	candidate_only	pdf	pdf:page=15,section=unit-vocabulary
C1 Vocabulary Pack for CAE	c1-vocabulary-pack-cae	Handle/deal with/cope with	deal with			Unit 6 | Health, fitness and our diet	15	registry:c1-vocabulary-pack-cae		Candidate-only lexical evidence; teacher review required before promotion.	lexical_candidate	candidate_only	pdf	pdf:page=15,section=unit-vocabulary
C1 Vocabulary Pack for CAE	c1-vocabulary-pack-cae	Handle/deal with/cope with	cope with			Unit 6 | Health, fitness and our diet	15	registry:c1-vocabulary-pack-cae		Candidate-only lexical evidence; teacher review required before promotion.	lexical_candidate	candidate_only	pdf	pdf:page=15,section=unit-vocabulary
C1 Vocabulary Pack for CAE	c1-vocabulary-pack-cae	Care/mind/matter	mind			Unit 6 | Health, fitness and our diet	15	registry:c1-vocabulary-pack-cae		Candidate-only lexical evidence; teacher review required before promotion.	lexical_candidate	candidate_only	pdf	pdf:page=15,section=unit-vocabulary
C1 Vocabulary Pack for CAE	c1-vocabulary-pack-cae	Care/mind/matter	matter			Unit 6 | Health, fitness and our diet	15	registry:c1-vocabulary-pack-cae		Candidate-only lexical evidence; teacher review required before promotion.	lexical_candidate	candidate_only	pdf	pdf:page=15,section=unit-vocabulary
C1 Vocabulary Pack for CAE	c1-vocabulary-pack-cae	Break (a bone)/ bruise/scrape/scratch	Break (a bone)			Unit 6 | Health, fitness and our diet	15	registry:c1-vocabulary-pack-cae		Candidate-only lexical evidence; teacher review required before promotion.	lexical_candidate	candidate_only	pdf	pdf:page=15,section=unit-vocabulary
C1 Vocabulary Pack for CAE	c1-vocabulary-pack-cae	Break (a bone)/ bruise/scrape/scratch	bruise			Unit 6 | Health, fitness and our diet	15	registry:c1-vocabulary-pack-cae		Candidate-only lexical evidence; teacher review required before promotion.	lexical_candidate	candidate_only	pdf	pdf:page=15,section=unit-vocabulary
C1 Vocabulary Pack for CAE	c1-vocabulary-pack-cae	Break (a bone)/ bruise/scrape/scratch	scrape			Unit 6 | Health, fitness and our diet	15	registry:c1-vocabulary-pack-cae		Candidate-only lexical evidence; teacher review required before promotion.	lexical_candidate	candidate_only	pdf	pdf:page=15,section=unit-vocabulary
C1 Vocabulary Pack for CAE	c1-vocabulary-pack-cae	Break (a bone)/ bruise/scrape/scratch	scratch			Unit 6 | Health, fitness and our diet	15	registry:c1-vocabulary-pack-cae		Candidate-only lexical evidence; teacher review required before promotion.	lexical_candidate	candidate_only	pdf	pdf:page=15,section=unit-vocabulary
C1 Vocabulary Pack for CAE	c1-vocabulary-pack-cae	Ligaments/tendons/muscles	Ligaments			Unit 6 | Health, fitness and our diet	15	registry:c1-vocabulary-pack-cae		Candidate-only lexical evidence; teacher review required before promotion.	lexical_candidate	candidate_only	pdf	pdf:page=15,section=unit-vocabulary
C1 Vocabulary Pack for CAE	c1-vocabulary-pack-cae	Ligaments/tendons/muscles	tendons			Unit 6 | Health, fitness and our diet	15	registry:c1-vocabulary-pack-cae		Candidate-only lexical evidence; teacher review required before promotion.	lexical_candidate	candidate_only	pdf	pdf:page=15,section=unit-vocabulary
C1 Vocabulary Pack for CAE	c1-vocabulary-pack-cae	Ligaments/tendons/muscles	muscles			Unit 6 | Health, fitness and our diet	15	registry:c1-vocabulary-pack-cae		Candidate-only lexical evidence; teacher review required before promotion.	lexical_candidate	candidate_only	pdf	pdf:page=15,section=unit-vocabulary
C1 Vocabulary Pack for CAE	c1-vocabulary-pack-cae	Moan/complain	Moan			Unit 6 | Health, fitness and our diet	15	registry:c1-vocabulary-pack-cae		Candidate-only lexical evidence; teacher review required before promotion.	lexical_candidate	candidate_only	pdf	pdf:page=15,section=unit-vocabulary
C1 Vocabulary Pack for CAE	c1-vocabulary-pack-cae	Moan/complain	complain			Unit 6 | Health, fitness and our diet	15	registry:c1-vocabulary-pack-cae		Candidate-only lexical evidence; teacher review required before promotion.	lexical_candidate	candidate_only	pdf	pdf:page=15,section=unit-vocabulary
C1 Vocabulary Pack for CAE	c1-vocabulary-pack-cae	Mock/make fun of	Mock of			Unit 6 | Health, fitness and our diet	15	registry:c1-vocabulary-pack-cae		Candidate-only lexical evidence; teacher review required before promotion.	lexical_candidate	candidate_only	pdf	pdf:page=15,section=unit-vocabulary
C1 Vocabulary Pack for CAE	c1-vocabulary-pack-cae	Mock/make fun of	make fun of			Unit 6 | Health, fitness and our diet	15	registry:c1-vocabulary-pack-cae		Candidate-only lexical evidence; teacher review required before promotion.	lexical_candidate	candidate_only	pdf	pdf:page=15,section=unit-vocabulary
C1 Vocabulary Pack for CAE	c1-vocabulary-pack-cae	Glimpse/glance at/look at	Glimpse			Unit 6 | Health, fitness and our diet	15	registry:c1-vocabulary-pack-cae		Candidate-only lexical evidence; teacher review required before promotion.	lexical_candidate	candidate_only	pdf	pdf:page=15,section=unit-vocabulary
C1 Vocabulary Pack for CAE	c1-vocabulary-pack-cae	Glimpse/glance at/look at	glance at			Unit 6 | Health, fitness and our diet	15	registry:c1-vocabulary-pack-cae		Candidate-only lexical evidence; teacher review required before promotion.	lexical_candidate	candidate_only	pdf	pdf:page=15,section=unit-vocabulary
C1 Vocabulary Pack for CAE	c1-vocabulary-pack-cae	Smirk/smile	Smirk			Unit 6 | Health, fitness and our diet	15	registry:c1-vocabulary-pack-cae		Candidate-only lexical evidence; teacher review required before promotion.	lexical_candidate	candidate_only	pdf	pdf:page=15,section=unit-vocabulary
C1 Vocabulary Pack for CAE	c1-vocabulary-pack-cae	Neglect	Neglect			Unit 6 | Health, fitness and our diet	15	registry:c1-vocabulary-pack-cae		Candidate-only lexical evidence; teacher review required before promotion.	lexical_candidate	candidate_only	pdf	pdf:page=15,section=unit-vocabulary
C1 Vocabulary Pack for CAE	c1-vocabulary-pack-cae	Snap/break/rip/tare	Snap			Unit 6 | Health, fitness and our diet	15	registry:c1-vocabulary-pack-cae		Candidate-only lexical evidence; teacher review required before promotion.	lexical_candidate	candidate_only	pdf	pdf:page=15,section=unit-vocabulary
C1 Vocabulary Pack for CAE	c1-vocabulary-pack-cae	Snap/break/rip/tare	break			Unit 6 | Health, fitness and our diet	15	registry:c1-vocabulary-pack-cae		Candidate-only lexical evidence; teacher review required before promotion.	lexical_candidate	candidate_only	pdf	pdf:page=15,section=unit-vocabulary
C1 Vocabulary Pack for CAE	c1-vocabulary-pack-cae	Snap/break/rip/tare	rip			Unit 6 | Health, fitness and our diet	15	registry:c1-vocabulary-pack-cae		Candidate-only lexical evidence; teacher review required before promotion.	lexical_candidate	candidate_only	pdf	pdf:page=15,section=unit-vocabulary
C1 Vocabulary Pack for CAE	c1-vocabulary-pack-cae	Snap/break/rip/tare	tare			Unit 6 | Health, fitness and our diet	15	registry:c1-vocabulary-pack-cae		Candidate-only lexical evidence; teacher review required before promotion.	lexical_candidate	candidate_only	pdf	pdf:page=15,section=unit-vocabulary
C1 Vocabulary Pack for CAE	c1-vocabulary-pack-cae	Be/stay/keep/get in shape	Be	phrase		Unit 6 | Health, fitness and our diet	15	registry:c1-vocabulary-pack-cae		Candidate-only lexical evidence; teacher review required before promotion.	lexical_candidate	candidate_only	pdf	pdf:page=15,section=word-patterns
C1 Vocabulary Pack for CAE	c1-vocabulary-pack-cae	Be/stay/keep/get in shape	keep	phrase		Unit 6 | Health, fitness and our diet	15	registry:c1-vocabulary-pack-cae		Candidate-only lexical evidence; teacher review required before promotion.	lexical_candidate	candidate_only	pdf	pdf:page=15,section=word-patterns
C1 Vocabulary Pack for CAE	c1-vocabulary-pack-cae	Be/stay/keep/get in shape	get in shape	phrase		Unit 6 | Health, fitness and our diet	15	registry:c1-vocabulary-pack-cae		Candidate-only lexical evidence; teacher review required before promotion.	lexical_candidate	candidate_only	pdf	pdf:page=15,section=word-patterns
C1 Vocabulary Pack for CAE	c1-vocabulary-pack-cae	Be hurt/in pain/injured	Be hurt	phrase		Unit 6 | Health, fitness and our diet	15	registry:c1-vocabulary-pack-cae		Candidate-only lexical evidence; teacher review required before promotion.	lexical_candidate	candidate_only	pdf	pdf:page=15,section=word-patterns
C1 Vocabulary Pack for CAE	c1-vocabulary-pack-cae	Be hurt/in pain/injured	in pain	phrase		Unit 6 | Health, fitness and our diet	15	registry:c1-vocabulary-pack-cae		Candidate-only lexical evidence; teacher review required before promotion.	lexical_candidate	candidate_only	pdf	pdf:page=15,section=word-patterns
C1 Vocabulary Pack for CAE	c1-vocabulary-pack-cae	Be hurt/in pain/injured	injured	phrase		Unit 6 | Health, fitness and our diet	15	registry:c1-vocabulary-pack-cae		Candidate-only lexical evidence; teacher review required before promotion.	lexical_candidate	candidate_only	pdf	pdf:page=15,section=word-patterns
C1 Vocabulary Pack for CAE	c1-vocabulary-pack-cae	Complain of/about	Complain of	phrase		Unit 6 | Health, fitness and our diet	15	registry:c1-vocabulary-pack-cae		Candidate-only lexical evidence; teacher review required before promotion.	lexical_candidate	candidate_only	pdf	pdf:page=15,section=word-patterns
C1 Vocabulary Pack for CAE	c1-vocabulary-pack-cae	Be in the act of	Be in the act of	phrase		Unit 6 | Health, fitness and our diet	15	registry:c1-vocabulary-pack-cae		Candidate-only lexical evidence; teacher review required before promotion.	lexical_candidate	candidate_only	pdf	pdf:page=15,section=word-patterns
C1 Vocabulary Pack for CAE	c1-vocabulary-pack-cae	Worry about/concern about	Worry about	phrase		Unit 6 | Health, fitness and our diet	15	registry:c1-vocabulary-pack-cae		Candidate-only lexical evidence; teacher review required before promotion.	lexical_candidate	candidate_only	pdf	pdf:page=15,section=word-patterns
C1 Vocabulary Pack for CAE	c1-vocabulary-pack-cae	Worry about/concern about	concern about	phrase		Unit 6 | Health, fitness and our diet	15	registry:c1-vocabulary-pack-cae		Candidate-only lexical evidence; teacher review required before promotion.	lexical_candidate	candidate_only	pdf	pdf:page=15,section=word-patterns
C1 Vocabulary Pack for CAE	c1-vocabulary-pack-cae	Be tired of/Be sick of/Be bored of	Be tired of	phrase		Unit 6 | Health, fitness and our diet	15	registry:c1-vocabulary-pack-cae		Candidate-only lexical evidence; teacher review required before promotion.	lexical_candidate	candidate_only	pdf	pdf:page=15,section=word-patterns
C1 Vocabulary Pack for CAE	c1-vocabulary-pack-cae	Be tired of/Be sick of/Be bored of	Be sick of	phrase		Unit 6 | Health, fitness and our diet	15	registry:c1-vocabulary-pack-cae		Candidate-only lexical evidence; teacher review required before promotion.	lexical_candidate	candidate_only	pdf	pdf:page=15,section=word-patterns
C1 Vocabulary Pack for CAE	c1-vocabulary-pack-cae	Be tired of/Be sick of/Be bored of	Be bored of	phrase		Unit 6 | Health, fitness and our diet	15	registry:c1-vocabulary-pack-cae		Candidate-only lexical evidence; teacher review required before promotion.	lexical_candidate	candidate_only	pdf	pdf:page=15,section=word-patterns
C1 Vocabulary Pack for CAE	c1-vocabulary-pack-cae	Be in danger of	Be in danger of	phrase		Unit 6 | Health, fitness and our diet	15	registry:c1-vocabulary-pack-cae		Candidate-only lexical evidence; teacher review required before promotion.	lexical_candidate	candidate_only	pdf	pdf:page=15,section=word-patterns
C1 Vocabulary Pack for CAE	c1-vocabulary-pack-cae	Benefit from	Benefit from	phrase		Unit 6 | Health, fitness and our diet	15	registry:c1-vocabulary-pack-cae		Candidate-only lexical evidence; teacher review required before promotion.	lexical_candidate	candidate_only	pdf	pdf:page=15,section=word-patterns
C1 Vocabulary Pack for CAE	c1-vocabulary-pack-cae	Suffer from	Suffer from	phrase		Unit 6 | Health, fitness and our diet	15	registry:c1-vocabulary-pack-cae		Candidate-only lexical evidence; teacher review required before promotion.	lexical_candidate	candidate_only	pdf	pdf:page=15,section=word-patterns
C1 Vocabulary Pack for CAE	c1-vocabulary-pack-cae	Be worth (ing)	Be worth (ing)	phrase		Unit 6 | Health, fitness and our diet	15	registry:c1-vocabulary-pack-cae		Candidate-only lexical evidence; teacher review required before promotion.	lexical_candidate	candidate_only	pdf	pdf:page=15,section=word-patterns
C1 Vocabulary Pack for CAE	c1-vocabulary-pack-cae	In need of sth	In need of sth	phrase		Unit 6 | Health, fitness and our diet	15	registry:c1-vocabulary-pack-cae		Candidate-only lexical evidence; teacher review required before promotion.	lexical_candidate	candidate_only	pdf	pdf:page=15,section=word-patterns
C1 Vocabulary Pack for CAE	c1-vocabulary-pack-cae	Exposure to	Exposure to	phrase		Unit 6 | Health, fitness and our diet	15	registry:c1-vocabulary-pack-cae		Candidate-only lexical evidence; teacher review required before promotion.	lexical_candidate	candidate_only	pdf	pdf:page=15,section=word-patterns
C1 Vocabulary Pack for CAE	c1-vocabulary-pack-cae	Be prone to sth	Be prone to sth	phrase		Unit 6 | Health, fitness and our diet	15	registry:c1-vocabulary-pack-cae		Candidate-only lexical evidence; teacher review required before promotion.	lexical_candidate	candidate_only	pdf	pdf:page=15,section=word-patterns
C1 Vocabulary Pack for CAE	c1-vocabulary-pack-cae	The advantage/disadvantage of sth	The advantage	phrase		Unit 6 | Health, fitness and our diet	15	registry:c1-vocabulary-pack-cae		Candidate-only lexical evidence; teacher review required before promotion.	lexical_candidate	candidate_only	pdf	pdf:page=15,section=word-patterns
C1 Vocabulary Pack for CAE	c1-vocabulary-pack-cae	The advantage/disadvantage of sth	disadvantage of sth	phrase		Unit 6 | Health, fitness and our diet	15	registry:c1-vocabulary-pack-cae		Candidate-only lexical evidence; teacher review required before promotion.	lexical_candidate	candidate_only	pdf	pdf:page=15,section=word-patterns
C1 Vocabulary Pack for CAE	c1-vocabulary-pack-cae	The benefit/drawback of	The benefit of	phrase		Unit 6 | Health, fitness and our diet	15	registry:c1-vocabulary-pack-cae		Candidate-only lexical evidence; teacher review required before promotion.	lexical_candidate	candidate_only	pdf	pdf:page=15,section=word-patterns
C1 Vocabulary Pack for CAE	c1-vocabulary-pack-cae	The benefit/drawback of	drawback of	phrase		Unit 6 | Health, fitness and our diet	15	registry:c1-vocabulary-pack-cae		Candidate-only lexical evidence; teacher review required before promotion.	lexical_candidate	candidate_only	pdf	pdf:page=15,section=word-patterns
C1 Vocabulary Pack for CAE	c1-vocabulary-pack-cae	Cry with	Cry with	phrase		Unit 6 | Health, fitness and our diet	15	registry:c1-vocabulary-pack-cae		Candidate-only lexical evidence; teacher review required before promotion.	lexical_candidate	candidate_only	pdf	pdf:page=15,section=word-patterns
C1 Vocabulary Pack for CAE	c1-vocabulary-pack-cae	Advise/warn about	Advise about	phrase		Unit 6 | Health, fitness and our diet	15	registry:c1-vocabulary-pack-cae		Candidate-only lexical evidence; teacher review required before promotion.	lexical_candidate	candidate_only	pdf	pdf:page=15,section=word-patterns
C1 Vocabulary Pack for CAE	c1-vocabulary-pack-cae	Advise/warn about	warn about	phrase		Unit 6 | Health, fitness and our diet	15	registry:c1-vocabulary-pack-cae		Candidate-only lexical evidence; teacher review required before promotion.	lexical_candidate	candidate_only	pdf	pdf:page=15,section=word-patterns
C1 Vocabulary Pack for CAE	c1-vocabulary-pack-cae	Be at risk	Be at risk	phrase		Unit 6 | Health, fitness and our diet	15	registry:c1-vocabulary-pack-cae		Candidate-only lexical evidence; teacher review required before promotion.	lexical_candidate	candidate_only	pdf	pdf:page=15,section=word-patterns
C1 Vocabulary Pack for CAE	c1-vocabulary-pack-cae	A far cry from	A far cry from	phrase		Unit 6 | Health, fitness and our diet	15	registry:c1-vocabulary-pack-cae		Candidate-only lexical evidence; teacher review required before promotion.	lexical_candidate	candidate_only	pdf	pdf:page=15,section=word-patterns
C1 Vocabulary Pack for CAE	c1-vocabulary-pack-cae	Feel up (to)	Feel up (to)	phrasal verb		Unit 6 | Health, fitness and our diet	15	registry:c1-vocabulary-pack-cae		Candidate-only lexical evidence; teacher review required before promotion.	lexical_candidate	candidate_only	pdf	pdf:page=15,section=phrasal-verbs
C1 Vocabulary Pack for CAE	c1-vocabulary-pack-cae	Cut down (on)	Cut down (on)	phrasal verb		Unit 6 | Health, fitness and our diet	15	registry:c1-vocabulary-pack-cae		Candidate-only lexical evidence; teacher review required before promotion.	lexical_candidate	candidate_only	pdf	pdf:page=15,section=phrasal-verbs
C1 Vocabulary Pack for CAE	c1-vocabulary-pack-cae	Look after	Look after	phrasal verb		Unit 6 | Health, fitness and our diet	15	registry:c1-vocabulary-pack-cae		Candidate-only lexical evidence; teacher review required before promotion.	lexical_candidate	candidate_only	pdf	pdf:page=15,section=phrasal-verbs
C1 Vocabulary Pack for CAE	c1-vocabulary-pack-cae	Put on	Put on	phrasal verb		Unit 6 | Health, fitness and our diet	15	registry:c1-vocabulary-pack-cae		Candidate-only lexical evidence; teacher review required before promotion.	lexical_candidate	candidate_only	pdf	pdf:page=15,section=phrasal-verbs
C1 Vocabulary Pack for CAE	c1-vocabulary-pack-cae	Play up	Play up	phrasal verb		Unit 6 | Health, fitness and our diet	15	registry:c1-vocabulary-pack-cae		Candidate-only lexical evidence; teacher review required before promotion.	lexical_candidate	candidate_only	pdf	pdf:page=15,section=phrasal-verbs
C1 Vocabulary Pack for CAE	c1-vocabulary-pack-cae	Bring on	Bring on	phrasal verb		Unit 6 | Health, fitness and our diet	15	registry:c1-vocabulary-pack-cae		Candidate-only lexical evidence; teacher review required before promotion.	lexical_candidate	candidate_only	pdf	pdf:page=15,section=phrasal-verbs
C1 Vocabulary Pack for CAE	c1-vocabulary-pack-cae	Exhaust – exhausted, exhausting, exhaustion	Exhaust			Unit 6 | Health, fitness and our diet	15	registry:c1-vocabulary-pack-cae		Candidate-only lexical evidence; teacher review required before promotion.	lexical_candidate	candidate_only	pdf	pdf:page=15,section=word-formation
C1 Vocabulary Pack for CAE	c1-vocabulary-pack-cae	Exhaust – exhausted, exhausting, exhaustion	exhausted			Unit 6 | Health, fitness and our diet	15	registry:c1-vocabulary-pack-cae		Candidate-only lexical evidence; teacher review required before promotion.	lexical_candidate	candidate_only	pdf	pdf:page=15,section=word-formation
C1 Vocabulary Pack for CAE	c1-vocabulary-pack-cae	Exhaust – exhausted, exhausting, exhaustion	exhausting			Unit 6 | Health, fitness and our diet	15	registry:c1-vocabulary-pack-cae		Candidate-only lexical evidence; teacher review required before promotion.	lexical_candidate	candidate_only	pdf	pdf:page=15,section=word-formation
C1 Vocabulary Pack for CAE	c1-vocabulary-pack-cae	Tire – tired, tiring, tiresome	Tire			Unit 6 | Health, fitness and our diet	15	registry:c1-vocabulary-pack-cae		Candidate-only lexical evidence; teacher review required before promotion.	lexical_candidate	candidate_only	pdf	pdf:page=15,section=word-formation
C1 Vocabulary Pack for CAE	c1-vocabulary-pack-cae	Tire – tired, tiring, tiresome	tired			Unit 6 | Health, fitness and our diet	15	registry:c1-vocabulary-pack-cae		Candidate-only lexical evidence; teacher review required before promotion.	lexical_candidate	candidate_only	pdf	pdf:page=15,section=word-formation
C1 Vocabulary Pack for CAE	c1-vocabulary-pack-cae	Tire – tired, tiring, tiresome	tiring			Unit 6 | Health, fitness and our diet	15	registry:c1-vocabulary-pack-cae		Candidate-only lexical evidence; teacher review required before promotion.	lexical_candidate	candidate_only	pdf	pdf:page=15,section=word-formation
C1 Vocabulary Pack for CAE	c1-vocabulary-pack-cae	Tire – tired, tiring, tiresome	tiresome			Unit 6 | Health, fitness and our diet	15	registry:c1-vocabulary-pack-cae		Candidate-only lexical evidence; teacher review required before promotion.	lexical_candidate	candidate_only	pdf	pdf:page=15,section=word-formation
C1 Vocabulary Pack for CAE	c1-vocabulary-pack-cae	Aware – awareness, unaware	Aware			Unit 6 | Health, fitness and our diet	15	registry:c1-vocabulary-pack-cae		Candidate-only lexical evidence; teacher review required before promotion.	lexical_candidate	candidate_only	pdf	pdf:page=15,section=word-formation
C1 Vocabulary Pack for CAE	c1-vocabulary-pack-cae	Aware – awareness, unaware	awareness			Unit 6 | Health, fitness and our diet	15	registry:c1-vocabulary-pack-cae		Candidate-only lexical evidence; teacher review required before promotion.	lexical_candidate	candidate_only	pdf	pdf:page=15,section=word-formation
C1 Vocabulary Pack for CAE	c1-vocabulary-pack-cae	Aware – awareness, unaware	unaware			Unit 6 | Health, fitness and our diet	15	registry:c1-vocabulary-pack-cae		Candidate-only lexical evidence; teacher review required before promotion.	lexical_candidate	candidate_only	pdf	pdf:page=15,section=word-formation
C1 Vocabulary Pack for CAE	c1-vocabulary-pack-cae	Prepare – preparation, prepared	Prepare			Unit 6 | Health, fitness and our diet	15	registry:c1-vocabulary-pack-cae		Candidate-only lexical evidence; teacher review required before promotion.	lexical_candidate	candidate_only	pdf	pdf:page=15,section=word-formation
C1 Vocabulary Pack for CAE	c1-vocabulary-pack-cae	Prepare – preparation, prepared	preparation			Unit 6 | Health, fitness and our diet	15	registry:c1-vocabulary-pack-cae		Candidate-only lexical evidence; teacher review required before promotion.	lexical_candidate	candidate_only	pdf	pdf:page=15,section=word-formation
C1 Vocabulary Pack for CAE	c1-vocabulary-pack-cae	Prepare – preparation, prepared	prepared			Unit 6 | Health, fitness and our diet	15	registry:c1-vocabulary-pack-cae		Candidate-only lexical evidence; teacher review required before promotion.	lexical_candidate	candidate_only	pdf	pdf:page=15,section=word-formation
C1 Vocabulary Pack for CAE	c1-vocabulary-pack-cae	Recover – recovery	recovery			Unit 6 | Health, fitness and our diet	15	registry:c1-vocabulary-pack-cae		Candidate-only lexical evidence; teacher review required before promotion.	lexical_candidate	candidate_only	pdf	pdf:page=15,section=word-formation
C1 Vocabulary Pack for CAE	c1-vocabulary-pack-cae	Heath – healthy, unhealthy, healthily	Heath			Unit 6 | Health, fitness and our diet	15	registry:c1-vocabulary-pack-cae		Candidate-only lexical evidence; teacher review required before promotion.	lexical_candidate	candidate_only	pdf	pdf:page=15,section=word-formation
C1 Vocabulary Pack for CAE	c1-vocabulary-pack-cae	Heath – healthy, unhealthy, healthily	unhealthy			Unit 6 | Health, fitness and our diet	15	registry:c1-vocabulary-pack-cae		Candidate-only lexical evidence; teacher review required before promotion.	lexical_candidate	candidate_only	pdf	pdf:page=15,section=word-formation
C1 Vocabulary Pack for CAE	c1-vocabulary-pack-cae	Heath – healthy, unhealthy, healthily	healthily			Unit 6 | Health, fitness and our diet	15	registry:c1-vocabulary-pack-cae		Candidate-only lexical evidence; teacher review required before promotion.	lexical_candidate	candidate_only	pdf	pdf:page=15,section=word-formation
C1 Vocabulary Pack for CAE	c1-vocabulary-pack-cae	Injure – injured, injury	injury			Unit 6 | Health, fitness and our diet	15	registry:c1-vocabulary-pack-cae		Candidate-only lexical evidence; teacher review required before promotion.	lexical_candidate	candidate_only	pdf	pdf:page=15,section=word-formation
C1 Vocabulary Pack for CAE	c1-vocabulary-pack-cae	Pain – painful, painless	painful			Unit 6 | Health, fitness and our diet	15	registry:c1-vocabulary-pack-cae		Candidate-only lexical evidence; teacher review required before promotion.	lexical_candidate	candidate_only	pdf	pdf:page=15,section=word-formation
C1 Vocabulary Pack for CAE	c1-vocabulary-pack-cae	Pain – painful, painless	painless			Unit 6 | Health, fitness and our diet	15	registry:c1-vocabulary-pack-cae		Candidate-only lexical evidence; teacher review required before promotion.	lexical_candidate	candidate_only	pdf	pdf:page=15,section=word-formation
C1 Vocabulary Pack for CAE	c1-vocabulary-pack-cae	Suffer – suffering	Suffer			Unit 6 | Health, fitness and our diet	15	registry:c1-vocabulary-pack-cae		Candidate-only lexical evidence; teacher review required before promotion.	lexical_candidate	candidate_only	pdf	pdf:page=15,section=word-formation
C1 Vocabulary Pack for CAE	c1-vocabulary-pack-cae	Suffer – suffering	suffering			Unit 6 | Health, fitness and our diet	15	registry:c1-vocabulary-pack-cae		Candidate-only lexical evidence; teacher review required before promotion.	lexical_candidate	candidate_only	pdf	pdf:page=15,section=word-formation
C1 Vocabulary Pack for CAE	c1-vocabulary-pack-cae	Bore – boredom, boring, bored	Bore			Unit 6 | Health, fitness and our diet	15	registry:c1-vocabulary-pack-cae		Candidate-only lexical evidence; teacher review required before promotion.	lexical_candidate	candidate_only	pdf	pdf:page=15,section=word-formation
C1 Vocabulary Pack for CAE	c1-vocabulary-pack-cae	Bore – boredom, boring, bored	boredom			Unit 6 | Health, fitness and our diet	15	registry:c1-vocabulary-pack-cae		Candidate-only lexical evidence; teacher review required before promotion.	lexical_candidate	candidate_only	pdf	pdf:page=15,section=word-formation
C1 Vocabulary Pack for CAE	c1-vocabulary-pack-cae	Bore – boredom, boring, bored	boring			Unit 6 | Health, fitness and our diet	15	registry:c1-vocabulary-pack-cae		Candidate-only lexical evidence; teacher review required before promotion.	lexical_candidate	candidate_only	pdf	pdf:page=15,section=word-formation
C1 Vocabulary Pack for CAE	c1-vocabulary-pack-cae	Bore – boredom, boring, bored	bored			Unit 6 | Health, fitness and our diet	15	registry:c1-vocabulary-pack-cae		Candidate-only lexical evidence; teacher review required before promotion.	lexical_candidate	candidate_only	pdf	pdf:page=15,section=word-formation
C1 Vocabulary Pack for CAE	c1-vocabulary-pack-cae	Complain – complaint	complaint			Unit 6 | Health, fitness and our diet	15	registry:c1-vocabulary-pack-cae		Candidate-only lexical evidence; teacher review required before promotion.	lexical_candidate	candidate_only	pdf	pdf:page=15,section=word-formation
C1 Vocabulary Pack for CAE	c1-vocabulary-pack-cae	Warm up	Warm up	phrasal verb		Unit 6 | Health, fitness and our diet	16	registry:c1-vocabulary-pack-cae		Candidate-only lexical evidence; teacher review required before promotion.	lexical_candidate	candidate_only	pdf	pdf:page=16,section=phrasal-verbs
C1 Vocabulary Pack for CAE	c1-vocabulary-pack-cae	Swell up	Swell up	phrasal verb		Unit 6 | Health, fitness and our diet	16	registry:c1-vocabulary-pack-cae		Candidate-only lexical evidence; teacher review required before promotion.	lexical_candidate	candidate_only	pdf	pdf:page=16,section=phrasal-verbs
C1 Vocabulary Pack for CAE	c1-vocabulary-pack-cae	Get rid of	Get rid of	phrasal verb		Unit 6 | Health, fitness and our diet	16	registry:c1-vocabulary-pack-cae		Candidate-only lexical evidence; teacher review required before promotion.	lexical_candidate	candidate_only	pdf	pdf:page=16,section=phrasal-verbs
C1 Vocabulary Pack for CAE	c1-vocabulary-pack-cae	Pull through	Pull through	phrasal verb		Unit 6 | Health, fitness and our diet	16	registry:c1-vocabulary-pack-cae		Candidate-only lexical evidence; teacher review required before promotion.	lexical_candidate	candidate_only	pdf	pdf:page=16,section=phrasal-verbs
C1 Vocabulary Pack for CAE	c1-vocabulary-pack-cae	Pass away	Pass away	phrasal verb		Unit 6 | Health, fitness and our diet	16	registry:c1-vocabulary-pack-cae		Candidate-only lexical evidence; teacher review required before promotion.	lexical_candidate	candidate_only	pdf	pdf:page=16,section=phrasal-verbs
C1 Vocabulary Pack for CAE	c1-vocabulary-pack-cae	Sign up for	Sign up for	phrasal verb		Unit 6 | Health, fitness and our diet	16	registry:c1-vocabulary-pack-cae		Candidate-only lexical evidence; teacher review required before promotion.	lexical_candidate	candidate_only	pdf	pdf:page=16,section=phrasal-verbs
C1 Vocabulary Pack for CAE	c1-vocabulary-pack-cae	Sick – sickness	sickness			Unit 6 | Health, fitness and our diet	16	registry:c1-vocabulary-pack-cae		Candidate-only lexical evidence; teacher review required before promotion.	lexical_candidate	candidate_only	pdf	pdf:page=16,section=word-formation
C1 Vocabulary Pack for CAE	c1-vocabulary-pack-cae	Train – training, trained	training			Unit 6 | Health, fitness and our diet	16	registry:c1-vocabulary-pack-cae		Candidate-only lexical evidence; teacher review required before promotion.	lexical_candidate	candidate_only	pdf	pdf:page=16,section=word-formation
C1 Vocabulary Pack for CAE	c1-vocabulary-pack-cae	Train – training, trained	trained			Unit 6 | Health, fitness and our diet	16	registry:c1-vocabulary-pack-cae		Candidate-only lexical evidence; teacher review required before promotion.	lexical_candidate	candidate_only	pdf	pdf:page=16,section=word-formation
C1 Vocabulary Pack for CAE	c1-vocabulary-pack-cae	Swell – swelling	Swell			Unit 6 | Health, fitness and our diet	16	registry:c1-vocabulary-pack-cae		Candidate-only lexical evidence; teacher review required before promotion.	lexical_candidate	candidate_only	pdf	pdf:page=16,section=word-formation
C1 Vocabulary Pack for CAE	c1-vocabulary-pack-cae	Swell – swelling	swelling			Unit 6 | Health, fitness and our diet	16	registry:c1-vocabulary-pack-cae		Candidate-only lexical evidence; teacher review required before promotion.	lexical_candidate	candidate_only	pdf	pdf:page=16,section=word-formation
C1 Vocabulary Pack for CAE	c1-vocabulary-pack-cae	Like – likely, likeliness	likely			Unit 6 | Health, fitness and our diet	16	registry:c1-vocabulary-pack-cae		Candidate-only lexical evidence; teacher review required before promotion.	lexical_candidate	candidate_only	pdf	pdf:page=16,section=word-formation
C1 Vocabulary Pack for CAE	c1-vocabulary-pack-cae	Like – likely, likeliness	likeliness			Unit 6 | Health, fitness and our diet	16	registry:c1-vocabulary-pack-cae		Candidate-only lexical evidence; teacher review required before promotion.	lexical_candidate	candidate_only	pdf	pdf:page=16,section=word-formation
C1 Vocabulary Pack for CAE	c1-vocabulary-pack-cae	Act – action	Act			Unit 6 | Health, fitness and our diet	16	registry:c1-vocabulary-pack-cae		Candidate-only lexical evidence; teacher review required before promotion.	lexical_candidate	candidate_only	pdf	pdf:page=16,section=word-formation
C1 Vocabulary Pack for CAE	c1-vocabulary-pack-cae	Act – action	action			Unit 6 | Health, fitness and our diet	16	registry:c1-vocabulary-pack-cae		Candidate-only lexical evidence; teacher review required before promotion.	lexical_candidate	candidate_only	pdf	pdf:page=16,section=word-formation
C1 Vocabulary Pack for CAE	c1-vocabulary-pack-cae	Risk - risky	Risk			Unit 6 | Health, fitness and our diet	16	registry:c1-vocabulary-pack-cae		Candidate-only lexical evidence; teacher review required before promotion.	lexical_candidate	candidate_only	pdf	pdf:page=16,section=word-formation
C1 Vocabulary Pack for CAE	c1-vocabulary-pack-cae	Risk - risky	risky			Unit 6 | Health, fitness and our diet	16	registry:c1-vocabulary-pack-cae		Candidate-only lexical evidence; teacher review required before promotion.	lexical_candidate	candidate_only	pdf	pdf:page=16,section=word-formation
C1 Vocabulary Pack for CAE	c1-vocabulary-pack-cae	As far as I know	As far as I know	phrase		Unit 6 | Health, fitness and our diet	16	registry:c1-vocabulary-pack-cae		Candidate-only lexical evidence; teacher review required before promotion.	lexical_candidate	candidate_only	pdf	pdf:page=16,section=fixed-phrases
C1 Vocabulary Pack for CAE	c1-vocabulary-pack-cae	Likely to result in	Likely to result in	phrase		Unit 6 | Health, fitness and our diet	16	registry:c1-vocabulary-pack-cae		Candidate-only lexical evidence; teacher review required before promotion.	lexical_candidate	candidate_only	pdf	pdf:page=16,section=fixed-phrases
C1 Vocabulary Pack for CAE	c1-vocabulary-pack-cae	Take care	Take care	phrase		Unit 6 | Health, fitness and our diet	16	registry:c1-vocabulary-pack-cae		Candidate-only lexical evidence; teacher review required before promotion.	lexical_candidate	candidate_only	pdf	pdf:page=16,section=fixed-phrases
C1 Vocabulary Pack for CAE	c1-vocabulary-pack-cae	As (one) can imagine	As (one) can imagine	phrase		Unit 6 | Health, fitness and our diet	16	registry:c1-vocabulary-pack-cae		Candidate-only lexical evidence; teacher review required before promotion.	lexical_candidate	candidate_only	pdf	pdf:page=16,section=fixed-phrases
C1 Vocabulary Pack for CAE	c1-vocabulary-pack-cae	Be somewhat sth	Be somewhat sth	phrase		Unit 6 | Health, fitness and our diet	16	registry:c1-vocabulary-pack-cae		Candidate-only lexical evidence; teacher review required before promotion.	lexical_candidate	candidate_only	pdf	pdf:page=16,section=fixed-phrases
C1 Vocabulary Pack for CAE	c1-vocabulary-pack-cae	Go dead/numb	Go dead	phrase		Unit 6 | Health, fitness and our diet	16	registry:c1-vocabulary-pack-cae		Candidate-only lexical evidence; teacher review required before promotion.	lexical_candidate	candidate_only	pdf	pdf:page=16,section=fixed-phrases
C1 Vocabulary Pack for CAE	c1-vocabulary-pack-cae	Go dead/numb	Go numb	phrase		Unit 6 | Health, fitness and our diet	16	registry:c1-vocabulary-pack-cae		Candidate-only lexical evidence; teacher review required before promotion.	lexical_candidate	candidate_only	pdf	pdf:page=16,section=fixed-phrases
C1 Vocabulary Pack for CAE	c1-vocabulary-pack-cae	as though/if	as though	phrase		Unit 6 | Health, fitness and our diet	16	registry:c1-vocabulary-pack-cae		Candidate-only lexical evidence; teacher review required before promotion.	lexical_candidate	candidate_only	pdf	pdf:page=16,section=fixed-phrases
C1 Vocabulary Pack for CAE	c1-vocabulary-pack-cae	as though/if	if	phrase		Unit 6 | Health, fitness and our diet	16	registry:c1-vocabulary-pack-cae		Candidate-only lexical evidence; teacher review required before promotion.	lexical_candidate	candidate_only	pdf	pdf:page=16,section=fixed-phrases
C1 Vocabulary Pack for CAE	c1-vocabulary-pack-cae	Get your heart pumping	Get your heart pumping	idiom		Unit 6 | Health, fitness and our diet	16	registry:c1-vocabulary-pack-cae		Candidate-only lexical evidence; teacher review required before promotion.	lexical_candidate	candidate_only	pdf	pdf:page=16,section=idioms
C1 Vocabulary Pack for CAE	c1-vocabulary-pack-cae	Push yourself	Push yourself	idiom		Unit 6 | Health, fitness and our diet	16	registry:c1-vocabulary-pack-cae		Candidate-only lexical evidence; teacher review required before promotion.	lexical_candidate	candidate_only	pdf	pdf:page=16,section=idioms
C1 Vocabulary Pack for CAE	c1-vocabulary-pack-cae	Risk life and limb	Risk life and limb	idiom		Unit 6 | Health, fitness and our diet	16	registry:c1-vocabulary-pack-cae		Candidate-only lexical evidence; teacher review required before promotion.	lexical_candidate	candidate_only	pdf	pdf:page=16,section=idioms
C1 Vocabulary Pack for CAE	c1-vocabulary-pack-cae	Give someone a taste of their own medicine	Give someone a taste of their own medicine	idiom		Unit 6 | Health, fitness and our diet	16	registry:c1-vocabulary-pack-cae		Candidate-only lexical evidence; teacher review required before promotion.	lexical_candidate	candidate_only	pdf	pdf:page=16,section=idioms
C1 Vocabulary Pack for CAE	c1-vocabulary-pack-cae	Keep a straight face	Keep a straight face	idiom		Unit 6 | Health, fitness and our diet	16	registry:c1-vocabulary-pack-cae		Candidate-only lexical evidence; teacher review required before promotion.	lexical_candidate	candidate_only	pdf	pdf:page=16,section=idioms
C1 Vocabulary Pack for CAE	c1-vocabulary-pack-cae	Keep your hair on	Keep your hair on	idiom		Unit 6 | Health, fitness and our diet	16	registry:c1-vocabulary-pack-cae		Candidate-only lexical evidence; teacher review required before promotion.	lexical_candidate	candidate_only	pdf	pdf:page=16,section=idioms
C1 Vocabulary Pack for CAE	c1-vocabulary-pack-cae	Never look a gift horse in the mouth	Never look a gift horse in the mouth	idiom		Unit 6 | Health, fitness and our diet	16	registry:c1-vocabulary-pack-cae		Candidate-only lexical evidence; teacher review required before promotion.	lexical_candidate	candidate_only	pdf	pdf:page=16,section=idioms
C1 Vocabulary Pack for CAE	c1-vocabulary-pack-cae	Grin and bear it	Grin and bear it	idiom		Unit 6 | Health, fitness and our diet	16	registry:c1-vocabulary-pack-cae		Candidate-only lexical evidence; teacher review required before promotion.	lexical_candidate	candidate_only	pdf	pdf:page=16,section=idioms
C1 Vocabulary Pack for CAE	c1-vocabulary-pack-cae	Take with a pinch of salt	Take with a pinch of salt	idiom		Unit 6 | Health, fitness and our diet	16	registry:c1-vocabulary-pack-cae		Candidate-only lexical evidence; teacher review required before promotion.	lexical_candidate	candidate_only	pdf	pdf:page=16,section=idioms
C1 Vocabulary Pack for CAE	c1-vocabulary-pack-cae	Be a piece of cake	Be a piece of cake	idiom		Unit 6 | Health, fitness and our diet	16	registry:c1-vocabulary-pack-cae		Candidate-only lexical evidence; teacher review required before promotion.	lexical_candidate	candidate_only	pdf	pdf:page=16,section=idioms
C1 Vocabulary Pack for CAE	c1-vocabulary-pack-cae	Be tough to swallow	Be tough to swallow	idiom		Unit 6 | Health, fitness and our diet	16	registry:c1-vocabulary-pack-cae		Candidate-only lexical evidence; teacher review required before promotion.	lexical_candidate	candidate_only	pdf	pdf:page=16,section=idioms
C1 Vocabulary Pack for CAE	c1-vocabulary-pack-cae	Give someone a taste of	Give someone a taste of	idiom		Unit 6 | Health, fitness and our diet	16	registry:c1-vocabulary-pack-cae		Candidate-only lexical evidence; teacher review required before promotion.	lexical_candidate	candidate_only	pdf	pdf:page=16,section=idioms
C1 Vocabulary Pack for CAE	c1-vocabulary-pack-cae	Take the biscuit	Take the biscuit	idiom		Unit 6 | Health, fitness and our diet	16	registry:c1-vocabulary-pack-cae		Candidate-only lexical evidence; teacher review required before promotion.	lexical_candidate	candidate_only	pdf	pdf:page=16,section=idioms
C1 Vocabulary Pack for CAE	c1-vocabulary-pack-cae	Be as easy as pie	Be as easy as pie	idiom		Unit 6 | Health, fitness and our diet	16	registry:c1-vocabulary-pack-cae		Candidate-only lexical evidence; teacher review required before promotion.	lexical_candidate	candidate_only	pdf	pdf:page=16,section=idioms
C1 Vocabulary Pack for CAE	c1-vocabulary-pack-cae	Spill the beans	Spill the beans	idiom		Unit 6 | Health, fitness and our diet	16	registry:c1-vocabulary-pack-cae		Candidate-only lexical evidence; teacher review required before promotion.	lexical_candidate	candidate_only	pdf	pdf:page=16,section=idioms
C1 Vocabulary Pack for CAE	c1-vocabulary-pack-cae	Pig out	Pig out	idiom		Unit 6 | Health, fitness and our diet	16	registry:c1-vocabulary-pack-cae		Candidate-only lexical evidence; teacher review required before promotion.	lexical_candidate	candidate_only	pdf	pdf:page=16,section=idioms
C1 Vocabulary Pack for CAE	c1-vocabulary-pack-cae	Cry over spilt milk	Cry over spilt milk	idiom		Unit 6 | Health, fitness and our diet	16	registry:c1-vocabulary-pack-cae		Candidate-only lexical evidence; teacher review required before promotion.	lexical_candidate	candidate_only	pdf	pdf:page=16,section=idioms
C1 Vocabulary Pack for CAE	c1-vocabulary-pack-cae	Recycle/reuse	Recycle			Unit 7 | The natural environment	17	registry:c1-vocabulary-pack-cae		Candidate-only lexical evidence; teacher review required before promotion.	lexical_candidate	candidate_only	pdf	pdf:page=17,section=unit-vocabulary
C1 Vocabulary Pack for CAE	c1-vocabulary-pack-cae	Recycle/reuse	reuse			Unit 7 | The natural environment	17	registry:c1-vocabulary-pack-cae		Candidate-only lexical evidence; teacher review required before promotion.	lexical_candidate	candidate_only	pdf	pdf:page=17,section=unit-vocabulary
C1 Vocabulary Pack for CAE	c1-vocabulary-pack-cae	Rubbish/trash/waste/refuse/litter/garbage	Rubbish			Unit 7 | The natural environment	17	registry:c1-vocabulary-pack-cae		Candidate-only lexical evidence; teacher review required before promotion.	lexical_candidate	candidate_only	pdf	pdf:page=17,section=unit-vocabulary
C1 Vocabulary Pack for CAE	c1-vocabulary-pack-cae	Rubbish/trash/waste/refuse/litter/garbage	trash			Unit 7 | The natural environment	17	registry:c1-vocabulary-pack-cae		Candidate-only lexical evidence; teacher review required before promotion.	lexical_candidate	candidate_only	pdf	pdf:page=17,section=unit-vocabulary
C1 Vocabulary Pack for CAE	c1-vocabulary-pack-cae	Rubbish/trash/waste/refuse/litter/garbage	refuse			Unit 7 | The natural environment	17	registry:c1-vocabulary-pack-cae		Candidate-only lexical evidence; teacher review required before promotion.	lexical_candidate	candidate_only	pdf	pdf:page=17,section=unit-vocabulary
C1 Vocabulary Pack for CAE	c1-vocabulary-pack-cae	Rubbish/trash/waste/refuse/litter/garbage	litter			Unit 7 | The natural environment	17	registry:c1-vocabulary-pack-cae		Candidate-only lexical evidence; teacher review required before promotion.	lexical_candidate	candidate_only	pdf	pdf:page=17,section=unit-vocabulary
C1 Vocabulary Pack for CAE	c1-vocabulary-pack-cae	Rubbish/trash/waste/refuse/litter/garbage	garbage			Unit 7 | The natural environment	17	registry:c1-vocabulary-pack-cae		Candidate-only lexical evidence; teacher review required before promotion.	lexical_candidate	candidate_only	pdf	pdf:page=17,section=unit-vocabulary
C1 Vocabulary Pack for CAE	c1-vocabulary-pack-cae	Extinct/endangered/be in danger	Extinct			Unit 7 | The natural environment	17	registry:c1-vocabulary-pack-cae		Candidate-only lexical evidence; teacher review required before promotion.	lexical_candidate	candidate_only	pdf	pdf:page=17,section=unit-vocabulary
C1 Vocabulary Pack for CAE	c1-vocabulary-pack-cae	Extinct/endangered/be in danger	endangered			Unit 7 | The natural environment	17	registry:c1-vocabulary-pack-cae		Candidate-only lexical evidence; teacher review required before promotion.	lexical_candidate	candidate_only	pdf	pdf:page=17,section=unit-vocabulary
C1 Vocabulary Pack for CAE	c1-vocabulary-pack-cae	Extinct/endangered/be in danger	be in danger			Unit 7 | The natural environment	17	registry:c1-vocabulary-pack-cae		Candidate-only lexical evidence; teacher review required before promotion.	lexical_candidate	candidate_only	pdf	pdf:page=17,section=unit-vocabulary
C1 Vocabulary Pack for CAE	c1-vocabulary-pack-cae	Fluctuate/change/adapt	Fluctuate			Unit 7 | The natural environment	17	registry:c1-vocabulary-pack-cae		Candidate-only lexical evidence; teacher review required before promotion.	lexical_candidate	candidate_only	pdf	pdf:page=17,section=unit-vocabulary
C1 Vocabulary Pack for CAE	c1-vocabulary-pack-cae	Fluctuate/change/adapt	adapt			Unit 7 | The natural environment	17	registry:c1-vocabulary-pack-cae		Candidate-only lexical evidence; teacher review required before promotion.	lexical_candidate	candidate_only	pdf	pdf:page=17,section=unit-vocabulary
C1 Vocabulary Pack for CAE	c1-vocabulary-pack-cae	Assign	Assign			Unit 7 | The natural environment	17	registry:c1-vocabulary-pack-cae		Candidate-only lexical evidence; teacher review required before promotion.	lexical_candidate	candidate_only	pdf	pdf:page=17,section=unit-vocabulary
C1 Vocabulary Pack for CAE	c1-vocabulary-pack-cae	Assure/make sure	Assure			Unit 7 | The natural environment	17	registry:c1-vocabulary-pack-cae		Candidate-only lexical evidence; teacher review required before promotion.	lexical_candidate	candidate_only	pdf	pdf:page=17,section=unit-vocabulary
C1 Vocabulary Pack for CAE	c1-vocabulary-pack-cae	Assure/make sure	make sure			Unit 7 | The natural environment	17	registry:c1-vocabulary-pack-cae		Candidate-only lexical evidence; teacher review required before promotion.	lexical_candidate	candidate_only	pdf	pdf:page=17,section=unit-vocabulary
C1 Vocabulary Pack for CAE	c1-vocabulary-pack-cae	Foresee/predict	Foresee			Unit 7 | The natural environment	17	registry:c1-vocabulary-pack-cae		Candidate-only lexical evidence; teacher review required before promotion.	lexical_candidate	candidate_only	pdf	pdf:page=17,section=unit-vocabulary
C1 Vocabulary Pack for CAE	c1-vocabulary-pack-cae	Foresee/predict	predict			Unit 7 | The natural environment	17	registry:c1-vocabulary-pack-cae		Candidate-only lexical evidence; teacher review required before promotion.	lexical_candidate	candidate_only	pdf	pdf:page=17,section=unit-vocabulary
C1 Vocabulary Pack for CAE	c1-vocabulary-pack-cae	attribute	attribute			Unit 7 | The natural environment	17	registry:c1-vocabulary-pack-cae		Candidate-only lexical evidence; teacher review required before promotion.	lexical_candidate	candidate_only	pdf	pdf:page=17,section=unit-vocabulary
C1 Vocabulary Pack for CAE	c1-vocabulary-pack-cae	Protect/defend	Protect			Unit 7 | The natural environment	17	registry:c1-vocabulary-pack-cae		Candidate-only lexical evidence; teacher review required before promotion.	lexical_candidate	candidate_only	pdf	pdf:page=17,section=unit-vocabulary
C1 Vocabulary Pack for CAE	c1-vocabulary-pack-cae	Protect/defend	defend			Unit 7 | The natural environment	17	registry:c1-vocabulary-pack-cae		Candidate-only lexical evidence; teacher review required before promotion.	lexical_candidate	candidate_only	pdf	pdf:page=17,section=unit-vocabulary
C1 Vocabulary Pack for CAE	c1-vocabulary-pack-cae	Prevent/impede	Prevent			Unit 7 | The natural environment	17	registry:c1-vocabulary-pack-cae		Candidate-only lexical evidence; teacher review required before promotion.	lexical_candidate	candidate_only	pdf	pdf:page=17,section=unit-vocabulary
C1 Vocabulary Pack for CAE	c1-vocabulary-pack-cae	Prevent/impede	impede			Unit 7 | The natural environment	17	registry:c1-vocabulary-pack-cae		Candidate-only lexical evidence; teacher review required before promotion.	lexical_candidate	candidate_only	pdf	pdf:page=17,section=unit-vocabulary
C1 Vocabulary Pack for CAE	c1-vocabulary-pack-cae	Develop/construct/build	construct			Unit 7 | The natural environment	17	registry:c1-vocabulary-pack-cae		Candidate-only lexical evidence; teacher review required before promotion.	lexical_candidate	candidate_only	pdf	pdf:page=17,section=unit-vocabulary
C1 Vocabulary Pack for CAE	c1-vocabulary-pack-cae	Develop/construct/build	build			Unit 7 | The natural environment	17	registry:c1-vocabulary-pack-cae		Candidate-only lexical evidence; teacher review required before promotion.	lexical_candidate	candidate_only	pdf	pdf:page=17,section=unit-vocabulary
C1 Vocabulary Pack for CAE	c1-vocabulary-pack-cae	Climate – weather, climate change/global	global			Unit 7 | The natural environment	17	registry:c1-vocabulary-pack-cae		Candidate-only lexical evidence; teacher review required before promotion.	lexical_candidate	candidate_only	pdf	pdf:page=17,section=unit-vocabulary
C1 Vocabulary Pack for CAE	c1-vocabulary-pack-cae	warming	warming			Unit 7 | The natural environment	17	registry:c1-vocabulary-pack-cae		Candidate-only lexical evidence; teacher review required before promotion.	lexical_candidate	candidate_only	pdf	pdf:page=17,section=unit-vocabulary
C1 Vocabulary Pack for CAE	c1-vocabulary-pack-cae	Forecast/prediction	Forecast			Unit 7 | The natural environment	17	registry:c1-vocabulary-pack-cae		Candidate-only lexical evidence; teacher review required before promotion.	lexical_candidate	candidate_only	pdf	pdf:page=17,section=unit-vocabulary
C1 Vocabulary Pack for CAE	c1-vocabulary-pack-cae	Forecast/prediction	prediction			Unit 7 | The natural environment	17	registry:c1-vocabulary-pack-cae		Candidate-only lexical evidence; teacher review required before promotion.	lexical_candidate	candidate_only	pdf	pdf:page=17,section=unit-vocabulary
C1 Vocabulary Pack for CAE	c1-vocabulary-pack-cae	Mutate	Mutate			Unit 7 | The natural environment	17	registry:c1-vocabulary-pack-cae		Candidate-only lexical evidence; teacher review required before promotion.	lexical_candidate	candidate_only	pdf	pdf:page=17,section=unit-vocabulary
C1 Vocabulary Pack for CAE	c1-vocabulary-pack-cae	speculate	speculate			Unit 7 | The natural environment	17	registry:c1-vocabulary-pack-cae		Candidate-only lexical evidence; teacher review required before promotion.	lexical_candidate	candidate_only	pdf	pdf:page=17,section=unit-vocabulary
C1 Vocabulary Pack for CAE	c1-vocabulary-pack-cae	Mountain/hill/plain/field/land/desert	Mountain			Unit 7 | The natural environment	17	registry:c1-vocabulary-pack-cae		Candidate-only lexical evidence; teacher review required before promotion.	lexical_candidate	candidate_only	pdf	pdf:page=17,section=unit-vocabulary
C1 Vocabulary Pack for CAE	c1-vocabulary-pack-cae	Mountain/hill/plain/field/land/desert	hill			Unit 7 | The natural environment	17	registry:c1-vocabulary-pack-cae		Candidate-only lexical evidence; teacher review required before promotion.	lexical_candidate	candidate_only	pdf	pdf:page=17,section=unit-vocabulary
C1 Vocabulary Pack for CAE	c1-vocabulary-pack-cae	Mountain/hill/plain/field/land/desert	plain			Unit 7 | The natural environment	17	registry:c1-vocabulary-pack-cae		Candidate-only lexical evidence; teacher review required before promotion.	lexical_candidate	candidate_only	pdf	pdf:page=17,section=unit-vocabulary
C1 Vocabulary Pack for CAE	c1-vocabulary-pack-cae	Mountain/hill/plain/field/land/desert	land			Unit 7 | The natural environment	17	registry:c1-vocabulary-pack-cae		Candidate-only lexical evidence; teacher review required before promotion.	lexical_candidate	candidate_only	pdf	pdf:page=17,section=unit-vocabulary
C1 Vocabulary Pack for CAE	c1-vocabulary-pack-cae	Mountain/hill/plain/field/land/desert	desert			Unit 7 | The natural environment	17	registry:c1-vocabulary-pack-cae		Candidate-only lexical evidence; teacher review required before promotion.	lexical_candidate	candidate_only	pdf	pdf:page=17,section=unit-vocabulary
C1 Vocabulary Pack for CAE	c1-vocabulary-pack-cae	Ocean/sea/lake/reservoir/pond/puddle	Ocean			Unit 7 | The natural environment	17	registry:c1-vocabulary-pack-cae		Candidate-only lexical evidence; teacher review required before promotion.	lexical_candidate	candidate_only	pdf	pdf:page=17,section=unit-vocabulary
C1 Vocabulary Pack for CAE	c1-vocabulary-pack-cae	Ocean/sea/lake/reservoir/pond/puddle	sea			Unit 7 | The natural environment	17	registry:c1-vocabulary-pack-cae		Candidate-only lexical evidence; teacher review required before promotion.	lexical_candidate	candidate_only	pdf	pdf:page=17,section=unit-vocabulary
C1 Vocabulary Pack for CAE	c1-vocabulary-pack-cae	Ocean/sea/lake/reservoir/pond/puddle	lake			Unit 7 | The natural environment	17	registry:c1-vocabulary-pack-cae		Candidate-only lexical evidence; teacher review required before promotion.	lexical_candidate	candidate_only	pdf	pdf:page=17,section=unit-vocabulary
C1 Vocabulary Pack for CAE	c1-vocabulary-pack-cae	Ocean/sea/lake/reservoir/pond/puddle	reservoir			Unit 7 | The natural environment	17	registry:c1-vocabulary-pack-cae		Candidate-only lexical evidence; teacher review required before promotion.	lexical_candidate	candidate_only	pdf	pdf:page=17,section=unit-vocabulary
C1 Vocabulary Pack for CAE	c1-vocabulary-pack-cae	Ocean/sea/lake/reservoir/pond/puddle	pond			Unit 7 | The natural environment	17	registry:c1-vocabulary-pack-cae		Candidate-only lexical evidence; teacher review required before promotion.	lexical_candidate	candidate_only	pdf	pdf:page=17,section=unit-vocabulary
C1 Vocabulary Pack for CAE	c1-vocabulary-pack-cae	Ocean/sea/lake/reservoir/pond/puddle	puddle			Unit 7 | The natural environment	17	registry:c1-vocabulary-pack-cae		Candidate-only lexical evidence; teacher review required before promotion.	lexical_candidate	candidate_only	pdf	pdf:page=17,section=unit-vocabulary
C1 Vocabulary Pack for CAE	c1-vocabulary-pack-cae	Cause/provoke/ Jinx	Jinx			Unit 7 | The natural environment	17	registry:c1-vocabulary-pack-cae		Candidate-only lexical evidence; teacher review required before promotion.	lexical_candidate	candidate_only	pdf	pdf:page=17,section=unit-vocabulary
C1 Vocabulary Pack for CAE	c1-vocabulary-pack-cae	Mishap/accident/mistake/error	Mishap			Unit 7 | The natural environment	17	registry:c1-vocabulary-pack-cae		Candidate-only lexical evidence; teacher review required before promotion.	lexical_candidate	candidate_only	pdf	pdf:page=17,section=unit-vocabulary
C1 Vocabulary Pack for CAE	c1-vocabulary-pack-cae	Mishap/accident/mistake/error	accident			Unit 7 | The natural environment	17	registry:c1-vocabulary-pack-cae		Candidate-only lexical evidence; teacher review required before promotion.	lexical_candidate	candidate_only	pdf	pdf:page=17,section=unit-vocabulary
C1 Vocabulary Pack for CAE	c1-vocabulary-pack-cae	Mishap/accident/mistake/error	error			Unit 7 | The natural environment	17	registry:c1-vocabulary-pack-cae		Candidate-only lexical evidence; teacher review required before promotion.	lexical_candidate	candidate_only	pdf	pdf:page=17,section=unit-vocabulary
C1 Vocabulary Pack for CAE	c1-vocabulary-pack-cae	Meander	Meander			Unit 7 | The natural environment	17	registry:c1-vocabulary-pack-cae		Candidate-only lexical evidence; teacher review required before promotion.	lexical_candidate	candidate_only	pdf	pdf:page=17,section=unit-vocabulary
C1 Vocabulary Pack for CAE	c1-vocabulary-pack-cae	Startle/scare/frighten	Startle			Unit 7 | The natural environment	17	registry:c1-vocabulary-pack-cae		Candidate-only lexical evidence; teacher review required before promotion.	lexical_candidate	candidate_only	pdf	pdf:page=17,section=unit-vocabulary
C1 Vocabulary Pack for CAE	c1-vocabulary-pack-cae	Startle/scare/frighten	scare			Unit 7 | The natural environment	17	registry:c1-vocabulary-pack-cae		Candidate-only lexical evidence; teacher review required before promotion.	lexical_candidate	candidate_only	pdf	pdf:page=17,section=unit-vocabulary
C1 Vocabulary Pack for CAE	c1-vocabulary-pack-cae	Be aware of	Be aware of	phrase		Unit 7 | The natural environment	17	registry:c1-vocabulary-pack-cae		Candidate-only lexical evidence; teacher review required before promotion.	lexical_candidate	candidate_only	pdf	pdf:page=17,section=word-patterns
C1 Vocabulary Pack for CAE	c1-vocabulary-pack-cae	Be famous/known for	Be famous for	phrase		Unit 7 | The natural environment	17	registry:c1-vocabulary-pack-cae		Candidate-only lexical evidence; teacher review required before promotion.	lexical_candidate	candidate_only	pdf	pdf:page=17,section=word-patterns
C1 Vocabulary Pack for CAE	c1-vocabulary-pack-cae	Be famous/known for	Be known for	phrase		Unit 7 | The natural environment	17	registry:c1-vocabulary-pack-cae		Candidate-only lexical evidence; teacher review required before promotion.	lexical_candidate	candidate_only	pdf	pdf:page=17,section=word-patterns
C1 Vocabulary Pack for CAE	c1-vocabulary-pack-cae	Be short of/on	Be short of	phrase		Unit 7 | The natural environment	17	registry:c1-vocabulary-pack-cae		Candidate-only lexical evidence; teacher review required before promotion.	lexical_candidate	candidate_only	pdf	pdf:page=17,section=word-patterns
C1 Vocabulary Pack for CAE	c1-vocabulary-pack-cae	Be short of/on	Be Be short on	phrase		Unit 7 | The natural environment	17	registry:c1-vocabulary-pack-cae		Candidate-only lexical evidence; teacher review required before promotion.	lexical_candidate	candidate_only	pdf	pdf:page=17,section=word-patterns
C1 Vocabulary Pack for CAE	c1-vocabulary-pack-cae	The defence of	The defence of	phrase		Unit 7 | The natural environment	17	registry:c1-vocabulary-pack-cae		Candidate-only lexical evidence; teacher review required before promotion.	lexical_candidate	candidate_only	pdf	pdf:page=17,section=word-patterns
C1 Vocabulary Pack for CAE	c1-vocabulary-pack-cae	Know about	Know about	phrase		Unit 7 | The natural environment	17	registry:c1-vocabulary-pack-cae		Candidate-only lexical evidence; teacher review required before promotion.	lexical_candidate	candidate_only	pdf	pdf:page=17,section=word-patterns
C1 Vocabulary Pack for CAE	c1-vocabulary-pack-cae	Be considerate of	Be considerate of	phrase		Unit 7 | The natural environment	17	registry:c1-vocabulary-pack-cae		Candidate-only lexical evidence; teacher review required before promotion.	lexical_candidate	candidate_only	pdf	pdf:page=17,section=word-patterns
C1 Vocabulary Pack for CAE	c1-vocabulary-pack-cae	Take into account	Take into account	phrase		Unit 7 | The natural environment	17	registry:c1-vocabulary-pack-cae		Candidate-only lexical evidence; teacher review required before promotion.	lexical_candidate	candidate_only	pdf	pdf:page=17,section=word-patterns
C1 Vocabulary Pack for CAE	c1-vocabulary-pack-cae	Protect from	Protect from	phrase		Unit 7 | The natural environment	17	registry:c1-vocabulary-pack-cae		Candidate-only lexical evidence; teacher review required before promotion.	lexical_candidate	candidate_only	pdf	pdf:page=17,section=word-patterns
C1 Vocabulary Pack for CAE	c1-vocabulary-pack-cae	Become extinct	Become extinct	phrase		Unit 7 | The natural environment	17	registry:c1-vocabulary-pack-cae		Candidate-only lexical evidence; teacher review required before promotion.	lexical_candidate	candidate_only	pdf	pdf:page=17,section=word-patterns
C1 Vocabulary Pack for CAE	c1-vocabulary-pack-cae	The odds of	The odds of	phrase		Unit 7 | The natural environment	17	registry:c1-vocabulary-pack-cae		Candidate-only lexical evidence; teacher review required before promotion.	lexical_candidate	candidate_only	pdf	pdf:page=17,section=word-patterns
C1 Vocabulary Pack for CAE	c1-vocabulary-pack-cae	By nature (of)	By nature (of)	phrase		Unit 7 | The natural environment	17	registry:c1-vocabulary-pack-cae		Candidate-only lexical evidence; teacher review required before promotion.	lexical_candidate	candidate_only	pdf	pdf:page=17,section=word-patterns
C1 Vocabulary Pack for CAE	c1-vocabulary-pack-cae	The luck of	The luck of	phrase		Unit 7 | The natural environment	17	registry:c1-vocabulary-pack-cae		Candidate-only lexical evidence; teacher review required before promotion.	lexical_candidate	candidate_only	pdf	pdf:page=17,section=word-patterns
C1 Vocabulary Pack for CAE	c1-vocabulary-pack-cae	Risk sth on	Risk sth on	phrase		Unit 7 | The natural environment	17	registry:c1-vocabulary-pack-cae		Candidate-only lexical evidence; teacher review required before promotion.	lexical_candidate	candidate_only	pdf	pdf:page=17,section=word-patterns
C1 Vocabulary Pack for CAE	c1-vocabulary-pack-cae	The risk of	The risk of	phrase		Unit 7 | The natural environment	17	registry:c1-vocabulary-pack-cae		Candidate-only lexical evidence; teacher review required before promotion.	lexical_candidate	candidate_only	pdf	pdf:page=17,section=word-patterns
C1 Vocabulary Pack for CAE	c1-vocabulary-pack-cae	Be under threat of	Be under threat of	phrase		Unit 7 | The natural environment	17	registry:c1-vocabulary-pack-cae		Candidate-only lexical evidence; teacher review required before promotion.	lexical_candidate	candidate_only	pdf	pdf:page=17,section=word-patterns
C1 Vocabulary Pack for CAE	c1-vocabulary-pack-cae	Bet on	Bet on	phrase		Unit 7 | The natural environment	17	registry:c1-vocabulary-pack-cae		Candidate-only lexical evidence; teacher review required before promotion.	lexical_candidate	candidate_only	pdf	pdf:page=17,section=word-patterns
C1 Vocabulary Pack for CAE	c1-vocabulary-pack-cae	By dint of	By dint of	phrase		Unit 7 | The natural environment	17	registry:c1-vocabulary-pack-cae		Candidate-only lexical evidence; teacher review required before promotion.	lexical_candidate	candidate_only	pdf	pdf:page=17,section=word-patterns
C1 Vocabulary Pack for CAE	c1-vocabulary-pack-cae	Be certain of	Be certain of	phrase		Unit 7 | The natural environment	17	registry:c1-vocabulary-pack-cae		Candidate-only lexical evidence; teacher review required before promotion.	lexical_candidate	candidate_only	pdf	pdf:page=17,section=word-patterns
C1 Vocabulary Pack for CAE	c1-vocabulary-pack-cae	At the disposal of	At the disposal of	phrase		Unit 7 | The natural environment	17	registry:c1-vocabulary-pack-cae		Candidate-only lexical evidence; teacher review required before promotion.	lexical_candidate	candidate_only	pdf	pdf:page=17,section=word-patterns
C1 Vocabulary Pack for CAE	c1-vocabulary-pack-cae	Be concerned about	Be concerned about	phrase		Unit 7 | The natural environment	17	registry:c1-vocabulary-pack-cae		Candidate-only lexical evidence; teacher review required before promotion.	lexical_candidate	candidate_only	pdf	pdf:page=17,section=word-patterns
C1 Vocabulary Pack for CAE	c1-vocabulary-pack-cae	Be focussed on	Be focussed on	phrase		Unit 7 | The natural environment	17	registry:c1-vocabulary-pack-cae		Candidate-only lexical evidence; teacher review required before promotion.	lexical_candidate	candidate_only	pdf	pdf:page=17,section=word-patterns
C1 Vocabulary Pack for CAE	c1-vocabulary-pack-cae	Call off	Call off	phrasal verb		Unit 7 | The natural environment	17	registry:c1-vocabulary-pack-cae		Candidate-only lexical evidence; teacher review required before promotion.	lexical_candidate	candidate_only	pdf	pdf:page=17,section=phrasal-verbs
C1 Vocabulary Pack for CAE	c1-vocabulary-pack-cae	Call for	Call for	phrasal verb		Unit 7 | The natural environment	17	registry:c1-vocabulary-pack-cae		Candidate-only lexical evidence; teacher review required before promotion.	lexical_candidate	candidate_only	pdf	pdf:page=17,section=phrasal-verbs
C1 Vocabulary Pack for CAE	c1-vocabulary-pack-cae	Chance upon	Chance upon	phrasal verb		Unit 7 | The natural environment	17	registry:c1-vocabulary-pack-cae		Candidate-only lexical evidence; teacher review required before promotion.	lexical_candidate	candidate_only	pdf	pdf:page=17,section=phrasal-verbs
C1 Vocabulary Pack for CAE	c1-vocabulary-pack-cae	Cut out	Cut out	phrasal verb		Unit 7 | The natural environment	17	registry:c1-vocabulary-pack-cae		Candidate-only lexical evidence; teacher review required before promotion.	lexical_candidate	candidate_only	pdf	pdf:page=17,section=phrasal-verbs
C1 Vocabulary Pack for CAE	c1-vocabulary-pack-cae	Cut down (trees)	Cut down (trees)	phrasal verb		Unit 7 | The natural environment	17	registry:c1-vocabulary-pack-cae		Candidate-only lexical evidence; teacher review required before promotion.	lexical_candidate	candidate_only	pdf	pdf:page=17,section=phrasal-verbs
C1 Vocabulary Pack for CAE	c1-vocabulary-pack-cae	Clear up	Clear up	phrasal verb		Unit 7 | The natural environment	17	registry:c1-vocabulary-pack-cae		Candidate-only lexical evidence; teacher review required before promotion.	lexical_candidate	candidate_only	pdf	pdf:page=17,section=phrasal-verbs
C1 Vocabulary Pack for CAE	c1-vocabulary-pack-cae	Dig up	Dig up	phrasal verb		Unit 7 | The natural environment	17	registry:c1-vocabulary-pack-cae		Candidate-only lexical evidence; teacher review required before promotion.	lexical_candidate	candidate_only	pdf	pdf:page=17,section=phrasal-verbs
C1 Vocabulary Pack for CAE	c1-vocabulary-pack-cae	Kill off	Kill off	phrasal verb		Unit 7 | The natural environment	17	registry:c1-vocabulary-pack-cae		Candidate-only lexical evidence; teacher review required before promotion.	lexical_candidate	candidate_only	pdf	pdf:page=17,section=phrasal-verbs
C1 Vocabulary Pack for CAE	c1-vocabulary-pack-cae	Throw away	Throw away	phrasal verb		Unit 7 | The natural environment	17	registry:c1-vocabulary-pack-cae		Candidate-only lexical evidence; teacher review required before promotion.	lexical_candidate	candidate_only	pdf	pdf:page=17,section=phrasal-verbs
C1 Vocabulary Pack for CAE	c1-vocabulary-pack-cae	Put down to	Put down to	phrasal verb		Unit 7 | The natural environment	17	registry:c1-vocabulary-pack-cae		Candidate-only lexical evidence; teacher review required before promotion.	lexical_candidate	candidate_only	pdf	pdf:page=17,section=phrasal-verbs
C1 Vocabulary Pack for CAE	c1-vocabulary-pack-cae	Spring up	Spring up	phrasal verb		Unit 7 | The natural environment	17	registry:c1-vocabulary-pack-cae		Candidate-only lexical evidence; teacher review required before promotion.	lexical_candidate	candidate_only	pdf	pdf:page=17,section=phrasal-verbs
C1 Vocabulary Pack for CAE	c1-vocabulary-pack-cae	Develop – developed, developing, development	developed			Unit 7 | The natural environment	17	registry:c1-vocabulary-pack-cae		Candidate-only lexical evidence; teacher review required before promotion.	lexical_candidate	candidate_only	pdf	pdf:page=17,section=word-formation
C1 Vocabulary Pack for CAE	c1-vocabulary-pack-cae	Develop – developed, developing, development	developing			Unit 7 | The natural environment	17	registry:c1-vocabulary-pack-cae		Candidate-only lexical evidence; teacher review required before promotion.	lexical_candidate	candidate_only	pdf	pdf:page=17,section=word-formation
C1 Vocabulary Pack for CAE	c1-vocabulary-pack-cae	Develop – developed, developing, development	development			Unit 7 | The natural environment	17	registry:c1-vocabulary-pack-cae		Candidate-only lexical evidence; teacher review required before promotion.	lexical_candidate	candidate_only	pdf	pdf:page=17,section=word-formation
C1 Vocabulary Pack for CAE	c1-vocabulary-pack-cae	Prevent - prevention	prevention			Unit 7 | The natural environment	17	registry:c1-vocabulary-pack-cae		Candidate-only lexical evidence; teacher review required before promotion.	lexical_candidate	candidate_only	pdf	pdf:page=17,section=word-formation
C1 Vocabulary Pack for CAE	c1-vocabulary-pack-cae	Nature – (un)natural, naturally,	Nature			Unit 7 | The natural environment	17	registry:c1-vocabulary-pack-cae		Candidate-only lexical evidence; teacher review required before promotion.	lexical_candidate	candidate_only	pdf	pdf:page=17,section=word-formation
C1 Vocabulary Pack for CAE	c1-vocabulary-pack-cae	Nature – (un)natural, naturally,	naturally			Unit 7 | The natural environment	17	registry:c1-vocabulary-pack-cae		Candidate-only lexical evidence; teacher review required before promotion.	lexical_candidate	candidate_only	pdf	pdf:page=17,section=word-formation
C1 Vocabulary Pack for CAE	c1-vocabulary-pack-cae	Pollute – polluted, pollution	Pollute			Unit 7 | The natural environment	17	registry:c1-vocabulary-pack-cae		Candidate-only lexical evidence; teacher review required before promotion.	lexical_candidate	candidate_only	pdf	pdf:page=17,section=word-formation
C1 Vocabulary Pack for CAE	c1-vocabulary-pack-cae	Pollute – polluted, pollution	polluted			Unit 7 | The natural environment	17	registry:c1-vocabulary-pack-cae		Candidate-only lexical evidence; teacher review required before promotion.	lexical_candidate	candidate_only	pdf	pdf:page=17,section=word-formation
C1 Vocabulary Pack for CAE	c1-vocabulary-pack-cae	Pollute – polluted, pollution	pollution			Unit 7 | The natural environment	17	registry:c1-vocabulary-pack-cae		Candidate-only lexical evidence; teacher review required before promotion.	lexical_candidate	candidate_only	pdf	pdf:page=17,section=word-formation
C1 Vocabulary Pack for CAE	c1-vocabulary-pack-cae	Contaminate – contaminated, contamination	Contaminate			Unit 7 | The natural environment	17	registry:c1-vocabulary-pack-cae		Candidate-only lexical evidence; teacher review required before promotion.	lexical_candidate	candidate_only	pdf	pdf:page=17,section=word-formation
C1 Vocabulary Pack for CAE	c1-vocabulary-pack-cae	Contaminate – contaminated, contamination	contaminated			Unit 7 | The natural environment	17	registry:c1-vocabulary-pack-cae		Candidate-only lexical evidence; teacher review required before promotion.	lexical_candidate	candidate_only	pdf	pdf:page=17,section=word-formation
C1 Vocabulary Pack for CAE	c1-vocabulary-pack-cae	Contaminate – contaminated, contamination	contamination			Unit 7 | The natural environment	17	registry:c1-vocabulary-pack-cae		Candidate-only lexical evidence; teacher review required before promotion.	lexical_candidate	candidate_only	pdf	pdf:page=17,section=word-formation
C1 Vocabulary Pack for CAE	c1-vocabulary-pack-cae	Danger – dangerous(ly), endanger(ed)	Danger			Unit 7 | The natural environment	17	registry:c1-vocabulary-pack-cae		Candidate-only lexical evidence; teacher review required before promotion.	lexical_candidate	candidate_only	pdf	pdf:page=17,section=word-formation
C1 Vocabulary Pack for CAE	c1-vocabulary-pack-cae	Danger – dangerous(ly), endanger(ed)	dangerous(ly)			Unit 7 | The natural environment	17	registry:c1-vocabulary-pack-cae		Candidate-only lexical evidence; teacher review required before promotion.	lexical_candidate	candidate_only	pdf	pdf:page=17,section=word-formation
C1 Vocabulary Pack for CAE	c1-vocabulary-pack-cae	Danger – dangerous(ly), endanger(ed)	endanger(ed)			Unit 7 | The natural environment	17	registry:c1-vocabulary-pack-cae		Candidate-only lexical evidence; teacher review required before promotion.	lexical_candidate	candidate_only	pdf	pdf:page=17,section=word-formation
C1 Vocabulary Pack for CAE	c1-vocabulary-pack-cae	Extinct - extinction	extinction			Unit 7 | The natural environment	17	registry:c1-vocabulary-pack-cae		Candidate-only lexical evidence; teacher review required before promotion.	lexical_candidate	candidate_only	pdf	pdf:page=17,section=word-formation
C1 Vocabulary Pack for CAE	c1-vocabulary-pack-cae	Clear – clearly, clearance	Clear			Unit 7 | The natural environment	17	registry:c1-vocabulary-pack-cae		Candidate-only lexical evidence; teacher review required before promotion.	lexical_candidate	candidate_only	pdf	pdf:page=17,section=word-formation
C1 Vocabulary Pack for CAE	c1-vocabulary-pack-cae	Clear – clearly, clearance	clearly			Unit 7 | The natural environment	17	registry:c1-vocabulary-pack-cae		Candidate-only lexical evidence; teacher review required before promotion.	lexical_candidate	candidate_only	pdf	pdf:page=17,section=word-formation
C1 Vocabulary Pack for CAE	c1-vocabulary-pack-cae	Clear – clearly, clearance	clearance			Unit 7 | The natural environment	17	registry:c1-vocabulary-pack-cae		Candidate-only lexical evidence; teacher review required before promotion.	lexical_candidate	candidate_only	pdf	pdf:page=17,section=word-formation
C1 Vocabulary Pack for CAE	c1-vocabulary-pack-cae	Defend - defence	defence			Unit 7 | The natural environment	17	registry:c1-vocabulary-pack-cae		Candidate-only lexical evidence; teacher review required before promotion.	lexical_candidate	candidate_only	pdf	pdf:page=17,section=word-formation
C1 Vocabulary Pack for CAE	c1-vocabulary-pack-cae	Protect – protected. protection	protected. protection			Unit 7 | The natural environment	17	registry:c1-vocabulary-pack-cae		Candidate-only lexical evidence; teacher review required before promotion.	lexical_candidate	candidate_only	pdf	pdf:page=17,section=word-formation
C1 Vocabulary Pack for CAE	c1-vocabulary-pack-cae	Predict – predication, (un)predicatable	predication			Unit 7 | The natural environment	17	registry:c1-vocabulary-pack-cae		Candidate-only lexical evidence; teacher review required before promotion.	lexical_candidate	candidate_only	pdf	pdf:page=17,section=word-formation
C1 Vocabulary Pack for CAE	c1-vocabulary-pack-cae	Attribute – attribution	attribution			Unit 7 | The natural environment	17	registry:c1-vocabulary-pack-cae		Candidate-only lexical evidence; teacher review required before promotion.	lexical_candidate	candidate_only	pdf	pdf:page=17,section=word-formation
C1 Vocabulary Pack for CAE	c1-vocabulary-pack-cae	Assure – assurance	assurance			Unit 7 | The natural environment	17	registry:c1-vocabulary-pack-cae		Candidate-only lexical evidence; teacher review required before promotion.	lexical_candidate	candidate_only	pdf	pdf:page=17,section=word-formation
C1 Vocabulary Pack for CAE	c1-vocabulary-pack-cae	Stand for	Stand for	phrasal verb		Unit 7 | The natural environment	18	registry:c1-vocabulary-pack-cae		Candidate-only lexical evidence; teacher review required before promotion.	lexical_candidate	candidate_only	pdf	pdf:page=18,section=phrasal-verbs
C1 Vocabulary Pack for CAE	c1-vocabulary-pack-cae	Give off	Give off	phrasal verb		Unit 7 | The natural environment	18	registry:c1-vocabulary-pack-cae		Candidate-only lexical evidence; teacher review required before promotion.	lexical_candidate	candidate_only	pdf	pdf:page=18,section=phrasal-verbs
C1 Vocabulary Pack for CAE	c1-vocabulary-pack-cae	Die out	Die out	phrasal verb		Unit 7 | The natural environment	18	registry:c1-vocabulary-pack-cae		Candidate-only lexical evidence; teacher review required before promotion.	lexical_candidate	candidate_only	pdf	pdf:page=18,section=phrasal-verbs
C1 Vocabulary Pack for CAE	c1-vocabulary-pack-cae	Face up to	Face up to	phrasal verb		Unit 7 | The natural environment	18	registry:c1-vocabulary-pack-cae		Candidate-only lexical evidence; teacher review required before promotion.	lexical_candidate	candidate_only	pdf	pdf:page=18,section=phrasal-verbs
C1 Vocabulary Pack for CAE	c1-vocabulary-pack-cae	Mutate – mutation	mutation			Unit 7 | The natural environment	18	registry:c1-vocabulary-pack-cae		Candidate-only lexical evidence; teacher review required before promotion.	lexical_candidate	candidate_only	pdf	pdf:page=18,section=word-formation
C1 Vocabulary Pack for CAE	c1-vocabulary-pack-cae	Speculate - speculation	speculation			Unit 7 | The natural environment	18	registry:c1-vocabulary-pack-cae		Candidate-only lexical evidence; teacher review required before promotion.	lexical_candidate	candidate_only	pdf	pdf:page=18,section=word-formation
C1 Vocabulary Pack for CAE	c1-vocabulary-pack-cae	By chance	By chance	phrase		Unit 7 | The natural environment	18	registry:c1-vocabulary-pack-cae		Candidate-only lexical evidence; teacher review required before promotion.	lexical_candidate	candidate_only	pdf	pdf:page=18,section=fixed-phrases
C1 Vocabulary Pack for CAE	c1-vocabulary-pack-cae	By no means	By no means	phrase		Unit 7 | The natural environment	18	registry:c1-vocabulary-pack-cae		Candidate-only lexical evidence; teacher review required before promotion.	lexical_candidate	candidate_only	pdf	pdf:page=18,section=fixed-phrases
C1 Vocabulary Pack for CAE	c1-vocabulary-pack-cae	In no time	In no time	phrase		Unit 7 | The natural environment	18	registry:c1-vocabulary-pack-cae		Candidate-only lexical evidence; teacher review required before promotion.	lexical_candidate	candidate_only	pdf	pdf:page=18,section=fixed-phrases
C1 Vocabulary Pack for CAE	c1-vocabulary-pack-cae	Set a fire	Set a fire	phrase		Unit 7 | The natural environment	18	registry:c1-vocabulary-pack-cae		Candidate-only lexical evidence; teacher review required before promotion.	lexical_candidate	candidate_only	pdf	pdf:page=18,section=fixed-phrases
C1 Vocabulary Pack for CAE	c1-vocabulary-pack-cae	A means by which	A means by which	phrase		Unit 7 | The natural environment	18	registry:c1-vocabulary-pack-cae		Candidate-only lexical evidence; teacher review required before promotion.	lexical_candidate	candidate_only	pdf	pdf:page=18,section=fixed-phrases
C1 Vocabulary Pack for CAE	c1-vocabulary-pack-cae	Take a chance	Take a chance	phrase		Unit 7 | The natural environment	18	registry:c1-vocabulary-pack-cae		Candidate-only lexical evidence; teacher review required before promotion.	lexical_candidate	candidate_only	pdf	pdf:page=18,section=fixed-phrases
C1 Vocabulary Pack for CAE	c1-vocabulary-pack-cae	As it happens	As it happens	phrase		Unit 7 | The natural environment	18	registry:c1-vocabulary-pack-cae		Candidate-only lexical evidence; teacher review required before promotion.	lexical_candidate	candidate_only	pdf	pdf:page=18,section=fixed-phrases
C1 Vocabulary Pack for CAE	c1-vocabulary-pack-cae	At a guess	At a guess	phrase		Unit 7 | The natural environment	18	registry:c1-vocabulary-pack-cae		Candidate-only lexical evidence; teacher review required before promotion.	lexical_candidate	candidate_only	pdf	pdf:page=18,section=fixed-phrases
C1 Vocabulary Pack for CAE	c1-vocabulary-pack-cae	It so happens taht	It so happens taht	phrase		Unit 7 | The natural environment	18	registry:c1-vocabulary-pack-cae		Candidate-only lexical evidence; teacher review required before promotion.	lexical_candidate	candidate_only	pdf	pdf:page=18,section=fixed-phrases
C1 Vocabulary Pack for CAE	c1-vocabulary-pack-cae	Rain cats and dogs	Rain cats and dogs	idiom		Unit 7 | The natural environment	18	registry:c1-vocabulary-pack-cae		Candidate-only lexical evidence; teacher review required before promotion.	lexical_candidate	candidate_only	pdf	pdf:page=18,section=idioms
C1 Vocabulary Pack for CAE	c1-vocabulary-pack-cae	Be bucketing it down	Be bucketing it down	idiom		Unit 7 | The natural environment	18	registry:c1-vocabulary-pack-cae		Candidate-only lexical evidence; teacher review required before promotion.	lexical_candidate	candidate_only	pdf	pdf:page=18,section=idioms
C1 Vocabulary Pack for CAE	c1-vocabulary-pack-cae	Touch wood	Touch wood	idiom		Unit 7 | The natural environment	18	registry:c1-vocabulary-pack-cae		Candidate-only lexical evidence; teacher review required before promotion.	lexical_candidate	candidate_only	pdf	pdf:page=18,section=idioms
C1 Vocabulary Pack for CAE	c1-vocabulary-pack-cae	Out of the blue	Out of the blue	idiom		Unit 7 | The natural environment	18	registry:c1-vocabulary-pack-cae		Candidate-only lexical evidence; teacher review required before promotion.	lexical_candidate	candidate_only	pdf	pdf:page=18,section=idioms
C1 Vocabulary Pack for CAE	c1-vocabulary-pack-cae	Face the facts	Face the facts	idiom		Unit 7 | The natural environment	18	registry:c1-vocabulary-pack-cae		Candidate-only lexical evidence; teacher review required before promotion.	lexical_candidate	candidate_only	pdf	pdf:page=18,section=idioms
C1 Vocabulary Pack for CAE	c1-vocabulary-pack-cae	Come rain or shine	Come rain or shine	idiom		Unit 7 | The natural environment	18	registry:c1-vocabulary-pack-cae		Candidate-only lexical evidence; teacher review required before promotion.	lexical_candidate	candidate_only	pdf	pdf:page=18,section=idioms
C1 Vocabulary Pack for CAE	c1-vocabulary-pack-cae	Have green fingers	Have green fingers	idiom		Unit 7 | The natural environment	18	registry:c1-vocabulary-pack-cae		Candidate-only lexical evidence; teacher review required before promotion.	lexical_candidate	candidate_only	pdf	pdf:page=18,section=idioms
C1 Vocabulary Pack for CAE	c1-vocabulary-pack-cae	An act of God	An act of God	idiom		Unit 7 | The natural environment	18	registry:c1-vocabulary-pack-cae		Candidate-only lexical evidence; teacher review required before promotion.	lexical_candidate	candidate_only	pdf	pdf:page=18,section=idioms
C1 Vocabulary Pack for CAE	c1-vocabulary-pack-cae	Pass/fail/take/do (an exam)	Pass (an exam)			Unit 8 | The way we learn	19	registry:c1-vocabulary-pack-cae		Candidate-only lexical evidence; teacher review required before promotion.	lexical_candidate	candidate_only	pdf	pdf:page=19,section=unit-vocabulary
C1 Vocabulary Pack for CAE	c1-vocabulary-pack-cae	Pass/fail/take/do (an exam)	fail (an exam)			Unit 8 | The way we learn	19	registry:c1-vocabulary-pack-cae		Candidate-only lexical evidence; teacher review required before promotion.	lexical_candidate	candidate_only	pdf	pdf:page=19,section=unit-vocabulary
C1 Vocabulary Pack for CAE	c1-vocabulary-pack-cae	Pass/fail/take/do (an exam)	take (an exam)			Unit 8 | The way we learn	19	registry:c1-vocabulary-pack-cae		Candidate-only lexical evidence; teacher review required before promotion.	lexical_candidate	candidate_only	pdf	pdf:page=19,section=unit-vocabulary
C1 Vocabulary Pack for CAE	c1-vocabulary-pack-cae	Pass/fail/take/do (an exam)	do (an exam)			Unit 8 | The way we learn	19	registry:c1-vocabulary-pack-cae		Candidate-only lexical evidence; teacher review required before promotion.	lexical_candidate	candidate_only	pdf	pdf:page=19,section=unit-vocabulary
C1 Vocabulary Pack for CAE	c1-vocabulary-pack-cae	Achieve/get good grades	get good grades			Unit 8 | The way we learn	19	registry:c1-vocabulary-pack-cae		Candidate-only lexical evidence; teacher review required before promotion.	lexical_candidate	candidate_only	pdf	pdf:page=19,section=unit-vocabulary
C1 Vocabulary Pack for CAE	c1-vocabulary-pack-cae	Revise/review/go over/cram	Revise			Unit 8 | The way we learn	19	registry:c1-vocabulary-pack-cae		Candidate-only lexical evidence; teacher review required before promotion.	lexical_candidate	candidate_only	pdf	pdf:page=19,section=unit-vocabulary
C1 Vocabulary Pack for CAE	c1-vocabulary-pack-cae	Revise/review/go over/cram	review			Unit 8 | The way we learn	19	registry:c1-vocabulary-pack-cae		Candidate-only lexical evidence; teacher review required before promotion.	lexical_candidate	candidate_only	pdf	pdf:page=19,section=unit-vocabulary
C1 Vocabulary Pack for CAE	c1-vocabulary-pack-cae	Revise/review/go over/cram	cram			Unit 8 | The way we learn	19	registry:c1-vocabulary-pack-cae		Candidate-only lexical evidence; teacher review required before promotion.	lexical_candidate	candidate_only	pdf	pdf:page=19,section=unit-vocabulary
C1 Vocabulary Pack for CAE	c1-vocabulary-pack-cae	Understand/take in/get	Understand			Unit 8 | The way we learn	19	registry:c1-vocabulary-pack-cae		Candidate-only lexical evidence; teacher review required before promotion.	lexical_candidate	candidate_only	pdf	pdf:page=19,section=unit-vocabulary
C1 Vocabulary Pack for CAE	c1-vocabulary-pack-cae	Understand/take in/get	take in			Unit 8 | The way we learn	19	registry:c1-vocabulary-pack-cae		Candidate-only lexical evidence; teacher review required before promotion.	lexical_candidate	candidate_only	pdf	pdf:page=19,section=unit-vocabulary
C1 Vocabulary Pack for CAE	c1-vocabulary-pack-cae	Teach/educate/learn	Teach			Unit 8 | The way we learn	19	registry:c1-vocabulary-pack-cae		Candidate-only lexical evidence; teacher review required before promotion.	lexical_candidate	candidate_only	pdf	pdf:page=19,section=unit-vocabulary
C1 Vocabulary Pack for CAE	c1-vocabulary-pack-cae	Teach/educate/learn	educate			Unit 8 | The way we learn	19	registry:c1-vocabulary-pack-cae		Candidate-only lexical evidence; teacher review required before promotion.	lexical_candidate	candidate_only	pdf	pdf:page=19,section=unit-vocabulary
C1 Vocabulary Pack for CAE	c1-vocabulary-pack-cae	Teach/educate/learn	learn			Unit 8 | The way we learn	19	registry:c1-vocabulary-pack-cae		Candidate-only lexical evidence; teacher review required before promotion.	lexical_candidate	candidate_only	pdf	pdf:page=19,section=unit-vocabulary
C1 Vocabulary Pack for CAE	c1-vocabulary-pack-cae	Know/recognise	Know			Unit 8 | The way we learn	19	registry:c1-vocabulary-pack-cae		Candidate-only lexical evidence; teacher review required before promotion.	lexical_candidate	candidate_only	pdf	pdf:page=19,section=unit-vocabulary
C1 Vocabulary Pack for CAE	c1-vocabulary-pack-cae	Know/recognise	recognise			Unit 8 | The way we learn	19	registry:c1-vocabulary-pack-cae		Candidate-only lexical evidence; teacher review required before promotion.	lexical_candidate	candidate_only	pdf	pdf:page=19,section=unit-vocabulary
C1 Vocabulary Pack for CAE	c1-vocabulary-pack-cae	Degree/certificate/qualification/result/grade/mark	Degree			Unit 8 | The way we learn	19	registry:c1-vocabulary-pack-cae		Candidate-only lexical evidence; teacher review required before promotion.	lexical_candidate	candidate_only	pdf	pdf:page=19,section=unit-vocabulary
C1 Vocabulary Pack for CAE	c1-vocabulary-pack-cae	Degree/certificate/qualification/result/grade/mark	certificate			Unit 8 | The way we learn	19	registry:c1-vocabulary-pack-cae		Candidate-only lexical evidence; teacher review required before promotion.	lexical_candidate	candidate_only	pdf	pdf:page=19,section=unit-vocabulary
C1 Vocabulary Pack for CAE	c1-vocabulary-pack-cae	Degree/certificate/qualification/result/grade/mark	result			Unit 8 | The way we learn	19	registry:c1-vocabulary-pack-cae		Candidate-only lexical evidence; teacher review required before promotion.	lexical_candidate	candidate_only	pdf	pdf:page=19,section=unit-vocabulary
C1 Vocabulary Pack for CAE	c1-vocabulary-pack-cae	Degree/certificate/qualification/result/grade/mark	grade			Unit 8 | The way we learn	19	registry:c1-vocabulary-pack-cae		Candidate-only lexical evidence; teacher review required before promotion.	lexical_candidate	candidate_only	pdf	pdf:page=19,section=unit-vocabulary
C1 Vocabulary Pack for CAE	c1-vocabulary-pack-cae	Degree/certificate/qualification/result/grade/mark	mark			Unit 8 | The way we learn	19	registry:c1-vocabulary-pack-cae		Candidate-only lexical evidence; teacher review required before promotion.	lexical_candidate	candidate_only	pdf	pdf:page=19,section=unit-vocabulary
C1 Vocabulary Pack for CAE	c1-vocabulary-pack-cae	Essay/writing	Essay			Unit 8 | The way we learn	19	registry:c1-vocabulary-pack-cae		Candidate-only lexical evidence; teacher review required before promotion.	lexical_candidate	candidate_only	pdf	pdf:page=19,section=unit-vocabulary
C1 Vocabulary Pack for CAE	c1-vocabulary-pack-cae	Essay/writing	writing			Unit 8 | The way we learn	19	registry:c1-vocabulary-pack-cae		Candidate-only lexical evidence; teacher review required before promotion.	lexical_candidate	candidate_only	pdf	pdf:page=19,section=unit-vocabulary
C1 Vocabulary Pack for CAE	c1-vocabulary-pack-cae	Colleague/classmate	classmate			Unit 8 | The way we learn	19	registry:c1-vocabulary-pack-cae		Candidate-only lexical evidence; teacher review required before promotion.	lexical_candidate	candidate_only	pdf	pdf:page=19,section=unit-vocabulary
C1 Vocabulary Pack for CAE	c1-vocabulary-pack-cae	Task/activity	Task			Unit 8 | The way we learn	19	registry:c1-vocabulary-pack-cae		Candidate-only lexical evidence; teacher review required before promotion.	lexical_candidate	candidate_only	pdf	pdf:page=19,section=unit-vocabulary
C1 Vocabulary Pack for CAE	c1-vocabulary-pack-cae	Task/activity	activity			Unit 8 | The way we learn	19	registry:c1-vocabulary-pack-cae		Candidate-only lexical evidence; teacher review required before promotion.	lexical_candidate	candidate_only	pdf	pdf:page=19,section=unit-vocabulary
C1 Vocabulary Pack for CAE	c1-vocabulary-pack-cae	Objective/focus/goal	goal			Unit 8 | The way we learn	19	registry:c1-vocabulary-pack-cae		Candidate-only lexical evidence; teacher review required before promotion.	lexical_candidate	candidate_only	pdf	pdf:page=19,section=unit-vocabulary
C1 Vocabulary Pack for CAE	c1-vocabulary-pack-cae	Speak/talk/discuss/chat/lecture/	Speak			Unit 8 | The way we learn	19	registry:c1-vocabulary-pack-cae		Candidate-only lexical evidence; teacher review required before promotion.	lexical_candidate	candidate_only	pdf	pdf:page=19,section=unit-vocabulary
C1 Vocabulary Pack for CAE	c1-vocabulary-pack-cae	Speak/talk/discuss/chat/lecture/	talk			Unit 8 | The way we learn	19	registry:c1-vocabulary-pack-cae		Candidate-only lexical evidence; teacher review required before promotion.	lexical_candidate	candidate_only	pdf	pdf:page=19,section=unit-vocabulary
C1 Vocabulary Pack for CAE	c1-vocabulary-pack-cae	Speak/talk/discuss/chat/lecture/	discuss			Unit 8 | The way we learn	19	registry:c1-vocabulary-pack-cae		Candidate-only lexical evidence; teacher review required before promotion.	lexical_candidate	candidate_only	pdf	pdf:page=19,section=unit-vocabulary
C1 Vocabulary Pack for CAE	c1-vocabulary-pack-cae	Speak/talk/discuss/chat/lecture/	lecture			Unit 8 | The way we learn	19	registry:c1-vocabulary-pack-cae		Candidate-only lexical evidence; teacher review required before promotion.	lexical_candidate	candidate_only	pdf	pdf:page=19,section=unit-vocabulary
C1 Vocabulary Pack for CAE	c1-vocabulary-pack-cae	Hope/wish/expect	Hope			Unit 8 | The way we learn	19	registry:c1-vocabulary-pack-cae		Candidate-only lexical evidence; teacher review required before promotion.	lexical_candidate	candidate_only	pdf	pdf:page=19,section=unit-vocabulary
C1 Vocabulary Pack for CAE	c1-vocabulary-pack-cae	Hope/wish/expect	wish			Unit 8 | The way we learn	19	registry:c1-vocabulary-pack-cae		Candidate-only lexical evidence; teacher review required before promotion.	lexical_candidate	candidate_only	pdf	pdf:page=19,section=unit-vocabulary
C1 Vocabulary Pack for CAE	c1-vocabulary-pack-cae	Assess/test/examine	Assess			Unit 8 | The way we learn	19	registry:c1-vocabulary-pack-cae		Candidate-only lexical evidence; teacher review required before promotion.	lexical_candidate	candidate_only	pdf	pdf:page=19,section=unit-vocabulary
C1 Vocabulary Pack for CAE	c1-vocabulary-pack-cae	Assess/test/examine	examine			Unit 8 | The way we learn	19	registry:c1-vocabulary-pack-cae		Candidate-only lexical evidence; teacher review required before promotion.	lexical_candidate	candidate_only	pdf	pdf:page=19,section=unit-vocabulary
C1 Vocabulary Pack for CAE	c1-vocabulary-pack-cae	Grasp/learn/catch on/ deliberate	Grasp			Unit 8 | The way we learn	19	registry:c1-vocabulary-pack-cae		Candidate-only lexical evidence; teacher review required before promotion.	lexical_candidate	candidate_only	pdf	pdf:page=19,section=unit-vocabulary
C1 Vocabulary Pack for CAE	c1-vocabulary-pack-cae	Grasp/learn/catch on/ deliberate	catch on			Unit 8 | The way we learn	19	registry:c1-vocabulary-pack-cae		Candidate-only lexical evidence; teacher review required before promotion.	lexical_candidate	candidate_only	pdf	pdf:page=19,section=unit-vocabulary
C1 Vocabulary Pack for CAE	c1-vocabulary-pack-cae	Grasp/learn/catch on/ deliberate	deliberate			Unit 8 | The way we learn	19	registry:c1-vocabulary-pack-cae		Candidate-only lexical evidence; teacher review required before promotion.	lexical_candidate	candidate_only	pdf	pdf:page=19,section=unit-vocabulary
C1 Vocabulary Pack for CAE	c1-vocabulary-pack-cae	Justify	Justify			Unit 8 | The way we learn	19	registry:c1-vocabulary-pack-cae		Candidate-only lexical evidence; teacher review required before promotion.	lexical_candidate	candidate_only	pdf	pdf:page=19,section=unit-vocabulary
C1 Vocabulary Pack for CAE	c1-vocabulary-pack-cae	Inspire/motivate/encourage	Inspire			Unit 8 | The way we learn	19	registry:c1-vocabulary-pack-cae		Candidate-only lexical evidence; teacher review required before promotion.	lexical_candidate	candidate_only	pdf	pdf:page=19,section=unit-vocabulary
C1 Vocabulary Pack for CAE	c1-vocabulary-pack-cae	Inspire/motivate/encourage	motivate			Unit 8 | The way we learn	19	registry:c1-vocabulary-pack-cae		Candidate-only lexical evidence; teacher review required before promotion.	lexical_candidate	candidate_only	pdf	pdf:page=19,section=unit-vocabulary
C1 Vocabulary Pack for CAE	c1-vocabulary-pack-cae	Inspire/motivate/encourage	encourage			Unit 8 | The way we learn	19	registry:c1-vocabulary-pack-cae		Candidate-only lexical evidence; teacher review required before promotion.	lexical_candidate	candidate_only	pdf	pdf:page=19,section=unit-vocabulary
C1 Vocabulary Pack for CAE	c1-vocabulary-pack-cae	Naïve/inexperienced	inexperienced			Unit 8 | The way we learn	19	registry:c1-vocabulary-pack-cae		Candidate-only lexical evidence; teacher review required before promotion.	lexical_candidate	candidate_only	pdf	pdf:page=19,section=unit-vocabulary
C1 Vocabulary Pack for CAE	c1-vocabulary-pack-cae	Dilemma/problem/issue	Dilemma			Unit 8 | The way we learn	19	registry:c1-vocabulary-pack-cae		Candidate-only lexical evidence; teacher review required before promotion.	lexical_candidate	candidate_only	pdf	pdf:page=19,section=unit-vocabulary
C1 Vocabulary Pack for CAE	c1-vocabulary-pack-cae	Dilemma/problem/issue	problem			Unit 8 | The way we learn	19	registry:c1-vocabulary-pack-cae		Candidate-only lexical evidence; teacher review required before promotion.	lexical_candidate	candidate_only	pdf	pdf:page=19,section=unit-vocabulary
C1 Vocabulary Pack for CAE	c1-vocabulary-pack-cae	Dilemma/problem/issue	issue			Unit 8 | The way we learn	19	registry:c1-vocabulary-pack-cae		Candidate-only lexical evidence; teacher review required before promotion.	lexical_candidate	candidate_only	pdf	pdf:page=19,section=unit-vocabulary
C1 Vocabulary Pack for CAE	c1-vocabulary-pack-cae	Hassle/annoy/irritate	Hassle			Unit 8 | The way we learn	19	registry:c1-vocabulary-pack-cae		Candidate-only lexical evidence; teacher review required before promotion.	lexical_candidate	candidate_only	pdf	pdf:page=19,section=unit-vocabulary
C1 Vocabulary Pack for CAE	c1-vocabulary-pack-cae	Hassle/annoy/irritate	annoy			Unit 8 | The way we learn	19	registry:c1-vocabulary-pack-cae		Candidate-only lexical evidence; teacher review required before promotion.	lexical_candidate	candidate_only	pdf	pdf:page=19,section=unit-vocabulary
C1 Vocabulary Pack for CAE	c1-vocabulary-pack-cae	Hassle/annoy/irritate	irritate			Unit 8 | The way we learn	19	registry:c1-vocabulary-pack-cae		Candidate-only lexical evidence; teacher review required before promotion.	lexical_candidate	candidate_only	pdf	pdf:page=19,section=unit-vocabulary
C1 Vocabulary Pack for CAE	c1-vocabulary-pack-cae	Gather	Gather			Unit 8 | The way we learn	19	registry:c1-vocabulary-pack-cae		Candidate-only lexical evidence; teacher review required before promotion.	lexical_candidate	candidate_only	pdf	pdf:page=19,section=unit-vocabulary
C1 Vocabulary Pack for CAE	c1-vocabulary-pack-cae	Deduce	Deduce			Unit 8 | The way we learn	19	registry:c1-vocabulary-pack-cae		Candidate-only lexical evidence; teacher review required before promotion.	lexical_candidate	candidate_only	pdf	pdf:page=19,section=unit-vocabulary
C1 Vocabulary Pack for CAE	c1-vocabulary-pack-cae	Raise the question of	Raise the question of	phrase		Unit 8 | The way we learn	19	registry:c1-vocabulary-pack-cae		Candidate-only lexical evidence; teacher review required before promotion.	lexical_candidate	candidate_only	pdf	pdf:page=19,section=word-patterns
C1 Vocabulary Pack for CAE	c1-vocabulary-pack-cae	Beg to differ	Beg to differ	phrase		Unit 8 | The way we learn	19	registry:c1-vocabulary-pack-cae		Candidate-only lexical evidence; teacher review required before promotion.	lexical_candidate	candidate_only	pdf	pdf:page=19,section=word-patterns
C1 Vocabulary Pack for CAE	c1-vocabulary-pack-cae	Learn about	Learn about	phrase		Unit 8 | The way we learn	19	registry:c1-vocabulary-pack-cae		Candidate-only lexical evidence; teacher review required before promotion.	lexical_candidate	candidate_only	pdf	pdf:page=19,section=word-patterns
C1 Vocabulary Pack for CAE	c1-vocabulary-pack-cae	Revise/study for	Revise for	phrase		Unit 8 | The way we learn	19	registry:c1-vocabulary-pack-cae		Candidate-only lexical evidence; teacher review required before promotion.	lexical_candidate	candidate_only	pdf	pdf:page=19,section=word-patterns
C1 Vocabulary Pack for CAE	c1-vocabulary-pack-cae	Revise/study for	study for	phrase		Unit 8 | The way we learn	19	registry:c1-vocabulary-pack-cae		Candidate-only lexical evidence; teacher review required before promotion.	lexical_candidate	candidate_only	pdf	pdf:page=19,section=word-patterns
C1 Vocabulary Pack for CAE	c1-vocabulary-pack-cae	Boast of/about	Boast of	phrase		Unit 8 | The way we learn	19	registry:c1-vocabulary-pack-cae		Candidate-only lexical evidence; teacher review required before promotion.	lexical_candidate	candidate_only	pdf	pdf:page=19,section=word-patterns
C1 Vocabulary Pack for CAE	c1-vocabulary-pack-cae	Side by side	Side by side	phrase		Unit 8 | The way we learn	19	registry:c1-vocabulary-pack-cae		Candidate-only lexical evidence; teacher review required before promotion.	lexical_candidate	candidate_only	pdf	pdf:page=19,section=word-patterns
C1 Vocabulary Pack for CAE	c1-vocabulary-pack-cae	Complain about	Complain about	phrase		Unit 8 | The way we learn	19	registry:c1-vocabulary-pack-cae		Candidate-only lexical evidence; teacher review required before promotion.	lexical_candidate	candidate_only	pdf	pdf:page=19,section=word-patterns
C1 Vocabulary Pack for CAE	c1-vocabulary-pack-cae	Teach to sb/about sth	Teach to sb	phrase		Unit 8 | The way we learn	19	registry:c1-vocabulary-pack-cae		Candidate-only lexical evidence; teacher review required before promotion.	lexical_candidate	candidate_only	pdf	pdf:page=19,section=word-patterns
C1 Vocabulary Pack for CAE	c1-vocabulary-pack-cae	Talk/speak to sb/about sth	speak to sb	phrase		Unit 8 | The way we learn	19	registry:c1-vocabulary-pack-cae		Candidate-only lexical evidence; teacher review required before promotion.	lexical_candidate	candidate_only	pdf	pdf:page=19,section=word-patterns
C1 Vocabulary Pack for CAE	c1-vocabulary-pack-cae	Be suitable for	Be suitable for	phrase		Unit 8 | The way we learn	19	registry:c1-vocabulary-pack-cae		Candidate-only lexical evidence; teacher review required before promotion.	lexical_candidate	candidate_only	pdf	pdf:page=19,section=word-patterns
C1 Vocabulary Pack for CAE	c1-vocabulary-pack-cae	A sense of	A sense of	phrase		Unit 8 | The way we learn	19	registry:c1-vocabulary-pack-cae		Candidate-only lexical evidence; teacher review required before promotion.	lexical_candidate	candidate_only	pdf	pdf:page=19,section=word-patterns
C1 Vocabulary Pack for CAE	c1-vocabulary-pack-cae	Be happy with/about	Be happy with	phrase		Unit 8 | The way we learn	19	registry:c1-vocabulary-pack-cae		Candidate-only lexical evidence; teacher review required before promotion.	lexical_candidate	candidate_only	pdf	pdf:page=19,section=word-patterns
C1 Vocabulary Pack for CAE	c1-vocabulary-pack-cae	Be happy with/about	Be Be happy about	phrase		Unit 8 | The way we learn	19	registry:c1-vocabulary-pack-cae		Candidate-only lexical evidence; teacher review required before promotion.	lexical_candidate	candidate_only	pdf	pdf:page=19,section=word-patterns
C1 Vocabulary Pack for CAE	c1-vocabulary-pack-cae	Be capable of	Be capable of	phrase		Unit 8 | The way we learn	19	registry:c1-vocabulary-pack-cae		Candidate-only lexical evidence; teacher review required before promotion.	lexical_candidate	candidate_only	pdf	pdf:page=19,section=word-patterns
C1 Vocabulary Pack for CAE	c1-vocabulary-pack-cae	Consist of	Consist of	phrase		Unit 8 | The way we learn	19	registry:c1-vocabulary-pack-cae		Candidate-only lexical evidence; teacher review required before promotion.	lexical_candidate	candidate_only	pdf	pdf:page=19,section=word-patterns
C1 Vocabulary Pack for CAE	c1-vocabulary-pack-cae	Account for	Account for	phrase		Unit 8 | The way we learn	19	registry:c1-vocabulary-pack-cae		Candidate-only lexical evidence; teacher review required before promotion.	lexical_candidate	candidate_only	pdf	pdf:page=19,section=word-patterns
C1 Vocabulary Pack for CAE	c1-vocabulary-pack-cae	Take account of	Take account of	phrase		Unit 8 | The way we learn	19	registry:c1-vocabulary-pack-cae		Candidate-only lexical evidence; teacher review required before promotion.	lexical_candidate	candidate_only	pdf	pdf:page=19,section=word-patterns
C1 Vocabulary Pack for CAE	c1-vocabulary-pack-cae	In the belief that	In the belief that	phrase		Unit 8 | The way we learn	19	registry:c1-vocabulary-pack-cae		Candidate-only lexical evidence; teacher review required before promotion.	lexical_candidate	candidate_only	pdf	pdf:page=19,section=word-patterns
C1 Vocabulary Pack for CAE	c1-vocabulary-pack-cae	The basis for	The basis for	phrase		Unit 8 | The way we learn	19	registry:c1-vocabulary-pack-cae		Candidate-only lexical evidence; teacher review required before promotion.	lexical_candidate	candidate_only	pdf	pdf:page=19,section=word-patterns
C1 Vocabulary Pack for CAE	c1-vocabulary-pack-cae	Conclusion of	Conclusion of	phrase		Unit 8 | The way we learn	19	registry:c1-vocabulary-pack-cae		Candidate-only lexical evidence; teacher review required before promotion.	lexical_candidate	candidate_only	pdf	pdf:page=19,section=word-patterns
C1 Vocabulary Pack for CAE	c1-vocabulary-pack-cae	Brush up on	Brush up on	phrasal verb		Unit 8 | The way we learn	19	registry:c1-vocabulary-pack-cae		Candidate-only lexical evidence; teacher review required before promotion.	lexical_candidate	candidate_only	pdf	pdf:page=19,section=phrasal-verbs
C1 Vocabulary Pack for CAE	c1-vocabulary-pack-cae	Drop out (of)	Drop out (of)	phrasal verb		Unit 8 | The way we learn	19	registry:c1-vocabulary-pack-cae		Candidate-only lexical evidence; teacher review required before promotion.	lexical_candidate	candidate_only	pdf	pdf:page=19,section=phrasal-verbs
C1 Vocabulary Pack for CAE	c1-vocabulary-pack-cae	Get on with	Get on with	phrasal verb		Unit 8 | The way we learn	19	registry:c1-vocabulary-pack-cae		Candidate-only lexical evidence; teacher review required before promotion.	lexical_candidate	candidate_only	pdf	pdf:page=19,section=phrasal-verbs
C1 Vocabulary Pack for CAE	c1-vocabulary-pack-cae	Think over	Think over	phrasal verb		Unit 8 | The way we learn	19	registry:c1-vocabulary-pack-cae		Candidate-only lexical evidence; teacher review required before promotion.	lexical_candidate	candidate_only	pdf	pdf:page=19,section=phrasal-verbs
C1 Vocabulary Pack for CAE	c1-vocabulary-pack-cae	Mull over	Mull over	phrasal verb		Unit 8 | The way we learn	19	registry:c1-vocabulary-pack-cae		Candidate-only lexical evidence; teacher review required before promotion.	lexical_candidate	candidate_only	pdf	pdf:page=19,section=phrasal-verbs
C1 Vocabulary Pack for CAE	c1-vocabulary-pack-cae	Go for	Go for	phrasal verb		Unit 8 | The way we learn	19	registry:c1-vocabulary-pack-cae		Candidate-only lexical evidence; teacher review required before promotion.	lexical_candidate	candidate_only	pdf	pdf:page=19,section=phrasal-verbs
C1 Vocabulary Pack for CAE	c1-vocabulary-pack-cae	Be into	Be into	phrasal verb		Unit 8 | The way we learn	19	registry:c1-vocabulary-pack-cae		Candidate-only lexical evidence; teacher review required before promotion.	lexical_candidate	candidate_only	pdf	pdf:page=19,section=phrasal-verbs
C1 Vocabulary Pack for CAE	c1-vocabulary-pack-cae	Figure out	Figure out	phrasal verb		Unit 8 | The way we learn	19	registry:c1-vocabulary-pack-cae		Candidate-only lexical evidence; teacher review required before promotion.	lexical_candidate	candidate_only	pdf	pdf:page=19,section=phrasal-verbs
C1 Vocabulary Pack for CAE	c1-vocabulary-pack-cae	Fall behind	Fall behind	phrasal verb		Unit 8 | The way we learn	19	registry:c1-vocabulary-pack-cae		Candidate-only lexical evidence; teacher review required before promotion.	lexical_candidate	candidate_only	pdf	pdf:page=19,section=phrasal-verbs
C1 Vocabulary Pack for CAE	c1-vocabulary-pack-cae	Persist – persistence	persistence			Unit 8 | The way we learn	19	registry:c1-vocabulary-pack-cae		Candidate-only lexical evidence; teacher review required before promotion.	lexical_candidate	candidate_only	pdf	pdf:page=19,section=word-formation
C1 Vocabulary Pack for CAE	c1-vocabulary-pack-cae	Deliberate – deliberation	deliberation			Unit 8 | The way we learn	19	registry:c1-vocabulary-pack-cae		Candidate-only lexical evidence; teacher review required before promotion.	lexical_candidate	candidate_only	pdf	pdf:page=19,section=word-formation
C1 Vocabulary Pack for CAE	c1-vocabulary-pack-cae	Assess - assessment	assessment			Unit 8 | The way we learn	19	registry:c1-vocabulary-pack-cae		Candidate-only lexical evidence; teacher review required before promotion.	lexical_candidate	candidate_only	pdf	pdf:page=19,section=word-formation
C1 Vocabulary Pack for CAE	c1-vocabulary-pack-cae	Revise – revision	revision			Unit 8 | The way we learn	19	registry:c1-vocabulary-pack-cae		Candidate-only lexical evidence; teacher review required before promotion.	lexical_candidate	candidate_only	pdf	pdf:page=19,section=word-formation
C1 Vocabulary Pack for CAE	c1-vocabulary-pack-cae	Exam – examination	Exam			Unit 8 | The way we learn	19	registry:c1-vocabulary-pack-cae		Candidate-only lexical evidence; teacher review required before promotion.	lexical_candidate	candidate_only	pdf	pdf:page=19,section=word-formation
C1 Vocabulary Pack for CAE	c1-vocabulary-pack-cae	Exam – examination	examination			Unit 8 | The way we learn	19	registry:c1-vocabulary-pack-cae		Candidate-only lexical evidence; teacher review required before promotion.	lexical_candidate	candidate_only	pdf	pdf:page=19,section=word-formation
C1 Vocabulary Pack for CAE	c1-vocabulary-pack-cae	Hope – hopeless, hopeful	hopeless			Unit 8 | The way we learn	19	registry:c1-vocabulary-pack-cae		Candidate-only lexical evidence; teacher review required before promotion.	lexical_candidate	candidate_only	pdf	pdf:page=19,section=word-formation
C1 Vocabulary Pack for CAE	c1-vocabulary-pack-cae	Hope – hopeless, hopeful	hopeful			Unit 8 | The way we learn	19	registry:c1-vocabulary-pack-cae		Candidate-only lexical evidence; teacher review required before promotion.	lexical_candidate	candidate_only	pdf	pdf:page=19,section=word-formation
C1 Vocabulary Pack for CAE	c1-vocabulary-pack-cae	Suit – suitable, suitability	Suit			Unit 8 | The way we learn	19	registry:c1-vocabulary-pack-cae		Candidate-only lexical evidence; teacher review required before promotion.	lexical_candidate	candidate_only	pdf	pdf:page=19,section=word-formation
C1 Vocabulary Pack for CAE	c1-vocabulary-pack-cae	Suit – suitable, suitability	suitable			Unit 8 | The way we learn	19	registry:c1-vocabulary-pack-cae		Candidate-only lexical evidence; teacher review required before promotion.	lexical_candidate	candidate_only	pdf	pdf:page=19,section=word-formation
C1 Vocabulary Pack for CAE	c1-vocabulary-pack-cae	Suit – suitable, suitability	suitability			Unit 8 | The way we learn	19	registry:c1-vocabulary-pack-cae		Candidate-only lexical evidence; teacher review required before promotion.	lexical_candidate	candidate_only	pdf	pdf:page=19,section=word-formation
C1 Vocabulary Pack for CAE	c1-vocabulary-pack-cae	Achieve – achievement	achievement			Unit 8 | The way we learn	19	registry:c1-vocabulary-pack-cae		Candidate-only lexical evidence; teacher review required before promotion.	lexical_candidate	candidate_only	pdf	pdf:page=19,section=word-formation
C1 Vocabulary Pack for CAE	c1-vocabulary-pack-cae	Succeed – success, successful	success			Unit 8 | The way we learn	19	registry:c1-vocabulary-pack-cae		Candidate-only lexical evidence; teacher review required before promotion.	lexical_candidate	candidate_only	pdf	pdf:page=19,section=word-formation
C1 Vocabulary Pack for CAE	c1-vocabulary-pack-cae	Succeed – success, successful	successful			Unit 8 | The way we learn	19	registry:c1-vocabulary-pack-cae		Candidate-only lexical evidence; teacher review required before promotion.	lexical_candidate	candidate_only	pdf	pdf:page=19,section=word-formation
C1 Vocabulary Pack for CAE	c1-vocabulary-pack-cae	Experience – experienced. Inexperienced	Experience			Unit 8 | The way we learn	19	registry:c1-vocabulary-pack-cae		Candidate-only lexical evidence; teacher review required before promotion.	lexical_candidate	candidate_only	pdf	pdf:page=19,section=word-formation
C1 Vocabulary Pack for CAE	c1-vocabulary-pack-cae	Experience – experienced. Inexperienced	experienced. Inexperienced			Unit 8 | The way we learn	19	registry:c1-vocabulary-pack-cae		Candidate-only lexical evidence; teacher review required before promotion.	lexical_candidate	candidate_only	pdf	pdf:page=19,section=word-formation
C1 Vocabulary Pack for CAE	c1-vocabulary-pack-cae	Capable – capability	Capable			Unit 8 | The way we learn	19	registry:c1-vocabulary-pack-cae		Candidate-only lexical evidence; teacher review required before promotion.	lexical_candidate	candidate_only	pdf	pdf:page=19,section=word-formation
C1 Vocabulary Pack for CAE	c1-vocabulary-pack-cae	Capable – capability	capability			Unit 8 | The way we learn	19	registry:c1-vocabulary-pack-cae		Candidate-only lexical evidence; teacher review required before promotion.	lexical_candidate	candidate_only	pdf	pdf:page=19,section=word-formation
C1 Vocabulary Pack for CAE	c1-vocabulary-pack-cae	Consist – consistent, consistency	Consist			Unit 8 | The way we learn	19	registry:c1-vocabulary-pack-cae		Candidate-only lexical evidence; teacher review required before promotion.	lexical_candidate	candidate_only	pdf	pdf:page=19,section=word-formation
C1 Vocabulary Pack for CAE	c1-vocabulary-pack-cae	Consist – consistent, consistency	consistent			Unit 8 | The way we learn	19	registry:c1-vocabulary-pack-cae		Candidate-only lexical evidence; teacher review required before promotion.	lexical_candidate	candidate_only	pdf	pdf:page=19,section=word-formation
C1 Vocabulary Pack for CAE	c1-vocabulary-pack-cae	Consist – consistent, consistency	consistency			Unit 8 | The way we learn	19	registry:c1-vocabulary-pack-cae		Candidate-only lexical evidence; teacher review required before promotion.	lexical_candidate	candidate_only	pdf	pdf:page=19,section=word-formation
C1 Vocabulary Pack for CAE	c1-vocabulary-pack-cae	Intuitive – intuition, intuitively	Intuitive			Unit 8 | The way we learn	19	registry:c1-vocabulary-pack-cae		Candidate-only lexical evidence; teacher review required before promotion.	lexical_candidate	candidate_only	pdf	pdf:page=19,section=word-formation
C1 Vocabulary Pack for CAE	c1-vocabulary-pack-cae	Intuitive – intuition, intuitively	intuition			Unit 8 | The way we learn	19	registry:c1-vocabulary-pack-cae		Candidate-only lexical evidence; teacher review required before promotion.	lexical_candidate	candidate_only	pdf	pdf:page=19,section=word-formation
C1 Vocabulary Pack for CAE	c1-vocabulary-pack-cae	Intuitive – intuition, intuitively	intuitively			Unit 8 | The way we learn	19	registry:c1-vocabulary-pack-cae		Candidate-only lexical evidence; teacher review required before promotion.	lexical_candidate	candidate_only	pdf	pdf:page=19,section=word-formation
C1 Vocabulary Pack for CAE	c1-vocabulary-pack-cae	Deduce – deduction	deduction			Unit 8 | The way we learn	19	registry:c1-vocabulary-pack-cae		Candidate-only lexical evidence; teacher review required before promotion.	lexical_candidate	candidate_only	pdf	pdf:page=19,section=word-formation
C1 Vocabulary Pack for CAE	c1-vocabulary-pack-cae	Go into	Go into	phrasal verb		Unit 8 | The way we learn	20	registry:c1-vocabulary-pack-cae		Candidate-only lexical evidence; teacher review required before promotion.	lexical_candidate	candidate_only	pdf	pdf:page=20,section=phrasal-verbs
C1 Vocabulary Pack for CAE	c1-vocabulary-pack-cae	Puzzle out	Puzzle out	phrasal verb		Unit 8 | The way we learn	20	registry:c1-vocabulary-pack-cae		Candidate-only lexical evidence; teacher review required before promotion.	lexical_candidate	candidate_only	pdf	pdf:page=20,section=phrasal-verbs
C1 Vocabulary Pack for CAE	c1-vocabulary-pack-cae	Take down	Take down	phrasal verb		Unit 8 | The way we learn	20	registry:c1-vocabulary-pack-cae		Candidate-only lexical evidence; teacher review required before promotion.	lexical_candidate	candidate_only	pdf	pdf:page=20,section=phrasal-verbs
C1 Vocabulary Pack for CAE	c1-vocabulary-pack-cae	Justify - justification	justification			Unit 8 | The way we learn	20	registry:c1-vocabulary-pack-cae		Candidate-only lexical evidence; teacher review required before promotion.	lexical_candidate	candidate_only	pdf	pdf:page=20,section=word-formation
C1 Vocabulary Pack for CAE	c1-vocabulary-pack-cae	Make sense	Make sense	phrase		Unit 8 | The way we learn	20	registry:c1-vocabulary-pack-cae		Candidate-only lexical evidence; teacher review required before promotion.	lexical_candidate	candidate_only	pdf	pdf:page=20,section=fixed-phrases
C1 Vocabulary Pack for CAE	c1-vocabulary-pack-cae	Make up your mind	Make up your mind	phrase		Unit 8 | The way we learn	20	registry:c1-vocabulary-pack-cae		Candidate-only lexical evidence; teacher review required before promotion.	lexical_candidate	candidate_only	pdf	pdf:page=20,section=fixed-phrases
C1 Vocabulary Pack for CAE	c1-vocabulary-pack-cae	By all accounts	By all accounts	phrase		Unit 8 | The way we learn	20	registry:c1-vocabulary-pack-cae		Candidate-only lexical evidence; teacher review required before promotion.	lexical_candidate	candidate_only	pdf	pdf:page=20,section=fixed-phrases
C1 Vocabulary Pack for CAE	c1-vocabulary-pack-cae	Pay attention to	Pay attention to	phrase		Unit 8 | The way we learn	20	registry:c1-vocabulary-pack-cae		Candidate-only lexical evidence; teacher review required before promotion.	lexical_candidate	candidate_only	pdf	pdf:page=20,section=fixed-phrases
C1 Vocabulary Pack for CAE	c1-vocabulary-pack-cae	See no point in	See no point in	phrase		Unit 8 | The way we learn	20	registry:c1-vocabulary-pack-cae		Candidate-only lexical evidence; teacher review required before promotion.	lexical_candidate	candidate_only	pdf	pdf:page=20,section=fixed-phrases
C1 Vocabulary Pack for CAE	c1-vocabulary-pack-cae	Have (little/no) difficulty in	Have (little in	phrase		Unit 8 | The way we learn	20	registry:c1-vocabulary-pack-cae		Candidate-only lexical evidence; teacher review required before promotion.	lexical_candidate	candidate_only	pdf	pdf:page=20,section=fixed-phrases
C1 Vocabulary Pack for CAE	c1-vocabulary-pack-cae	Have (little/no) difficulty in	no) difficulty in	phrase		Unit 8 | The way we learn	20	registry:c1-vocabulary-pack-cae		Candidate-only lexical evidence; teacher review required before promotion.	lexical_candidate	candidate_only	pdf	pdf:page=20,section=fixed-phrases
C1 Vocabulary Pack for CAE	c1-vocabulary-pack-cae	On your own	On your own	phrase		Unit 8 | The way we learn	20	registry:c1-vocabulary-pack-cae		Candidate-only lexical evidence; teacher review required before promotion.	lexical_candidate	candidate_only	pdf	pdf:page=20,section=fixed-phrases
C1 Vocabulary Pack for CAE	c1-vocabulary-pack-cae	The benefit to/of	The benefit to	phrase		Unit 8 | The way we learn	20	registry:c1-vocabulary-pack-cae		Candidate-only lexical evidence; teacher review required before promotion.	lexical_candidate	candidate_only	pdf	pdf:page=20,section=fixed-phrases
C1 Vocabulary Pack for CAE	c1-vocabulary-pack-cae	On balance	On balance	phrase		Unit 8 | The way we learn	20	registry:c1-vocabulary-pack-cae		Candidate-only lexical evidence; teacher review required before promotion.	lexical_candidate	candidate_only	pdf	pdf:page=20,section=fixed-phrases
C1 Vocabulary Pack for CAE	c1-vocabulary-pack-cae	Be in two minds	Be in two minds	phrase		Unit 8 | The way we learn	20	registry:c1-vocabulary-pack-cae		Candidate-only lexical evidence; teacher review required before promotion.	lexical_candidate	candidate_only	pdf	pdf:page=20,section=fixed-phrases
C1 Vocabulary Pack for CAE	c1-vocabulary-pack-cae	Hit the books	Hit the books	idiom		Unit 8 | The way we learn	20	registry:c1-vocabulary-pack-cae		Candidate-only lexical evidence; teacher review required before promotion.	lexical_candidate	candidate_only	pdf	pdf:page=20,section=idioms
C1 Vocabulary Pack for CAE	c1-vocabulary-pack-cae	Pull an all nighter	Pull an all nighter	idiom		Unit 8 | The way we learn	20	registry:c1-vocabulary-pack-cae		Candidate-only lexical evidence; teacher review required before promotion.	lexical_candidate	candidate_only	pdf	pdf:page=20,section=idioms
C1 Vocabulary Pack for CAE	c1-vocabulary-pack-cae	Be on the mark	Be on the mark	idiom		Unit 8 | The way we learn	20	registry:c1-vocabulary-pack-cae		Candidate-only lexical evidence; teacher review required before promotion.	lexical_candidate	candidate_only	pdf	pdf:page=20,section=idioms
C1 Vocabulary Pack for CAE	c1-vocabulary-pack-cae	Cover all the bases	Cover all the bases	idiom		Unit 8 | The way we learn	20	registry:c1-vocabulary-pack-cae		Candidate-only lexical evidence; teacher review required before promotion.	lexical_candidate	candidate_only	pdf	pdf:page=20,section=idioms
C1 Vocabulary Pack for CAE	c1-vocabulary-pack-cae	Be ahead of the pack	Be ahead of the pack	idiom		Unit 8 | The way we learn	20	registry:c1-vocabulary-pack-cae		Candidate-only lexical evidence; teacher review required before promotion.	lexical_candidate	candidate_only	pdf	pdf:page=20,section=idioms
C1 Vocabulary Pack for CAE	c1-vocabulary-pack-cae	With flying colours	With flying colours	idiom		Unit 8 | The way we learn	20	registry:c1-vocabulary-pack-cae		Candidate-only lexical evidence; teacher review required before promotion.	lexical_candidate	candidate_only	pdf	pdf:page=20,section=idioms
