source	registry_source_id	raw_term	headword	pos	cefr	topic_or_section	pdf_page	source_ref	definition	notes	source_role	corpus_policy	source_format	locator
Edge Vocabulary Book 1A	edge-vocabulary-book-1a	fan	fan	noun		Sports communication - People in sports	49	Edge Vocabulary Book 1A visible PDF p.49		visible-even-pages-only; source-missing-alternate-pages; explicit target-list term and printed POS only; editorial review required.	lexical_candidate	candidate_only	pdf	pdf:page=49;region=explicit-vocabulary-list;scope=visible-even-pages-only;source-missing-alternate-pages=true;entry=1
Edge Vocabulary Book 1A	edge-vocabulary-book-1a	runner-up	runner-up	noun		Sports communication - People in sports	49	Edge Vocabulary Book 1A visible PDF p.49		visible-even-pages-only; source-missing-alternate-pages; explicit target-list term and printed POS only; editorial review required.	lexical_candidate	candidate_only	pdf	pdf:page=49;region=explicit-vocabulary-list;scope=visible-even-pages-only;source-missing-alternate-pages=true;entry=2
Edge Vocabulary Book 1A	edge-vocabulary-book-1a	substitute	substitute	noun		Sports communication - People in sports	49	Edge Vocabulary Book 1A visible PDF p.49		visible-even-pages-only; source-missing-alternate-pages; explicit target-list term and printed POS only; editorial review required.	lexical_candidate	candidate_only	pdf	pdf:page=49;region=explicit-vocabulary-list;scope=visible-even-pages-only;source-missing-alternate-pages=true;entry=3
Edge Vocabulary Book 1A	edge-vocabulary-book-1a	team-mate	team-mate	noun		Sports communication - People in sports	49	Edge Vocabulary Book 1A visible PDF p.49		visible-even-pages-only; source-missing-alternate-pages; explicit target-list term and printed POS only; editorial review required.	lexical_candidate	candidate_only	pdf	pdf:page=49;region=explicit-vocabulary-list;scope=visible-even-pages-only;source-missing-alternate-pages=true;entry=4
Edge Vocabulary Book 1A	edge-vocabulary-book-1a	umpire	umpire	noun		Sports communication - People in sports	49	Edge Vocabulary Book 1A visible PDF p.49		visible-even-pages-only; source-missing-alternate-pages; explicit target-list term and printed POS only; editorial review required.	lexical_candidate	candidate_only	pdf	pdf:page=49;region=explicit-vocabulary-list;scope=visible-even-pages-only;source-missing-alternate-pages=true;entry=5
Edge Vocabulary Book 1A	edge-vocabulary-book-1a	ball	ball	noun		Sports communication - Sports equipment	49	Edge Vocabulary Book 1A visible PDF p.49		visible-even-pages-only; source-missing-alternate-pages; explicit target-list term and printed POS only; editorial review required.	lexical_candidate	candidate_only	pdf	pdf:page=49;region=explicit-vocabulary-list;scope=visible-even-pages-only;source-missing-alternate-pages=true;entry=6
Edge Vocabulary Book 1A	edge-vocabulary-book-1a	bat	bat	noun		Sports communication - Sports equipment	49	Edge Vocabulary Book 1A visible PDF p.49		visible-even-pages-only; source-missing-alternate-pages; explicit target-list term and printed POS only; editorial review required.	lexical_candidate	candidate_only	pdf	pdf:page=49;region=explicit-vocabulary-list;scope=visible-even-pages-only;source-missing-alternate-pages=true;entry=7
Edge Vocabulary Book 1A	edge-vocabulary-book-1a	cue	cue	noun		Sports communication - Sports equipment	49	Edge Vocabulary Book 1A visible PDF p.49		visible-even-pages-only; source-missing-alternate-pages; explicit target-list term and printed POS only; editorial review required.	lexical_candidate	candidate_only	pdf	pdf:page=49;region=explicit-vocabulary-list;scope=visible-even-pages-only;source-missing-alternate-pages=true;entry=8
Edge Vocabulary Book 1A	edge-vocabulary-book-1a	goalpost	goalpost	noun		Sports communication - Sports equipment	49	Edge Vocabulary Book 1A visible PDF p.49		visible-even-pages-only; source-missing-alternate-pages; explicit target-list term and printed POS only; editorial review required.	lexical_candidate	candidate_only	pdf	pdf:page=49;region=explicit-vocabulary-list;scope=visible-even-pages-only;source-missing-alternate-pages=true;entry=9
Edge Vocabulary Book 1A	edge-vocabulary-book-1a	goggles	goggles	noun		Sports communication - Sports equipment	49	Edge Vocabulary Book 1A visible PDF p.49		visible-even-pages-only; source-missing-alternate-pages; explicit target-list term and printed POS only; editorial review required.	lexical_candidate	candidate_only	pdf	pdf:page=49;region=explicit-vocabulary-list;scope=visible-even-pages-only;source-missing-alternate-pages=true;entry=10
Edge Vocabulary Book 1A	edge-vocabulary-book-1a	golf club	golf club	noun phrase		Sports communication - Sports equipment	49	Edge Vocabulary Book 1A visible PDF p.49		visible-even-pages-only; source-missing-alternate-pages; explicit target-list term and printed POS only; editorial review required.	lexical_candidate	candidate_only	pdf	pdf:page=49;region=explicit-vocabulary-list;scope=visible-even-pages-only;source-missing-alternate-pages=true;entry=11
Edge Vocabulary Book 1A	edge-vocabulary-book-1a	puck	puck	noun		Sports communication - Sports equipment	49	Edge Vocabulary Book 1A visible PDF p.49		visible-even-pages-only; source-missing-alternate-pages; explicit target-list term and printed POS only; editorial review required.	lexical_candidate	candidate_only	pdf	pdf:page=49;region=explicit-vocabulary-list;scope=visible-even-pages-only;source-missing-alternate-pages=true;entry=12
Edge Vocabulary Book 1A	edge-vocabulary-book-1a	acrostic	acrostic	noun		Poems (I) - Words used in poetry	51	Edge Vocabulary Book 1A visible PDF p.51		visible-even-pages-only; source-missing-alternate-pages; explicit target-list term and printed POS only; editorial review required.	lexical_candidate	candidate_only	pdf	pdf:page=51;region=explicit-vocabulary-list;scope=visible-even-pages-only;source-missing-alternate-pages=true;entry=1
Edge Vocabulary Book 1A	edge-vocabulary-book-1a	alliteration	alliteration	noun		Poems (I) - Words used in poetry	51	Edge Vocabulary Book 1A visible PDF p.51		visible-even-pages-only; source-missing-alternate-pages; explicit target-list term and printed POS only; editorial review required.	lexical_candidate	candidate_only	pdf	pdf:page=51;region=explicit-vocabulary-list;scope=visible-even-pages-only;source-missing-alternate-pages=true;entry=2
Edge Vocabulary Book 1A	edge-vocabulary-book-1a	emphasis	emphasis	noun		Poems (I) - Words used in poetry	51	Edge Vocabulary Book 1A visible PDF p.51		visible-even-pages-only; source-missing-alternate-pages; explicit target-list term and printed POS only; editorial review required.	lexical_candidate	candidate_only	pdf	pdf:page=51;region=explicit-vocabulary-list;scope=visible-even-pages-only;source-missing-alternate-pages=true;entry=3
Edge Vocabulary Book 1A	edge-vocabulary-book-1a	line	line	noun		Poems (I) - Words used in poetry	51	Edge Vocabulary Book 1A visible PDF p.51		visible-even-pages-only; source-missing-alternate-pages; explicit target-list term and printed POS only; editorial review required.	lexical_candidate	candidate_only	pdf	pdf:page=51;region=explicit-vocabulary-list;scope=visible-even-pages-only;source-missing-alternate-pages=true;entry=4
Edge Vocabulary Book 1A	edge-vocabulary-book-1a	message	message	noun		Poems (I) - Words used in poetry	51	Edge Vocabulary Book 1A visible PDF p.51		visible-even-pages-only; source-missing-alternate-pages; explicit target-list term and printed POS only; editorial review required.	lexical_candidate	candidate_only	pdf	pdf:page=51;region=explicit-vocabulary-list;scope=visible-even-pages-only;source-missing-alternate-pages=true;entry=5
Edge Vocabulary Book 1A	edge-vocabulary-book-1a	repetition	repetition	noun		Poems (I) - Words used in poetry	51	Edge Vocabulary Book 1A visible PDF p.51		visible-even-pages-only; source-missing-alternate-pages; explicit target-list term and printed POS only; editorial review required.	lexical_candidate	candidate_only	pdf	pdf:page=51;region=explicit-vocabulary-list;scope=visible-even-pages-only;source-missing-alternate-pages=true;entry=6
Edge Vocabulary Book 1A	edge-vocabulary-book-1a	rhyme	rhyme	verb		Poems (I) - Words used in poetry	51	Edge Vocabulary Book 1A visible PDF p.51		visible-even-pages-only; source-missing-alternate-pages; explicit target-list term and printed POS only; editorial review required.	lexical_candidate	candidate_only	pdf	pdf:page=51;region=explicit-vocabulary-list;scope=visible-even-pages-only;source-missing-alternate-pages=true;entry=7
Edge Vocabulary Book 1A	edge-vocabulary-book-1a	rhyming words	rhyming words	noun phrase		Poems (I) - Words used in poetry	51	Edge Vocabulary Book 1A visible PDF p.51		visible-even-pages-only; source-missing-alternate-pages; explicit target-list term and printed POS only; editorial review required.	lexical_candidate	candidate_only	pdf	pdf:page=51;region=explicit-vocabulary-list;scope=visible-even-pages-only;source-missing-alternate-pages=true;entry=8
Edge Vocabulary Book 1A	edge-vocabulary-book-1a	stress	stress	noun		Poems (I) - Words used in poetry	51	Edge Vocabulary Book 1A visible PDF p.51		visible-even-pages-only; source-missing-alternate-pages; explicit target-list term and printed POS only; editorial review required.	lexical_candidate	candidate_only	pdf	pdf:page=51;region=explicit-vocabulary-list;scope=visible-even-pages-only;source-missing-alternate-pages=true;entry=9
Edge Vocabulary Book 1A	edge-vocabulary-book-1a	subject	subject	noun		Poems (I) - Words used in poetry	51	Edge Vocabulary Book 1A visible PDF p.51		visible-even-pages-only; source-missing-alternate-pages; explicit target-list term and printed POS only; editorial review required.	lexical_candidate	candidate_only	pdf	pdf:page=51;region=explicit-vocabulary-list;scope=visible-even-pages-only;source-missing-alternate-pages=true;entry=10
Edge Vocabulary Book 1A	edge-vocabulary-book-1a	shape poem	shape poem	noun phrase		Poems (I) - Words used in poetry	51	Edge Vocabulary Book 1A visible PDF p.51		visible-even-pages-only; source-missing-alternate-pages; explicit target-list term and printed POS only; editorial review required.	lexical_candidate	candidate_only	pdf	pdf:page=51;region=explicit-vocabulary-list;scope=visible-even-pages-only;source-missing-alternate-pages=true;entry=11
Edge Vocabulary Book 1A	edge-vocabulary-book-1a	hand sth* in	hand sth* in	phrasal verb		Visible glossary continuation	53	Edge Vocabulary Book 1A visible PDF p.53		visible-even-pages-only; source-missing-alternate-pages; explicit target-list term and printed POS only; editorial review required.	lexical_candidate	candidate_only	pdf	pdf:page=53;region=explicit-vocabulary-list;scope=visible-even-pages-only;source-missing-alternate-pages=true;entry=1
Edge Vocabulary Book 1A	edge-vocabulary-book-1a	lend an ear	lend an ear	verb phrase		Visible glossary continuation	53	Edge Vocabulary Book 1A visible PDF p.53		visible-even-pages-only; source-missing-alternate-pages; explicit target-list term and printed POS only; editorial review required.	lexical_candidate	candidate_only	pdf	pdf:page=53;region=explicit-vocabulary-list;scope=visible-even-pages-only;source-missing-alternate-pages=true;entry=2
Edge Vocabulary Book 1A	edge-vocabulary-book-1a	school spirit	school spirit	noun phrase		Visible glossary continuation	53	Edge Vocabulary Book 1A visible PDF p.53		visible-even-pages-only; source-missing-alternate-pages; explicit target-list term and printed POS only; editorial review required.	lexical_candidate	candidate_only	pdf	pdf:page=53;region=explicit-vocabulary-list;scope=visible-even-pages-only;source-missing-alternate-pages=true;entry=3
Edge Vocabulary Book 1A	edge-vocabulary-book-1a	scold	scold	verb		Visible glossary continuation	53	Edge Vocabulary Book 1A visible PDF p.53		visible-even-pages-only; source-missing-alternate-pages; explicit target-list term and printed POS only; editorial review required.	lexical_candidate	candidate_only	pdf	pdf:page=53;region=explicit-vocabulary-list;scope=visible-even-pages-only;source-missing-alternate-pages=true;entry=4
Edge Vocabulary Book 1A	edge-vocabulary-book-1a	wisely	wisely	adverb		Visible glossary continuation	53	Edge Vocabulary Book 1A visible PDF p.53		visible-even-pages-only; source-missing-alternate-pages; explicit target-list term and printed POS only; editorial review required.	lexical_candidate	candidate_only	pdf	pdf:page=53;region=explicit-vocabulary-list;scope=visible-even-pages-only;source-missing-alternate-pages=true;entry=5
Edge Vocabulary Book 1A	edge-vocabulary-book-1a	baking	baking	noun		Hobbies	53	Edge Vocabulary Book 1A visible PDF p.53		visible-even-pages-only; source-missing-alternate-pages; explicit target-list term and printed POS only; editorial review required.	lexical_candidate	candidate_only	pdf	pdf:page=53;region=explicit-vocabulary-list;scope=visible-even-pages-only;source-missing-alternate-pages=true;entry=6
Edge Vocabulary Book 1A	edge-vocabulary-book-1a	calligraphy	calligraphy	noun		Hobbies	53	Edge Vocabulary Book 1A visible PDF p.53		visible-even-pages-only; source-missing-alternate-pages; explicit target-list term and printed POS only; editorial review required.	lexical_candidate	candidate_only	pdf	pdf:page=53;region=explicit-vocabulary-list;scope=visible-even-pages-only;source-missing-alternate-pages=true;entry=7
Edge Vocabulary Book 1A	edge-vocabulary-book-1a	chess	chess	noun		Hobbies	53	Edge Vocabulary Book 1A visible PDF p.53		visible-even-pages-only; source-missing-alternate-pages; explicit target-list term and printed POS only; editorial review required.	lexical_candidate	candidate_only	pdf	pdf:page=53;region=explicit-vocabulary-list;scope=visible-even-pages-only;source-missing-alternate-pages=true;entry=8
Edge Vocabulary Book 1A	edge-vocabulary-book-1a	collecting ...	collecting ...	noun		Hobbies	53	Edge Vocabulary Book 1A visible PDF p.53		visible-even-pages-only; source-missing-alternate-pages; explicit target-list term and printed POS only; editorial review required.	lexical_candidate	candidate_only	pdf	pdf:page=53;region=explicit-vocabulary-list;scope=visible-even-pages-only;source-missing-alternate-pages=true;entry=9
Edge Vocabulary Book 1A	edge-vocabulary-book-1a	crafting	crafting	noun		Hobbies	53	Edge Vocabulary Book 1A visible PDF p.53		visible-even-pages-only; source-missing-alternate-pages; explicit target-list term and printed POS only; editorial review required.	lexical_candidate	candidate_only	pdf	pdf:page=53;region=explicit-vocabulary-list;scope=visible-even-pages-only;source-missing-alternate-pages=true;entry=10
Edge Vocabulary Book 1A	edge-vocabulary-book-1a	drawing	drawing	noun		Hobbies	53	Edge Vocabulary Book 1A visible PDF p.53		visible-even-pages-only; source-missing-alternate-pages; explicit target-list term and printed POS only; editorial review required.	lexical_candidate	candidate_only	pdf	pdf:page=53;region=explicit-vocabulary-list;scope=visible-even-pages-only;source-missing-alternate-pages=true;entry=11
Edge Vocabulary Book 1A	edge-vocabulary-book-1a	gaming	gaming	noun		Hobbies	53	Edge Vocabulary Book 1A visible PDF p.53		visible-even-pages-only; source-missing-alternate-pages; explicit target-list term and printed POS only; editorial review required.	lexical_candidate	candidate_only	pdf	pdf:page=53;region=explicit-vocabulary-list;scope=visible-even-pages-only;source-missing-alternate-pages=true;entry=12
Edge Vocabulary Book 1A	edge-vocabulary-book-1a	hiking	hiking	noun		Hobbies	53	Edge Vocabulary Book 1A visible PDF p.53		visible-even-pages-only; source-missing-alternate-pages; explicit target-list term and printed POS only; editorial review required.	lexical_candidate	candidate_only	pdf	pdf:page=53;region=explicit-vocabulary-list;scope=visible-even-pages-only;source-missing-alternate-pages=true;entry=13
Edge Vocabulary Book 1A	edge-vocabulary-book-1a	ice-skating	ice-skating	noun		Hobbies	53	Edge Vocabulary Book 1A visible PDF p.53		visible-even-pages-only; source-missing-alternate-pages; explicit target-list term and printed POS only; editorial review required.	lexical_candidate	candidate_only	pdf	pdf:page=53;region=explicit-vocabulary-list;scope=visible-even-pages-only;source-missing-alternate-pages=true;entry=14
Edge Vocabulary Book 1A	edge-vocabulary-book-1a	journalling	journalling	noun		Hobbies	53	Edge Vocabulary Book 1A visible PDF p.53		visible-even-pages-only; source-missing-alternate-pages; explicit target-list term and printed POS only; editorial review required.	lexical_candidate	candidate_only	pdf	pdf:page=53;region=explicit-vocabulary-list;scope=visible-even-pages-only;source-missing-alternate-pages=true;entry=15
Edge Vocabulary Book 1A	edge-vocabulary-book-1a	K-pop dancing	K-pop dancing	noun phrase		Hobbies	53	Edge Vocabulary Book 1A visible PDF p.53		visible-even-pages-only; source-missing-alternate-pages; explicit target-list term and printed POS only; editorial review required.	lexical_candidate	candidate_only	pdf	pdf:page=53;region=explicit-vocabulary-list;scope=visible-even-pages-only;source-missing-alternate-pages=true;entry=16
Edge Vocabulary Book 1A	edge-vocabulary-book-1a	martial arts	martial arts	noun phrase		Hobbies	53	Edge Vocabulary Book 1A visible PDF p.53		visible-even-pages-only; source-missing-alternate-pages; explicit target-list term and printed POS only; editorial review required.	lexical_candidate	candidate_only	pdf	pdf:page=53;region=explicit-vocabulary-list;scope=visible-even-pages-only;source-missing-alternate-pages=true;entry=17
Edge Vocabulary Book 1A	edge-vocabulary-book-1a	photography	photography	noun		Hobbies	53	Edge Vocabulary Book 1A visible PDF p.53		visible-even-pages-only; source-missing-alternate-pages; explicit target-list term and printed POS only; editorial review required.	lexical_candidate	candidate_only	pdf	pdf:page=53;region=explicit-vocabulary-list;scope=visible-even-pages-only;source-missing-alternate-pages=true;entry=18
Edge Vocabulary Book 1A	edge-vocabulary-book-1a	playing the ...	playing the ...	noun phrase		Hobbies	53	Edge Vocabulary Book 1A visible PDF p.53		visible-even-pages-only; source-missing-alternate-pages; explicit target-list term and printed POS only; editorial review required.	lexical_candidate	candidate_only	pdf	pdf:page=53;region=explicit-vocabulary-list;scope=visible-even-pages-only;source-missing-alternate-pages=true;entry=19
Edge Vocabulary Book 1A	edge-vocabulary-book-1a	reading	reading	noun		Hobbies	53	Edge Vocabulary Book 1A visible PDF p.53		visible-even-pages-only; source-missing-alternate-pages; explicit target-list term and printed POS only; editorial review required.	lexical_candidate	candidate_only	pdf	pdf:page=53;region=explicit-vocabulary-list;scope=visible-even-pages-only;source-missing-alternate-pages=true;entry=20
Edge Vocabulary Book 1A	edge-vocabulary-book-1a	skateboarding	skateboarding	noun		Hobbies	53	Edge Vocabulary Book 1A visible PDF p.53		visible-even-pages-only; source-missing-alternate-pages; explicit target-list term and printed POS only; editorial review required.	lexical_candidate	candidate_only	pdf	pdf:page=53;region=explicit-vocabulary-list;scope=visible-even-pages-only;source-missing-alternate-pages=true;entry=21
Edge Vocabulary Book 1A	edge-vocabulary-book-1a	vlogging	vlogging	noun		Hobbies	53	Edge Vocabulary Book 1A visible PDF p.53		visible-even-pages-only; source-missing-alternate-pages; explicit target-list term and printed POS only; editorial review required.	lexical_candidate	candidate_only	pdf	pdf:page=53;region=explicit-vocabulary-list;scope=visible-even-pages-only;source-missing-alternate-pages=true;entry=22
Edge Vocabulary Book 1A	edge-vocabulary-book-1a	beneficial	beneficial	adjective		Describing a hobby	53	Edge Vocabulary Book 1A visible PDF p.53		visible-even-pages-only; source-missing-alternate-pages; explicit target-list term and printed POS only; editorial review required.	lexical_candidate	candidate_only	pdf	pdf:page=53;region=explicit-vocabulary-list;scope=visible-even-pages-only;source-missing-alternate-pages=true;entry=23
Edge Vocabulary Book 1A	edge-vocabulary-book-1a	calming	calming	adjective		Describing a hobby	53	Edge Vocabulary Book 1A visible PDF p.53		visible-even-pages-only; source-missing-alternate-pages; explicit target-list term and printed POS only; editorial review required.	lexical_candidate	candidate_only	pdf	pdf:page=53;region=explicit-vocabulary-list;scope=visible-even-pages-only;source-missing-alternate-pages=true;entry=24
Edge Vocabulary Book 1A	edge-vocabulary-book-1a	challenging	challenging	adjective		Describing a hobby	53	Edge Vocabulary Book 1A visible PDF p.53		visible-even-pages-only; source-missing-alternate-pages; explicit target-list term and printed POS only; editorial review required.	lexical_candidate	candidate_only	pdf	pdf:page=53;region=explicit-vocabulary-list;scope=visible-even-pages-only;source-missing-alternate-pages=true;entry=25
Edge Vocabulary Book 1A	edge-vocabulary-book-1a	educational	educational	adjective		Describing a hobby	53	Edge Vocabulary Book 1A visible PDF p.53		visible-even-pages-only; source-missing-alternate-pages; explicit target-list term and printed POS only; editorial review required.	lexical_candidate	candidate_only	pdf	pdf:page=53;region=explicit-vocabulary-list;scope=visible-even-pages-only;source-missing-alternate-pages=true;entry=26
Edge Vocabulary Book 1A	edge-vocabulary-book-1a	enjoyable	enjoyable	adjective		Describing a hobby	53	Edge Vocabulary Book 1A visible PDF p.53		visible-even-pages-only; source-missing-alternate-pages; explicit target-list term and printed POS only; editorial review required.	lexical_candidate	candidate_only	pdf	pdf:page=53;region=explicit-vocabulary-list;scope=visible-even-pages-only;source-missing-alternate-pages=true;entry=27
Edge Vocabulary Book 1A	edge-vocabulary-book-1a	rewarding	rewarding	adjective		Describing a hobby	53	Edge Vocabulary Book 1A visible PDF p.53		visible-even-pages-only; source-missing-alternate-pages; explicit target-list term and printed POS only; editorial review required.	lexical_candidate	candidate_only	pdf	pdf:page=53;region=explicit-vocabulary-list;scope=visible-even-pages-only;source-missing-alternate-pages=true;entry=28
Edge Vocabulary Book 1A	edge-vocabulary-book-1a	satisfying	satisfying	adjective		Describing a hobby	53	Edge Vocabulary Book 1A visible PDF p.53		visible-even-pages-only; source-missing-alternate-pages; explicit target-list term and printed POS only; editorial review required.	lexical_candidate	candidate_only	pdf	pdf:page=53;region=explicit-vocabulary-list;scope=visible-even-pages-only;source-missing-alternate-pages=true;entry=29
Edge Vocabulary Book 1A	edge-vocabulary-book-1a	stress-relieving	stress-relieving	adjective		Describing a hobby	53	Edge Vocabulary Book 1A visible PDF p.53		visible-even-pages-only; source-missing-alternate-pages; explicit target-list term and printed POS only; editorial review required.	lexical_candidate	candidate_only	pdf	pdf:page=53;region=explicit-vocabulary-list;scope=visible-even-pages-only;source-missing-alternate-pages=true;entry=30
Edge Vocabulary Book 1A	edge-vocabulary-book-1a	develop new skills	develop new skills	verb phrase		Reasons to have hobbies	53	Edge Vocabulary Book 1A visible PDF p.53		visible-even-pages-only; source-missing-alternate-pages; explicit target-list term and printed POS only; editorial review required.	lexical_candidate	candidate_only	pdf	pdf:page=53;region=explicit-vocabulary-list;scope=visible-even-pages-only;source-missing-alternate-pages=true;entry=31
Edge Vocabulary Book 1A	edge-vocabulary-book-1a	develop patience	develop patience	verb phrase		Reasons to have hobbies	53	Edge Vocabulary Book 1A visible PDF p.53		visible-even-pages-only; source-missing-alternate-pages; explicit target-list term and printed POS only; editorial review required.	lexical_candidate	candidate_only	pdf	pdf:page=53;region=explicit-vocabulary-list;scope=visible-even-pages-only;source-missing-alternate-pages=true;entry=32
Edge Vocabulary Book 1A	edge-vocabulary-book-1a	enrich one's life	enrich one's life	verb phrase		Reasons to have hobbies	53	Edge Vocabulary Book 1A visible PDF p.53		visible-even-pages-only; source-missing-alternate-pages; explicit target-list term and printed POS only; editorial review required.	lexical_candidate	candidate_only	pdf	pdf:page=53;region=explicit-vocabulary-list;scope=visible-even-pages-only;source-missing-alternate-pages=true;entry=33
Edge Vocabulary Book 1A	edge-vocabulary-book-1a	explore one's creativity	explore one's creativity	verb phrase		Reasons to have hobbies	53	Edge Vocabulary Book 1A visible PDF p.53		visible-even-pages-only; source-missing-alternate-pages; explicit target-list term and printed POS only; editorial review required.	lexical_candidate	candidate_only	pdf	pdf:page=53;region=explicit-vocabulary-list;scope=visible-even-pages-only;source-missing-alternate-pages=true;entry=34
Edge Vocabulary Book 1A	edge-vocabulary-book-1a	feel relaxed	feel relaxed	verb phrase		Reasons to have hobbies	53	Edge Vocabulary Book 1A visible PDF p.53		visible-even-pages-only; source-missing-alternate-pages; explicit target-list term and printed POS only; editorial review required.	lexical_candidate	candidate_only	pdf	pdf:page=53;region=explicit-vocabulary-list;scope=visible-even-pages-only;source-missing-alternate-pages=true;entry=35
Edge Vocabulary Book 1A	edge-vocabulary-book-1a	gain more confidence	gain more confidence	verb phrase		Reasons to have hobbies	53	Edge Vocabulary Book 1A visible PDF p.53		visible-even-pages-only; source-missing-alternate-pages; explicit target-list term and printed POS only; editorial review required.	lexical_candidate	candidate_only	pdf	pdf:page=53;region=explicit-vocabulary-list;scope=visible-even-pages-only;source-missing-alternate-pages=true;entry=36
Edge Vocabulary Book 1A	edge-vocabulary-book-1a	have fun with friends	have fun with friends	verb phrase		Reasons to have hobbies	53	Edge Vocabulary Book 1A visible PDF p.53		visible-even-pages-only; source-missing-alternate-pages; explicit target-list term and printed POS only; editorial review required.	lexical_candidate	candidate_only	pdf	pdf:page=53;region=explicit-vocabulary-list;scope=visible-even-pages-only;source-missing-alternate-pages=true;entry=37
Edge Vocabulary Book 1A	edge-vocabulary-book-1a	keep fit	keep fit	verb phrase		Reasons to have hobbies	53	Edge Vocabulary Book 1A visible PDF p.53		visible-even-pages-only; source-missing-alternate-pages; explicit target-list term and printed POS only; editorial review required.	lexical_candidate	candidate_only	pdf	pdf:page=53;region=explicit-vocabulary-list;scope=visible-even-pages-only;source-missing-alternate-pages=true;entry=38
Edge Vocabulary Book 1A	edge-vocabulary-book-1a	learn about the world	learn about the world	verb phrase		Reasons to have hobbies	53	Edge Vocabulary Book 1A visible PDF p.53		visible-even-pages-only; source-missing-alternate-pages; explicit target-list term and printed POS only; editorial review required.	lexical_candidate	candidate_only	pdf	pdf:page=53;region=explicit-vocabulary-list;scope=visible-even-pages-only;source-missing-alternate-pages=true;entry=39
Edge Vocabulary Book 1A	edge-vocabulary-book-1a	make new friends	make new friends	verb phrase		Reasons to have hobbies	53	Edge Vocabulary Book 1A visible PDF p.53		visible-even-pages-only; source-missing-alternate-pages; explicit target-list term and printed POS only; editorial review required.	lexical_candidate	candidate_only	pdf	pdf:page=53;region=explicit-vocabulary-list;scope=visible-even-pages-only;source-missing-alternate-pages=true;entry=40
Edge Vocabulary Book 1A	edge-vocabulary-book-1a	create ...	create ...	verb		Words and phrases related to doing hobbies	53	Edge Vocabulary Book 1A visible PDF p.53		visible-even-pages-only; source-missing-alternate-pages; explicit target-list term and printed POS only; editorial review required.	lexical_candidate	candidate_only	pdf	pdf:page=53;region=explicit-vocabulary-list;scope=visible-even-pages-only;source-missing-alternate-pages=true;entry=41
Edge Vocabulary Book 1A	edge-vocabulary-book-1a	form a ... band	form a ... band	verb phrase		Words and phrases related to doing hobbies	53	Edge Vocabulary Book 1A visible PDF p.53		visible-even-pages-only; source-missing-alternate-pages; explicit target-list term and printed POS only; editorial review required.	lexical_candidate	candidate_only	pdf	pdf:page=53;region=explicit-vocabulary-list;scope=visible-even-pages-only;source-missing-alternate-pages=true;entry=42
Edge Vocabulary Book 1A	edge-vocabulary-book-1a	practise ...	practise ...	verb		Words and phrases related to doing hobbies	53	Edge Vocabulary Book 1A visible PDF p.53		visible-even-pages-only; source-missing-alternate-pages; explicit target-list term and printed POS only; editorial review required.	lexical_candidate	candidate_only	pdf	pdf:page=53;region=explicit-vocabulary-list;scope=visible-even-pages-only;source-missing-alternate-pages=true;entry=43
Edge Vocabulary Book 1A	edge-vocabulary-book-1a	share ...	share ...	verb		Words and phrases related to doing hobbies	53	Edge Vocabulary Book 1A visible PDF p.53		visible-even-pages-only; source-missing-alternate-pages; explicit target-list term and printed POS only; editorial review required.	lexical_candidate	candidate_only	pdf	pdf:page=53;region=explicit-vocabulary-list;scope=visible-even-pages-only;source-missing-alternate-pages=true;entry=44
Edge Vocabulary Book 1A	edge-vocabulary-book-1a	sign up for ... classes	sign up for ... classes	verb phrase		Words and phrases related to doing hobbies	53	Edge Vocabulary Book 1A visible PDF p.53		visible-even-pages-only; source-missing-alternate-pages; explicit target-list term and printed POS only; editorial review required.	lexical_candidate	candidate_only	pdf	pdf:page=53;region=explicit-vocabulary-list;scope=visible-even-pages-only;source-missing-alternate-pages=true;entry=45
Edge Vocabulary Book 1A	edge-vocabulary-book-1a	take up ...	take up ...	verb phrase		Words and phrases related to doing hobbies	53	Edge Vocabulary Book 1A visible PDF p.53		visible-even-pages-only; source-missing-alternate-pages; explicit target-list term and printed POS only; editorial review required.	lexical_candidate	candidate_only	pdf	pdf:page=53;region=explicit-vocabulary-list;scope=visible-even-pages-only;source-missing-alternate-pages=true;entry=46
Edge Vocabulary Book 1A	edge-vocabulary-book-1a	catchy	catchy	adjective		Other vocabulary	53	Edge Vocabulary Book 1A visible PDF p.53		visible-even-pages-only; source-missing-alternate-pages; explicit target-list term and printed POS only; editorial review required.	lexical_candidate	candidate_only	pdf	pdf:page=53;region=explicit-vocabulary-list;scope=visible-even-pages-only;source-missing-alternate-pages=true;entry=47
Edge Vocabulary Book 1A	edge-vocabulary-book-1a	coach	coach	noun		Other vocabulary	53	Edge Vocabulary Book 1A visible PDF p.53		visible-even-pages-only; source-missing-alternate-pages; explicit target-list term and printed POS only; editorial review required.	lexical_candidate	candidate_only	pdf	pdf:page=53;region=explicit-vocabulary-list;scope=visible-even-pages-only;source-missing-alternate-pages=true;entry=48
Edge Vocabulary Book 1A	edge-vocabulary-book-1a	dance studio	dance studio	noun phrase		Other vocabulary	53	Edge Vocabulary Book 1A visible PDF p.53		visible-even-pages-only; source-missing-alternate-pages; explicit target-list term and printed POS only; editorial review required.	lexical_candidate	candidate_only	pdf	pdf:page=53;region=explicit-vocabulary-list;scope=visible-even-pages-only;source-missing-alternate-pages=true;entry=49
Edge Vocabulary Book 1A	edge-vocabulary-book-1a	everyday	everyday	adjective		Other vocabulary	53	Edge Vocabulary Book 1A visible PDF p.53		visible-even-pages-only; source-missing-alternate-pages; explicit target-list term and printed POS only; editorial review required.	lexical_candidate	candidate_only	pdf	pdf:page=53;region=explicit-vocabulary-list;scope=visible-even-pages-only;source-missing-alternate-pages=true;entry=50
Edge Vocabulary Book 1A	edge-vocabulary-book-1a	express	express	verb		Other vocabulary	53	Edge Vocabulary Book 1A visible PDF p.53		visible-even-pages-only; source-missing-alternate-pages; explicit target-list term and printed POS only; editorial review required.	lexical_candidate	candidate_only	pdf	pdf:page=53;region=explicit-vocabulary-list;scope=visible-even-pages-only;source-missing-alternate-pages=true;entry=51
Edge Vocabulary Book 1A	edge-vocabulary-book-1a	fascinating	fascinating	adjective		Other vocabulary	53	Edge Vocabulary Book 1A visible PDF p.53		visible-even-pages-only; source-missing-alternate-pages; explicit target-list term and printed POS only; editorial review required.	lexical_candidate	candidate_only	pdf	pdf:page=53;region=explicit-vocabulary-list;scope=visible-even-pages-only;source-missing-alternate-pages=true;entry=52
Edge Vocabulary Book 1A	edge-vocabulary-book-1a	inspire	inspire	verb		Other vocabulary	53	Edge Vocabulary Book 1A visible PDF p.53		visible-even-pages-only; source-missing-alternate-pages; explicit target-list term and printed POS only; editorial review required.	lexical_candidate	candidate_only	pdf	pdf:page=53;region=explicit-vocabulary-list;scope=visible-even-pages-only;source-missing-alternate-pages=true;entry=53
Edge Vocabulary Book 1A	edge-vocabulary-book-1a	keen	keen	adjective		Other vocabulary	53	Edge Vocabulary Book 1A visible PDF p.53		visible-even-pages-only; source-missing-alternate-pages; explicit target-list term and printed POS only; editorial review required.	lexical_candidate	candidate_only	pdf	pdf:page=53;region=explicit-vocabulary-list;scope=visible-even-pages-only;source-missing-alternate-pages=true;entry=54
Edge Vocabulary Book 1A	edge-vocabulary-book-1a	miniature	miniature	noun		Other vocabulary	53	Edge Vocabulary Book 1A visible PDF p.53		visible-even-pages-only; source-missing-alternate-pages; explicit target-list term and printed POS only; editorial review required.	lexical_candidate	candidate_only	pdf	pdf:page=53;region=explicit-vocabulary-list;scope=visible-even-pages-only;source-missing-alternate-pages=true;entry=55
Edge Vocabulary Book 1A	edge-vocabulary-book-1a	model	model	noun		Other vocabulary	53	Edge Vocabulary Book 1A visible PDF p.53		visible-even-pages-only; source-missing-alternate-pages; explicit target-list term and printed POS only; editorial review required.	lexical_candidate	candidate_only	pdf	pdf:page=53;region=explicit-vocabulary-list;scope=visible-even-pages-only;source-missing-alternate-pages=true;entry=56
Edge Vocabulary Book 1A	edge-vocabulary-book-1a	snap	snap	noun		Other vocabulary	53	Edge Vocabulary Book 1A visible PDF p.53		visible-even-pages-only; source-missing-alternate-pages; explicit target-list term and printed POS only; editorial review required.	lexical_candidate	candidate_only	pdf	pdf:page=53;region=explicit-vocabulary-list;scope=visible-even-pages-only;source-missing-alternate-pages=true;entry=57
Edge Vocabulary Book 1A	edge-vocabulary-book-1a	tiny	tiny	adjective		Other vocabulary	53	Edge Vocabulary Book 1A visible PDF p.53		visible-even-pages-only; source-missing-alternate-pages; explicit target-list term and printed POS only; editorial review required.	lexical_candidate	candidate_only	pdf	pdf:page=53;region=explicit-vocabulary-list;scope=visible-even-pages-only;source-missing-alternate-pages=true;entry=58
Edge Vocabulary Book 1A	edge-vocabulary-book-1a	medallist	medallist	noun		Visible glossary continuation	55	Edge Vocabulary Book 1A visible PDF p.55		visible-even-pages-only; source-missing-alternate-pages; explicit target-list term and printed POS only; editorial review required.	lexical_candidate	candidate_only	pdf	pdf:page=55;region=explicit-vocabulary-list;scope=visible-even-pages-only;source-missing-alternate-pages=true;entry=1
Edge Vocabulary Book 1A	edge-vocabulary-book-1a	ranking	ranking	noun		Visible glossary continuation	55	Edge Vocabulary Book 1A visible PDF p.55		visible-even-pages-only; source-missing-alternate-pages; explicit target-list term and printed POS only; editorial review required.	lexical_candidate	candidate_only	pdf	pdf:page=55;region=explicit-vocabulary-list;scope=visible-even-pages-only;source-missing-alternate-pages=true;entry=2
Edge Vocabulary Book 1A	edge-vocabulary-book-1a	supportive	supportive	adjective		Visible glossary continuation	55	Edge Vocabulary Book 1A visible PDF p.55		visible-even-pages-only; source-missing-alternate-pages; explicit target-list term and printed POS only; editorial review required.	lexical_candidate	candidate_only	pdf	pdf:page=55;region=explicit-vocabulary-list;scope=visible-even-pages-only;source-missing-alternate-pages=true;entry=3
Edge Vocabulary Book 1A	edge-vocabulary-book-1a	suspend	suspend	verb		Visible glossary continuation	55	Edge Vocabulary Book 1A visible PDF p.55		visible-even-pages-only; source-missing-alternate-pages; explicit target-list term and printed POS only; editorial review required.	lexical_candidate	candidate_only	pdf	pdf:page=55;region=explicit-vocabulary-list;scope=visible-even-pages-only;source-missing-alternate-pages=true;entry=4
Edge Vocabulary Book 1A	edge-vocabulary-book-1a	toss	toss	verb		Visible glossary continuation	55	Edge Vocabulary Book 1A visible PDF p.55		visible-even-pages-only; source-missing-alternate-pages; explicit target-list term and printed POS only; editorial review required.	lexical_candidate	candidate_only	pdf	pdf:page=55;region=explicit-vocabulary-list;scope=visible-even-pages-only;source-missing-alternate-pages=true;entry=5
Edge Vocabulary Book 1A	edge-vocabulary-book-1a	training	training	noun		Visible glossary continuation	55	Edge Vocabulary Book 1A visible PDF p.55		visible-even-pages-only; source-missing-alternate-pages; explicit target-list term and printed POS only; editorial review required.	lexical_candidate	candidate_only	pdf	pdf:page=55;region=explicit-vocabulary-list;scope=visible-even-pages-only;source-missing-alternate-pages=true;entry=6
Edge Vocabulary Book 1A	edge-vocabulary-book-1a	ups and downs	ups and downs	noun phrase		Visible glossary continuation	55	Edge Vocabulary Book 1A visible PDF p.55		visible-even-pages-only; source-missing-alternate-pages; explicit target-list term and printed POS only; editorial review required.	lexical_candidate	candidate_only	pdf	pdf:page=55;region=explicit-vocabulary-list;scope=visible-even-pages-only;source-missing-alternate-pages=true;entry=7
Edge Vocabulary Book 1A	edge-vocabulary-book-1a	cycling	cycling	noun		Out and about - Leisure activities	55	Edge Vocabulary Book 1A visible PDF p.55		visible-even-pages-only; source-missing-alternate-pages; explicit target-list term and printed POS only; editorial review required.	lexical_candidate	candidate_only	pdf	pdf:page=55;region=explicit-vocabulary-list;scope=visible-even-pages-only;source-missing-alternate-pages=true;entry=8
Edge Vocabulary Book 1A	edge-vocabulary-book-1a	exploring a new neighbourhood	exploring a new neighbourhood	noun phrase		Out and about - Leisure activities	55	Edge Vocabulary Book 1A visible PDF p.55		visible-even-pages-only; source-missing-alternate-pages; explicit target-list term and printed POS only; editorial review required.	lexical_candidate	candidate_only	pdf	pdf:page=55;region=explicit-vocabulary-list;scope=visible-even-pages-only;source-missing-alternate-pages=true;entry=9
Edge Vocabulary Book 1A	edge-vocabulary-book-1a	going bird-watching	going bird-watching	noun phrase		Out and about - Leisure activities	55	Edge Vocabulary Book 1A visible PDF p.55		visible-even-pages-only; source-missing-alternate-pages; explicit target-list term and printed POS only; editorial review required.	lexical_candidate	candidate_only	pdf	pdf:page=55;region=explicit-vocabulary-list;scope=visible-even-pages-only;source-missing-alternate-pages=true;entry=10
Edge Vocabulary Book 1A	edge-vocabulary-book-1a	going camping	going camping	noun phrase		Out and about - Leisure activities	55	Edge Vocabulary Book 1A visible PDF p.55		visible-even-pages-only; source-missing-alternate-pages; explicit target-list term and printed POS only; editorial review required.	lexical_candidate	candidate_only	pdf	pdf:page=55;region=explicit-vocabulary-list;scope=visible-even-pages-only;source-missing-alternate-pages=true;entry=11
Edge Vocabulary Book 1A	edge-vocabulary-book-1a	going kite flying	going kite flying	noun phrase		Out and about - Leisure activities	55	Edge Vocabulary Book 1A visible PDF p.55		visible-even-pages-only; source-missing-alternate-pages; explicit target-list term and printed POS only; editorial review required.	lexical_candidate	candidate_only	pdf	pdf:page=55;region=explicit-vocabulary-list;scope=visible-even-pages-only;source-missing-alternate-pages=true;entry=12
Edge Vocabulary Book 1A	edge-vocabulary-book-1a	going sunbathing	going sunbathing	noun phrase		Out and about - Leisure activities	55	Edge Vocabulary Book 1A visible PDF p.55		visible-even-pages-only; source-missing-alternate-pages; explicit target-list term and printed POS only; editorial review required.	lexical_candidate	candidate_only	pdf	pdf:page=55;region=explicit-vocabulary-list;scope=visible-even-pages-only;source-missing-alternate-pages=true;entry=13
Edge Vocabulary Book 1A	edge-vocabulary-book-1a	going window-shopping	going window-shopping	noun phrase		Out and about - Leisure activities	55	Edge Vocabulary Book 1A visible PDF p.55		visible-even-pages-only; source-missing-alternate-pages; explicit target-list term and printed POS only; editorial review required.	lexical_candidate	candidate_only	pdf	pdf:page=55;region=explicit-vocabulary-list;scope=visible-even-pages-only;source-missing-alternate-pages=true;entry=14
Edge Vocabulary Book 1A	edge-vocabulary-book-1a	having a barbecue	having a barbecue	noun phrase		Out and about - Leisure activities	55	Edge Vocabulary Book 1A visible PDF p.55		visible-even-pages-only; source-missing-alternate-pages; explicit target-list term and printed POS only; editorial review required.	lexical_candidate	candidate_only	pdf	pdf:page=55;region=explicit-vocabulary-list;scope=visible-even-pages-only;source-missing-alternate-pages=true;entry=15
Edge Vocabulary Book 1A	edge-vocabulary-book-1a	having a picnic	having a picnic	noun phrase		Out and about - Leisure activities	55	Edge Vocabulary Book 1A visible PDF p.55		visible-even-pages-only; source-missing-alternate-pages; explicit target-list term and printed POS only; editorial review required.	lexical_candidate	candidate_only	pdf	pdf:page=55;region=explicit-vocabulary-list;scope=visible-even-pages-only;source-missing-alternate-pages=true;entry=16
Edge Vocabulary Book 1A	edge-vocabulary-book-1a	having tea at a cafe	having tea at a cafe	noun phrase		Out and about - Leisure activities	55	Edge Vocabulary Book 1A visible PDF p.55		visible-even-pages-only; source-missing-alternate-pages; explicit target-list term and printed POS only; editorial review required.	lexical_candidate	candidate_only	pdf	pdf:page=55;region=explicit-vocabulary-list;scope=visible-even-pages-only;source-missing-alternate-pages=true;entry=17
Edge Vocabulary Book 1A	edge-vocabulary-book-1a	hiking	hiking	noun		Out and about - Leisure activities	55	Edge Vocabulary Book 1A visible PDF p.55		visible-even-pages-only; source-missing-alternate-pages; explicit target-list term and printed POS only; editorial review required.	lexical_candidate	candidate_only	pdf	pdf:page=55;region=explicit-vocabulary-list;scope=visible-even-pages-only;source-missing-alternate-pages=true;entry=18
Edge Vocabulary Book 1A	edge-vocabulary-book-1a	outing	outing	noun		Out and about - Leisure activities	55	Edge Vocabulary Book 1A visible PDF p.55		visible-even-pages-only; source-missing-alternate-pages; explicit target-list term and printed POS only; editorial review required.	lexical_candidate	candidate_only	pdf	pdf:page=55;region=explicit-vocabulary-list;scope=visible-even-pages-only;source-missing-alternate-pages=true;entry=19
Edge Vocabulary Book 1A	edge-vocabulary-book-1a	seeing an exhibition	seeing an exhibition	noun phrase		Out and about - Leisure activities	55	Edge Vocabulary Book 1A visible PDF p.55		visible-even-pages-only; source-missing-alternate-pages; explicit target-list term and printed POS only; editorial review required.	lexical_candidate	candidate_only	pdf	pdf:page=55;region=explicit-vocabulary-list;scope=visible-even-pages-only;source-missing-alternate-pages=true;entry=20
Edge Vocabulary Book 1A	edge-vocabulary-book-1a	stargazing	stargazing	noun		Out and about - Leisure activities	55	Edge Vocabulary Book 1A visible PDF p.55		visible-even-pages-only; source-missing-alternate-pages; explicit target-list term and printed POS only; editorial review required.	lexical_candidate	candidate_only	pdf	pdf:page=55;region=explicit-vocabulary-list;scope=visible-even-pages-only;source-missing-alternate-pages=true;entry=21
Edge Vocabulary Book 1A	edge-vocabulary-book-1a	taking a boat trip	taking a boat trip	noun phrase		Out and about - Leisure activities	55	Edge Vocabulary Book 1A visible PDF p.55		visible-even-pages-only; source-missing-alternate-pages; explicit target-list term and printed POS only; editorial review required.	lexical_candidate	candidate_only	pdf	pdf:page=55;region=explicit-vocabulary-list;scope=visible-even-pages-only;source-missing-alternate-pages=true;entry=22
Edge Vocabulary Book 1A	edge-vocabulary-book-1a	visiting a country park	visiting a country park	noun phrase		Out and about - Leisure activities	55	Edge Vocabulary Book 1A visible PDF p.55		visible-even-pages-only; source-missing-alternate-pages; explicit target-list term and printed POS only; editorial review required.	lexical_candidate	candidate_only	pdf	pdf:page=55;region=explicit-vocabulary-list;scope=visible-even-pages-only;source-missing-alternate-pages=true;entry=23
Edge Vocabulary Book 1A	edge-vocabulary-book-1a	visiting a museum	visiting a museum	noun phrase		Out and about - Leisure activities	55	Edge Vocabulary Book 1A visible PDF p.55		visible-even-pages-only; source-missing-alternate-pages; explicit target-list term and printed POS only; editorial review required.	lexical_candidate	candidate_only	pdf	pdf:page=55;region=explicit-vocabulary-list;scope=visible-even-pages-only;source-missing-alternate-pages=true;entry=24
Edge Vocabulary Book 1A	edge-vocabulary-book-1a	visiting a street market	visiting a street market	noun phrase		Out and about - Leisure activities	55	Edge Vocabulary Book 1A visible PDF p.55		visible-even-pages-only; source-missing-alternate-pages; explicit target-list term and printed POS only; editorial review required.	lexical_candidate	candidate_only	pdf	pdf:page=55;region=explicit-vocabulary-list;scope=visible-even-pages-only;source-missing-alternate-pages=true;entry=25
Edge Vocabulary Book 1A	edge-vocabulary-book-1a	visiting a village	visiting a village	noun phrase		Out and about - Leisure activities	55	Edge Vocabulary Book 1A visible PDF p.55		visible-even-pages-only; source-missing-alternate-pages; explicit target-list term and printed POS only; editorial review required.	lexical_candidate	candidate_only	pdf	pdf:page=55;region=explicit-vocabulary-list;scope=visible-even-pages-only;source-missing-alternate-pages=true;entry=26
Edge Vocabulary Book 1A	edge-vocabulary-book-1a	visiting an island	visiting an island	noun phrase		Out and about - Leisure activities	55	Edge Vocabulary Book 1A visible PDF p.55		visible-even-pages-only; source-missing-alternate-pages; explicit target-list term and printed POS only; editorial review required.	lexical_candidate	candidate_only	pdf	pdf:page=55;region=explicit-vocabulary-list;scope=visible-even-pages-only;source-missing-alternate-pages=true;entry=27
Edge Vocabulary Book 1A	edge-vocabulary-book-1a	bustling	bustling	adjective		Adjectives to describe places	55	Edge Vocabulary Book 1A visible PDF p.55		visible-even-pages-only; source-missing-alternate-pages; explicit target-list term and printed POS only; editorial review required.	lexical_candidate	candidate_only	pdf	pdf:page=55;region=explicit-vocabulary-list;scope=visible-even-pages-only;source-missing-alternate-pages=true;entry=28
Edge Vocabulary Book 1A	edge-vocabulary-book-1a	charming	charming	adjective		Adjectives to describe places	55	Edge Vocabulary Book 1A visible PDF p.55		visible-even-pages-only; source-missing-alternate-pages; explicit target-list term and printed POS only; editorial review required.	lexical_candidate	candidate_only	pdf	pdf:page=55;region=explicit-vocabulary-list;scope=visible-even-pages-only;source-missing-alternate-pages=true;entry=29
Edge Vocabulary Book 1A	edge-vocabulary-book-1a	compact	compact	adjective		Adjectives to describe places	55	Edge Vocabulary Book 1A visible PDF p.55		visible-even-pages-only; source-missing-alternate-pages; explicit target-list term and printed POS only; editorial review required.	lexical_candidate	candidate_only	pdf	pdf:page=55;region=explicit-vocabulary-list;scope=visible-even-pages-only;source-missing-alternate-pages=true;entry=30
Edge Vocabulary Book 1A	edge-vocabulary-book-1a	crowded	crowded	adjective		Adjectives to describe places	55	Edge Vocabulary Book 1A visible PDF p.55		visible-even-pages-only; source-missing-alternate-pages; explicit target-list term and printed POS only; editorial review required.	lexical_candidate	candidate_only	pdf	pdf:page=55;region=explicit-vocabulary-list;scope=visible-even-pages-only;source-missing-alternate-pages=true;entry=31
Edge Vocabulary Book 1A	edge-vocabulary-book-1a	easy-to-reach	easy-to-reach	adjective		Adjectives to describe places	55	Edge Vocabulary Book 1A visible PDF p.55		visible-even-pages-only; source-missing-alternate-pages; explicit target-list term and printed POS only; editorial review required.	lexical_candidate	candidate_only	pdf	pdf:page=55;region=explicit-vocabulary-list;scope=visible-even-pages-only;source-missing-alternate-pages=true;entry=32
Edge Vocabulary Book 1A	edge-vocabulary-book-1a	exotic	exotic	adjective		Adjectives to describe places	55	Edge Vocabulary Book 1A visible PDF p.55		visible-even-pages-only; source-missing-alternate-pages; explicit target-list term and printed POS only; editorial review required.	lexical_candidate	candidate_only	pdf	pdf:page=55;region=explicit-vocabulary-list;scope=visible-even-pages-only;source-missing-alternate-pages=true;entry=33
Edge Vocabulary Book 1A	edge-vocabulary-book-1a	incredible	incredible	adjective		Adjectives to describe places	55	Edge Vocabulary Book 1A visible PDF p.55		visible-even-pages-only; source-missing-alternate-pages; explicit target-list term and printed POS only; editorial review required.	lexical_candidate	candidate_only	pdf	pdf:page=55;region=explicit-vocabulary-list;scope=visible-even-pages-only;source-missing-alternate-pages=true;entry=34
Edge Vocabulary Book 1A	edge-vocabulary-book-1a	lively	lively	adjective		Adjectives to describe places	55	Edge Vocabulary Book 1A visible PDF p.55		visible-even-pages-only; source-missing-alternate-pages; explicit target-list term and printed POS only; editorial review required.	lexical_candidate	candidate_only	pdf	pdf:page=55;region=explicit-vocabulary-list;scope=visible-even-pages-only;source-missing-alternate-pages=true;entry=35
Edge Vocabulary Book 1A	edge-vocabulary-book-1a	magnificent	magnificent	adjective		Adjectives to describe places	55	Edge Vocabulary Book 1A visible PDF p.55		visible-even-pages-only; source-missing-alternate-pages; explicit target-list term and printed POS only; editorial review required.	lexical_candidate	candidate_only	pdf	pdf:page=55;region=explicit-vocabulary-list;scope=visible-even-pages-only;source-missing-alternate-pages=true;entry=36
Edge Vocabulary Book 1A	edge-vocabulary-book-1a	peaceful	peaceful	adjective		Adjectives to describe places	55	Edge Vocabulary Book 1A visible PDF p.55		visible-even-pages-only; source-missing-alternate-pages; explicit target-list term and printed POS only; editorial review required.	lexical_candidate	candidate_only	pdf	pdf:page=55;region=explicit-vocabulary-list;scope=visible-even-pages-only;source-missing-alternate-pages=true;entry=37
Edge Vocabulary Book 1A	edge-vocabulary-book-1a	picturesque	picturesque	adjective		Adjectives to describe places	55	Edge Vocabulary Book 1A visible PDF p.55		visible-even-pages-only; source-missing-alternate-pages; explicit target-list term and printed POS only; editorial review required.	lexical_candidate	candidate_only	pdf	pdf:page=55;region=explicit-vocabulary-list;scope=visible-even-pages-only;source-missing-alternate-pages=true;entry=38
Edge Vocabulary Book 1A	edge-vocabulary-book-1a	remote	remote	adjective		Adjectives to describe places	55	Edge Vocabulary Book 1A visible PDF p.55		visible-even-pages-only; source-missing-alternate-pages; explicit target-list term and printed POS only; editorial review required.	lexical_candidate	candidate_only	pdf	pdf:page=55;region=explicit-vocabulary-list;scope=visible-even-pages-only;source-missing-alternate-pages=true;entry=39
Edge Vocabulary Book 1A	edge-vocabulary-book-1a	rural	rural	adjective		Adjectives to describe places	55	Edge Vocabulary Book 1A visible PDF p.55		visible-even-pages-only; source-missing-alternate-pages; explicit target-list term and printed POS only; editorial review required.	lexical_candidate	candidate_only	pdf	pdf:page=55;region=explicit-vocabulary-list;scope=visible-even-pages-only;source-missing-alternate-pages=true;entry=40
Edge Vocabulary Book 1A	edge-vocabulary-book-1a	spectacular	spectacular	adjective		Adjectives to describe places	55	Edge Vocabulary Book 1A visible PDF p.55		visible-even-pages-only; source-missing-alternate-pages; explicit target-list term and printed POS only; editorial review required.	lexical_candidate	candidate_only	pdf	pdf:page=55;region=explicit-vocabulary-list;scope=visible-even-pages-only;source-missing-alternate-pages=true;entry=41
Edge Vocabulary Book 1A	edge-vocabulary-book-1a	unique	unique	adjective		Adjectives to describe places	55	Edge Vocabulary Book 1A visible PDF p.55		visible-even-pages-only; source-missing-alternate-pages; explicit target-list term and printed POS only; editorial review required.	lexical_candidate	candidate_only	pdf	pdf:page=55;region=explicit-vocabulary-list;scope=visible-even-pages-only;source-missing-alternate-pages=true;entry=42
Edge Vocabulary Book 1A	edge-vocabulary-book-1a	upmarket	upmarket	adjective		Adjectives to describe places	55	Edge Vocabulary Book 1A visible PDF p.55		visible-even-pages-only; source-missing-alternate-pages; explicit target-list term and printed POS only; editorial review required.	lexical_candidate	candidate_only	pdf	pdf:page=55;region=explicit-vocabulary-list;scope=visible-even-pages-only;source-missing-alternate-pages=true;entry=43
Edge Vocabulary Book 1A	edge-vocabulary-book-1a	urban	urban	adjective		Adjectives to describe places	55	Edge Vocabulary Book 1A visible PDF p.55		visible-even-pages-only; source-missing-alternate-pages; explicit target-list term and printed POS only; editorial review required.	lexical_candidate	candidate_only	pdf	pdf:page=55;region=explicit-vocabulary-list;scope=visible-even-pages-only;source-missing-alternate-pages=true;entry=44
Edge Vocabulary Book 1A	edge-vocabulary-book-1a	well-known	well-known	adjective		Adjectives to describe places	55	Edge Vocabulary Book 1A visible PDF p.55		visible-even-pages-only; source-missing-alternate-pages; explicit target-list term and printed POS only; editorial review required.	lexical_candidate	candidate_only	pdf	pdf:page=55;region=explicit-vocabulary-list;scope=visible-even-pages-only;source-missing-alternate-pages=true;entry=45
Edge Vocabulary Book 1A	edge-vocabulary-book-1a	attraction	attraction	noun		Things and places to enjoy during a trip	55	Edge Vocabulary Book 1A visible PDF p.55		visible-even-pages-only; source-missing-alternate-pages; explicit target-list term and printed POS only; editorial review required.	lexical_candidate	candidate_only	pdf	pdf:page=55;region=explicit-vocabulary-list;scope=visible-even-pages-only;source-missing-alternate-pages=true;entry=46
Edge Vocabulary Book 1A	edge-vocabulary-book-1a	beach	beach	noun		Things and places to enjoy during a trip	55	Edge Vocabulary Book 1A visible PDF p.55		visible-even-pages-only; source-missing-alternate-pages; explicit target-list term and printed POS only; editorial review required.	lexical_candidate	candidate_only	pdf	pdf:page=55;region=explicit-vocabulary-list;scope=visible-even-pages-only;source-missing-alternate-pages=true;entry=47
Edge Vocabulary Book 1A	edge-vocabulary-book-1a	cable car	cable car	noun phrase		Things and places to enjoy during a trip	55	Edge Vocabulary Book 1A visible PDF p.55		visible-even-pages-only; source-missing-alternate-pages; explicit target-list term and printed POS only; editorial review required.	lexical_candidate	candidate_only	pdf	pdf:page=55;region=explicit-vocabulary-list;scope=visible-even-pages-only;source-missing-alternate-pages=true;entry=48
Edge Vocabulary Book 1A	edge-vocabulary-book-1a	campfire	campfire	noun		Things and places to enjoy during a trip	55	Edge Vocabulary Book 1A visible PDF p.55		visible-even-pages-only; source-missing-alternate-pages; explicit target-list term and printed POS only; editorial review required.	lexical_candidate	candidate_only	pdf	pdf:page=55;region=explicit-vocabulary-list;scope=visible-even-pages-only;source-missing-alternate-pages=true;entry=49
Edge Vocabulary Book 1A	edge-vocabulary-book-1a	countryside	countryside	noun		Things and places to enjoy during a trip	55	Edge Vocabulary Book 1A visible PDF p.55		visible-even-pages-only; source-missing-alternate-pages; explicit target-list term and printed POS only; editorial review required.	lexical_candidate	candidate_only	pdf	pdf:page=55;region=explicit-vocabulary-list;scope=visible-even-pages-only;source-missing-alternate-pages=true;entry=50
Edge Vocabulary Book 1A	edge-vocabulary-book-1a	exhibit	exhibit	noun		Things and places to enjoy during a trip	55	Edge Vocabulary Book 1A visible PDF p.55		visible-even-pages-only; source-missing-alternate-pages; explicit target-list term and printed POS only; editorial review required.	lexical_candidate	candidate_only	pdf	pdf:page=55;region=explicit-vocabulary-list;scope=visible-even-pages-only;source-missing-alternate-pages=true;entry=51
Edge Vocabulary Book 1A	edge-vocabulary-book-1a	lake	lake	noun		Things and places to enjoy during a trip	55	Edge Vocabulary Book 1A visible PDF p.55		visible-even-pages-only; source-missing-alternate-pages; explicit target-list term and printed POS only; editorial review required.	lexical_candidate	candidate_only	pdf	pdf:page=55;region=explicit-vocabulary-list;scope=visible-even-pages-only;source-missing-alternate-pages=true;entry=52
Edge Vocabulary Book 1A	edge-vocabulary-book-1a	mural	mural	noun		Things and places to enjoy during a trip	55	Edge Vocabulary Book 1A visible PDF p.55		visible-even-pages-only; source-missing-alternate-pages; explicit target-list term and printed POS only; editorial review required.	lexical_candidate	candidate_only	pdf	pdf:page=55;region=explicit-vocabulary-list;scope=visible-even-pages-only;source-missing-alternate-pages=true;entry=53
Edge Vocabulary Book 1A	edge-vocabulary-book-1a	rock carving	rock carving	noun phrase		Things and places to enjoy during a trip	55	Edge Vocabulary Book 1A visible PDF p.55		visible-even-pages-only; source-missing-alternate-pages; explicit target-list term and printed POS only; editorial review required.	lexical_candidate	candidate_only	pdf	pdf:page=55;region=explicit-vocabulary-list;scope=visible-even-pages-only;source-missing-alternate-pages=true;entry=54
Edge Vocabulary Book 1A	edge-vocabulary-book-1a	scenery	scenery	noun		Things and places to enjoy during a trip	55	Edge Vocabulary Book 1A visible PDF p.55		visible-even-pages-only; source-missing-alternate-pages; explicit target-list term and printed POS only; editorial review required.	lexical_candidate	candidate_only	pdf	pdf:page=55;region=explicit-vocabulary-list;scope=visible-even-pages-only;source-missing-alternate-pages=true;entry=55
Edge Vocabulary Book 1A	edge-vocabulary-book-1a	sea breeze	sea breeze	noun phrase		Things and places to enjoy during a trip	55	Edge Vocabulary Book 1A visible PDF p.55		visible-even-pages-only; source-missing-alternate-pages; explicit target-list term and printed POS only; editorial review required.	lexical_candidate	candidate_only	pdf	pdf:page=55;region=explicit-vocabulary-list;scope=visible-even-pages-only;source-missing-alternate-pages=true;entry=56
Edge Vocabulary Book 1A	edge-vocabulary-book-1a	waterfall	waterfall	noun		Things and places to enjoy during a trip	55	Edge Vocabulary Book 1A visible PDF p.55		visible-even-pages-only; source-missing-alternate-pages; explicit target-list term and printed POS only; editorial review required.	lexical_candidate	candidate_only	pdf	pdf:page=55;region=explicit-vocabulary-list;scope=visible-even-pages-only;source-missing-alternate-pages=true;entry=57
Edge Vocabulary Book 1A	edge-vocabulary-book-1a	waterfront	waterfront	noun		Things and places to enjoy during a trip	55	Edge Vocabulary Book 1A visible PDF p.55		visible-even-pages-only; source-missing-alternate-pages; explicit target-list term and printed POS only; editorial review required.	lexical_candidate	candidate_only	pdf	pdf:page=55;region=explicit-vocabulary-list;scope=visible-even-pages-only;source-missing-alternate-pages=true;entry=58
Edge Vocabulary Book 1A	edge-vocabulary-book-1a	wildlife	wildlife	noun		Things and places to enjoy during a trip	55	Edge Vocabulary Book 1A visible PDF p.55		visible-even-pages-only; source-missing-alternate-pages; explicit target-list term and printed POS only; editorial review required.	lexical_candidate	candidate_only	pdf	pdf:page=55;region=explicit-vocabulary-list;scope=visible-even-pages-only;source-missing-alternate-pages=true;entry=59
Edge Vocabulary Book 1B	edge-vocabulary-book-1b	audience	audience	noun		Drama (I) - Common terms in drama	51	Edge Vocabulary Book 1B visible PDF p.51		visible-even-pages-only; source-missing-alternate-pages; explicit target-list term and printed POS only; editorial review required.	lexical_candidate	candidate_only	pdf	pdf:page=51;region=explicit-vocabulary-list;scope=visible-even-pages-only;source-missing-alternate-pages=true;entry=1
Edge Vocabulary Book 1B	edge-vocabulary-book-1b	cast	cast	noun		Drama (I) - Common terms in drama	51	Edge Vocabulary Book 1B visible PDF p.51		visible-even-pages-only; source-missing-alternate-pages; explicit target-list term and printed POS only; editorial review required.	lexical_candidate	candidate_only	pdf	pdf:page=51;region=explicit-vocabulary-list;scope=visible-even-pages-only;source-missing-alternate-pages=true;entry=2
Edge Vocabulary Book 1B	edge-vocabulary-book-1b	character	character	noun		Drama (I) - Common terms in drama	51	Edge Vocabulary Book 1B visible PDF p.51		visible-even-pages-only; source-missing-alternate-pages; explicit target-list term and printed POS only; editorial review required.	lexical_candidate	candidate_only	pdf	pdf:page=51;region=explicit-vocabulary-list;scope=visible-even-pages-only;source-missing-alternate-pages=true;entry=3
Edge Vocabulary Book 1B	edge-vocabulary-book-1b	costume	costume	noun		Drama (I) - Common terms in drama	51	Edge Vocabulary Book 1B visible PDF p.51		visible-even-pages-only; source-missing-alternate-pages; explicit target-list term and printed POS only; editorial review required.	lexical_candidate	candidate_only	pdf	pdf:page=51;region=explicit-vocabulary-list;scope=visible-even-pages-only;source-missing-alternate-pages=true;entry=4
Edge Vocabulary Book 1B	edge-vocabulary-book-1b	dialogue	dialogue	noun		Drama (I) - Common terms in drama	51	Edge Vocabulary Book 1B visible PDF p.51		visible-even-pages-only; source-missing-alternate-pages; explicit target-list term and printed POS only; editorial review required.	lexical_candidate	candidate_only	pdf	pdf:page=51;region=explicit-vocabulary-list;scope=visible-even-pages-only;source-missing-alternate-pages=true;entry=5
Edge Vocabulary Book 1B	edge-vocabulary-book-1b	director	director	noun		Drama (I) - Common terms in drama	51	Edge Vocabulary Book 1B visible PDF p.51		visible-even-pages-only; source-missing-alternate-pages; explicit target-list term and printed POS only; editorial review required.	lexical_candidate	candidate_only	pdf	pdf:page=51;region=explicit-vocabulary-list;scope=visible-even-pages-only;source-missing-alternate-pages=true;entry=6
Edge Vocabulary Book 1B	edge-vocabulary-book-1b	dress rehearsal	dress rehearsal	noun phrase		Drama (I) - Common terms in drama	51	Edge Vocabulary Book 1B visible PDF p.51		visible-even-pages-only; source-missing-alternate-pages; explicit target-list term and printed POS only; editorial review required.	lexical_candidate	candidate_only	pdf	pdf:page=51;region=explicit-vocabulary-list;scope=visible-even-pages-only;source-missing-alternate-pages=true;entry=7
Edge Vocabulary Book 1B	edge-vocabulary-book-1b	facial expression	facial expression	noun phrase		Drama (I) - Common terms in drama	51	Edge Vocabulary Book 1B visible PDF p.51		visible-even-pages-only; source-missing-alternate-pages; explicit target-list term and printed POS only; editorial review required.	lexical_candidate	candidate_only	pdf	pdf:page=51;region=explicit-vocabulary-list;scope=visible-even-pages-only;source-missing-alternate-pages=true;entry=8
Edge Vocabulary Book 1B	edge-vocabulary-book-1b	gesture	gesture	noun		Drama (I) - Common terms in drama	51	Edge Vocabulary Book 1B visible PDF p.51		visible-even-pages-only; source-missing-alternate-pages; explicit target-list term and printed POS only; editorial review required.	lexical_candidate	candidate_only	pdf	pdf:page=51;region=explicit-vocabulary-list;scope=visible-even-pages-only;source-missing-alternate-pages=true;entry=9
Edge Vocabulary Book 1B	edge-vocabulary-book-1b	narrator	narrator	noun		Drama (I) - Common terms in drama	51	Edge Vocabulary Book 1B visible PDF p.51		visible-even-pages-only; source-missing-alternate-pages; explicit target-list term and printed POS only; editorial review required.	lexical_candidate	candidate_only	pdf	pdf:page=51;region=explicit-vocabulary-list;scope=visible-even-pages-only;source-missing-alternate-pages=true;entry=10
Edge Vocabulary Book 1B	edge-vocabulary-book-1b	beat	beat	verb		Tasty treats - Ways of preparing food	53	Edge Vocabulary Book 1B visible PDF p.53		visible-even-pages-only; source-missing-alternate-pages; explicit target-list term and printed POS only; editorial review required.	lexical_candidate	candidate_only	pdf	pdf:page=53;region=explicit-vocabulary-list;scope=visible-even-pages-only;source-missing-alternate-pages=true;entry=1
Edge Vocabulary Book 1B	edge-vocabulary-book-1b	blend	blend	verb		Tasty treats - Ways of preparing food	53	Edge Vocabulary Book 1B visible PDF p.53		visible-even-pages-only; source-missing-alternate-pages; explicit target-list term and printed POS only; editorial review required.	lexical_candidate	candidate_only	pdf	pdf:page=53;region=explicit-vocabulary-list;scope=visible-even-pages-only;source-missing-alternate-pages=true;entry=2
Edge Vocabulary Book 1B	edge-vocabulary-book-1b	dice	dice	verb		Tasty treats - Ways of preparing food	53	Edge Vocabulary Book 1B visible PDF p.53		visible-even-pages-only; source-missing-alternate-pages; explicit target-list term and printed POS only; editorial review required.	lexical_candidate	candidate_only	pdf	pdf:page=53;region=explicit-vocabulary-list;scope=visible-even-pages-only;source-missing-alternate-pages=true;entry=3
Edge Vocabulary Book 1B	edge-vocabulary-book-1b	drizzle	drizzle	verb		Tasty treats - Ways of preparing food	53	Edge Vocabulary Book 1B visible PDF p.53		visible-even-pages-only; source-missing-alternate-pages; explicit target-list term and printed POS only; editorial review required.	lexical_candidate	candidate_only	pdf	pdf:page=53;region=explicit-vocabulary-list;scope=visible-even-pages-only;source-missing-alternate-pages=true;entry=4
Edge Vocabulary Book 1B	edge-vocabulary-book-1b	peel	peel	verb		Tasty treats - Ways of preparing food	53	Edge Vocabulary Book 1B visible PDF p.53		visible-even-pages-only; source-missing-alternate-pages; explicit target-list term and printed POS only; editorial review required.	lexical_candidate	candidate_only	pdf	pdf:page=53;region=explicit-vocabulary-list;scope=visible-even-pages-only;source-missing-alternate-pages=true;entry=5
Edge Vocabulary Book 1B	edge-vocabulary-book-1b	slice	slice	verb		Tasty treats - Ways of preparing food	53	Edge Vocabulary Book 1B visible PDF p.53		visible-even-pages-only; source-missing-alternate-pages; explicit target-list term and printed POS only; editorial review required.	lexical_candidate	candidate_only	pdf	pdf:page=53;region=explicit-vocabulary-list;scope=visible-even-pages-only;source-missing-alternate-pages=true;entry=6
Edge Vocabulary Book 1B	edge-vocabulary-book-1b	spread	spread	verb		Tasty treats - Ways of preparing food	53	Edge Vocabulary Book 1B visible PDF p.53		visible-even-pages-only; source-missing-alternate-pages; explicit target-list term and printed POS only; editorial review required.	lexical_candidate	candidate_only	pdf	pdf:page=53;region=explicit-vocabulary-list;scope=visible-even-pages-only;source-missing-alternate-pages=true;entry=7
Edge Vocabulary Book 1B	edge-vocabulary-book-1b	sprinkle	sprinkle	verb		Tasty treats - Ways of preparing food	53	Edge Vocabulary Book 1B visible PDF p.53		visible-even-pages-only; source-missing-alternate-pages; explicit target-list term and printed POS only; editorial review required.	lexical_candidate	candidate_only	pdf	pdf:page=53;region=explicit-vocabulary-list;scope=visible-even-pages-only;source-missing-alternate-pages=true;entry=8
Edge Vocabulary Book 1B	edge-vocabulary-book-1b	whisk	whisk	verb		Tasty treats - Ways of preparing food	53	Edge Vocabulary Book 1B visible PDF p.53		visible-even-pages-only; source-missing-alternate-pages; explicit target-list term and printed POS only; editorial review required.	lexical_candidate	candidate_only	pdf	pdf:page=53;region=explicit-vocabulary-list;scope=visible-even-pages-only;source-missing-alternate-pages=true;entry=9
Edge Vocabulary Book 1B	edge-vocabulary-book-1b	bake	bake	verb		Ways of cooking	53	Edge Vocabulary Book 1B visible PDF p.53		visible-even-pages-only; source-missing-alternate-pages; explicit target-list term and printed POS only; editorial review required.	lexical_candidate	candidate_only	pdf	pdf:page=53;region=explicit-vocabulary-list;scope=visible-even-pages-only;source-missing-alternate-pages=true;entry=10
Edge Vocabulary Book 1B	edge-vocabulary-book-1b	boil	boil	verb		Ways of cooking	53	Edge Vocabulary Book 1B visible PDF p.53		visible-even-pages-only; source-missing-alternate-pages; explicit target-list term and printed POS only; editorial review required.	lexical_candidate	candidate_only	pdf	pdf:page=53;region=explicit-vocabulary-list;scope=visible-even-pages-only;source-missing-alternate-pages=true;entry=11
Edge Vocabulary Book 1B	edge-vocabulary-book-1b	deep-fry	deep-fry	verb		Ways of cooking	53	Edge Vocabulary Book 1B visible PDF p.53		visible-even-pages-only; source-missing-alternate-pages; explicit target-list term and printed POS only; editorial review required.	lexical_candidate	candidate_only	pdf	pdf:page=53;region=explicit-vocabulary-list;scope=visible-even-pages-only;source-missing-alternate-pages=true;entry=12
Edge Vocabulary Book 1B	edge-vocabulary-book-1b	grill	grill	verb		Ways of cooking	53	Edge Vocabulary Book 1B visible PDF p.53		visible-even-pages-only; source-missing-alternate-pages; explicit target-list term and printed POS only; editorial review required.	lexical_candidate	candidate_only	pdf	pdf:page=53;region=explicit-vocabulary-list;scope=visible-even-pages-only;source-missing-alternate-pages=true;entry=13
Edge Vocabulary Book 1B	edge-vocabulary-book-1b	roast	roast	verb		Ways of cooking	53	Edge Vocabulary Book 1B visible PDF p.53		visible-even-pages-only; source-missing-alternate-pages; explicit target-list term and printed POS only; editorial review required.	lexical_candidate	candidate_only	pdf	pdf:page=53;region=explicit-vocabulary-list;scope=visible-even-pages-only;source-missing-alternate-pages=true;entry=14
Edge Vocabulary Book 1B	edge-vocabulary-book-1b	scramble	scramble	verb		Ways of cooking	53	Edge Vocabulary Book 1B visible PDF p.53		visible-even-pages-only; source-missing-alternate-pages; explicit target-list term and printed POS only; editorial review required.	lexical_candidate	candidate_only	pdf	pdf:page=53;region=explicit-vocabulary-list;scope=visible-even-pages-only;source-missing-alternate-pages=true;entry=15
Edge Vocabulary Book 1B	edge-vocabulary-book-1b	steam	steam	verb		Ways of cooking	53	Edge Vocabulary Book 1B visible PDF p.53		visible-even-pages-only; source-missing-alternate-pages; explicit target-list term and printed POS only; editorial review required.	lexical_candidate	candidate_only	pdf	pdf:page=53;region=explicit-vocabulary-list;scope=visible-even-pages-only;source-missing-alternate-pages=true;entry=16
Edge Vocabulary Book 1B	edge-vocabulary-book-1b	stew	stew	verb		Ways of cooking	53	Edge Vocabulary Book 1B visible PDF p.53		visible-even-pages-only; source-missing-alternate-pages; explicit target-list term and printed POS only; editorial review required.	lexical_candidate	candidate_only	pdf	pdf:page=53;region=explicit-vocabulary-list;scope=visible-even-pages-only;source-missing-alternate-pages=true;entry=17
Edge Vocabulary Book 1B	edge-vocabulary-book-1b	stir-fry	stir-fry	verb		Ways of cooking	53	Edge Vocabulary Book 1B visible PDF p.53		visible-even-pages-only; source-missing-alternate-pages; explicit target-list term and printed POS only; editorial review required.	lexical_candidate	candidate_only	pdf	pdf:page=53;region=explicit-vocabulary-list;scope=visible-even-pages-only;source-missing-alternate-pages=true;entry=18
Edge Vocabulary Book 1B	edge-vocabulary-book-1b	bitter	bitter	adjective		Adjectives to describe food	53	Edge Vocabulary Book 1B visible PDF p.53		visible-even-pages-only; source-missing-alternate-pages; explicit target-list term and printed POS only; editorial review required.	lexical_candidate	candidate_only	pdf	pdf:page=53;region=explicit-vocabulary-list;scope=visible-even-pages-only;source-missing-alternate-pages=true;entry=19
Edge Vocabulary Book 1B	edge-vocabulary-book-1b	bland	bland	adjective		Adjectives to describe food	53	Edge Vocabulary Book 1B visible PDF p.53		visible-even-pages-only; source-missing-alternate-pages; explicit target-list term and printed POS only; editorial review required.	lexical_candidate	candidate_only	pdf	pdf:page=53;region=explicit-vocabulary-list;scope=visible-even-pages-only;source-missing-alternate-pages=true;entry=20
Edge Vocabulary Book 1B	edge-vocabulary-book-1b	chewy	chewy	adjective		Adjectives to describe food	53	Edge Vocabulary Book 1B visible PDF p.53		visible-even-pages-only; source-missing-alternate-pages; explicit target-list term and printed POS only; editorial review required.	lexical_candidate	candidate_only	pdf	pdf:page=53;region=explicit-vocabulary-list;scope=visible-even-pages-only;source-missing-alternate-pages=true;entry=21
Edge Vocabulary Book 1B	edge-vocabulary-book-1b	creamy	creamy	adjective		Adjectives to describe food	53	Edge Vocabulary Book 1B visible PDF p.53		visible-even-pages-only; source-missing-alternate-pages; explicit target-list term and printed POS only; editorial review required.	lexical_candidate	candidate_only	pdf	pdf:page=53;region=explicit-vocabulary-list;scope=visible-even-pages-only;source-missing-alternate-pages=true;entry=22
Edge Vocabulary Book 1B	edge-vocabulary-book-1b	crispy	crispy	adjective		Adjectives to describe food	53	Edge Vocabulary Book 1B visible PDF p.53		visible-even-pages-only; source-missing-alternate-pages; explicit target-list term and printed POS only; editorial review required.	lexical_candidate	candidate_only	pdf	pdf:page=53;region=explicit-vocabulary-list;scope=visible-even-pages-only;source-missing-alternate-pages=true;entry=23
Edge Vocabulary Book 1B	edge-vocabulary-book-1b	crunchy	crunchy	adjective		Adjectives to describe food	53	Edge Vocabulary Book 1B visible PDF p.53		visible-even-pages-only; source-missing-alternate-pages; explicit target-list term and printed POS only; editorial review required.	lexical_candidate	candidate_only	pdf	pdf:page=53;region=explicit-vocabulary-list;scope=visible-even-pages-only;source-missing-alternate-pages=true;entry=24
Edge Vocabulary Book 1B	edge-vocabulary-book-1b	fluffy	fluffy	adjective		Adjectives to describe food	53	Edge Vocabulary Book 1B visible PDF p.53		visible-even-pages-only; source-missing-alternate-pages; explicit target-list term and printed POS only; editorial review required.	lexical_candidate	candidate_only	pdf	pdf:page=53;region=explicit-vocabulary-list;scope=visible-even-pages-only;source-missing-alternate-pages=true;entry=25
Edge Vocabulary Book 1B	edge-vocabulary-book-1b	juicy	juicy	adjective		Adjectives to describe food	53	Edge Vocabulary Book 1B visible PDF p.53		visible-even-pages-only; source-missing-alternate-pages; explicit target-list term and printed POS only; editorial review required.	lexical_candidate	candidate_only	pdf	pdf:page=53;region=explicit-vocabulary-list;scope=visible-even-pages-only;source-missing-alternate-pages=true;entry=26
Edge Vocabulary Book 1B	edge-vocabulary-book-1b	oily	oily	adjective		Adjectives to describe food	53	Edge Vocabulary Book 1B visible PDF p.53		visible-even-pages-only; source-missing-alternate-pages; explicit target-list term and printed POS only; editorial review required.	lexical_candidate	candidate_only	pdf	pdf:page=53;region=explicit-vocabulary-list;scope=visible-even-pages-only;source-missing-alternate-pages=true;entry=27
Edge Vocabulary Book 1B	edge-vocabulary-book-1b	salty	salty	adjective		Adjectives to describe food	53	Edge Vocabulary Book 1B visible PDF p.53		visible-even-pages-only; source-missing-alternate-pages; explicit target-list term and printed POS only; editorial review required.	lexical_candidate	candidate_only	pdf	pdf:page=53;region=explicit-vocabulary-list;scope=visible-even-pages-only;source-missing-alternate-pages=true;entry=28
Edge Vocabulary Book 1B	edge-vocabulary-book-1b	savoury	savoury	adjective		Adjectives to describe food	53	Edge Vocabulary Book 1B visible PDF p.53		visible-even-pages-only; source-missing-alternate-pages; explicit target-list term and printed POS only; editorial review required.	lexical_candidate	candidate_only	pdf	pdf:page=53;region=explicit-vocabulary-list;scope=visible-even-pages-only;source-missing-alternate-pages=true;entry=29
Edge Vocabulary Book 1B	edge-vocabulary-book-1b	smooth	smooth	adjective		Adjectives to describe food	53	Edge Vocabulary Book 1B visible PDF p.53		visible-even-pages-only; source-missing-alternate-pages; explicit target-list term and printed POS only; editorial review required.	lexical_candidate	candidate_only	pdf	pdf:page=53;region=explicit-vocabulary-list;scope=visible-even-pages-only;source-missing-alternate-pages=true;entry=30
Edge Vocabulary Book 1B	edge-vocabulary-book-1b	sour	sour	adjective		Adjectives to describe food	53	Edge Vocabulary Book 1B visible PDF p.53		visible-even-pages-only; source-missing-alternate-pages; explicit target-list term and printed POS only; editorial review required.	lexical_candidate	candidate_only	pdf	pdf:page=53;region=explicit-vocabulary-list;scope=visible-even-pages-only;source-missing-alternate-pages=true;entry=31
Edge Vocabulary Book 1B	edge-vocabulary-book-1b	spicy	spicy	adjective		Adjectives to describe food	53	Edge Vocabulary Book 1B visible PDF p.53		visible-even-pages-only; source-missing-alternate-pages; explicit target-list term and printed POS only; editorial review required.	lexical_candidate	candidate_only	pdf	pdf:page=53;region=explicit-vocabulary-list;scope=visible-even-pages-only;source-missing-alternate-pages=true;entry=32
Edge Vocabulary Book 1B	edge-vocabulary-book-1b	sweet	sweet	adjective		Adjectives to describe food	53	Edge Vocabulary Book 1B visible PDF p.53		visible-even-pages-only; source-missing-alternate-pages; explicit target-list term and printed POS only; editorial review required.	lexical_candidate	candidate_only	pdf	pdf:page=53;region=explicit-vocabulary-list;scope=visible-even-pages-only;source-missing-alternate-pages=true;entry=33
Edge Vocabulary Book 1B	edge-vocabulary-book-1b	tender	tender	adjective		Adjectives to describe food	53	Edge Vocabulary Book 1B visible PDF p.53		visible-even-pages-only; source-missing-alternate-pages; explicit target-list term and printed POS only; editorial review required.	lexical_candidate	candidate_only	pdf	pdf:page=53;region=explicit-vocabulary-list;scope=visible-even-pages-only;source-missing-alternate-pages=true;entry=34
Edge Vocabulary Book 1B	edge-vocabulary-book-1b	brown sugar	brown sugar	noun phrase		Seasonings	53	Edge Vocabulary Book 1B visible PDF p.53		visible-even-pages-only; source-missing-alternate-pages; explicit target-list term and printed POS only; editorial review required.	lexical_candidate	candidate_only	pdf	pdf:page=53;region=explicit-vocabulary-list;scope=visible-even-pages-only;source-missing-alternate-pages=true;entry=35
Edge Vocabulary Book 1B	edge-vocabulary-book-1b	chilli	chilli	noun		Seasonings	53	Edge Vocabulary Book 1B visible PDF p.53		visible-even-pages-only; source-missing-alternate-pages; explicit target-list term and printed POS only; editorial review required.	lexical_candidate	candidate_only	pdf	pdf:page=53;region=explicit-vocabulary-list;scope=visible-even-pages-only;source-missing-alternate-pages=true;entry=36
Edge Vocabulary Book 1B	edge-vocabulary-book-1b	cinnamon	cinnamon	noun		Seasonings	53	Edge Vocabulary Book 1B visible PDF p.53		visible-even-pages-only; source-missing-alternate-pages; explicit target-list term and printed POS only; editorial review required.	lexical_candidate	candidate_only	pdf	pdf:page=53;region=explicit-vocabulary-list;scope=visible-even-pages-only;source-missing-alternate-pages=true;entry=37
Edge Vocabulary Book 1B	edge-vocabulary-book-1b	garlic	garlic	noun		Seasonings	53	Edge Vocabulary Book 1B visible PDF p.53		visible-even-pages-only; source-missing-alternate-pages; explicit target-list term and printed POS only; editorial review required.	lexical_candidate	candidate_only	pdf	pdf:page=53;region=explicit-vocabulary-list;scope=visible-even-pages-only;source-missing-alternate-pages=true;entry=38
Edge Vocabulary Book 1B	edge-vocabulary-book-1b	ginger	ginger	noun		Seasonings	53	Edge Vocabulary Book 1B visible PDF p.53		visible-even-pages-only; source-missing-alternate-pages; explicit target-list term and printed POS only; editorial review required.	lexical_candidate	candidate_only	pdf	pdf:page=53;region=explicit-vocabulary-list;scope=visible-even-pages-only;source-missing-alternate-pages=true;entry=39
Edge Vocabulary Book 1B	edge-vocabulary-book-1b	honey	honey	noun		Seasonings	53	Edge Vocabulary Book 1B visible PDF p.53		visible-even-pages-only; source-missing-alternate-pages; explicit target-list term and printed POS only; editorial review required.	lexical_candidate	candidate_only	pdf	pdf:page=53;region=explicit-vocabulary-list;scope=visible-even-pages-only;source-missing-alternate-pages=true;entry=40
Edge Vocabulary Book 1B	edge-vocabulary-book-1b	ketchup	ketchup	noun		Seasonings	53	Edge Vocabulary Book 1B visible PDF p.53		visible-even-pages-only; source-missing-alternate-pages; explicit target-list term and printed POS only; editorial review required.	lexical_candidate	candidate_only	pdf	pdf:page=53;region=explicit-vocabulary-list;scope=visible-even-pages-only;source-missing-alternate-pages=true;entry=41
Edge Vocabulary Book 1B	edge-vocabulary-book-1b	mustard	mustard	noun		Seasonings	53	Edge Vocabulary Book 1B visible PDF p.53		visible-even-pages-only; source-missing-alternate-pages; explicit target-list term and printed POS only; editorial review required.	lexical_candidate	candidate_only	pdf	pdf:page=53;region=explicit-vocabulary-list;scope=visible-even-pages-only;source-missing-alternate-pages=true;entry=42
Edge Vocabulary Book 1B	edge-vocabulary-book-1b	onion	onion	noun		Seasonings	53	Edge Vocabulary Book 1B visible PDF p.53		visible-even-pages-only; source-missing-alternate-pages; explicit target-list term and printed POS only; editorial review required.	lexical_candidate	candidate_only	pdf	pdf:page=53;region=explicit-vocabulary-list;scope=visible-even-pages-only;source-missing-alternate-pages=true;entry=43
Edge Vocabulary Book 1B	edge-vocabulary-book-1b	parsley	parsley	noun		Seasonings	53	Edge Vocabulary Book 1B visible PDF p.53		visible-even-pages-only; source-missing-alternate-pages; explicit target-list term and printed POS only; editorial review required.	lexical_candidate	candidate_only	pdf	pdf:page=53;region=explicit-vocabulary-list;scope=visible-even-pages-only;source-missing-alternate-pages=true;entry=44
Edge Vocabulary Book 1B	edge-vocabulary-book-1b	pepper	pepper	noun		Seasonings	53	Edge Vocabulary Book 1B visible PDF p.53		visible-even-pages-only; source-missing-alternate-pages; explicit target-list term and printed POS only; editorial review required.	lexical_candidate	candidate_only	pdf	pdf:page=53;region=explicit-vocabulary-list;scope=visible-even-pages-only;source-missing-alternate-pages=true;entry=45
Edge Vocabulary Book 1B	edge-vocabulary-book-1b	red rice vinegar	red rice vinegar	noun phrase		Seasonings	53	Edge Vocabulary Book 1B visible PDF p.53		visible-even-pages-only; source-missing-alternate-pages; explicit target-list term and printed POS only; editorial review required.	lexical_candidate	candidate_only	pdf	pdf:page=53;region=explicit-vocabulary-list;scope=visible-even-pages-only;source-missing-alternate-pages=true;entry=46
Edge Vocabulary Book 1B	edge-vocabulary-book-1b	rosemary	rosemary	noun		Seasonings	53	Edge Vocabulary Book 1B visible PDF p.53		visible-even-pages-only; source-missing-alternate-pages; explicit target-list term and printed POS only; editorial review required.	lexical_candidate	candidate_only	pdf	pdf:page=53;region=explicit-vocabulary-list;scope=visible-even-pages-only;source-missing-alternate-pages=true;entry=47
Edge Vocabulary Book 1B	edge-vocabulary-book-1b	salt	salt	noun		Seasonings	53	Edge Vocabulary Book 1B visible PDF p.53		visible-even-pages-only; source-missing-alternate-pages; explicit target-list term and printed POS only; editorial review required.	lexical_candidate	candidate_only	pdf	pdf:page=53;region=explicit-vocabulary-list;scope=visible-even-pages-only;source-missing-alternate-pages=true;entry=48
Edge Vocabulary Book 1B	edge-vocabulary-book-1b	soy sauce	soy sauce	noun phrase		Seasonings	53	Edge Vocabulary Book 1B visible PDF p.53		visible-even-pages-only; source-missing-alternate-pages; explicit target-list term and printed POS only; editorial review required.	lexical_candidate	candidate_only	pdf	pdf:page=53;region=explicit-vocabulary-list;scope=visible-even-pages-only;source-missing-alternate-pages=true;entry=49
Edge Vocabulary Book 1B	edge-vocabulary-book-1b	spice	spice	noun		Seasonings	53	Edge Vocabulary Book 1B visible PDF p.53		visible-even-pages-only; source-missing-alternate-pages; explicit target-list term and printed POS only; editorial review required.	lexical_candidate	candidate_only	pdf	pdf:page=53;region=explicit-vocabulary-list;scope=visible-even-pages-only;source-missing-alternate-pages=true;entry=50
Edge Vocabulary Book 1B	edge-vocabulary-book-1b	spring onion	spring onion	noun phrase		Seasonings	53	Edge Vocabulary Book 1B visible PDF p.53		visible-even-pages-only; source-missing-alternate-pages; explicit target-list term and printed POS only; editorial review required.	lexical_candidate	candidate_only	pdf	pdf:page=53;region=explicit-vocabulary-list;scope=visible-even-pages-only;source-missing-alternate-pages=true;entry=51
Edge Vocabulary Book 1B	edge-vocabulary-book-1b	syrup	syrup	noun		Seasonings	53	Edge Vocabulary Book 1B visible PDF p.53		visible-even-pages-only; source-missing-alternate-pages; explicit target-list term and printed POS only; editorial review required.	lexical_candidate	candidate_only	pdf	pdf:page=53;region=explicit-vocabulary-list;scope=visible-even-pages-only;source-missing-alternate-pages=true;entry=52
Edge Vocabulary Book 1B	edge-vocabulary-book-1b	asparagus	asparagus	noun		Ingredients	53	Edge Vocabulary Book 1B visible PDF p.53		visible-even-pages-only; source-missing-alternate-pages; explicit target-list term and printed POS only; editorial review required.	lexical_candidate	candidate_only	pdf	pdf:page=53;region=explicit-vocabulary-list;scope=visible-even-pages-only;source-missing-alternate-pages=true;entry=53
Edge Vocabulary Book 1B	edge-vocabulary-book-1b	flour	flour	noun		Ingredients	53	Edge Vocabulary Book 1B visible PDF p.53		visible-even-pages-only; source-missing-alternate-pages; explicit target-list term and printed POS only; editorial review required.	lexical_candidate	candidate_only	pdf	pdf:page=53;region=explicit-vocabulary-list;scope=visible-even-pages-only;source-missing-alternate-pages=true;entry=54
Edge Vocabulary Book 1B	edge-vocabulary-book-1b	kimchi	kimchi	noun		Ingredients	53	Edge Vocabulary Book 1B visible PDF p.53		visible-even-pages-only; source-missing-alternate-pages; explicit target-list term and printed POS only; editorial review required.	lexical_candidate	candidate_only	pdf	pdf:page=53;region=explicit-vocabulary-list;scope=visible-even-pages-only;source-missing-alternate-pages=true;entry=55
Edge Vocabulary Book 1B	edge-vocabulary-book-1b	mochi	mochi	noun		Ingredients	53	Edge Vocabulary Book 1B visible PDF p.53		visible-even-pages-only; source-missing-alternate-pages; explicit target-list term and printed POS only; editorial review required.	lexical_candidate	candidate_only	pdf	pdf:page=53;region=explicit-vocabulary-list;scope=visible-even-pages-only;source-missing-alternate-pages=true;entry=56
Edge Vocabulary Book 1B	edge-vocabulary-book-1b	mushroom	mushroom	noun		Ingredients	53	Edge Vocabulary Book 1B visible PDF p.53		visible-even-pages-only; source-missing-alternate-pages; explicit target-list term and printed POS only; editorial review required.	lexical_candidate	candidate_only	pdf	pdf:page=53;region=explicit-vocabulary-list;scope=visible-even-pages-only;source-missing-alternate-pages=true;entry=57
Edge Vocabulary Book 1B	edge-vocabulary-book-1b	red bean	red bean	noun phrase		Ingredients	53	Edge Vocabulary Book 1B visible PDF p.53		visible-even-pages-only; source-missing-alternate-pages; explicit target-list term and printed POS only; editorial review required.	lexical_candidate	candidate_only	pdf	pdf:page=53;region=explicit-vocabulary-list;scope=visible-even-pages-only;source-missing-alternate-pages=true;entry=58
Edge Vocabulary Book 1B	edge-vocabulary-book-1b	sausage	sausage	noun		Ingredients	53	Edge Vocabulary Book 1B visible PDF p.53		visible-even-pages-only; source-missing-alternate-pages; explicit target-list term and printed POS only; editorial review required.	lexical_candidate	candidate_only	pdf	pdf:page=53;region=explicit-vocabulary-list;scope=visible-even-pages-only;source-missing-alternate-pages=true;entry=59
Edge Vocabulary Book 1B	edge-vocabulary-book-1b	sesame seeds	sesame seeds	noun phrase		Ingredients	53	Edge Vocabulary Book 1B visible PDF p.53		visible-even-pages-only; source-missing-alternate-pages; explicit target-list term and printed POS only; editorial review required.	lexical_candidate	candidate_only	pdf	pdf:page=53;region=explicit-vocabulary-list;scope=visible-even-pages-only;source-missing-alternate-pages=true;entry=60
Edge Vocabulary Book 1B	edge-vocabulary-book-1b	yogurt	yogurt	noun		Ingredients	53	Edge Vocabulary Book 1B visible PDF p.53		visible-even-pages-only; source-missing-alternate-pages; explicit target-list term and printed POS only; editorial review required.	lexical_candidate	candidate_only	pdf	pdf:page=53;region=explicit-vocabulary-list;scope=visible-even-pages-only;source-missing-alternate-pages=true;entry=61
Edge Vocabulary Book 1B	edge-vocabulary-book-1b	exhausted	exhausted	adjective		Visible glossary continuation	55	Edge Vocabulary Book 1B visible PDF p.55		visible-even-pages-only; source-missing-alternate-pages; explicit target-list term and printed POS only; editorial review required.	lexical_candidate	candidate_only	pdf	pdf:page=55;region=explicit-vocabulary-list;scope=visible-even-pages-only;source-missing-alternate-pages=true;entry=1
Edge Vocabulary Book 1B	edge-vocabulary-book-1b	relieved	relieved	adjective		Visible glossary continuation	55	Edge Vocabulary Book 1B visible PDF p.55		visible-even-pages-only; source-missing-alternate-pages; explicit target-list term and printed POS only; editorial review required.	lexical_candidate	candidate_only	pdf	pdf:page=55;region=explicit-vocabulary-list;scope=visible-even-pages-only;source-missing-alternate-pages=true;entry=2
Edge Vocabulary Book 1B	edge-vocabulary-book-1b	shocked	shocked	adjective		Visible glossary continuation	55	Edge Vocabulary Book 1B visible PDF p.55		visible-even-pages-only; source-missing-alternate-pages; explicit target-list term and printed POS only; editorial review required.	lexical_candidate	candidate_only	pdf	pdf:page=55;region=explicit-vocabulary-list;scope=visible-even-pages-only;source-missing-alternate-pages=true;entry=3
Edge Vocabulary Book 1B	edge-vocabulary-book-1b	thrilled	thrilled	adjective		Visible glossary continuation	55	Edge Vocabulary Book 1B visible PDF p.55		visible-even-pages-only; source-missing-alternate-pages; explicit target-list term and printed POS only; editorial review required.	lexical_candidate	candidate_only	pdf	pdf:page=55;region=explicit-vocabulary-list;scope=visible-even-pages-only;source-missing-alternate-pages=true;entry=4
Edge Vocabulary Book 1B	edge-vocabulary-book-1b	adapter	adapter	noun		Holiday items	55	Edge Vocabulary Book 1B visible PDF p.55		visible-even-pages-only; source-missing-alternate-pages; explicit target-list term and printed POS only; editorial review required.	lexical_candidate	candidate_only	pdf	pdf:page=55;region=explicit-vocabulary-list;scope=visible-even-pages-only;source-missing-alternate-pages=true;entry=5
Edge Vocabulary Book 1B	edge-vocabulary-book-1b	backpack	backpack	noun		Holiday items	55	Edge Vocabulary Book 1B visible PDF p.55		visible-even-pages-only; source-missing-alternate-pages; explicit target-list term and printed POS only; editorial review required.	lexical_candidate	candidate_only	pdf	pdf:page=55;region=explicit-vocabulary-list;scope=visible-even-pages-only;source-missing-alternate-pages=true;entry=6
Edge Vocabulary Book 1B	edge-vocabulary-book-1b	boarding pass	boarding pass	noun phrase		Holiday items	55	Edge Vocabulary Book 1B visible PDF p.55		visible-even-pages-only; source-missing-alternate-pages; explicit target-list term and printed POS only; editorial review required.	lexical_candidate	candidate_only	pdf	pdf:page=55;region=explicit-vocabulary-list;scope=visible-even-pages-only;source-missing-alternate-pages=true;entry=7
Edge Vocabulary Book 1B	edge-vocabulary-book-1b	first aid kit	first aid kit	noun phrase		Holiday items	55	Edge Vocabulary Book 1B visible PDF p.55		visible-even-pages-only; source-missing-alternate-pages; explicit target-list term and printed POS only; editorial review required.	lexical_candidate	candidate_only	pdf	pdf:page=55;region=explicit-vocabulary-list;scope=visible-even-pages-only;source-missing-alternate-pages=true;entry=8
Edge Vocabulary Book 1B	edge-vocabulary-book-1b	guidebook	guidebook	noun		Holiday items	55	Edge Vocabulary Book 1B visible PDF p.55		visible-even-pages-only; source-missing-alternate-pages; explicit target-list term and printed POS only; editorial review required.	lexical_candidate	candidate_only	pdf	pdf:page=55;region=explicit-vocabulary-list;scope=visible-even-pages-only;source-missing-alternate-pages=true;entry=9
Edge Vocabulary Book 1B	edge-vocabulary-book-1b	itinerary	itinerary	noun		Holiday items	55	Edge Vocabulary Book 1B visible PDF p.55		visible-even-pages-only; source-missing-alternate-pages; explicit target-list term and printed POS only; editorial review required.	lexical_candidate	candidate_only	pdf	pdf:page=55;region=explicit-vocabulary-list;scope=visible-even-pages-only;source-missing-alternate-pages=true;entry=10
Edge Vocabulary Book 1B	edge-vocabulary-book-1b	luggage	luggage	noun		Holiday items	55	Edge Vocabulary Book 1B visible PDF p.55		visible-even-pages-only; source-missing-alternate-pages; explicit target-list term and printed POS only; editorial review required.	lexical_candidate	candidate_only	pdf	pdf:page=55;region=explicit-vocabulary-list;scope=visible-even-pages-only;source-missing-alternate-pages=true;entry=11
Edge Vocabulary Book 1B	edge-vocabulary-book-1b	passport	passport	noun		Holiday items	55	Edge Vocabulary Book 1B visible PDF p.55		visible-even-pages-only; source-missing-alternate-pages; explicit target-list term and printed POS only; editorial review required.	lexical_candidate	candidate_only	pdf	pdf:page=55;region=explicit-vocabulary-list;scope=visible-even-pages-only;source-missing-alternate-pages=true;entry=12
Edge Vocabulary Book 1B	edge-vocabulary-book-1b	reservation	reservation	noun		Holiday items	55	Edge Vocabulary Book 1B visible PDF p.55		visible-even-pages-only; source-missing-alternate-pages; explicit target-list term and printed POS only; editorial review required.	lexical_candidate	candidate_only	pdf	pdf:page=55;region=explicit-vocabulary-list;scope=visible-even-pages-only;source-missing-alternate-pages=true;entry=13
Edge Vocabulary Book 1B	edge-vocabulary-book-1b	street map	street map	noun phrase		Holiday items	55	Edge Vocabulary Book 1B visible PDF p.55		visible-even-pages-only; source-missing-alternate-pages; explicit target-list term and printed POS only; editorial review required.	lexical_candidate	candidate_only	pdf	pdf:page=55;region=explicit-vocabulary-list;scope=visible-even-pages-only;source-missing-alternate-pages=true;entry=14
Edge Vocabulary Book 1B	edge-vocabulary-book-1b	toiletries	toiletries	noun		Holiday items	55	Edge Vocabulary Book 1B visible PDF p.55		visible-even-pages-only; source-missing-alternate-pages; explicit target-list term and printed POS only; editorial review required.	lexical_candidate	candidate_only	pdf	pdf:page=55;region=explicit-vocabulary-list;scope=visible-even-pages-only;source-missing-alternate-pages=true;entry=15
Edge Vocabulary Book 1B	edge-vocabulary-book-1b	monument	monument	noun		Attractions	55	Edge Vocabulary Book 1B visible PDF p.55		visible-even-pages-only; source-missing-alternate-pages; explicit target-list term and printed POS only; editorial review required.	lexical_candidate	candidate_only	pdf	pdf:page=55;region=explicit-vocabulary-list;scope=visible-even-pages-only;source-missing-alternate-pages=true;entry=16
Edge Vocabulary Book 1B	edge-vocabulary-book-1b	museum	museum	noun		Attractions	55	Edge Vocabulary Book 1B visible PDF p.55		visible-even-pages-only; source-missing-alternate-pages; explicit target-list term and printed POS only; editorial review required.	lexical_candidate	candidate_only	pdf	pdf:page=55;region=explicit-vocabulary-list;scope=visible-even-pages-only;source-missing-alternate-pages=true;entry=17
Edge Vocabulary Book 1B	edge-vocabulary-book-1b	night market	night market	noun phrase		Attractions	55	Edge Vocabulary Book 1B visible PDF p.55		visible-even-pages-only; source-missing-alternate-pages; explicit target-list term and printed POS only; editorial review required.	lexical_candidate	candidate_only	pdf	pdf:page=55;region=explicit-vocabulary-list;scope=visible-even-pages-only;source-missing-alternate-pages=true;entry=18
Edge Vocabulary Book 1B	edge-vocabulary-book-1b	safari park	safari park	noun phrase		Attractions	55	Edge Vocabulary Book 1B visible PDF p.55		visible-even-pages-only; source-missing-alternate-pages; explicit target-list term and printed POS only; editorial review required.	lexical_candidate	candidate_only	pdf	pdf:page=55;region=explicit-vocabulary-list;scope=visible-even-pages-only;source-missing-alternate-pages=true;entry=19
Edge Vocabulary Book 1B	edge-vocabulary-book-1b	temple	temple	noun		Attractions	55	Edge Vocabulary Book 1B visible PDF p.55		visible-even-pages-only; source-missing-alternate-pages; explicit target-list term and printed POS only; editorial review required.	lexical_candidate	candidate_only	pdf	pdf:page=55;region=explicit-vocabulary-list;scope=visible-even-pages-only;source-missing-alternate-pages=true;entry=20
Edge Vocabulary Book 1B	edge-vocabulary-book-1b	theatre	theatre	noun		Attractions	55	Edge Vocabulary Book 1B visible PDF p.55		visible-even-pages-only; source-missing-alternate-pages; explicit target-list term and printed POS only; editorial review required.	lexical_candidate	candidate_only	pdf	pdf:page=55;region=explicit-vocabulary-list;scope=visible-even-pages-only;source-missing-alternate-pages=true;entry=21
Edge Vocabulary Book 1B	edge-vocabulary-book-1b	theme park	theme park	noun phrase		Attractions	55	Edge Vocabulary Book 1B visible PDF p.55		visible-even-pages-only; source-missing-alternate-pages; explicit target-list term and printed POS only; editorial review required.	lexical_candidate	candidate_only	pdf	pdf:page=55;region=explicit-vocabulary-list;scope=visible-even-pages-only;source-missing-alternate-pages=true;entry=22
Edge Vocabulary Book 1B	edge-vocabulary-book-1b	water slide	water slide	noun phrase		Attractions	55	Edge Vocabulary Book 1B visible PDF p.55		visible-even-pages-only; source-missing-alternate-pages; explicit target-list term and printed POS only; editorial review required.	lexical_candidate	candidate_only	pdf	pdf:page=55;region=explicit-vocabulary-list;scope=visible-even-pages-only;source-missing-alternate-pages=true;entry=23
Edge Vocabulary Book 1B	edge-vocabulary-book-1b	dramatically	dramatically	adverb		Adverbs to describe how something happens	55	Edge Vocabulary Book 1B visible PDF p.55		visible-even-pages-only; source-missing-alternate-pages; explicit target-list term and printed POS only; editorial review required.	lexical_candidate	candidate_only	pdf	pdf:page=55;region=explicit-vocabulary-list;scope=visible-even-pages-only;source-missing-alternate-pages=true;entry=24
Edge Vocabulary Book 1B	edge-vocabulary-book-1b	frantically	frantically	adverb		Adverbs to describe how something happens	55	Edge Vocabulary Book 1B visible PDF p.55		visible-even-pages-only; source-missing-alternate-pages; explicit target-list term and printed POS only; editorial review required.	lexical_candidate	candidate_only	pdf	pdf:page=55;region=explicit-vocabulary-list;scope=visible-even-pages-only;source-missing-alternate-pages=true;entry=25
Edge Vocabulary Book 1B	edge-vocabulary-book-1b	freely	freely	adverb		Adverbs to describe how something happens	55	Edge Vocabulary Book 1B visible PDF p.55		visible-even-pages-only; source-missing-alternate-pages; explicit target-list term and printed POS only; editorial review required.	lexical_candidate	candidate_only	pdf	pdf:page=55;region=explicit-vocabulary-list;scope=visible-even-pages-only;source-missing-alternate-pages=true;entry=26
Edge Vocabulary Book 1B	edge-vocabulary-book-1b	impatiently	impatiently	adverb		Adverbs to describe how something happens	55	Edge Vocabulary Book 1B visible PDF p.55		visible-even-pages-only; source-missing-alternate-pages; explicit target-list term and printed POS only; editorial review required.	lexical_candidate	candidate_only	pdf	pdf:page=55;region=explicit-vocabulary-list;scope=visible-even-pages-only;source-missing-alternate-pages=true;entry=27
Edge Vocabulary Book 1B	edge-vocabulary-book-1b	lightly	lightly	adverb		Adverbs to describe how something happens	55	Edge Vocabulary Book 1B visible PDF p.55		visible-even-pages-only; source-missing-alternate-pages; explicit target-list term and printed POS only; editorial review required.	lexical_candidate	candidate_only	pdf	pdf:page=55;region=explicit-vocabulary-list;scope=visible-even-pages-only;source-missing-alternate-pages=true;entry=28
Edge Vocabulary Book 1B	edge-vocabulary-book-1b	loudly	loudly	adverb		Adverbs to describe how something happens	55	Edge Vocabulary Book 1B visible PDF p.55		visible-even-pages-only; source-missing-alternate-pages; explicit target-list term and printed POS only; editorial review required.	lexical_candidate	candidate_only	pdf	pdf:page=55;region=explicit-vocabulary-list;scope=visible-even-pages-only;source-missing-alternate-pages=true;entry=29
Edge Vocabulary Book 1B	edge-vocabulary-book-1b	madly	madly	adverb		Adverbs to describe how something happens	55	Edge Vocabulary Book 1B visible PDF p.55		visible-even-pages-only; source-missing-alternate-pages; explicit target-list term and printed POS only; editorial review required.	lexical_candidate	candidate_only	pdf	pdf:page=55;region=explicit-vocabulary-list;scope=visible-even-pages-only;source-missing-alternate-pages=true;entry=30
Edge Vocabulary Book 1B	edge-vocabulary-book-1b	nervously	nervously	adverb		Adverbs to describe how something happens	55	Edge Vocabulary Book 1B visible PDF p.55		visible-even-pages-only; source-missing-alternate-pages; explicit target-list term and printed POS only; editorial review required.	lexical_candidate	candidate_only	pdf	pdf:page=55;region=explicit-vocabulary-list;scope=visible-even-pages-only;source-missing-alternate-pages=true;entry=31
Edge Vocabulary Book 1B	edge-vocabulary-book-1b	quietly	quietly	adverb		Adverbs to describe how something happens	55	Edge Vocabulary Book 1B visible PDF p.55		visible-even-pages-only; source-missing-alternate-pages; explicit target-list term and printed POS only; editorial review required.	lexical_candidate	candidate_only	pdf	pdf:page=55;region=explicit-vocabulary-list;scope=visible-even-pages-only;source-missing-alternate-pages=true;entry=32
Edge Vocabulary Book 1B	edge-vocabulary-book-1b	rapidly	rapidly	adverb		Adverbs to describe how something happens	55	Edge Vocabulary Book 1B visible PDF p.55		visible-even-pages-only; source-missing-alternate-pages; explicit target-list term and printed POS only; editorial review required.	lexical_candidate	candidate_only	pdf	pdf:page=55;region=explicit-vocabulary-list;scope=visible-even-pages-only;source-missing-alternate-pages=true;entry=33
Edge Vocabulary Book 1B	edge-vocabulary-book-1b	suddenly	suddenly	adverb		Adverbs to describe how something happens	55	Edge Vocabulary Book 1B visible PDF p.55		visible-even-pages-only; source-missing-alternate-pages; explicit target-list term and printed POS only; editorial review required.	lexical_candidate	candidate_only	pdf	pdf:page=55;region=explicit-vocabulary-list;scope=visible-even-pages-only;source-missing-alternate-pages=true;entry=34
Edge Vocabulary Book 1B	edge-vocabulary-book-1b	appetite	appetite	noun		Other vocabulary	55	Edge Vocabulary Book 1B visible PDF p.55		visible-even-pages-only; source-missing-alternate-pages; explicit target-list term and printed POS only; editorial review required.	lexical_candidate	candidate_only	pdf	pdf:page=55;region=explicit-vocabulary-list;scope=visible-even-pages-only;source-missing-alternate-pages=true;entry=35
Edge Vocabulary Book 1B	edge-vocabulary-book-1b	available	available	adjective		Other vocabulary	55	Edge Vocabulary Book 1B visible PDF p.55		visible-even-pages-only; source-missing-alternate-pages; explicit target-list term and printed POS only; editorial review required.	lexical_candidate	candidate_only	pdf	pdf:page=55;region=explicit-vocabulary-list;scope=visible-even-pages-only;source-missing-alternate-pages=true;entry=36
Edge Vocabulary Book 1B	edge-vocabulary-book-1b	elaborate	elaborate	adjective		Other vocabulary	55	Edge Vocabulary Book 1B visible PDF p.55		visible-even-pages-only; source-missing-alternate-pages; explicit target-list term and printed POS only; editorial review required.	lexical_candidate	candidate_only	pdf	pdf:page=55;region=explicit-vocabulary-list;scope=visible-even-pages-only;source-missing-alternate-pages=true;entry=37
Edge Vocabulary Book 1B	edge-vocabulary-book-1b	experience	experience	noun		Other vocabulary	55	Edge Vocabulary Book 1B visible PDF p.55		visible-even-pages-only; source-missing-alternate-pages; explicit target-list term and printed POS only; editorial review required.	lexical_candidate	candidate_only	pdf	pdf:page=55;region=explicit-vocabulary-list;scope=visible-even-pages-only;source-missing-alternate-pages=true;entry=38
Edge Vocabulary Book 1B	edge-vocabulary-book-1b	fortune	fortune	noun		Other vocabulary	55	Edge Vocabulary Book 1B visible PDF p.55		visible-even-pages-only; source-missing-alternate-pages; explicit target-list term and printed POS only; editorial review required.	lexical_candidate	candidate_only	pdf	pdf:page=55;region=explicit-vocabulary-list;scope=visible-even-pages-only;source-missing-alternate-pages=true;entry=39
Edge Vocabulary Book 1B	edge-vocabulary-book-1b	have second thoughts	have second thoughts	verb phrase		Other vocabulary	55	Edge Vocabulary Book 1B visible PDF p.55		visible-even-pages-only; source-missing-alternate-pages; explicit target-list term and printed POS only; editorial review required.	lexical_candidate	candidate_only	pdf	pdf:page=55;region=explicit-vocabulary-list;scope=visible-even-pages-only;source-missing-alternate-pages=true;entry=40
Edge Vocabulary Book 1B	edge-vocabulary-book-1b	legend	legend	noun		Other vocabulary	55	Edge Vocabulary Book 1B visible PDF p.55		visible-even-pages-only; source-missing-alternate-pages; explicit target-list term and printed POS only; editorial review required.	lexical_candidate	candidate_only	pdf	pdf:page=55;region=explicit-vocabulary-list;scope=visible-even-pages-only;source-missing-alternate-pages=true;entry=41
Edge Vocabulary Book 1B	edge-vocabulary-book-1b	ordinary	ordinary	adjective		Other vocabulary	55	Edge Vocabulary Book 1B visible PDF p.55		visible-even-pages-only; source-missing-alternate-pages; explicit target-list term and printed POS only; editorial review required.	lexical_candidate	candidate_only	pdf	pdf:page=55;region=explicit-vocabulary-list;scope=visible-even-pages-only;source-missing-alternate-pages=true;entry=42
Edge Vocabulary Book 1B	edge-vocabulary-book-1b	staycation	staycation	noun		Other vocabulary	55	Edge Vocabulary Book 1B visible PDF p.55		visible-even-pages-only; source-missing-alternate-pages; explicit target-list term and printed POS only; editorial review required.	lexical_candidate	candidate_only	pdf	pdf:page=55;region=explicit-vocabulary-list;scope=visible-even-pages-only;source-missing-alternate-pages=true;entry=43
Edge Vocabulary Book 1B	edge-vocabulary-book-1b	traditional	traditional	adjective		Other vocabulary	55	Edge Vocabulary Book 1B visible PDF p.55		visible-even-pages-only; source-missing-alternate-pages; explicit target-list term and printed POS only; editorial review required.	lexical_candidate	candidate_only	pdf	pdf:page=55;region=explicit-vocabulary-list;scope=visible-even-pages-only;source-missing-alternate-pages=true;entry=44
Edge Vocabulary Book 1B	edge-vocabulary-book-1b	unique	unique	adjective		Other vocabulary	55	Edge Vocabulary Book 1B visible PDF p.55		visible-even-pages-only; source-missing-alternate-pages; explicit target-list term and printed POS only; editorial review required.	lexical_candidate	candidate_only	pdf	pdf:page=55;region=explicit-vocabulary-list;scope=visible-even-pages-only;source-missing-alternate-pages=true;entry=45
Edge Vocabulary Book 1B	edge-vocabulary-book-1b	adventure game	adventure game	noun phrase		Types of games	55	Edge Vocabulary Book 1B visible PDF p.55		visible-even-pages-only; source-missing-alternate-pages; explicit target-list term and printed POS only; editorial review required.	lexical_candidate	candidate_only	pdf	pdf:page=55;region=explicit-vocabulary-list;scope=visible-even-pages-only;source-missing-alternate-pages=true;entry=46
Edge Vocabulary Book 1B	edge-vocabulary-book-1b	board game	board game	noun phrase		Types of games	55	Edge Vocabulary Book 1B visible PDF p.55		visible-even-pages-only; source-missing-alternate-pages; explicit target-list term and printed POS only; editorial review required.	lexical_candidate	candidate_only	pdf	pdf:page=55;region=explicit-vocabulary-list;scope=visible-even-pages-only;source-missing-alternate-pages=true;entry=47
Edge Vocabulary Book 1B	edge-vocabulary-book-1b	card game	card game	noun phrase		Types of games	55	Edge Vocabulary Book 1B visible PDF p.55		visible-even-pages-only; source-missing-alternate-pages; explicit target-list term and printed POS only; editorial review required.	lexical_candidate	candidate_only	pdf	pdf:page=55;region=explicit-vocabulary-list;scope=visible-even-pages-only;source-missing-alternate-pages=true;entry=48
Edge Vocabulary Book 1B	edge-vocabulary-book-1b	code-breaking game	code-breaking game	noun phrase		Types of games	55	Edge Vocabulary Book 1B visible PDF p.55		visible-even-pages-only; source-missing-alternate-pages; explicit target-list term and printed POS only; editorial review required.	lexical_candidate	candidate_only	pdf	pdf:page=55;region=explicit-vocabulary-list;scope=visible-even-pages-only;source-missing-alternate-pages=true;entry=49
Edge Vocabulary Book 1B	edge-vocabulary-book-1b	computer game	computer game	noun phrase		Types of games	55	Edge Vocabulary Book 1B visible PDF p.55		visible-even-pages-only; source-missing-alternate-pages; explicit target-list term and printed POS only; editorial review required.	lexical_candidate	candidate_only	pdf	pdf:page=55;region=explicit-vocabulary-list;scope=visible-even-pages-only;source-missing-alternate-pages=true;entry=50
Edge Vocabulary Book 1B	edge-vocabulary-book-1b	detective game	detective game	noun phrase		Types of games	55	Edge Vocabulary Book 1B visible PDF p.55		visible-even-pages-only; source-missing-alternate-pages; explicit target-list term and printed POS only; editorial review required.	lexical_candidate	candidate_only	pdf	pdf:page=55;region=explicit-vocabulary-list;scope=visible-even-pages-only;source-missing-alternate-pages=true;entry=51
Edge Vocabulary Book 1B	edge-vocabulary-book-1b	playground game	playground game	noun phrase		Types of games	55	Edge Vocabulary Book 1B visible PDF p.55		visible-even-pages-only; source-missing-alternate-pages; explicit target-list term and printed POS only; editorial review required.	lexical_candidate	candidate_only	pdf	pdf:page=55;region=explicit-vocabulary-list;scope=visible-even-pages-only;source-missing-alternate-pages=true;entry=52
Edge Vocabulary Book 1B	edge-vocabulary-book-1b	property game	property game	noun phrase		Types of games	55	Edge Vocabulary Book 1B visible PDF p.55		visible-even-pages-only; source-missing-alternate-pages; explicit target-list term and printed POS only; editorial review required.	lexical_candidate	candidate_only	pdf	pdf:page=55;region=explicit-vocabulary-list;scope=visible-even-pages-only;source-missing-alternate-pages=true;entry=53
Edge Vocabulary Book 1B	edge-vocabulary-book-1b	role-playing game	role-playing game	noun phrase		Types of games	55	Edge Vocabulary Book 1B visible PDF p.55		visible-even-pages-only; source-missing-alternate-pages; explicit target-list term and printed POS only; editorial review required.	lexical_candidate	candidate_only	pdf	pdf:page=55;region=explicit-vocabulary-list;scope=visible-even-pages-only;source-missing-alternate-pages=true;entry=54
Edge Vocabulary Book 1B	edge-vocabulary-book-1b	sports game	sports game	noun phrase		Types of games	55	Edge Vocabulary Book 1B visible PDF p.55		visible-even-pages-only; source-missing-alternate-pages; explicit target-list term and printed POS only; editorial review required.	lexical_candidate	candidate_only	pdf	pdf:page=55;region=explicit-vocabulary-list;scope=visible-even-pages-only;source-missing-alternate-pages=true;entry=55
Edge Vocabulary Book 1B	edge-vocabulary-book-1b	strategy game	strategy game	noun phrase		Types of games	55	Edge Vocabulary Book 1B visible PDF p.55		visible-even-pages-only; source-missing-alternate-pages; explicit target-list term and printed POS only; editorial review required.	lexical_candidate	candidate_only	pdf	pdf:page=55;region=explicit-vocabulary-list;scope=visible-even-pages-only;source-missing-alternate-pages=true;entry=56
Edge Vocabulary Book 1B	edge-vocabulary-book-1b	video game	video game	noun phrase		Types of games	55	Edge Vocabulary Book 1B visible PDF p.55		visible-even-pages-only; source-missing-alternate-pages; explicit target-list term and printed POS only; editorial review required.	lexical_candidate	candidate_only	pdf	pdf:page=55;region=explicit-vocabulary-list;scope=visible-even-pages-only;source-missing-alternate-pages=true;entry=57
Edge Vocabulary Book 1B	edge-vocabulary-book-1b	web-based game	web-based game	noun phrase		Types of games	55	Edge Vocabulary Book 1B visible PDF p.55		visible-even-pages-only; source-missing-alternate-pages; explicit target-list term and printed POS only; editorial review required.	lexical_candidate	candidate_only	pdf	pdf:page=55;region=explicit-vocabulary-list;scope=visible-even-pages-only;source-missing-alternate-pages=true;entry=58
Edge Vocabulary Book 1B	edge-vocabulary-book-1b	word game	word game	noun phrase		Types of games	55	Edge Vocabulary Book 1B visible PDF p.55		visible-even-pages-only; source-missing-alternate-pages; explicit target-list term and printed POS only; editorial review required.	lexical_candidate	candidate_only	pdf	pdf:page=55;region=explicit-vocabulary-list;scope=visible-even-pages-only;source-missing-alternate-pages=true;entry=59
Edge Vocabulary Book 1B	edge-vocabulary-book-1b	buzzer	buzzer	noun		Board game items	55	Edge Vocabulary Book 1B visible PDF p.55		visible-even-pages-only; source-missing-alternate-pages; explicit target-list term and printed POS only; editorial review required.	lexical_candidate	candidate_only	pdf	pdf:page=55;region=explicit-vocabulary-list;scope=visible-even-pages-only;source-missing-alternate-pages=true;entry=60
Edge Vocabulary Book 1B	edge-vocabulary-book-1b	dice	dice	noun		Board game items	55	Edge Vocabulary Book 1B visible PDF p.55		visible-even-pages-only; source-missing-alternate-pages; explicit target-list term and printed POS only; editorial review required.	lexical_candidate	candidate_only	pdf	pdf:page=55;region=explicit-vocabulary-list;scope=visible-even-pages-only;source-missing-alternate-pages=true;entry=61
Edge Vocabulary Book 1B	edge-vocabulary-book-1b	game board	game board	noun phrase		Board game items	55	Edge Vocabulary Book 1B visible PDF p.55		visible-even-pages-only; source-missing-alternate-pages; explicit target-list term and printed POS only; editorial review required.	lexical_candidate	candidate_only	pdf	pdf:page=55;region=explicit-vocabulary-list;scope=visible-even-pages-only;source-missing-alternate-pages=true;entry=62
Edge Vocabulary Book 1B	edge-vocabulary-book-1b	game card	game card	noun phrase		Board game items	55	Edge Vocabulary Book 1B visible PDF p.55		visible-even-pages-only; source-missing-alternate-pages; explicit target-list term and printed POS only; editorial review required.	lexical_candidate	candidate_only	pdf	pdf:page=55;region=explicit-vocabulary-list;scope=visible-even-pages-only;source-missing-alternate-pages=true;entry=63
Edge Vocabulary Book 1B	edge-vocabulary-book-1b	game piece/token	game piece/token	noun phrase		Board game items	55	Edge Vocabulary Book 1B visible PDF p.55		visible-even-pages-only; source-missing-alternate-pages; explicit target-list term and printed POS only; editorial review required.	lexical_candidate	candidate_only	pdf	pdf:page=55;region=explicit-vocabulary-list;scope=visible-even-pages-only;source-missing-alternate-pages=true;entry=64
Edge Vocabulary Book 1B	edge-vocabulary-book-1b	rulebook	rulebook	noun		Board game items	55	Edge Vocabulary Book 1B visible PDF p.55		visible-even-pages-only; source-missing-alternate-pages; explicit target-list term and printed POS only; editorial review required.	lexical_candidate	candidate_only	pdf	pdf:page=55;region=explicit-vocabulary-list;scope=visible-even-pages-only;source-missing-alternate-pages=true;entry=65
Edge Vocabulary Book 1B	edge-vocabulary-book-1b	post	post	noun; verb		Visible glossary continuation	57	Edge Vocabulary Book 1B visible PDF p.57		visible-even-pages-only; source-missing-alternate-pages; explicit target-list term and printed POS only; editorial review required.	lexical_candidate	candidate_only	pdf	pdf:page=57;region=explicit-vocabulary-list;scope=visible-even-pages-only;source-missing-alternate-pages=true;entry=1
Edge Vocabulary Book 1B	edge-vocabulary-book-1b	screen	screen	noun		Visible glossary continuation	57	Edge Vocabulary Book 1B visible PDF p.57		visible-even-pages-only; source-missing-alternate-pages; explicit target-list term and printed POS only; editorial review required.	lexical_candidate	candidate_only	pdf	pdf:page=57;region=explicit-vocabulary-list;scope=visible-even-pages-only;source-missing-alternate-pages=true;entry=2
Edge Vocabulary Book 1B	edge-vocabulary-book-1b	smartphone	smartphone	noun		Visible glossary continuation	57	Edge Vocabulary Book 1B visible PDF p.57		visible-even-pages-only; source-missing-alternate-pages; explicit target-list term and printed POS only; editorial review required.	lexical_candidate	candidate_only	pdf	pdf:page=57;region=explicit-vocabulary-list;scope=visible-even-pages-only;source-missing-alternate-pages=true;entry=3
Edge Vocabulary Book 1B	edge-vocabulary-book-1b	social media (site)	social media (site)	noun phrase		Visible glossary continuation	57	Edge Vocabulary Book 1B visible PDF p.57		visible-even-pages-only; source-missing-alternate-pages; explicit target-list term and printed POS only; editorial review required.	lexical_candidate	candidate_only	pdf	pdf:page=57;region=explicit-vocabulary-list;scope=visible-even-pages-only;source-missing-alternate-pages=true;entry=4
Edge Vocabulary Book 1B	edge-vocabulary-book-1b	trend	trend	verb		Visible glossary continuation	57	Edge Vocabulary Book 1B visible PDF p.57		visible-even-pages-only; source-missing-alternate-pages; explicit target-list term and printed POS only; editorial review required.	lexical_candidate	candidate_only	pdf	pdf:page=57;region=explicit-vocabulary-list;scope=visible-even-pages-only;source-missing-alternate-pages=true;entry=5
Edge Vocabulary Book 1B	edge-vocabulary-book-1b	vlog	vlog	noun; verb		Visible glossary continuation	57	Edge Vocabulary Book 1B visible PDF p.57		visible-even-pages-only; source-missing-alternate-pages; explicit target-list term and printed POS only; editorial review required.	lexical_candidate	candidate_only	pdf	pdf:page=57;region=explicit-vocabulary-list;scope=visible-even-pages-only;source-missing-alternate-pages=true;entry=6
Edge Vocabulary Book 1B	edge-vocabulary-book-1b	convenient	convenient	adjective		Adjectives to describe technology	57	Edge Vocabulary Book 1B visible PDF p.57		visible-even-pages-only; source-missing-alternate-pages; explicit target-list term and printed POS only; editorial review required.	lexical_candidate	candidate_only	pdf	pdf:page=57;region=explicit-vocabulary-list;scope=visible-even-pages-only;source-missing-alternate-pages=true;entry=7
Edge Vocabulary Book 1B	edge-vocabulary-book-1b	indispensable	indispensable	adjective		Adjectives to describe technology	57	Edge Vocabulary Book 1B visible PDF p.57		visible-even-pages-only; source-missing-alternate-pages; explicit target-list term and printed POS only; editorial review required.	lexical_candidate	candidate_only	pdf	pdf:page=57;region=explicit-vocabulary-list;scope=visible-even-pages-only;source-missing-alternate-pages=true;entry=8
Edge Vocabulary Book 1B	edge-vocabulary-book-1b	interactive	interactive	adjective		Adjectives to describe technology	57	Edge Vocabulary Book 1B visible PDF p.57		visible-even-pages-only; source-missing-alternate-pages; explicit target-list term and printed POS only; editorial review required.	lexical_candidate	candidate_only	pdf	pdf:page=57;region=explicit-vocabulary-list;scope=visible-even-pages-only;source-missing-alternate-pages=true;entry=9
Edge Vocabulary Book 1B	edge-vocabulary-book-1b	practical	practical	adjective		Adjectives to describe technology	57	Edge Vocabulary Book 1B visible PDF p.57		visible-even-pages-only; source-missing-alternate-pages; explicit target-list term and printed POS only; editorial review required.	lexical_candidate	candidate_only	pdf	pdf:page=57;region=explicit-vocabulary-list;scope=visible-even-pages-only;source-missing-alternate-pages=true;entry=10
Edge Vocabulary Book 1B	edge-vocabulary-book-1b	reliable	reliable	adjective		Adjectives to describe technology	57	Edge Vocabulary Book 1B visible PDF p.57		visible-even-pages-only; source-missing-alternate-pages; explicit target-list term and printed POS only; editorial review required.	lexical_candidate	candidate_only	pdf	pdf:page=57;region=explicit-vocabulary-list;scope=visible-even-pages-only;source-missing-alternate-pages=true;entry=11
Edge Vocabulary Book 1B	edge-vocabulary-book-1b	state-of-the-art	state-of-the-art	adjective		Adjectives to describe technology	57	Edge Vocabulary Book 1B visible PDF p.57		visible-even-pages-only; source-missing-alternate-pages; explicit target-list term and printed POS only; editorial review required.	lexical_candidate	candidate_only	pdf	pdf:page=57;region=explicit-vocabulary-list;scope=visible-even-pages-only;source-missing-alternate-pages=true;entry=12
Edge Vocabulary Book 1B	edge-vocabulary-book-1b	unique	unique	adjective		Adjectives to describe technology	57	Edge Vocabulary Book 1B visible PDF p.57		visible-even-pages-only; source-missing-alternate-pages; explicit target-list term and printed POS only; editorial review required.	lexical_candidate	candidate_only	pdf	pdf:page=57;region=explicit-vocabulary-list;scope=visible-even-pages-only;source-missing-alternate-pages=true;entry=13
Edge Vocabulary Book 1B	edge-vocabulary-book-1b	user-friendly	user-friendly	adjective		Adjectives to describe technology	57	Edge Vocabulary Book 1B visible PDF p.57		visible-even-pages-only; source-missing-alternate-pages; explicit target-list term and printed POS only; editorial review required.	lexical_candidate	candidate_only	pdf	pdf:page=57;region=explicit-vocabulary-list;scope=visible-even-pages-only;source-missing-alternate-pages=true;entry=14
Edge Vocabulary Book 1B	edge-vocabulary-book-1b	versatile	versatile	adjective		Adjectives to describe technology	57	Edge Vocabulary Book 1B visible PDF p.57		visible-even-pages-only; source-missing-alternate-pages; explicit target-list term and printed POS only; editorial review required.	lexical_candidate	candidate_only	pdf	pdf:page=57;region=explicit-vocabulary-list;scope=visible-even-pages-only;source-missing-alternate-pages=true;entry=15
Edge Vocabulary Book 1B	edge-vocabulary-book-1b	become an influencer	become an influencer	verb phrase		Reasons why people use apps	57	Edge Vocabulary Book 1B visible PDF p.57		visible-even-pages-only; source-missing-alternate-pages; explicit target-list term and printed POS only; editorial review required.	lexical_candidate	candidate_only	pdf	pdf:page=57;region=explicit-vocabulary-list;scope=visible-even-pages-only;source-missing-alternate-pages=true;entry=16
Edge Vocabulary Book 1B	edge-vocabulary-book-1b	enhance productivity	enhance productivity	verb phrase		Reasons why people use apps	57	Edge Vocabulary Book 1B visible PDF p.57		visible-even-pages-only; source-missing-alternate-pages; explicit target-list term and printed POS only; editorial review required.	lexical_candidate	candidate_only	pdf	pdf:page=57;region=explicit-vocabulary-list;scope=visible-even-pages-only;source-missing-alternate-pages=true;entry=17
Edge Vocabulary Book 1B	edge-vocabulary-book-1b	entertain oneself	entertain oneself	verb phrase		Reasons why people use apps	57	Edge Vocabulary Book 1B visible PDF p.57		visible-even-pages-only; source-missing-alternate-pages; explicit target-list term and printed POS only; editorial review required.	lexical_candidate	candidate_only	pdf	pdf:page=57;region=explicit-vocabulary-list;scope=visible-even-pages-only;source-missing-alternate-pages=true;entry=18
Edge Vocabulary Book 1B	edge-vocabulary-book-1b	learn new skills	learn new skills	verb phrase		Reasons why people use apps	57	Edge Vocabulary Book 1B visible PDF p.57		visible-even-pages-only; source-missing-alternate-pages; explicit target-list term and printed POS only; editorial review required.	lexical_candidate	candidate_only	pdf	pdf:page=57;region=explicit-vocabulary-list;scope=visible-even-pages-only;source-missing-alternate-pages=true;entry=19
Edge Vocabulary Book 1B	edge-vocabulary-book-1b	order food	order food	verb phrase		Reasons why people use apps	57	Edge Vocabulary Book 1B visible PDF p.57		visible-even-pages-only; source-missing-alternate-pages; explicit target-list term and printed POS only; editorial review required.	lexical_candidate	candidate_only	pdf	pdf:page=57;region=explicit-vocabulary-list;scope=visible-even-pages-only;source-missing-alternate-pages=true;entry=20
Edge Vocabulary Book 1B	edge-vocabulary-book-1b	pass the time	pass the time	verb phrase		Reasons why people use apps	57	Edge Vocabulary Book 1B visible PDF p.57		visible-even-pages-only; source-missing-alternate-pages; explicit target-list term and printed POS only; editorial review required.	lexical_candidate	candidate_only	pdf	pdf:page=57;region=explicit-vocabulary-list;scope=visible-even-pages-only;source-missing-alternate-pages=true;entry=21
Edge Vocabulary Book 1B	edge-vocabulary-book-1b	share photos and videos	share photos and videos	verb phrase		Reasons why people use apps	57	Edge Vocabulary Book 1B visible PDF p.57		visible-even-pages-only; source-missing-alternate-pages; explicit target-list term and printed POS only; editorial review required.	lexical_candidate	candidate_only	pdf	pdf:page=57;region=explicit-vocabulary-list;scope=visible-even-pages-only;source-missing-alternate-pages=true;entry=22
Edge Vocabulary Book 1B	edge-vocabulary-book-1b	stay connected	stay connected	verb phrase		Reasons why people use apps	57	Edge Vocabulary Book 1B visible PDF p.57		visible-even-pages-only; source-missing-alternate-pages; explicit target-list term and printed POS only; editorial review required.	lexical_candidate	candidate_only	pdf	pdf:page=57;region=explicit-vocabulary-list;scope=visible-even-pages-only;source-missing-alternate-pages=true;entry=23
Edge Vocabulary Book 1B	edge-vocabulary-book-1b	stay organised	stay organised	verb phrase		Reasons why people use apps	57	Edge Vocabulary Book 1B visible PDF p.57		visible-even-pages-only; source-missing-alternate-pages; explicit target-list term and printed POS only; editorial review required.	lexical_candidate	candidate_only	pdf	pdf:page=57;region=explicit-vocabulary-list;scope=visible-even-pages-only;source-missing-alternate-pages=true;entry=24
Edge Vocabulary Book 1B	edge-vocabulary-book-1b	stay up to date	stay up to date	verb phrase		Reasons why people use apps	57	Edge Vocabulary Book 1B visible PDF p.57		visible-even-pages-only; source-missing-alternate-pages; explicit target-list term and printed POS only; editorial review required.	lexical_candidate	candidate_only	pdf	pdf:page=57;region=explicit-vocabulary-list;scope=visible-even-pages-only;source-missing-alternate-pages=true;entry=25
Edge Vocabulary Book 1B	edge-vocabulary-book-1b	addiction	addiction	noun		Words related to Internet threats	57	Edge Vocabulary Book 1B visible PDF p.57		visible-even-pages-only; source-missing-alternate-pages; explicit target-list term and printed POS only; editorial review required.	lexical_candidate	candidate_only	pdf	pdf:page=57;region=explicit-vocabulary-list;scope=visible-even-pages-only;source-missing-alternate-pages=true;entry=26
Edge Vocabulary Book 1B	edge-vocabulary-book-1b	cyberbullying	cyberbullying	noun		Words related to Internet threats	57	Edge Vocabulary Book 1B visible PDF p.57		visible-even-pages-only; source-missing-alternate-pages; explicit target-list term and printed POS only; editorial review required.	lexical_candidate	candidate_only	pdf	pdf:page=57;region=explicit-vocabulary-list;scope=visible-even-pages-only;source-missing-alternate-pages=true;entry=27
Edge Vocabulary Book 1B	edge-vocabulary-book-1b	cybersecurity	cybersecurity	noun		Words related to Internet threats	57	Edge Vocabulary Book 1B visible PDF p.57		visible-even-pages-only; source-missing-alternate-pages; explicit target-list term and printed POS only; editorial review required.	lexical_candidate	candidate_only	pdf	pdf:page=57;region=explicit-vocabulary-list;scope=visible-even-pages-only;source-missing-alternate-pages=true;entry=28
Edge Vocabulary Book 1B	edge-vocabulary-book-1b	doxing	doxing	noun		Words related to Internet threats	57	Edge Vocabulary Book 1B visible PDF p.57		visible-even-pages-only; source-missing-alternate-pages; explicit target-list term and printed POS only; editorial review required.	lexical_candidate	candidate_only	pdf	pdf:page=57;region=explicit-vocabulary-list;scope=visible-even-pages-only;source-missing-alternate-pages=true;entry=29
Edge Vocabulary Book 1B	edge-vocabulary-book-1b	hacking	hacking	noun		Words related to Internet threats	57	Edge Vocabulary Book 1B visible PDF p.57		visible-even-pages-only; source-missing-alternate-pages; explicit target-list term and printed POS only; editorial review required.	lexical_candidate	candidate_only	pdf	pdf:page=57;region=explicit-vocabulary-list;scope=visible-even-pages-only;source-missing-alternate-pages=true;entry=30
Edge Vocabulary Book 1B	edge-vocabulary-book-1b	identity theft	identity theft	noun phrase		Words related to Internet threats	57	Edge Vocabulary Book 1B visible PDF p.57		visible-even-pages-only; source-missing-alternate-pages; explicit target-list term and printed POS only; editorial review required.	lexical_candidate	candidate_only	pdf	pdf:page=57;region=explicit-vocabulary-list;scope=visible-even-pages-only;source-missing-alternate-pages=true;entry=31
Edge Vocabulary Book 1B	edge-vocabulary-book-1b	malware	malware	noun		Words related to Internet threats	57	Edge Vocabulary Book 1B visible PDF p.57		visible-even-pages-only; source-missing-alternate-pages; explicit target-list term and printed POS only; editorial review required.	lexical_candidate	candidate_only	pdf	pdf:page=57;region=explicit-vocabulary-list;scope=visible-even-pages-only;source-missing-alternate-pages=true;entry=32
Edge Vocabulary Book 1B	edge-vocabulary-book-1b	phishing	phishing	noun		Words related to Internet threats	57	Edge Vocabulary Book 1B visible PDF p.57		visible-even-pages-only; source-missing-alternate-pages; explicit target-list term and printed POS only; editorial review required.	lexical_candidate	candidate_only	pdf	pdf:page=57;region=explicit-vocabulary-list;scope=visible-even-pages-only;source-missing-alternate-pages=true;entry=33
Edge Vocabulary Book 1B	edge-vocabulary-book-1b	privacy	privacy	noun		Words related to Internet threats	57	Edge Vocabulary Book 1B visible PDF p.57		visible-even-pages-only; source-missing-alternate-pages; explicit target-list term and printed POS only; editorial review required.	lexical_candidate	candidate_only	pdf	pdf:page=57;region=explicit-vocabulary-list;scope=visible-even-pages-only;source-missing-alternate-pages=true;entry=34
Edge Vocabulary Book 1B	edge-vocabulary-book-1b	fitness class	fitness class	noun phrase		Other vocabulary	57	Edge Vocabulary Book 1B visible PDF p.57		visible-even-pages-only; source-missing-alternate-pages; explicit target-list term and printed POS only; editorial review required.	lexical_candidate	candidate_only	pdf	pdf:page=57;region=explicit-vocabulary-list;scope=visible-even-pages-only;source-missing-alternate-pages=true;entry=35
Edge Vocabulary Book 1B	edge-vocabulary-book-1b	hardship	hardship	noun		Other vocabulary	57	Edge Vocabulary Book 1B visible PDF p.57		visible-even-pages-only; source-missing-alternate-pages; explicit target-list term and printed POS only; editorial review required.	lexical_candidate	candidate_only	pdf	pdf:page=57;region=explicit-vocabulary-list;scope=visible-even-pages-only;source-missing-alternate-pages=true;entry=36
Edge Vocabulary Book 1B	edge-vocabulary-book-1b	pace	pace	noun		Other vocabulary	57	Edge Vocabulary Book 1B visible PDF p.57		visible-even-pages-only; source-missing-alternate-pages; explicit target-list term and printed POS only; editorial review required.	lexical_candidate	candidate_only	pdf	pdf:page=57;region=explicit-vocabulary-list;scope=visible-even-pages-only;source-missing-alternate-pages=true;entry=37
Edge Vocabulary Book 1B	edge-vocabulary-book-1b	pocket money	pocket money	noun phrase		Other vocabulary	57	Edge Vocabulary Book 1B visible PDF p.57		visible-even-pages-only; source-missing-alternate-pages; explicit target-list term and printed POS only; editorial review required.	lexical_candidate	candidate_only	pdf	pdf:page=57;region=explicit-vocabulary-list;scope=visible-even-pages-only;source-missing-alternate-pages=true;entry=38
Edge Vocabulary Book 1B	edge-vocabulary-book-1b	timetable	timetable	noun		Other vocabulary	57	Edge Vocabulary Book 1B visible PDF p.57		visible-even-pages-only; source-missing-alternate-pages; explicit target-list term and printed POS only; editorial review required.	lexical_candidate	candidate_only	pdf	pdf:page=57;region=explicit-vocabulary-list;scope=visible-even-pages-only;source-missing-alternate-pages=true;entry=39
Edge Vocabulary Book 1B	edge-vocabulary-book-1b	translate	translate	verb		Other vocabulary	57	Edge Vocabulary Book 1B visible PDF p.57		visible-even-pages-only; source-missing-alternate-pages; explicit target-list term and printed POS only; editorial review required.	lexical_candidate	candidate_only	pdf	pdf:page=57;region=explicit-vocabulary-list;scope=visible-even-pages-only;source-missing-alternate-pages=true;entry=40
Edge Vocabulary Book 1B	edge-vocabulary-book-1b	treadmill	treadmill	noun		Other vocabulary	57	Edge Vocabulary Book 1B visible PDF p.57		visible-even-pages-only; source-missing-alternate-pages; explicit target-list term and printed POS only; editorial review required.	lexical_candidate	candidate_only	pdf	pdf:page=57;region=explicit-vocabulary-list;scope=visible-even-pages-only;source-missing-alternate-pages=true;entry=41
Edge Vocabulary Booster 2A	edge-vocabulary-booster-2a	arrangement	arrangement	noun		Songs - Aspects of songs	51	Edge Vocabulary Booster 2A visible PDF p.51		visible-even-pages-only; source-missing-alternate-pages; explicit target-list term and printed POS only; editorial review required.	lexical_candidate	candidate_only	pdf	pdf:page=51;region=explicit-vocabulary-list;scope=visible-even-pages-only;source-missing-alternate-pages=true;entry=1
Edge Vocabulary Booster 2A	edge-vocabulary-booster-2a	chorus	chorus	noun		Songs - Aspects of songs	51	Edge Vocabulary Booster 2A visible PDF p.51		visible-even-pages-only; source-missing-alternate-pages; explicit target-list term and printed POS only; editorial review required.	lexical_candidate	candidate_only	pdf	pdf:page=51;region=explicit-vocabulary-list;scope=visible-even-pages-only;source-missing-alternate-pages=true;entry=2
Edge Vocabulary Booster 2A	edge-vocabulary-booster-2a	composer	composer	noun		Songs - Aspects of songs	51	Edge Vocabulary Booster 2A visible PDF p.51		visible-even-pages-only; source-missing-alternate-pages; explicit target-list term and printed POS only; editorial review required.	lexical_candidate	candidate_only	pdf	pdf:page=51;region=explicit-vocabulary-list;scope=visible-even-pages-only;source-missing-alternate-pages=true;entry=3
Edge Vocabulary Booster 2A	edge-vocabulary-booster-2a	cover	cover	noun		Songs - Aspects of songs	51	Edge Vocabulary Booster 2A visible PDF p.51		visible-even-pages-only; source-missing-alternate-pages; explicit target-list term and printed POS only; editorial review required.	lexical_candidate	candidate_only	pdf	pdf:page=51;region=explicit-vocabulary-list;scope=visible-even-pages-only;source-missing-alternate-pages=true;entry=4
Edge Vocabulary Booster 2A	edge-vocabulary-booster-2a	genre	genre	noun		Songs - Aspects of songs	51	Edge Vocabulary Booster 2A visible PDF p.51		visible-even-pages-only; source-missing-alternate-pages; explicit target-list term and printed POS only; editorial review required.	lexical_candidate	candidate_only	pdf	pdf:page=51;region=explicit-vocabulary-list;scope=visible-even-pages-only;source-missing-alternate-pages=true;entry=5
Edge Vocabulary Booster 2A	edge-vocabulary-booster-2a	lyrics	lyrics	noun		Songs - Aspects of songs	51	Edge Vocabulary Booster 2A visible PDF p.51		visible-even-pages-only; source-missing-alternate-pages; explicit target-list term and printed POS only; editorial review required.	lexical_candidate	candidate_only	pdf	pdf:page=51;region=explicit-vocabulary-list;scope=visible-even-pages-only;source-missing-alternate-pages=true;entry=6
Edge Vocabulary Booster 2A	edge-vocabulary-booster-2a	medley	medley	noun		Songs - Aspects of songs	51	Edge Vocabulary Booster 2A visible PDF p.51		visible-even-pages-only; source-missing-alternate-pages; explicit target-list term and printed POS only; editorial review required.	lexical_candidate	candidate_only	pdf	pdf:page=51;region=explicit-vocabulary-list;scope=visible-even-pages-only;source-missing-alternate-pages=true;entry=7
Edge Vocabulary Booster 2A	edge-vocabulary-booster-2a	melody	melody	noun		Songs - Aspects of songs	51	Edge Vocabulary Booster 2A visible PDF p.51		visible-even-pages-only; source-missing-alternate-pages; explicit target-list term and printed POS only; editorial review required.	lexical_candidate	candidate_only	pdf	pdf:page=51;region=explicit-vocabulary-list;scope=visible-even-pages-only;source-missing-alternate-pages=true;entry=8
Edge Vocabulary Booster 2A	edge-vocabulary-booster-2a	mood	mood	noun		Songs - Aspects of songs	51	Edge Vocabulary Booster 2A visible PDF p.51		visible-even-pages-only; source-missing-alternate-pages; explicit target-list term and printed POS only; editorial review required.	lexical_candidate	candidate_only	pdf	pdf:page=51;region=explicit-vocabulary-list;scope=visible-even-pages-only;source-missing-alternate-pages=true;entry=9
Edge Vocabulary Booster 2A	edge-vocabulary-booster-2a	music video	music video	noun phrase		Songs - Aspects of songs	51	Edge Vocabulary Booster 2A visible PDF p.51		visible-even-pages-only; source-missing-alternate-pages; explicit target-list term and printed POS only; editorial review required.	lexical_candidate	candidate_only	pdf	pdf:page=51;region=explicit-vocabulary-list;scope=visible-even-pages-only;source-missing-alternate-pages=true;entry=10
Edge Vocabulary Booster 2A	edge-vocabulary-booster-2a	number	number	noun		Songs - Aspects of songs	51	Edge Vocabulary Booster 2A visible PDF p.51		visible-even-pages-only; source-missing-alternate-pages; explicit target-list term and printed POS only; editorial review required.	lexical_candidate	candidate_only	pdf	pdf:page=51;region=explicit-vocabulary-list;scope=visible-even-pages-only;source-missing-alternate-pages=true;entry=11
Edge Vocabulary Booster 2A	edge-vocabulary-booster-2a	pitch	pitch	noun		Songs - Aspects of songs	51	Edge Vocabulary Booster 2A visible PDF p.51		visible-even-pages-only; source-missing-alternate-pages; explicit target-list term and printed POS only; editorial review required.	lexical_candidate	candidate_only	pdf	pdf:page=51;region=explicit-vocabulary-list;scope=visible-even-pages-only;source-missing-alternate-pages=true;entry=12
Edge Vocabulary Booster 2A	edge-vocabulary-booster-2a	rhythm	rhythm	noun		Songs - Aspects of songs	51	Edge Vocabulary Booster 2A visible PDF p.51		visible-even-pages-only; source-missing-alternate-pages; explicit target-list term and printed POS only; editorial review required.	lexical_candidate	candidate_only	pdf	pdf:page=51;region=explicit-vocabulary-list;scope=visible-even-pages-only;source-missing-alternate-pages=true;entry=13
Edge Vocabulary Booster 2A	edge-vocabulary-booster-2a	score	score	noun		Songs - Aspects of songs	51	Edge Vocabulary Booster 2A visible PDF p.51		visible-even-pages-only; source-missing-alternate-pages; explicit target-list term and printed POS only; editorial review required.	lexical_candidate	candidate_only	pdf	pdf:page=51;region=explicit-vocabulary-list;scope=visible-even-pages-only;source-missing-alternate-pages=true;entry=14
Edge Vocabulary Booster 2A	edge-vocabulary-booster-2a	song	song	noun		Songs - Aspects of songs	51	Edge Vocabulary Booster 2A visible PDF p.51		visible-even-pages-only; source-missing-alternate-pages; explicit target-list term and printed POS only; editorial review required.	lexical_candidate	candidate_only	pdf	pdf:page=51;region=explicit-vocabulary-list;scope=visible-even-pages-only;source-missing-alternate-pages=true;entry=15
Edge Vocabulary Booster 2A	edge-vocabulary-booster-2a	vocals	vocals	noun		Songs - Aspects of songs	51	Edge Vocabulary Booster 2A visible PDF p.51		visible-even-pages-only; source-missing-alternate-pages; explicit target-list term and printed POS only; editorial review required.	lexical_candidate	candidate_only	pdf	pdf:page=51;region=explicit-vocabulary-list;scope=visible-even-pages-only;source-missing-alternate-pages=true;entry=16
Edge Vocabulary Booster 2A	edge-vocabulary-booster-2a	comedy	comedy	noun		Types of drama	53	Edge Vocabulary Booster 2A visible PDF p.53		visible-even-pages-only; source-missing-alternate-pages; explicit target-list term and printed POS only; editorial review required.	lexical_candidate	candidate_only	pdf	pdf:page=53;region=explicit-vocabulary-list;scope=visible-even-pages-only;source-missing-alternate-pages=true;entry=1
Edge Vocabulary Booster 2A	edge-vocabulary-booster-2a	farce	farce	noun		Types of drama	53	Edge Vocabulary Booster 2A visible PDF p.53		visible-even-pages-only; source-missing-alternate-pages; explicit target-list term and printed POS only; editorial review required.	lexical_candidate	candidate_only	pdf	pdf:page=53;region=explicit-vocabulary-list;scope=visible-even-pages-only;source-missing-alternate-pages=true;entry=2
Edge Vocabulary Booster 2A	edge-vocabulary-booster-2a	mime	mime	noun		Types of drama	53	Edge Vocabulary Booster 2A visible PDF p.53		visible-even-pages-only; source-missing-alternate-pages; explicit target-list term and printed POS only; editorial review required.	lexical_candidate	candidate_only	pdf	pdf:page=53;region=explicit-vocabulary-list;scope=visible-even-pages-only;source-missing-alternate-pages=true;entry=3
Edge Vocabulary Booster 2A	edge-vocabulary-booster-2a	musical	musical	noun		Types of drama	53	Edge Vocabulary Booster 2A visible PDF p.53		visible-even-pages-only; source-missing-alternate-pages; explicit target-list term and printed POS only; editorial review required.	lexical_candidate	candidate_only	pdf	pdf:page=53;region=explicit-vocabulary-list;scope=visible-even-pages-only;source-missing-alternate-pages=true;entry=4
Edge Vocabulary Booster 2A	edge-vocabulary-booster-2a	opera	opera	noun		Types of drama	53	Edge Vocabulary Booster 2A visible PDF p.53		visible-even-pages-only; source-missing-alternate-pages; explicit target-list term and printed POS only; editorial review required.	lexical_candidate	candidate_only	pdf	pdf:page=53;region=explicit-vocabulary-list;scope=visible-even-pages-only;source-missing-alternate-pages=true;entry=5
Edge Vocabulary Booster 2A	edge-vocabulary-booster-2a	romance	romance	noun		Types of drama	53	Edge Vocabulary Booster 2A visible PDF p.53		visible-even-pages-only; source-missing-alternate-pages; explicit target-list term and printed POS only; editorial review required.	lexical_candidate	candidate_only	pdf	pdf:page=53;region=explicit-vocabulary-list;scope=visible-even-pages-only;source-missing-alternate-pages=true;entry=6
Edge Vocabulary Booster 2A	edge-vocabulary-booster-2a	tragedy	tragedy	noun		Types of drama	53	Edge Vocabulary Booster 2A visible PDF p.53		visible-even-pages-only; source-missing-alternate-pages; explicit target-list term and printed POS only; editorial review required.	lexical_candidate	candidate_only	pdf	pdf:page=53;region=explicit-vocabulary-list;scope=visible-even-pages-only;source-missing-alternate-pages=true;entry=7
Edge Vocabulary Booster 2A	edge-vocabulary-booster-2a	suspenseful	suspenseful	adjective		Visible glossary continuation	55	Edge Vocabulary Booster 2A visible PDF p.55		visible-even-pages-only; source-missing-alternate-pages; explicit target-list term and printed POS only; editorial review required.	lexical_candidate	candidate_only	pdf	pdf:page=55;region=explicit-vocabulary-list;scope=visible-even-pages-only;source-missing-alternate-pages=true;entry=1
Edge Vocabulary Booster 2A	edge-vocabulary-booster-2a	thrilling	thrilling	adjective		Visible glossary continuation	55	Edge Vocabulary Booster 2A visible PDF p.55		visible-even-pages-only; source-missing-alternate-pages; explicit target-list term and printed POS only; editorial review required.	lexical_candidate	candidate_only	pdf	pdf:page=55;region=explicit-vocabulary-list;scope=visible-even-pages-only;source-missing-alternate-pages=true;entry=2
Edge Vocabulary Booster 2A	edge-vocabulary-booster-2a	bossy	bossy	adjective		Adjectives to describe characters	55	Edge Vocabulary Booster 2A visible PDF p.55		visible-even-pages-only; source-missing-alternate-pages; explicit target-list term and printed POS only; editorial review required.	lexical_candidate	candidate_only	pdf	pdf:page=55;region=explicit-vocabulary-list;scope=visible-even-pages-only;source-missing-alternate-pages=true;entry=3
Edge Vocabulary Booster 2A	edge-vocabulary-booster-2a	charismatic	charismatic	adjective		Adjectives to describe characters	55	Edge Vocabulary Booster 2A visible PDF p.55		visible-even-pages-only; source-missing-alternate-pages; explicit target-list term and printed POS only; editorial review required.	lexical_candidate	candidate_only	pdf	pdf:page=55;region=explicit-vocabulary-list;scope=visible-even-pages-only;source-missing-alternate-pages=true;entry=4
Edge Vocabulary Booster 2A	edge-vocabulary-booster-2a	dependable	dependable	adjective		Adjectives to describe characters	55	Edge Vocabulary Booster 2A visible PDF p.55		visible-even-pages-only; source-missing-alternate-pages; explicit target-list term and printed POS only; editorial review required.	lexical_candidate	candidate_only	pdf	pdf:page=55;region=explicit-vocabulary-list;scope=visible-even-pages-only;source-missing-alternate-pages=true;entry=5
Edge Vocabulary Booster 2A	edge-vocabulary-booster-2a	lovable	lovable	adjective		Adjectives to describe characters	55	Edge Vocabulary Booster 2A visible PDF p.55		visible-even-pages-only; source-missing-alternate-pages; explicit target-list term and printed POS only; editorial review required.	lexical_candidate	candidate_only	pdf	pdf:page=55;region=explicit-vocabulary-list;scope=visible-even-pages-only;source-missing-alternate-pages=true;entry=6
Edge Vocabulary Booster 2A	edge-vocabulary-booster-2a	moody	moody	adjective		Adjectives to describe characters	55	Edge Vocabulary Booster 2A visible PDF p.55		visible-even-pages-only; source-missing-alternate-pages; explicit target-list term and printed POS only; editorial review required.	lexical_candidate	candidate_only	pdf	pdf:page=55;region=explicit-vocabulary-list;scope=visible-even-pages-only;source-missing-alternate-pages=true;entry=7
Edge Vocabulary Booster 2A	edge-vocabulary-booster-2a	stubborn	stubborn	adjective		Adjectives to describe characters	55	Edge Vocabulary Booster 2A visible PDF p.55		visible-even-pages-only; source-missing-alternate-pages; explicit target-list term and printed POS only; editorial review required.	lexical_candidate	candidate_only	pdf	pdf:page=55;region=explicit-vocabulary-list;scope=visible-even-pages-only;source-missing-alternate-pages=true;entry=8
Edge Vocabulary Booster 2A	edge-vocabulary-booster-2a	talented	talented	adjective		Adjectives to describe characters	55	Edge Vocabulary Booster 2A visible PDF p.55		visible-even-pages-only; source-missing-alternate-pages; explicit target-list term and printed POS only; editorial review required.	lexical_candidate	candidate_only	pdf	pdf:page=55;region=explicit-vocabulary-list;scope=visible-even-pages-only;source-missing-alternate-pages=true;entry=9
Edge Vocabulary Booster 2A	edge-vocabulary-booster-2a	thoughtless	thoughtless	adjective		Adjectives to describe characters	55	Edge Vocabulary Booster 2A visible PDF p.55		visible-even-pages-only; source-missing-alternate-pages; explicit target-list term and printed POS only; editorial review required.	lexical_candidate	candidate_only	pdf	pdf:page=55;region=explicit-vocabulary-list;scope=visible-even-pages-only;source-missing-alternate-pages=true;entry=10
Edge Vocabulary Booster 2A	edge-vocabulary-booster-2a	witty	witty	adjective		Adjectives to describe characters	55	Edge Vocabulary Booster 2A visible PDF p.55		visible-even-pages-only; source-missing-alternate-pages; explicit target-list term and printed POS only; editorial review required.	lexical_candidate	candidate_only	pdf	pdf:page=55;region=explicit-vocabulary-list;scope=visible-even-pages-only;source-missing-alternate-pages=true;entry=11
Edge Vocabulary Booster 2A	edge-vocabulary-booster-2a	entertainment	entertainment	noun		Other vocabulary	55	Edge Vocabulary Booster 2A visible PDF p.55		visible-even-pages-only; source-missing-alternate-pages; explicit target-list term and printed POS only; editorial review required.	lexical_candidate	candidate_only	pdf	pdf:page=55;region=explicit-vocabulary-list;scope=visible-even-pages-only;source-missing-alternate-pages=true;entry=12
Edge Vocabulary Booster 2A	edge-vocabulary-booster-2a	fairly	fairly	adverb		Other vocabulary	55	Edge Vocabulary Booster 2A visible PDF p.55		visible-even-pages-only; source-missing-alternate-pages; explicit target-list term and printed POS only; editorial review required.	lexical_candidate	candidate_only	pdf	pdf:page=55;region=explicit-vocabulary-list;scope=visible-even-pages-only;source-missing-alternate-pages=true;entry=13
Edge Vocabulary Booster 2A	edge-vocabulary-booster-2a	incredibly	incredibly	adverb		Other vocabulary	55	Edge Vocabulary Booster 2A visible PDF p.55		visible-even-pages-only; source-missing-alternate-pages; explicit target-list term and printed POS only; editorial review required.	lexical_candidate	candidate_only	pdf	pdf:page=55;region=explicit-vocabulary-list;scope=visible-even-pages-only;source-missing-alternate-pages=true;entry=14
Edge Vocabulary Booster 2A	edge-vocabulary-booster-2a	inspire	inspire	verb		Other vocabulary	55	Edge Vocabulary Booster 2A visible PDF p.55		visible-even-pages-only; source-missing-alternate-pages; explicit target-list term and printed POS only; editorial review required.	lexical_candidate	candidate_only	pdf	pdf:page=55;region=explicit-vocabulary-list;scope=visible-even-pages-only;source-missing-alternate-pages=true;entry=15
Edge Vocabulary Booster 2A	edge-vocabulary-booster-2a	sequel	sequel	noun		Other vocabulary	55	Edge Vocabulary Booster 2A visible PDF p.55		visible-even-pages-only; source-missing-alternate-pages; explicit target-list term and printed POS only; editorial review required.	lexical_candidate	candidate_only	pdf	pdf:page=55;region=explicit-vocabulary-list;scope=visible-even-pages-only;source-missing-alternate-pages=true;entry=16
Edge Vocabulary Booster 2A	edge-vocabulary-booster-2a	air pollution	air pollution	noun phrase		Environmental problems	55	Edge Vocabulary Booster 2A visible PDF p.55		visible-even-pages-only; source-missing-alternate-pages; explicit target-list term and printed POS only; editorial review required.	lexical_candidate	candidate_only	pdf	pdf:page=55;region=explicit-vocabulary-list;scope=visible-even-pages-only;source-missing-alternate-pages=true;entry=17
Edge Vocabulary Booster 2A	edge-vocabulary-booster-2a	climate change	climate change	noun phrase		Environmental problems	55	Edge Vocabulary Booster 2A visible PDF p.55		visible-even-pages-only; source-missing-alternate-pages; explicit target-list term and printed POS only; editorial review required.	lexical_candidate	candidate_only	pdf	pdf:page=55;region=explicit-vocabulary-list;scope=visible-even-pages-only;source-missing-alternate-pages=true;entry=18
Edge Vocabulary Booster 2A	edge-vocabulary-booster-2a	global warming	global warming	noun phrase		Environmental problems	55	Edge Vocabulary Booster 2A visible PDF p.55		visible-even-pages-only; source-missing-alternate-pages; explicit target-list term and printed POS only; editorial review required.	lexical_candidate	candidate_only	pdf	pdf:page=55;region=explicit-vocabulary-list;scope=visible-even-pages-only;source-missing-alternate-pages=true;entry=19
Edge Vocabulary Booster 2A	edge-vocabulary-booster-2a	light pollution	light pollution	noun phrase		Environmental problems	55	Edge Vocabulary Booster 2A visible PDF p.55		visible-even-pages-only; source-missing-alternate-pages; explicit target-list term and printed POS only; editorial review required.	lexical_candidate	candidate_only	pdf	pdf:page=55;region=explicit-vocabulary-list;scope=visible-even-pages-only;source-missing-alternate-pages=true;entry=20
Edge Vocabulary Booster 2A	edge-vocabulary-booster-2a	noise pollution	noise pollution	noun phrase		Environmental problems	55	Edge Vocabulary Booster 2A visible PDF p.55		visible-even-pages-only; source-missing-alternate-pages; explicit target-list term and printed POS only; editorial review required.	lexical_candidate	candidate_only	pdf	pdf:page=55;region=explicit-vocabulary-list;scope=visible-even-pages-only;source-missing-alternate-pages=true;entry=21
Edge Vocabulary Booster 2A	edge-vocabulary-booster-2a	plastic pollution	plastic pollution	noun phrase		Environmental problems	55	Edge Vocabulary Booster 2A visible PDF p.55		visible-even-pages-only; source-missing-alternate-pages; explicit target-list term and printed POS only; editorial review required.	lexical_candidate	candidate_only	pdf	pdf:page=55;region=explicit-vocabulary-list;scope=visible-even-pages-only;source-missing-alternate-pages=true;entry=22
Edge Vocabulary Booster 2A	edge-vocabulary-booster-2a	wasting electricity	wasting electricity	noun phrase		Environmental problems	55	Edge Vocabulary Booster 2A visible PDF p.55		visible-even-pages-only; source-missing-alternate-pages; explicit target-list term and printed POS only; editorial review required.	lexical_candidate	candidate_only	pdf	pdf:page=55;region=explicit-vocabulary-list;scope=visible-even-pages-only;source-missing-alternate-pages=true;entry=23
Edge Vocabulary Booster 2A	edge-vocabulary-booster-2a	wasting water	wasting water	noun phrase		Environmental problems	55	Edge Vocabulary Booster 2A visible PDF p.55		visible-even-pages-only; source-missing-alternate-pages; explicit target-list term and printed POS only; editorial review required.	lexical_candidate	candidate_only	pdf	pdf:page=55;region=explicit-vocabulary-list;scope=visible-even-pages-only;source-missing-alternate-pages=true;entry=24
Edge Vocabulary Booster 2A	edge-vocabulary-booster-2a	water pollution	water pollution	noun phrase		Environmental problems	55	Edge Vocabulary Booster 2A visible PDF p.55		visible-even-pages-only; source-missing-alternate-pages; explicit target-list term and printed POS only; editorial review required.	lexical_candidate	candidate_only	pdf	pdf:page=55;region=explicit-vocabulary-list;scope=visible-even-pages-only;source-missing-alternate-pages=true;entry=25
Edge Vocabulary Booster 2A	edge-vocabulary-booster-2a	chemical waste	chemical waste	noun phrase		Types of waste	55	Edge Vocabulary Booster 2A visible PDF p.55		visible-even-pages-only; source-missing-alternate-pages; explicit target-list term and printed POS only; editorial review required.	lexical_candidate	candidate_only	pdf	pdf:page=55;region=explicit-vocabulary-list;scope=visible-even-pages-only;source-missing-alternate-pages=true;entry=26
Edge Vocabulary Booster 2A	edge-vocabulary-booster-2a	construction waste	construction waste	noun phrase		Types of waste	55	Edge Vocabulary Booster 2A visible PDF p.55		visible-even-pages-only; source-missing-alternate-pages; explicit target-list term and printed POS only; editorial review required.	lexical_candidate	candidate_only	pdf	pdf:page=55;region=explicit-vocabulary-list;scope=visible-even-pages-only;source-missing-alternate-pages=true;entry=27
Edge Vocabulary Booster 2A	edge-vocabulary-booster-2a	e-waste	e-waste	noun		Types of waste	55	Edge Vocabulary Booster 2A visible PDF p.55		visible-even-pages-only; source-missing-alternate-pages; explicit target-list term and printed POS only; editorial review required.	lexical_candidate	candidate_only	pdf	pdf:page=55;region=explicit-vocabulary-list;scope=visible-even-pages-only;source-missing-alternate-pages=true;entry=28
Edge Vocabulary Booster 2A	edge-vocabulary-booster-2a	food waste	food waste	noun phrase		Types of waste	55	Edge Vocabulary Booster 2A visible PDF p.55		visible-even-pages-only; source-missing-alternate-pages; explicit target-list term and printed POS only; editorial review required.	lexical_candidate	candidate_only	pdf	pdf:page=55;region=explicit-vocabulary-list;scope=visible-even-pages-only;source-missing-alternate-pages=true;entry=29
Edge Vocabulary Booster 2A	edge-vocabulary-booster-2a	household waste	household waste	noun phrase		Types of waste	55	Edge Vocabulary Booster 2A visible PDF p.55		visible-even-pages-only; source-missing-alternate-pages; explicit target-list term and printed POS only; editorial review required.	lexical_candidate	candidate_only	pdf	pdf:page=55;region=explicit-vocabulary-list;scope=visible-even-pages-only;source-missing-alternate-pages=true;entry=30
Edge Vocabulary Booster 2A	edge-vocabulary-booster-2a	organic waste	organic waste	noun phrase		Types of waste	55	Edge Vocabulary Booster 2A visible PDF p.55		visible-even-pages-only; source-missing-alternate-pages; explicit target-list term and printed POS only; editorial review required.	lexical_candidate	candidate_only	pdf	pdf:page=55;region=explicit-vocabulary-list;scope=visible-even-pages-only;source-missing-alternate-pages=true;entry=31
Edge Vocabulary Booster 2A	edge-vocabulary-booster-2a	paper waste	paper waste	noun phrase		Types of waste	55	Edge Vocabulary Booster 2A visible PDF p.55		visible-even-pages-only; source-missing-alternate-pages; explicit target-list term and printed POS only; editorial review required.	lexical_candidate	candidate_only	pdf	pdf:page=55;region=explicit-vocabulary-list;scope=visible-even-pages-only;source-missing-alternate-pages=true;entry=32
Edge Vocabulary Booster 2A	edge-vocabulary-booster-2a	plastic waste	plastic waste	noun phrase		Types of waste	55	Edge Vocabulary Booster 2A visible PDF p.55		visible-even-pages-only; source-missing-alternate-pages; explicit target-list term and printed POS only; editorial review required.	lexical_candidate	candidate_only	pdf	pdf:page=55;region=explicit-vocabulary-list;scope=visible-even-pages-only;source-missing-alternate-pages=true;entry=33
Edge Vocabulary Booster 2A	edge-vocabulary-booster-2a	textile waste	textile waste	noun phrase		Types of waste	55	Edge Vocabulary Booster 2A visible PDF p.55		visible-even-pages-only; source-missing-alternate-pages; explicit target-list term and printed POS only; editorial review required.	lexical_candidate	candidate_only	pdf	pdf:page=55;region=explicit-vocabulary-list;scope=visible-even-pages-only;source-missing-alternate-pages=true;entry=34
Edge Vocabulary Booster 2A	edge-vocabulary-booster-2a	aluminium can	aluminium can	noun phrase		Examples of waste	55	Edge Vocabulary Booster 2A visible PDF p.55		visible-even-pages-only; source-missing-alternate-pages; explicit target-list term and printed POS only; editorial review required.	lexical_candidate	candidate_only	pdf	pdf:page=55;region=explicit-vocabulary-list;scope=visible-even-pages-only;source-missing-alternate-pages=true;entry=35
Edge Vocabulary Booster 2A	edge-vocabulary-booster-2a	container	container	noun		Examples of waste	55	Edge Vocabulary Booster 2A visible PDF p.55		visible-even-pages-only; source-missing-alternate-pages; explicit target-list term and printed POS only; editorial review required.	lexical_candidate	candidate_only	pdf	pdf:page=55;region=explicit-vocabulary-list;scope=visible-even-pages-only;source-missing-alternate-pages=true;entry=36
Edge Vocabulary Booster 2A	edge-vocabulary-booster-2a	detergent bottle	detergent bottle	noun phrase		Examples of waste	55	Edge Vocabulary Booster 2A visible PDF p.55		visible-even-pages-only; source-missing-alternate-pages; explicit target-list term and printed POS only; editorial review required.	lexical_candidate	candidate_only	pdf	pdf:page=55;region=explicit-vocabulary-list;scope=visible-even-pages-only;source-missing-alternate-pages=true;entry=37
Edge Vocabulary Booster 2A	edge-vocabulary-booster-2a	drinking straw	drinking straw	noun phrase		Examples of waste	55	Edge Vocabulary Booster 2A visible PDF p.55		visible-even-pages-only; source-missing-alternate-pages; explicit target-list term and printed POS only; editorial review required.	lexical_candidate	candidate_only	pdf	pdf:page=55;region=explicit-vocabulary-list;scope=visible-even-pages-only;source-missing-alternate-pages=true;entry=38
Edge Vocabulary Booster 2A	edge-vocabulary-booster-2a	fast fashion	fast fashion	noun phrase		Examples of waste	55	Edge Vocabulary Booster 2A visible PDF p.55		visible-even-pages-only; source-missing-alternate-pages; explicit target-list term and printed POS only; editorial review required.	lexical_candidate	candidate_only	pdf	pdf:page=55;region=explicit-vocabulary-list;scope=visible-even-pages-only;source-missing-alternate-pages=true;entry=39
Edge Vocabulary Booster 2A	edge-vocabulary-booster-2a	leftovers	leftovers	noun		Examples of waste	55	Edge Vocabulary Booster 2A visible PDF p.55		visible-even-pages-only; source-missing-alternate-pages; explicit target-list term and printed POS only; editorial review required.	lexical_candidate	candidate_only	pdf	pdf:page=55;region=explicit-vocabulary-list;scope=visible-even-pages-only;source-missing-alternate-pages=true;entry=40
Edge Vocabulary Booster 2A	edge-vocabulary-booster-2a	polystyrene box	polystyrene box	noun phrase		Examples of waste	55	Edge Vocabulary Booster 2A visible PDF p.55		visible-even-pages-only; source-missing-alternate-pages; explicit target-list term and printed POS only; editorial review required.	lexical_candidate	candidate_only	pdf	pdf:page=55;region=explicit-vocabulary-list;scope=visible-even-pages-only;source-missing-alternate-pages=true;entry=41
Edge Vocabulary Booster 2A	edge-vocabulary-booster-2a	shower curtain	shower curtain	noun phrase		Examples of waste	55	Edge Vocabulary Booster 2A visible PDF p.55		visible-even-pages-only; source-missing-alternate-pages; explicit target-list term and printed POS only; editorial review required.	lexical_candidate	candidate_only	pdf	pdf:page=55;region=explicit-vocabulary-list;scope=visible-even-pages-only;source-missing-alternate-pages=true;entry=42
Edge Vocabulary Booster 2A	edge-vocabulary-booster-2a	tin can	tin can	noun phrase		Examples of waste	55	Edge Vocabulary Booster 2A visible PDF p.55		visible-even-pages-only; source-missing-alternate-pages; explicit target-list term and printed POS only; editorial review required.	lexical_candidate	candidate_only	pdf	pdf:page=55;region=explicit-vocabulary-list;scope=visible-even-pages-only;source-missing-alternate-pages=true;entry=43
Edge Vocabulary Booster 2A	edge-vocabulary-booster-2a	water bottle	water bottle	noun phrase		Examples of waste	55	Edge Vocabulary Booster 2A visible PDF p.55		visible-even-pages-only; source-missing-alternate-pages; explicit target-list term and printed POS only; editorial review required.	lexical_candidate	candidate_only	pdf	pdf:page=55;region=explicit-vocabulary-list;scope=visible-even-pages-only;source-missing-alternate-pages=true;entry=44
Edge Vocabulary Booster 2A	edge-vocabulary-booster-2a	bring your own container	bring your own container	verb phrase		Ways to reduce waste	55	Edge Vocabulary Booster 2A visible PDF p.55		visible-even-pages-only; source-missing-alternate-pages; explicit target-list term and printed POS only; editorial review required.	lexical_candidate	candidate_only	pdf	pdf:page=55;region=explicit-vocabulary-list;scope=visible-even-pages-only;source-missing-alternate-pages=true;entry=45
Edge Vocabulary Booster 2A	edge-vocabulary-booster-2a	buy products with less packaging	buy products with less packaging	verb phrase		Ways to reduce waste	55	Edge Vocabulary Booster 2A visible PDF p.55		visible-even-pages-only; source-missing-alternate-pages; explicit target-list term and printed POS only; editorial review required.	lexical_candidate	candidate_only	pdf	pdf:page=55;region=explicit-vocabulary-list;scope=visible-even-pages-only;source-missing-alternate-pages=true;entry=46
Edge Vocabulary Booster 2A	edge-vocabulary-booster-2a	donate old clothes	donate old clothes	verb phrase		Ways to reduce waste	55	Edge Vocabulary Booster 2A visible PDF p.55		visible-even-pages-only; source-missing-alternate-pages; explicit target-list term and printed POS only; editorial review required.	lexical_candidate	candidate_only	pdf	pdf:page=55;region=explicit-vocabulary-list;scope=visible-even-pages-only;source-missing-alternate-pages=true;entry=47
Edge Vocabulary Booster 2A	edge-vocabulary-booster-2a	offer smaller portion sizes	offer smaller portion sizes	verb phrase		Ways to reduce waste	55	Edge Vocabulary Booster 2A visible PDF p.55		visible-even-pages-only; source-missing-alternate-pages; explicit target-list term and printed POS only; editorial review required.	lexical_candidate	candidate_only	pdf	pdf:page=55;region=explicit-vocabulary-list;scope=visible-even-pages-only;source-missing-alternate-pages=true;entry=48
Edge Vocabulary Booster 2A	edge-vocabulary-booster-2a	order more carefully	order more carefully	verb phrase		Ways to reduce waste	55	Edge Vocabulary Booster 2A visible PDF p.55		visible-even-pages-only; source-missing-alternate-pages; explicit target-list term and printed POS only; editorial review required.	lexical_candidate	candidate_only	pdf	pdf:page=55;region=explicit-vocabulary-list;scope=visible-even-pages-only;source-missing-alternate-pages=true;entry=49
Edge Vocabulary Booster 2A	edge-vocabulary-booster-2a	recycle	recycle	verb		Ways to reduce waste	55	Edge Vocabulary Booster 2A visible PDF p.55		visible-even-pages-only; source-missing-alternate-pages; explicit target-list term and printed POS only; editorial review required.	lexical_candidate	candidate_only	pdf	pdf:page=55;region=explicit-vocabulary-list;scope=visible-even-pages-only;source-missing-alternate-pages=true;entry=50
Edge Vocabulary Booster 2A	edge-vocabulary-booster-2a	shop more thoughtfully	shop more thoughtfully	verb phrase		Ways to reduce waste	55	Edge Vocabulary Booster 2A visible PDF p.55		visible-even-pages-only; source-missing-alternate-pages; explicit target-list term and printed POS only; editorial review required.	lexical_candidate	candidate_only	pdf	pdf:page=55;region=explicit-vocabulary-list;scope=visible-even-pages-only;source-missing-alternate-pages=true;entry=51
Edge Vocabulary Booster 2A	edge-vocabulary-booster-2a	sort your waste	sort your waste	verb phrase		Ways to reduce waste	55	Edge Vocabulary Booster 2A visible PDF p.55		visible-even-pages-only; source-missing-alternate-pages; explicit target-list term and printed POS only; editorial review required.	lexical_candidate	candidate_only	pdf	pdf:page=55;region=explicit-vocabulary-list;scope=visible-even-pages-only;source-missing-alternate-pages=true;entry=52
Edge Vocabulary Booster 2A	edge-vocabulary-booster-2a	stop using single-use cutlery	stop using single-use cutlery	verb phrase		Ways to reduce waste	55	Edge Vocabulary Booster 2A visible PDF p.55		visible-even-pages-only; source-missing-alternate-pages; explicit target-list term and printed POS only; editorial review required.	lexical_candidate	candidate_only	pdf	pdf:page=55;region=explicit-vocabulary-list;scope=visible-even-pages-only;source-missing-alternate-pages=true;entry=53
Edge Vocabulary Booster 2A	edge-vocabulary-booster-2a	turn off the tap	turn off the tap	verb phrase		Ways to reduce waste	55	Edge Vocabulary Booster 2A visible PDF p.55		visible-even-pages-only; source-missing-alternate-pages; explicit target-list term and printed POS only; editorial review required.	lexical_candidate	candidate_only	pdf	pdf:page=55;region=explicit-vocabulary-list;scope=visible-even-pages-only;source-missing-alternate-pages=true;entry=54
Edge Vocabulary Booster 2A	edge-vocabulary-booster-2a	upcycle to create new items	upcycle to create new items	verb phrase		Ways to reduce waste	55	Edge Vocabulary Booster 2A visible PDF p.55		visible-even-pages-only; source-missing-alternate-pages; explicit target-list term and printed POS only; editorial review required.	lexical_candidate	candidate_only	pdf	pdf:page=55;region=explicit-vocabulary-list;scope=visible-even-pages-only;source-missing-alternate-pages=true;entry=55
Edge Vocabulary Booster 2A	edge-vocabulary-booster-2a	use cloth handkerchiefs instead of tissues	use cloth handkerchiefs instead of tissues	verb phrase		Ways to reduce waste	55	Edge Vocabulary Booster 2A visible PDF p.55		visible-even-pages-only; source-missing-alternate-pages; explicit target-list term and printed POS only; editorial review required.	lexical_candidate	candidate_only	pdf	pdf:page=55;region=explicit-vocabulary-list;scope=visible-even-pages-only;source-missing-alternate-pages=true;entry=56
Edge Vocabulary Booster 2A	edge-vocabulary-booster-2a	use 'ugly' produce	use 'ugly' produce	verb phrase		Ways to reduce waste	55	Edge Vocabulary Booster 2A visible PDF p.55		visible-even-pages-only; source-missing-alternate-pages; explicit target-list term and printed POS only; editorial review required.	lexical_candidate	candidate_only	pdf	pdf:page=55;region=explicit-vocabulary-list;scope=visible-even-pages-only;source-missing-alternate-pages=true;entry=57
Edge Vocabulary Booster 2A	edge-vocabulary-booster-2a	grooming supplies	grooming supplies	noun phrase		Visible glossary continuation	57	Edge Vocabulary Booster 2A visible PDF p.57		visible-even-pages-only; source-missing-alternate-pages; explicit target-list term and printed POS only; editorial review required.	lexical_candidate	candidate_only	pdf	pdf:page=57;region=explicit-vocabulary-list;scope=visible-even-pages-only;source-missing-alternate-pages=true;entry=1
Edge Vocabulary Booster 2A	edge-vocabulary-booster-2a	leash	leash	noun		Visible glossary continuation	57	Edge Vocabulary Booster 2A visible PDF p.57		visible-even-pages-only; source-missing-alternate-pages; explicit target-list term and printed POS only; editorial review required.	lexical_candidate	candidate_only	pdf	pdf:page=57;region=explicit-vocabulary-list;scope=visible-even-pages-only;source-missing-alternate-pages=true;entry=2
Edge Vocabulary Booster 2A	edge-vocabulary-booster-2a	litter box	litter box	noun phrase		Visible glossary continuation	57	Edge Vocabulary Booster 2A visible PDF p.57		visible-even-pages-only; source-missing-alternate-pages; explicit target-list term and printed POS only; editorial review required.	lexical_candidate	candidate_only	pdf	pdf:page=57;region=explicit-vocabulary-list;scope=visible-even-pages-only;source-missing-alternate-pages=true;entry=3
Edge Vocabulary Booster 2A	edge-vocabulary-booster-2a	nest box	nest box	noun phrase		Visible glossary continuation	57	Edge Vocabulary Booster 2A visible PDF p.57		visible-even-pages-only; source-missing-alternate-pages; explicit target-list term and printed POS only; editorial review required.	lexical_candidate	candidate_only	pdf	pdf:page=57;region=explicit-vocabulary-list;scope=visible-even-pages-only;source-missing-alternate-pages=true;entry=4
Edge Vocabulary Booster 2A	edge-vocabulary-booster-2a	perch	perch	noun		Visible glossary continuation	57	Edge Vocabulary Booster 2A visible PDF p.57		visible-even-pages-only; source-missing-alternate-pages; explicit target-list term and printed POS only; editorial review required.	lexical_candidate	candidate_only	pdf	pdf:page=57;region=explicit-vocabulary-list;scope=visible-even-pages-only;source-missing-alternate-pages=true;entry=5
Edge Vocabulary Booster 2A	edge-vocabulary-booster-2a	clean (them) regularly	clean (them) regularly	verb phrase		Ways to care for pets	57	Edge Vocabulary Booster 2A visible PDF p.57		visible-even-pages-only; source-missing-alternate-pages; explicit target-list term and printed POS only; editorial review required.	lexical_candidate	candidate_only	pdf	pdf:page=57;region=explicit-vocabulary-list;scope=visible-even-pages-only;source-missing-alternate-pages=true;entry=6
Edge Vocabulary Booster 2A	edge-vocabulary-booster-2a	exercise (them) regularly	exercise (them) regularly	verb phrase		Ways to care for pets	57	Edge Vocabulary Booster 2A visible PDF p.57		visible-even-pages-only; source-missing-alternate-pages; explicit target-list term and printed POS only; editorial review required.	lexical_candidate	candidate_only	pdf	pdf:page=57;region=explicit-vocabulary-list;scope=visible-even-pages-only;source-missing-alternate-pages=true;entry=7
Edge Vocabulary Booster 2A	edge-vocabulary-booster-2a	give (them) a place to rest	give (them) a place to rest	verb phrase		Ways to care for pets	57	Edge Vocabulary Booster 2A visible PDF p.57		visible-even-pages-only; source-missing-alternate-pages; explicit target-list term and printed POS only; editorial review required.	lexical_candidate	candidate_only	pdf	pdf:page=57;region=explicit-vocabulary-list;scope=visible-even-pages-only;source-missing-alternate-pages=true;entry=8
Edge Vocabulary Booster 2A	edge-vocabulary-booster-2a	give (them) a treat occasionally	give (them) a treat occasionally	verb phrase		Ways to care for pets	57	Edge Vocabulary Booster 2A visible PDF p.57		visible-even-pages-only; source-missing-alternate-pages; explicit target-list term and printed POS only; editorial review required.	lexical_candidate	candidate_only	pdf	pdf:page=57;region=explicit-vocabulary-list;scope=visible-even-pages-only;source-missing-alternate-pages=true;entry=9
Edge Vocabulary Booster 2A	edge-vocabulary-booster-2a	give (them) fresh water	give (them) fresh water	verb phrase		Ways to care for pets	57	Edge Vocabulary Booster 2A visible PDF p.57		visible-even-pages-only; source-missing-alternate-pages; explicit target-list term and printed POS only; editorial review required.	lexical_candidate	candidate_only	pdf	pdf:page=57;region=explicit-vocabulary-list;scope=visible-even-pages-only;source-missing-alternate-pages=true;entry=10
Edge Vocabulary Booster 2A	edge-vocabulary-booster-2a	give (them) healthy food	give (them) healthy food	verb phrase		Ways to care for pets	57	Edge Vocabulary Booster 2A visible PDF p.57		visible-even-pages-only; source-missing-alternate-pages; explicit target-list term and printed POS only; editorial review required.	lexical_candidate	candidate_only	pdf	pdf:page=57;region=explicit-vocabulary-list;scope=visible-even-pages-only;source-missing-alternate-pages=true;entry=11
Edge Vocabulary Booster 2A	edge-vocabulary-booster-2a	handle (them) carefully	handle (them) carefully	verb phrase		Ways to care for pets	57	Edge Vocabulary Booster 2A visible PDF p.57		visible-even-pages-only; source-missing-alternate-pages; explicit target-list term and printed POS only; editorial review required.	lexical_candidate	candidate_only	pdf	pdf:page=57;region=explicit-vocabulary-list;scope=visible-even-pages-only;source-missing-alternate-pages=true;entry=12
Edge Vocabulary Booster 2A	edge-vocabulary-booster-2a	play with (them)	play with (them)	verb phrase		Ways to care for pets	57	Edge Vocabulary Booster 2A visible PDF p.57		visible-even-pages-only; source-missing-alternate-pages; explicit target-list term and printed POS only; editorial review required.	lexical_candidate	candidate_only	pdf	pdf:page=57;region=explicit-vocabulary-list;scope=visible-even-pages-only;source-missing-alternate-pages=true;entry=13
Edge Vocabulary Booster 2A	edge-vocabulary-booster-2a	take (them) to a vet for regular checkups	take (them) to a vet for regular checkups	verb phrase		Ways to care for pets	57	Edge Vocabulary Booster 2A visible PDF p.57		visible-even-pages-only; source-missing-alternate-pages; explicit target-list term and printed POS only; editorial review required.	lexical_candidate	candidate_only	pdf	pdf:page=57;region=explicit-vocabulary-list;scope=visible-even-pages-only;source-missing-alternate-pages=true;entry=14
Edge Vocabulary Booster 2A	edge-vocabulary-booster-2a	be a lifetime responsibility	be a lifetime responsibility	verb phrase		Talking about pets	57	Edge Vocabulary Booster 2A visible PDF p.57		visible-even-pages-only; source-missing-alternate-pages; explicit target-list term and printed POS only; editorial review required.	lexical_candidate	candidate_only	pdf	pdf:page=57;region=explicit-vocabulary-list;scope=visible-even-pages-only;source-missing-alternate-pages=true;entry=15
Edge Vocabulary Booster 2A	edge-vocabulary-booster-2a	be good companions	be good companions	verb phrase		Talking about pets	57	Edge Vocabulary Booster 2A visible PDF p.57		visible-even-pages-only; source-missing-alternate-pages; explicit target-list term and printed POS only; editorial review required.	lexical_candidate	candidate_only	pdf	pdf:page=57;region=explicit-vocabulary-list;scope=visible-even-pages-only;source-missing-alternate-pages=true;entry=16
Edge Vocabulary Booster 2A	edge-vocabulary-booster-2a	be quite sociable	be quite sociable	verb phrase		Talking about pets	57	Edge Vocabulary Booster 2A visible PDF p.57		visible-even-pages-only; source-missing-alternate-pages; explicit target-list term and printed POS only; editorial review required.	lexical_candidate	candidate_only	pdf	pdf:page=57;region=explicit-vocabulary-list;scope=visible-even-pages-only;source-missing-alternate-pages=true;entry=17
Edge Vocabulary Booster 2A	edge-vocabulary-booster-2a	groom themselves regularly	groom themselves regularly	verb phrase		Talking about pets	57	Edge Vocabulary Booster 2A visible PDF p.57		visible-even-pages-only; source-missing-alternate-pages; explicit target-list term and printed POS only; editorial review required.	lexical_candidate	candidate_only	pdf	pdf:page=57;region=explicit-vocabulary-list;scope=visible-even-pages-only;source-missing-alternate-pages=true;entry=18
Edge Vocabulary Booster 2A	edge-vocabulary-booster-2a	help us relax	help us relax	verb phrase		Talking about pets	57	Edge Vocabulary Booster 2A visible PDF p.57		visible-even-pages-only; source-missing-alternate-pages; explicit target-list term and printed POS only; editorial review required.	lexical_candidate	candidate_only	pdf	pdf:page=57;region=explicit-vocabulary-list;scope=visible-even-pages-only;source-missing-alternate-pages=true;entry=19
Edge Vocabulary Booster 2A	edge-vocabulary-booster-2a	keep sb* company	keep sb* company	verb phrase		Talking about pets	57	Edge Vocabulary Booster 2A visible PDF p.57		visible-even-pages-only; source-missing-alternate-pages; explicit target-list term and printed POS only; editorial review required.	lexical_candidate	candidate_only	pdf	pdf:page=57;region=explicit-vocabulary-list;scope=visible-even-pages-only;source-missing-alternate-pages=true;entry=20
Edge Vocabulary Booster 2A	edge-vocabulary-booster-2a	need a lot of attention	need a lot of attention	verb phrase		Talking about pets	57	Edge Vocabulary Booster 2A visible PDF p.57		visible-even-pages-only; source-missing-alternate-pages; explicit target-list term and printed POS only; editorial review required.	lexical_candidate	candidate_only	pdf	pdf:page=57;region=explicit-vocabulary-list;scope=visible-even-pages-only;source-missing-alternate-pages=true;entry=21
Edge Vocabulary Booster 2A	edge-vocabulary-booster-2a	need daily exercise	need daily exercise	verb phrase		Talking about pets	57	Edge Vocabulary Booster 2A visible PDF p.57		visible-even-pages-only; source-missing-alternate-pages; explicit target-list term and printed POS only; editorial review required.	lexical_candidate	candidate_only	pdf	pdf:page=57;region=explicit-vocabulary-list;scope=visible-even-pages-only;source-missing-alternate-pages=true;entry=22
Edge Vocabulary Booster 2A	edge-vocabulary-booster-2a	need training	need training	verb phrase		Talking about pets	57	Edge Vocabulary Booster 2A visible PDF p.57		visible-even-pages-only; source-missing-alternate-pages; explicit target-list term and printed POS only; editorial review required.	lexical_candidate	candidate_only	pdf	pdf:page=57;region=explicit-vocabulary-list;scope=visible-even-pages-only;source-missing-alternate-pages=true;entry=23
Edge Vocabulary Booster 2A	edge-vocabulary-booster-2a	need yearly checkups	need yearly checkups	verb phrase		Talking about pets	57	Edge Vocabulary Booster 2A visible PDF p.57		visible-even-pages-only; source-missing-alternate-pages; explicit target-list term and printed POS only; editorial review required.	lexical_candidate	candidate_only	pdf	pdf:page=57;region=explicit-vocabulary-list;scope=visible-even-pages-only;source-missing-alternate-pages=true;entry=24
Edge Vocabulary Booster 2A	edge-vocabulary-booster-2a	abandoned	abandoned	adjective		Other vocabulary	57	Edge Vocabulary Booster 2A visible PDF p.57		visible-even-pages-only; source-missing-alternate-pages; explicit target-list term and printed POS only; editorial review required.	lexical_candidate	candidate_only	pdf	pdf:page=57;region=explicit-vocabulary-list;scope=visible-even-pages-only;source-missing-alternate-pages=true;entry=25
Edge Vocabulary Booster 2A	edge-vocabulary-booster-2a	be aware of sth*	be aware of sth*	verb phrase		Other vocabulary	57	Edge Vocabulary Booster 2A visible PDF p.57		visible-even-pages-only; source-missing-alternate-pages; explicit target-list term and printed POS only; editorial review required.	lexical_candidate	candidate_only	pdf	pdf:page=57;region=explicit-vocabulary-list;scope=visible-even-pages-only;source-missing-alternate-pages=true;entry=26
Edge Vocabulary Booster 2A	edge-vocabulary-booster-2a	bug	bug	noun		Other vocabulary	57	Edge Vocabulary Booster 2A visible PDF p.57		visible-even-pages-only; source-missing-alternate-pages; explicit target-list term and printed POS only; editorial review required.	lexical_candidate	candidate_only	pdf	pdf:page=57;region=explicit-vocabulary-list;scope=visible-even-pages-only;source-missing-alternate-pages=true;entry=27
Edge Vocabulary Booster 2A	edge-vocabulary-booster-2a	canine	canine	adjective		Other vocabulary	57	Edge Vocabulary Booster 2A visible PDF p.57		visible-even-pages-only; source-missing-alternate-pages; explicit target-list term and printed POS only; editorial review required.	lexical_candidate	candidate_only	pdf	pdf:page=57;region=explicit-vocabulary-list;scope=visible-even-pages-only;source-missing-alternate-pages=true;entry=28
Edge Vocabulary Booster 2A	edge-vocabulary-booster-2a	constantly	constantly	adverb		Other vocabulary	57	Edge Vocabulary Booster 2A visible PDF p.57		visible-even-pages-only; source-missing-alternate-pages; explicit target-list term and printed POS only; editorial review required.	lexical_candidate	candidate_only	pdf	pdf:page=57;region=explicit-vocabulary-list;scope=visible-even-pages-only;source-missing-alternate-pages=true;entry=29
Edge Vocabulary Booster 2A	edge-vocabulary-booster-2a	drag	drag	verb		Other vocabulary	57	Edge Vocabulary Booster 2A visible PDF p.57		visible-even-pages-only; source-missing-alternate-pages; explicit target-list term and printed POS only; editorial review required.	lexical_candidate	candidate_only	pdf	pdf:page=57;region=explicit-vocabulary-list;scope=visible-even-pages-only;source-missing-alternate-pages=true;entry=30
Edge Vocabulary Booster 2A	edge-vocabulary-booster-2a	feline	feline	noun		Other vocabulary	57	Edge Vocabulary Booster 2A visible PDF p.57		visible-even-pages-only; source-missing-alternate-pages; explicit target-list term and printed POS only; editorial review required.	lexical_candidate	candidate_only	pdf	pdf:page=57;region=explicit-vocabulary-list;scope=visible-even-pages-only;source-missing-alternate-pages=true;entry=31
Edge Vocabulary Booster 2A	edge-vocabulary-booster-2a	heal	heal	verb		Other vocabulary	57	Edge Vocabulary Booster 2A visible PDF p.57		visible-even-pages-only; source-missing-alternate-pages; explicit target-list term and printed POS only; editorial review required.	lexical_candidate	candidate_only	pdf	pdf:page=57;region=explicit-vocabulary-list;scope=visible-even-pages-only;source-missing-alternate-pages=true;entry=32
Edge Vocabulary Booster 2A	edge-vocabulary-booster-2a	heated discussion	heated discussion	noun phrase		Other vocabulary	57	Edge Vocabulary Booster 2A visible PDF p.57		visible-even-pages-only; source-missing-alternate-pages; explicit target-list term and printed POS only; editorial review required.	lexical_candidate	candidate_only	pdf	pdf:page=57;region=explicit-vocabulary-list;scope=visible-even-pages-only;source-missing-alternate-pages=true;entry=33
Edge Vocabulary Booster 2A	edge-vocabulary-booster-2a	in disguise	in disguise	adjective phrase		Other vocabulary	57	Edge Vocabulary Booster 2A visible PDF p.57		visible-even-pages-only; source-missing-alternate-pages; explicit target-list term and printed POS only; editorial review required.	lexical_candidate	candidate_only	pdf	pdf:page=57;region=explicit-vocabulary-list;scope=visible-even-pages-only;source-missing-alternate-pages=true;entry=34
Edge Vocabulary Booster 2A	edge-vocabulary-booster-2a	jump into action	jump into action	verb phrase		Other vocabulary	57	Edge Vocabulary Booster 2A visible PDF p.57		visible-even-pages-only; source-missing-alternate-pages; explicit target-list term and printed POS only; editorial review required.	lexical_candidate	candidate_only	pdf	pdf:page=57;region=explicit-vocabulary-list;scope=visible-even-pages-only;source-missing-alternate-pages=true;entry=35
Edge Vocabulary Booster 2A	edge-vocabulary-booster-2a	lifespan	lifespan	noun		Other vocabulary	57	Edge Vocabulary Booster 2A visible PDF p.57		visible-even-pages-only; source-missing-alternate-pages; explicit target-list term and printed POS only; editorial review required.	lexical_candidate	candidate_only	pdf	pdf:page=57;region=explicit-vocabulary-list;scope=visible-even-pages-only;source-missing-alternate-pages=true;entry=36
Edge Vocabulary Booster 2A	edge-vocabulary-booster-2a	nuisance	nuisance	noun		Other vocabulary	57	Edge Vocabulary Booster 2A visible PDF p.57		visible-even-pages-only; source-missing-alternate-pages; explicit target-list term and printed POS only; editorial review required.	lexical_candidate	candidate_only	pdf	pdf:page=57;region=explicit-vocabulary-list;scope=visible-even-pages-only;source-missing-alternate-pages=true;entry=37
Edge Vocabulary Booster 2A	edge-vocabulary-booster-2a	pest	pest	noun		Other vocabulary	57	Edge Vocabulary Booster 2A visible PDF p.57		visible-even-pages-only; source-missing-alternate-pages; explicit target-list term and printed POS only; editorial review required.	lexical_candidate	candidate_only	pdf	pdf:page=57;region=explicit-vocabulary-list;scope=visible-even-pages-only;source-missing-alternate-pages=true;entry=38
Edge Vocabulary Booster 2A	edge-vocabulary-booster-2a	vaccination	vaccination	noun		Other vocabulary	57	Edge Vocabulary Booster 2A visible PDF p.57		visible-even-pages-only; source-missing-alternate-pages; explicit target-list term and printed POS only; editorial review required.	lexical_candidate	candidate_only	pdf	pdf:page=57;region=explicit-vocabulary-list;scope=visible-even-pages-only;source-missing-alternate-pages=true;entry=39
Edge Vocabulary Booster 2A	edge-vocabulary-booster-2a	vet	vet	noun		Other vocabulary	57	Edge Vocabulary Booster 2A visible PDF p.57		visible-even-pages-only; source-missing-alternate-pages; explicit target-list term and printed POS only; editorial review required.	lexical_candidate	candidate_only	pdf	pdf:page=57;region=explicit-vocabulary-list;scope=visible-even-pages-only;source-missing-alternate-pages=true;entry=40
Edge Vocabulary Booster 2A	edge-vocabulary-booster-2a	wag	wag	verb		Other vocabulary	57	Edge Vocabulary Booster 2A visible PDF p.57		visible-even-pages-only; source-missing-alternate-pages; explicit target-list term and printed POS only; editorial review required.	lexical_candidate	candidate_only	pdf	pdf:page=57;region=explicit-vocabulary-list;scope=visible-even-pages-only;source-missing-alternate-pages=true;entry=41
Edge Vocabulary Booster 2A	edge-vocabulary-booster-2a	acquaintance	acquaintance	noun		Better together - Talking about friends	57	Edge Vocabulary Booster 2A visible PDF p.57		visible-even-pages-only; source-missing-alternate-pages; explicit target-list term and printed POS only; editorial review required.	lexical_candidate	candidate_only	pdf	pdf:page=57;region=explicit-vocabulary-list;scope=visible-even-pages-only;source-missing-alternate-pages=true;entry=42
Edge Vocabulary Booster 2A	edge-vocabulary-booster-2a	be insincere	be insincere	verb phrase		Better together - Talking about friends	57	Edge Vocabulary Booster 2A visible PDF p.57		visible-even-pages-only; source-missing-alternate-pages; explicit target-list term and printed POS only; editorial review required.	lexical_candidate	candidate_only	pdf	pdf:page=57;region=explicit-vocabulary-list;scope=visible-even-pages-only;source-missing-alternate-pages=true;entry=43
Edge Vocabulary Booster 2A	edge-vocabulary-booster-2a	be sb's* best friend	be sb's* best friend	verb phrase		Better together - Talking about friends	57	Edge Vocabulary Booster 2A visible PDF p.57		visible-even-pages-only; source-missing-alternate-pages; explicit target-list term and printed POS only; editorial review required.	lexical_candidate	candidate_only	pdf	pdf:page=57;region=explicit-vocabulary-list;scope=visible-even-pages-only;source-missing-alternate-pages=true;entry=44
Edge Vocabulary Booster 2A	edge-vocabulary-booster-2a	become toxic	become toxic	verb phrase		Better together - Talking about friends	57	Edge Vocabulary Booster 2A visible PDF p.57		visible-even-pages-only; source-missing-alternate-pages; explicit target-list term and printed POS only; editorial review required.	lexical_candidate	candidate_only	pdf	pdf:page=57;region=explicit-vocabulary-list;scope=visible-even-pages-only;source-missing-alternate-pages=true;entry=45
Edge Vocabulary Booster 2A	edge-vocabulary-booster-2a	bestie	bestie	noun		Better together - Talking about friends	57	Edge Vocabulary Booster 2A visible PDF p.57		visible-even-pages-only; source-missing-alternate-pages; explicit target-list term and printed POS only; editorial review required.	lexical_candidate	candidate_only	pdf	pdf:page=57;region=explicit-vocabulary-list;scope=visible-even-pages-only;source-missing-alternate-pages=true;entry=46
Edge Vocabulary Booster 2A	edge-vocabulary-booster-2a	frenemy	frenemy	noun		Better together - Talking about friends	57	Edge Vocabulary Booster 2A visible PDF p.57		visible-even-pages-only; source-missing-alternate-pages; explicit target-list term and printed POS only; editorial review required.	lexical_candidate	candidate_only	pdf	pdf:page=57;region=explicit-vocabulary-list;scope=visible-even-pages-only;source-missing-alternate-pages=true;entry=47
Edge Vocabulary Booster 2A	edge-vocabulary-booster-2a	hold grudges	hold grudges	verb phrase		Better together - Talking about friends	57	Edge Vocabulary Booster 2A visible PDF p.57		visible-even-pages-only; source-missing-alternate-pages; explicit target-list term and printed POS only; editorial review required.	lexical_candidate	candidate_only	pdf	pdf:page=57;region=explicit-vocabulary-list;scope=visible-even-pages-only;source-missing-alternate-pages=true;entry=48
Edge Vocabulary Booster 2A	edge-vocabulary-booster-2a	let sb* down	let sb* down	phrasal verb		Better together - Talking about friends	57	Edge Vocabulary Booster 2A visible PDF p.57		visible-even-pages-only; source-missing-alternate-pages; explicit target-list term and printed POS only; editorial review required.	lexical_candidate	candidate_only	pdf	pdf:page=57;region=explicit-vocabulary-list;scope=visible-even-pages-only;source-missing-alternate-pages=true;entry=49
Edge Vocabulary Booster 2A	edge-vocabulary-booster-2a	mate	mate	noun		Better together - Talking about friends	57	Edge Vocabulary Booster 2A visible PDF p.57		visible-even-pages-only; source-missing-alternate-pages; explicit target-list term and printed POS only; editorial review required.	lexical_candidate	candidate_only	pdf	pdf:page=57;region=explicit-vocabulary-list;scope=visible-even-pages-only;source-missing-alternate-pages=true;entry=50
Edge Vocabulary Booster 2A	edge-vocabulary-booster-2a	show appreciation	show appreciation	verb phrase		Better together - Talking about friends	57	Edge Vocabulary Booster 2A visible PDF p.57		visible-even-pages-only; source-missing-alternate-pages; explicit target-list term and printed POS only; editorial review required.	lexical_candidate	candidate_only	pdf	pdf:page=57;region=explicit-vocabulary-list;scope=visible-even-pages-only;source-missing-alternate-pages=true;entry=51
Edge Vocabulary Booster 2A	edge-vocabulary-booster-2a	soul mate	soul mate	noun phrase		Better together - Talking about friends	57	Edge Vocabulary Booster 2A visible PDF p.57		visible-even-pages-only; source-missing-alternate-pages; explicit target-list term and printed POS only; editorial review required.	lexical_candidate	candidate_only	pdf	pdf:page=57;region=explicit-vocabulary-list;scope=visible-even-pages-only;source-missing-alternate-pages=true;entry=52
Edge Vocabulary Booster 2A	edge-vocabulary-booster-2a	superficial friendship	superficial friendship	noun phrase		Better together - Talking about friends	57	Edge Vocabulary Booster 2A visible PDF p.57		visible-even-pages-only; source-missing-alternate-pages; explicit target-list term and printed POS only; editorial review required.	lexical_candidate	candidate_only	pdf	pdf:page=57;region=explicit-vocabulary-list;scope=visible-even-pages-only;source-missing-alternate-pages=true;entry=53
Edge Vocabulary Booster 2A	edge-vocabulary-booster-2a	take advantage of sb*	take advantage of sb*	verb phrase		Better together - Talking about friends	57	Edge Vocabulary Booster 2A visible PDF p.57		visible-even-pages-only; source-missing-alternate-pages; explicit target-list term and printed POS only; editorial review required.	lexical_candidate	candidate_only	pdf	pdf:page=57;region=explicit-vocabulary-list;scope=visible-even-pages-only;source-missing-alternate-pages=true;entry=54
Edge Vocabulary Booster 2B	edge-vocabulary-booster-2b	advertisement	advertisement	noun		Other popular culture items	51	Edge Vocabulary Booster 2B visible PDF p.51		visible-even-pages-only; source-missing-alternate-pages; explicit target-list term and printed POS only; editorial review required.	lexical_candidate	candidate_only	pdf	pdf:page=51;region=explicit-vocabulary-list;scope=visible-even-pages-only;source-missing-alternate-pages=true;entry=1
Edge Vocabulary Booster 2B	edge-vocabulary-booster-2b	comic strip	comic strip	noun phrase		Other popular culture items	51	Edge Vocabulary Booster 2B visible PDF p.51		visible-even-pages-only; source-missing-alternate-pages; explicit target-list term and printed POS only; editorial review required.	lexical_candidate	candidate_only	pdf	pdf:page=51;region=explicit-vocabulary-list;scope=visible-even-pages-only;source-missing-alternate-pages=true;entry=2
Edge Vocabulary Booster 2B	edge-vocabulary-booster-2b	commercial	commercial	noun		Other popular culture items	51	Edge Vocabulary Booster 2B visible PDF p.51		visible-even-pages-only; source-missing-alternate-pages; explicit target-list term and printed POS only; editorial review required.	lexical_candidate	candidate_only	pdf	pdf:page=51;region=explicit-vocabulary-list;scope=visible-even-pages-only;source-missing-alternate-pages=true;entry=3
Edge Vocabulary Booster 2B	edge-vocabulary-booster-2b	horoscope	horoscope	noun		Other popular culture items	51	Edge Vocabulary Booster 2B visible PDF p.51		visible-even-pages-only; source-missing-alternate-pages; explicit target-list term and printed POS only; editorial review required.	lexical_candidate	candidate_only	pdf	pdf:page=51;region=explicit-vocabulary-list;scope=visible-even-pages-only;source-missing-alternate-pages=true;entry=4
Edge Vocabulary Booster 2B	edge-vocabulary-booster-2b	manga	manga	noun		Other popular culture items	51	Edge Vocabulary Booster 2B visible PDF p.51		visible-even-pages-only; source-missing-alternate-pages; explicit target-list term and printed POS only; editorial review required.	lexical_candidate	candidate_only	pdf	pdf:page=51;region=explicit-vocabulary-list;scope=visible-even-pages-only;source-missing-alternate-pages=true;entry=5
Edge Vocabulary Booster 2B	edge-vocabulary-booster-2b	music video	music video	noun phrase		Other popular culture items	51	Edge Vocabulary Booster 2B visible PDF p.51		visible-even-pages-only; source-missing-alternate-pages; explicit target-list term and printed POS only; editorial review required.	lexical_candidate	candidate_only	pdf	pdf:page=51;region=explicit-vocabulary-list;scope=visible-even-pages-only;source-missing-alternate-pages=true;entry=6
Edge Vocabulary Booster 2B	edge-vocabulary-booster-2b	reality TV programme	reality TV programme	noun phrase		Other popular culture items	51	Edge Vocabulary Booster 2B visible PDF p.51		visible-even-pages-only; source-missing-alternate-pages; explicit target-list term and printed POS only; editorial review required.	lexical_candidate	candidate_only	pdf	pdf:page=51;region=explicit-vocabulary-list;scope=visible-even-pages-only;source-missing-alternate-pages=true;entry=7
Edge Vocabulary Booster 2B	edge-vocabulary-booster-2b	movie trailer	movie trailer	noun phrase		Other popular culture items	51	Edge Vocabulary Booster 2B visible PDF p.51		visible-even-pages-only; source-missing-alternate-pages; explicit target-list term and printed POS only; editorial review required.	lexical_candidate	candidate_only	pdf	pdf:page=51;region=explicit-vocabulary-list;scope=visible-even-pages-only;source-missing-alternate-pages=true;entry=8
Edge Vocabulary Booster 2B	edge-vocabulary-booster-2b	show	show	noun		Other popular culture items	51	Edge Vocabulary Booster 2B visible PDF p.51		visible-even-pages-only; source-missing-alternate-pages; explicit target-list term and printed POS only; editorial review required.	lexical_candidate	candidate_only	pdf	pdf:page=51;region=explicit-vocabulary-list;scope=visible-even-pages-only;source-missing-alternate-pages=true;entry=9
Edge Vocabulary Booster 2B	edge-vocabulary-booster-2b	stand-up comedy	stand-up comedy	noun phrase		Other popular culture items	51	Edge Vocabulary Booster 2B visible PDF p.51		visible-even-pages-only; source-missing-alternate-pages; explicit target-list term and printed POS only; editorial review required.	lexical_candidate	candidate_only	pdf	pdf:page=51;region=explicit-vocabulary-list;scope=visible-even-pages-only;source-missing-alternate-pages=true;entry=10
Edge Vocabulary Booster 2B	edge-vocabulary-booster-2b	vox pop	vox pop	noun phrase		Other popular culture items	51	Edge Vocabulary Booster 2B visible PDF p.51		visible-even-pages-only; source-missing-alternate-pages; explicit target-list term and printed POS only; editorial review required.	lexical_candidate	candidate_only	pdf	pdf:page=51;region=explicit-vocabulary-list;scope=visible-even-pages-only;source-missing-alternate-pages=true;entry=11
Edge Vocabulary Booster 2B	edge-vocabulary-booster-2b	webcomic	webcomic	noun		Other popular culture items	51	Edge Vocabulary Booster 2B visible PDF p.51		visible-even-pages-only; source-missing-alternate-pages; explicit target-list term and printed POS only; editorial review required.	lexical_candidate	candidate_only	pdf	pdf:page=51;region=explicit-vocabulary-list;scope=visible-even-pages-only;source-missing-alternate-pages=true;entry=12
Edge Vocabulary Booster 2B	edge-vocabulary-booster-2b	orphans	orphans	noun		Helping others - People in need	53	Edge Vocabulary Booster 2B visible PDF p.53		visible-even-pages-only; source-missing-alternate-pages; explicit target-list term and printed POS only; editorial review required.	lexical_candidate	candidate_only	pdf	pdf:page=53;region=explicit-vocabulary-list;scope=visible-even-pages-only;source-missing-alternate-pages=true;entry=1
Edge Vocabulary Booster 2B	edge-vocabulary-booster-2b	people with intellectual disabilities	people with intellectual disabilities	noun phrase		Helping others - People in need	53	Edge Vocabulary Booster 2B visible PDF p.53		visible-even-pages-only; source-missing-alternate-pages; explicit target-list term and printed POS only; editorial review required.	lexical_candidate	candidate_only	pdf	pdf:page=53;region=explicit-vocabulary-list;scope=visible-even-pages-only;source-missing-alternate-pages=true;entry=2
Edge Vocabulary Booster 2B	edge-vocabulary-booster-2b	people with physical disabilities	people with physical disabilities	noun phrase		Helping others - People in need	53	Edge Vocabulary Booster 2B visible PDF p.53		visible-even-pages-only; source-missing-alternate-pages; explicit target-list term and printed POS only; editorial review required.	lexical_candidate	candidate_only	pdf	pdf:page=53;region=explicit-vocabulary-list;scope=visible-even-pages-only;source-missing-alternate-pages=true;entry=3
Edge Vocabulary Booster 2B	edge-vocabulary-booster-2b	people with severe illnesses	people with severe illnesses	noun phrase		Helping others - People in need	53	Edge Vocabulary Booster 2B visible PDF p.53		visible-even-pages-only; source-missing-alternate-pages; explicit target-list term and printed POS only; editorial review required.	lexical_candidate	candidate_only	pdf	pdf:page=53;region=explicit-vocabulary-list;scope=visible-even-pages-only;source-missing-alternate-pages=true;entry=4
Edge Vocabulary Booster 2B	edge-vocabulary-booster-2b	people with substance abuse issues	people with substance abuse issues	noun phrase		Helping others - People in need	53	Edge Vocabulary Booster 2B visible PDF p.53		visible-even-pages-only; source-missing-alternate-pages; explicit target-list term and printed POS only; editorial review required.	lexical_candidate	candidate_only	pdf	pdf:page=53;region=explicit-vocabulary-list;scope=visible-even-pages-only;source-missing-alternate-pages=true;entry=5
Edge Vocabulary Booster 2B	edge-vocabulary-booster-2b	refugees	refugees	noun		Helping others - People in need	53	Edge Vocabulary Booster 2B visible PDF p.53		visible-even-pages-only; source-missing-alternate-pages; explicit target-list term and printed POS only; editorial review required.	lexical_candidate	candidate_only	pdf	pdf:page=53;region=explicit-vocabulary-list;scope=visible-even-pages-only;source-missing-alternate-pages=true;entry=6
Edge Vocabulary Booster 2B	edge-vocabulary-booster-2b	the elderly	the elderly	noun phrase		Helping others - People in need	53	Edge Vocabulary Booster 2B visible PDF p.53		visible-even-pages-only; source-missing-alternate-pages; explicit target-list term and printed POS only; editorial review required.	lexical_candidate	candidate_only	pdf	pdf:page=53;region=explicit-vocabulary-list;scope=visible-even-pages-only;source-missing-alternate-pages=true;entry=7
Edge Vocabulary Booster 2B	edge-vocabulary-booster-2b	the homeless	the homeless	noun phrase		Helping others - People in need	53	Edge Vocabulary Booster 2B visible PDF p.53		visible-even-pages-only; source-missing-alternate-pages; explicit target-list term and printed POS only; editorial review required.	lexical_candidate	candidate_only	pdf	pdf:page=53;region=explicit-vocabulary-list;scope=visible-even-pages-only;source-missing-alternate-pages=true;entry=8
Edge Vocabulary Booster 2B	edge-vocabulary-booster-2b	the needy	the needy	noun phrase		Helping others - People in need	53	Edge Vocabulary Booster 2B visible PDF p.53		visible-even-pages-only; source-missing-alternate-pages; explicit target-list term and printed POS only; editorial review required.	lexical_candidate	candidate_only	pdf	pdf:page=53;region=explicit-vocabulary-list;scope=visible-even-pages-only;source-missing-alternate-pages=true;entry=9
Edge Vocabulary Booster 2B	edge-vocabulary-booster-2b	the poor	the poor	noun phrase		Helping others - People in need	53	Edge Vocabulary Booster 2B visible PDF p.53		visible-even-pages-only; source-missing-alternate-pages; explicit target-list term and printed POS only; editorial review required.	lexical_candidate	candidate_only	pdf	pdf:page=53;region=explicit-vocabulary-list;scope=visible-even-pages-only;source-missing-alternate-pages=true;entry=10
Edge Vocabulary Booster 2B	edge-vocabulary-booster-2b	the unemployed	the unemployed	noun phrase		Helping others - People in need	53	Edge Vocabulary Booster 2B visible PDF p.53		visible-even-pages-only; source-missing-alternate-pages; explicit target-list term and printed POS only; editorial review required.	lexical_candidate	candidate_only	pdf	pdf:page=53;region=explicit-vocabulary-list;scope=visible-even-pages-only;source-missing-alternate-pages=true;entry=11
Edge Vocabulary Booster 2B	edge-vocabulary-booster-2b	underprivileged families	underprivileged families	noun phrase		Helping others - People in need	53	Edge Vocabulary Booster 2B visible PDF p.53		visible-even-pages-only; source-missing-alternate-pages; explicit target-list term and printed POS only; editorial review required.	lexical_candidate	candidate_only	pdf	pdf:page=53;region=explicit-vocabulary-list;scope=visible-even-pages-only;source-missing-alternate-pages=true;entry=12
Edge Vocabulary Booster 2B	edge-vocabulary-booster-2b	victims of abuse	victims of abuse	noun phrase		Helping others - People in need	53	Edge Vocabulary Booster 2B visible PDF p.53		visible-even-pages-only; source-missing-alternate-pages; explicit target-list term and printed POS only; editorial review required.	lexical_candidate	candidate_only	pdf	pdf:page=53;region=explicit-vocabulary-list;scope=visible-even-pages-only;source-missing-alternate-pages=true;entry=13
Edge Vocabulary Booster 2B	edge-vocabulary-booster-2b	abandoned animals	abandoned animals	noun phrase		Social issues	53	Edge Vocabulary Booster 2B visible PDF p.53		visible-even-pages-only; source-missing-alternate-pages; explicit target-list term and printed POS only; editorial review required.	lexical_candidate	candidate_only	pdf	pdf:page=53;region=explicit-vocabulary-list;scope=visible-even-pages-only;source-missing-alternate-pages=true;entry=14
Edge Vocabulary Booster 2B	edge-vocabulary-booster-2b	alcohol addiction	alcohol addiction	noun phrase		Social issues	53	Edge Vocabulary Booster 2B visible PDF p.53		visible-even-pages-only; source-missing-alternate-pages; explicit target-list term and printed POS only; editorial review required.	lexical_candidate	candidate_only	pdf	pdf:page=53;region=explicit-vocabulary-list;scope=visible-even-pages-only;source-missing-alternate-pages=true;entry=15
Edge Vocabulary Booster 2B	edge-vocabulary-booster-2b	discrimination	discrimination	noun		Social issues	53	Edge Vocabulary Booster 2B visible PDF p.53		visible-even-pages-only; source-missing-alternate-pages; explicit target-list term and printed POS only; editorial review required.	lexical_candidate	candidate_only	pdf	pdf:page=53;region=explicit-vocabulary-list;scope=visible-even-pages-only;source-missing-alternate-pages=true;entry=16
Edge Vocabulary Booster 2B	edge-vocabulary-booster-2b	drug addiction	drug addiction	noun phrase		Social issues	53	Edge Vocabulary Booster 2B visible PDF p.53		visible-even-pages-only; source-missing-alternate-pages; explicit target-list term and printed POS only; editorial review required.	lexical_candidate	candidate_only	pdf	pdf:page=53;region=explicit-vocabulary-list;scope=visible-even-pages-only;source-missing-alternate-pages=true;entry=17
Edge Vocabulary Booster 2B	edge-vocabulary-booster-2b	economic inequality	economic inequality	noun phrase		Social issues	53	Edge Vocabulary Booster 2B visible PDF p.53		visible-even-pages-only; source-missing-alternate-pages; explicit target-list term and printed POS only; editorial review required.	lexical_candidate	candidate_only	pdf	pdf:page=53;region=explicit-vocabulary-list;scope=visible-even-pages-only;source-missing-alternate-pages=true;entry=18
Edge Vocabulary Booster 2B	edge-vocabulary-booster-2b	mental illness	mental illness	noun phrase		Social issues	53	Edge Vocabulary Booster 2B visible PDF p.53		visible-even-pages-only; source-missing-alternate-pages; explicit target-list term and printed POS only; editorial review required.	lexical_candidate	candidate_only	pdf	pdf:page=53;region=explicit-vocabulary-list;scope=visible-even-pages-only;source-missing-alternate-pages=true;entry=19
Edge Vocabulary Booster 2B	edge-vocabulary-booster-2b	poverty	poverty	noun		Social issues	53	Edge Vocabulary Booster 2B visible PDF p.53		visible-even-pages-only; source-missing-alternate-pages; explicit target-list term and printed POS only; editorial review required.	lexical_candidate	candidate_only	pdf	pdf:page=53;region=explicit-vocabulary-list;scope=visible-even-pages-only;source-missing-alternate-pages=true;entry=20
Edge Vocabulary Booster 2B	edge-vocabulary-booster-2b	racism	racism	noun		Social issues	53	Edge Vocabulary Booster 2B visible PDF p.53		visible-even-pages-only; source-missing-alternate-pages; explicit target-list term and printed POS only; editorial review required.	lexical_candidate	candidate_only	pdf	pdf:page=53;region=explicit-vocabulary-list;scope=visible-even-pages-only;source-missing-alternate-pages=true;entry=21
Edge Vocabulary Booster 2B	edge-vocabulary-booster-2b	caring for rescued animals	caring for rescued animals	noun phrase		Volunteer activities	53	Edge Vocabulary Booster 2B visible PDF p.53		visible-even-pages-only; source-missing-alternate-pages; explicit target-list term and printed POS only; editorial review required.	lexical_candidate	candidate_only	pdf	pdf:page=53;region=explicit-vocabulary-list;scope=visible-even-pages-only;source-missing-alternate-pages=true;entry=22
Edge Vocabulary Booster 2B	edge-vocabulary-booster-2b	coaching people with disabilities	coaching people with disabilities	noun phrase		Volunteer activities	53	Edge Vocabulary Booster 2B visible PDF p.53		visible-even-pages-only; source-missing-alternate-pages; explicit target-list term and printed POS only; editorial review required.	lexical_candidate	candidate_only	pdf	pdf:page=53;region=explicit-vocabulary-list;scope=visible-even-pages-only;source-missing-alternate-pages=true;entry=23
Edge Vocabulary Booster 2B	edge-vocabulary-booster-2b	collecting used clothing	collecting used clothing	noun phrase		Volunteer activities	53	Edge Vocabulary Booster 2B visible PDF p.53		visible-even-pages-only; source-missing-alternate-pages; explicit target-list term and printed POS only; editorial review required.	lexical_candidate	candidate_only	pdf	pdf:page=53;region=explicit-vocabulary-list;scope=visible-even-pages-only;source-missing-alternate-pages=true;entry=24
Edge Vocabulary Booster 2B	edge-vocabulary-booster-2b	delivering food to the homeless	delivering food to the homeless	noun phrase		Volunteer activities	53	Edge Vocabulary Booster 2B visible PDF p.53		visible-even-pages-only; source-missing-alternate-pages; explicit target-list term and printed POS only; editorial review required.	lexical_candidate	candidate_only	pdf	pdf:page=53;region=explicit-vocabulary-list;scope=visible-even-pages-only;source-missing-alternate-pages=true;entry=25
Edge Vocabulary Booster 2B	edge-vocabulary-booster-2b	doing household chores for the elderly	doing household chores for the elderly	noun phrase		Volunteer activities	53	Edge Vocabulary Booster 2B visible PDF p.53		visible-even-pages-only; source-missing-alternate-pages; explicit target-list term and printed POS only; editorial review required.	lexical_candidate	candidate_only	pdf	pdf:page=53;region=explicit-vocabulary-list;scope=visible-even-pages-only;source-missing-alternate-pages=true;entry=26
Edge Vocabulary Booster 2B	edge-vocabulary-booster-2b	fostering animals	fostering animals	noun phrase		Volunteer activities	53	Edge Vocabulary Booster 2B visible PDF p.53		visible-even-pages-only; source-missing-alternate-pages; explicit target-list term and printed POS only; editorial review required.	lexical_candidate	candidate_only	pdf	pdf:page=53;region=explicit-vocabulary-list;scope=visible-even-pages-only;source-missing-alternate-pages=true;entry=27
Edge Vocabulary Booster 2B	edge-vocabulary-booster-2b	organising fundraising activities	organising fundraising activities	noun phrase		Volunteer activities	53	Edge Vocabulary Booster 2B visible PDF p.53		visible-even-pages-only; source-missing-alternate-pages; explicit target-list term and printed POS only; editorial review required.	lexical_candidate	candidate_only	pdf	pdf:page=53;region=explicit-vocabulary-list;scope=visible-even-pages-only;source-missing-alternate-pages=true;entry=28
Edge Vocabulary Booster 2B	edge-vocabulary-booster-2b	storytelling in libraries	storytelling in libraries	noun phrase		Volunteer activities	53	Edge Vocabulary Booster 2B visible PDF p.53		visible-even-pages-only; source-missing-alternate-pages; explicit target-list term and printed POS only; editorial review required.	lexical_candidate	candidate_only	pdf	pdf:page=53;region=explicit-vocabulary-list;scope=visible-even-pages-only;source-missing-alternate-pages=true;entry=29
Edge Vocabulary Booster 2B	edge-vocabulary-booster-2b	tutoring children	tutoring children	noun phrase		Volunteer activities	53	Edge Vocabulary Booster 2B visible PDF p.53		visible-even-pages-only; source-missing-alternate-pages; explicit target-list term and printed POS only; editorial review required.	lexical_candidate	candidate_only	pdf	pdf:page=53;region=explicit-vocabulary-list;scope=visible-even-pages-only;source-missing-alternate-pages=true;entry=30
Edge Vocabulary Booster 2B	edge-vocabulary-booster-2b	visiting the elderly	visiting the elderly	noun phrase		Volunteer activities	53	Edge Vocabulary Booster 2B visible PDF p.53		visible-even-pages-only; source-missing-alternate-pages; explicit target-list term and printed POS only; editorial review required.	lexical_candidate	candidate_only	pdf	pdf:page=53;region=explicit-vocabulary-list;scope=visible-even-pages-only;source-missing-alternate-pages=true;entry=31
Edge Vocabulary Booster 2B	edge-vocabulary-booster-2b	voluntary work	voluntary work	noun phrase		Volunteer activities	53	Edge Vocabulary Booster 2B visible PDF p.53		visible-even-pages-only; source-missing-alternate-pages; explicit target-list term and printed POS only; editorial review required.	lexical_candidate	candidate_only	pdf	pdf:page=53;region=explicit-vocabulary-list;scope=visible-even-pages-only;source-missing-alternate-pages=true;entry=32
Edge Vocabulary Booster 2B	edge-vocabulary-booster-2b	walking dogs	walking dogs	noun phrase		Volunteer activities	53	Edge Vocabulary Booster 2B visible PDF p.53		visible-even-pages-only; source-missing-alternate-pages; explicit target-list term and printed POS only; editorial review required.	lexical_candidate	candidate_only	pdf	pdf:page=53;region=explicit-vocabulary-list;scope=visible-even-pages-only;source-missing-alternate-pages=true;entry=33
Edge Vocabulary Booster 2B	edge-vocabulary-booster-2b	find sth* worthwhile	find sth* worthwhile	verb phrase		Talking about offering help	53	Edge Vocabulary Booster 2B visible PDF p.53		visible-even-pages-only; source-missing-alternate-pages; explicit target-list term and printed POS only; editorial review required.	lexical_candidate	candidate_only	pdf	pdf:page=53;region=explicit-vocabulary-list;scope=visible-even-pages-only;source-missing-alternate-pages=true;entry=34
Edge Vocabulary Booster 2B	edge-vocabulary-booster-2b	for a good cause	for a good cause	expression		Talking about offering help	53	Edge Vocabulary Booster 2B visible PDF p.53		visible-even-pages-only; source-missing-alternate-pages; explicit target-list term and printed POS only; editorial review required.	lexical_candidate	candidate_only	pdf	pdf:page=53;region=explicit-vocabulary-list;scope=visible-even-pages-only;source-missing-alternate-pages=true;entry=35
Edge Vocabulary Booster 2B	edge-vocabulary-booster-2b	get involved	get involved	verb phrase		Talking about offering help	53	Edge Vocabulary Booster 2B visible PDF p.53		visible-even-pages-only; source-missing-alternate-pages; explicit target-list term and printed POS only; editorial review required.	lexical_candidate	candidate_only	pdf	pdf:page=53;region=explicit-vocabulary-list;scope=visible-even-pages-only;source-missing-alternate-pages=true;entry=36
Edge Vocabulary Booster 2B	edge-vocabulary-booster-2b	give back to (the community)	give back to (the community)	verb phrase		Talking about offering help	53	Edge Vocabulary Booster 2B visible PDF p.53		visible-even-pages-only; source-missing-alternate-pages; explicit target-list term and printed POS only; editorial review required.	lexical_candidate	candidate_only	pdf	pdf:page=53;region=explicit-vocabulary-list;scope=visible-even-pages-only;source-missing-alternate-pages=true;entry=37
Edge Vocabulary Booster 2B	edge-vocabulary-booster-2b	make a (big) difference	make a (big) difference	verb phrase		Talking about offering help	53	Edge Vocabulary Booster 2B visible PDF p.53		visible-even-pages-only; source-missing-alternate-pages; explicit target-list term and printed POS only; editorial review required.	lexical_candidate	candidate_only	pdf	pdf:page=53;region=explicit-vocabulary-list;scope=visible-even-pages-only;source-missing-alternate-pages=true;entry=38
Edge Vocabulary Booster 2B	edge-vocabulary-booster-2b	make an impact	make an impact	verb phrase		Talking about offering help	53	Edge Vocabulary Booster 2B visible PDF p.53		visible-even-pages-only; source-missing-alternate-pages; explicit target-list term and printed POS only; editorial review required.	lexical_candidate	candidate_only	pdf	pdf:page=53;region=explicit-vocabulary-list;scope=visible-even-pages-only;source-missing-alternate-pages=true;entry=39
Edge Vocabulary Booster 2B	edge-vocabulary-booster-2b	opportunity	opportunity	noun		Talking about offering help	53	Edge Vocabulary Booster 2B visible PDF p.53		visible-even-pages-only; source-missing-alternate-pages; explicit target-list term and printed POS only; editorial review required.	lexical_candidate	candidate_only	pdf	pdf:page=53;region=explicit-vocabulary-list;scope=visible-even-pages-only;source-missing-alternate-pages=true;entry=40
Edge Vocabulary Booster 2B	edge-vocabulary-booster-2b	raise awareness of	raise awareness of	verb phrase		Talking about offering help	53	Edge Vocabulary Booster 2B visible PDF p.53		visible-even-pages-only; source-missing-alternate-pages; explicit target-list term and printed POS only; editorial review required.	lexical_candidate	candidate_only	pdf	pdf:page=53;region=explicit-vocabulary-list;scope=visible-even-pages-only;source-missing-alternate-pages=true;entry=41
Edge Vocabulary Booster 2B	edge-vocabulary-booster-2b	show care	show care	verb phrase		Talking about offering help	53	Edge Vocabulary Booster 2B visible PDF p.53		visible-even-pages-only; source-missing-alternate-pages; explicit target-list term and printed POS only; editorial review required.	lexical_candidate	candidate_only	pdf	pdf:page=53;region=explicit-vocabulary-list;scope=visible-even-pages-only;source-missing-alternate-pages=true;entry=42
Edge Vocabulary Booster 2B	edge-vocabulary-booster-2b	charity	charity	noun		Groups or people that offer help	53	Edge Vocabulary Booster 2B visible PDF p.53		visible-even-pages-only; source-missing-alternate-pages; explicit target-list term and printed POS only; editorial review required.	lexical_candidate	candidate_only	pdf	pdf:page=53;region=explicit-vocabulary-list;scope=visible-even-pages-only;source-missing-alternate-pages=true;entry=43
Edge Vocabulary Booster 2B	edge-vocabulary-booster-2b	community centre	community centre	noun phrase		Groups or people that offer help	53	Edge Vocabulary Booster 2B visible PDF p.53		visible-even-pages-only; source-missing-alternate-pages; explicit target-list term and printed POS only; editorial review required.	lexical_candidate	candidate_only	pdf	pdf:page=53;region=explicit-vocabulary-list;scope=visible-even-pages-only;source-missing-alternate-pages=true;entry=44
Edge Vocabulary Booster 2B	edge-vocabulary-booster-2b	counsellor	counsellor	noun		Groups or people that offer help	53	Edge Vocabulary Booster 2B visible PDF p.53		visible-even-pages-only; source-missing-alternate-pages; explicit target-list term and printed POS only; editorial review required.	lexical_candidate	candidate_only	pdf	pdf:page=53;region=explicit-vocabulary-list;scope=visible-even-pages-only;source-missing-alternate-pages=true;entry=45
Edge Vocabulary Booster 2B	edge-vocabulary-booster-2b	athletic	athletic	adjective		Adjectives to describe appearance	55	Edge Vocabulary Booster 2B visible PDF p.55		visible-even-pages-only; source-missing-alternate-pages; explicit target-list term and printed POS only; editorial review required.	lexical_candidate	candidate_only	pdf	pdf:page=55;region=explicit-vocabulary-list;scope=visible-even-pages-only;source-missing-alternate-pages=true;entry=1
Edge Vocabulary Booster 2B	edge-vocabulary-booster-2b	casual	casual	adjective		Adjectives to describe appearance	55	Edge Vocabulary Booster 2B visible PDF p.55		visible-even-pages-only; source-missing-alternate-pages; explicit target-list term and printed POS only; editorial review required.	lexical_candidate	candidate_only	pdf	pdf:page=55;region=explicit-vocabulary-list;scope=visible-even-pages-only;source-missing-alternate-pages=true;entry=2
Edge Vocabulary Booster 2B	edge-vocabulary-booster-2b	chic	chic	adjective		Adjectives to describe appearance	55	Edge Vocabulary Booster 2B visible PDF p.55		visible-even-pages-only; source-missing-alternate-pages; explicit target-list term and printed POS only; editorial review required.	lexical_candidate	candidate_only	pdf	pdf:page=55;region=explicit-vocabulary-list;scope=visible-even-pages-only;source-missing-alternate-pages=true;entry=3
Edge Vocabulary Booster 2B	edge-vocabulary-booster-2b	delicate	delicate	adjective		Adjectives to describe appearance	55	Edge Vocabulary Booster 2B visible PDF p.55		visible-even-pages-only; source-missing-alternate-pages; explicit target-list term and printed POS only; editorial review required.	lexical_candidate	candidate_only	pdf	pdf:page=55;region=explicit-vocabulary-list;scope=visible-even-pages-only;source-missing-alternate-pages=true;entry=4
Edge Vocabulary Booster 2B	edge-vocabulary-booster-2b	dull	dull	adjective		Adjectives to describe appearance	55	Edge Vocabulary Booster 2B visible PDF p.55		visible-even-pages-only; source-missing-alternate-pages; explicit target-list term and printed POS only; editorial review required.	lexical_candidate	candidate_only	pdf	pdf:page=55;region=explicit-vocabulary-list;scope=visible-even-pages-only;source-missing-alternate-pages=true;entry=5
Edge Vocabulary Booster 2B	edge-vocabulary-booster-2b	elegant	elegant	adjective		Adjectives to describe appearance	55	Edge Vocabulary Booster 2B visible PDF p.55		visible-even-pages-only; source-missing-alternate-pages; explicit target-list term and printed POS only; editorial review required.	lexical_candidate	candidate_only	pdf	pdf:page=55;region=explicit-vocabulary-list;scope=visible-even-pages-only;source-missing-alternate-pages=true;entry=6
Edge Vocabulary Booster 2B	edge-vocabulary-booster-2b	glamorous	glamorous	adjective		Adjectives to describe appearance	55	Edge Vocabulary Booster 2B visible PDF p.55		visible-even-pages-only; source-missing-alternate-pages; explicit target-list term and printed POS only; editorial review required.	lexical_candidate	candidate_only	pdf	pdf:page=55;region=explicit-vocabulary-list;scope=visible-even-pages-only;source-missing-alternate-pages=true;entry=7
Edge Vocabulary Booster 2B	edge-vocabulary-booster-2b	petite	petite	adjective		Adjectives to describe appearance	55	Edge Vocabulary Booster 2B visible PDF p.55		visible-even-pages-only; source-missing-alternate-pages; explicit target-list term and printed POS only; editorial review required.	lexical_candidate	candidate_only	pdf	pdf:page=55;region=explicit-vocabulary-list;scope=visible-even-pages-only;source-missing-alternate-pages=true;entry=8
Edge Vocabulary Booster 2B	edge-vocabulary-booster-2b	plain	plain	adjective		Adjectives to describe appearance	55	Edge Vocabulary Booster 2B visible PDF p.55		visible-even-pages-only; source-missing-alternate-pages; explicit target-list term and printed POS only; editorial review required.	lexical_candidate	candidate_only	pdf	pdf:page=55;region=explicit-vocabulary-list;scope=visible-even-pages-only;source-missing-alternate-pages=true;entry=9
Edge Vocabulary Booster 2B	edge-vocabulary-booster-2b	polished	polished	adjective		Adjectives to describe appearance	55	Edge Vocabulary Booster 2B visible PDF p.55		visible-even-pages-only; source-missing-alternate-pages; explicit target-list term and printed POS only; editorial review required.	lexical_candidate	candidate_only	pdf	pdf:page=55;region=explicit-vocabulary-list;scope=visible-even-pages-only;source-missing-alternate-pages=true;entry=10
Edge Vocabulary Booster 2B	edge-vocabulary-booster-2b	presentable	presentable	adjective		Adjectives to describe appearance	55	Edge Vocabulary Booster 2B visible PDF p.55		visible-even-pages-only; source-missing-alternate-pages; explicit target-list term and printed POS only; editorial review required.	lexical_candidate	candidate_only	pdf	pdf:page=55;region=explicit-vocabulary-list;scope=visible-even-pages-only;source-missing-alternate-pages=true;entry=11
Edge Vocabulary Booster 2B	edge-vocabulary-booster-2b	radiant	radiant	adjective		Adjectives to describe appearance	55	Edge Vocabulary Booster 2B visible PDF p.55		visible-even-pages-only; source-missing-alternate-pages; explicit target-list term and printed POS only; editorial review required.	lexical_candidate	candidate_only	pdf	pdf:page=55;region=explicit-vocabulary-list;scope=visible-even-pages-only;source-missing-alternate-pages=true;entry=12
Edge Vocabulary Booster 2B	edge-vocabulary-booster-2b	scruffy	scruffy	adjective		Adjectives to describe appearance	55	Edge Vocabulary Booster 2B visible PDF p.55		visible-even-pages-only; source-missing-alternate-pages; explicit target-list term and printed POS only; editorial review required.	lexical_candidate	candidate_only	pdf	pdf:page=55;region=explicit-vocabulary-list;scope=visible-even-pages-only;source-missing-alternate-pages=true;entry=13
Edge Vocabulary Booster 2B	edge-vocabulary-booster-2b	sleek	sleek	adjective		Adjectives to describe appearance	55	Edge Vocabulary Booster 2B visible PDF p.55		visible-even-pages-only; source-missing-alternate-pages; explicit target-list term and printed POS only; editorial review required.	lexical_candidate	candidate_only	pdf	pdf:page=55;region=explicit-vocabulary-list;scope=visible-even-pages-only;source-missing-alternate-pages=true;entry=14
Edge Vocabulary Booster 2B	edge-vocabulary-booster-2b	stylish	stylish	adjective		Adjectives to describe appearance	55	Edge Vocabulary Booster 2B visible PDF p.55		visible-even-pages-only; source-missing-alternate-pages; explicit target-list term and printed POS only; editorial review required.	lexical_candidate	candidate_only	pdf	pdf:page=55;region=explicit-vocabulary-list;scope=visible-even-pages-only;source-missing-alternate-pages=true;entry=15
Edge Vocabulary Booster 2B	edge-vocabulary-booster-2b	worn	worn	adjective		Adjectives to describe appearance	55	Edge Vocabulary Booster 2B visible PDF p.55		visible-even-pages-only; source-missing-alternate-pages; explicit target-list term and printed POS only; editorial review required.	lexical_candidate	candidate_only	pdf	pdf:page=55;region=explicit-vocabulary-list;scope=visible-even-pages-only;source-missing-alternate-pages=true;entry=16
Edge Vocabulary Booster 2B	edge-vocabulary-booster-2b	accessory	accessory	noun		Words and phrases related to looking good	55	Edge Vocabulary Booster 2B visible PDF p.55		visible-even-pages-only; source-missing-alternate-pages; explicit target-list term and printed POS only; editorial review required.	lexical_candidate	candidate_only	pdf	pdf:page=55;region=explicit-vocabulary-list;scope=visible-even-pages-only;source-missing-alternate-pages=true;entry=17
Edge Vocabulary Booster 2B	edge-vocabulary-booster-2b	acne	acne	noun		Words and phrases related to looking good	55	Edge Vocabulary Booster 2B visible PDF p.55		visible-even-pages-only; source-missing-alternate-pages; explicit target-list term and printed POS only; editorial review required.	lexical_candidate	candidate_only	pdf	pdf:page=55;region=explicit-vocabulary-list;scope=visible-even-pages-only;source-missing-alternate-pages=true;entry=18
Edge Vocabulary Booster 2B	edge-vocabulary-booster-2b	appearance	appearance	noun		Words and phrases related to looking good	55	Edge Vocabulary Booster 2B visible PDF p.55		visible-even-pages-only; source-missing-alternate-pages; explicit target-list term and printed POS only; editorial review required.	lexical_candidate	candidate_only	pdf	pdf:page=55;region=explicit-vocabulary-list;scope=visible-even-pages-only;source-missing-alternate-pages=true;entry=19
Edge Vocabulary Booster 2B	edge-vocabulary-booster-2b	cosmetics	cosmetics	noun		Words and phrases related to looking good	55	Edge Vocabulary Booster 2B visible PDF p.55		visible-even-pages-only; source-missing-alternate-pages; explicit target-list term and printed POS only; editorial review required.	lexical_candidate	candidate_only	pdf	pdf:page=55;region=explicit-vocabulary-list;scope=visible-even-pages-only;source-missing-alternate-pages=true;entry=20
Edge Vocabulary Booster 2B	edge-vocabulary-booster-2b	facial cleanser	facial cleanser	noun phrase		Words and phrases related to looking good	55	Edge Vocabulary Booster 2B visible PDF p.55		visible-even-pages-only; source-missing-alternate-pages; explicit target-list term and printed POS only; editorial review required.	lexical_candidate	candidate_only	pdf	pdf:page=55;region=explicit-vocabulary-list;scope=visible-even-pages-only;source-missing-alternate-pages=true;entry=21
Edge Vocabulary Booster 2B	edge-vocabulary-booster-2b	fashion	fashion	noun		Words and phrases related to looking good	55	Edge Vocabulary Booster 2B visible PDF p.55		visible-even-pages-only; source-missing-alternate-pages; explicit target-list term and printed POS only; editorial review required.	lexical_candidate	candidate_only	pdf	pdf:page=55;region=explicit-vocabulary-list;scope=visible-even-pages-only;source-missing-alternate-pages=true;entry=22
Edge Vocabulary Booster 2B	edge-vocabulary-booster-2b	hairstyle	hairstyle	noun		Words and phrases related to looking good	55	Edge Vocabulary Booster 2B visible PDF p.55		visible-even-pages-only; source-missing-alternate-pages; explicit target-list term and printed POS only; editorial review required.	lexical_candidate	candidate_only	pdf	pdf:page=55;region=explicit-vocabulary-list;scope=visible-even-pages-only;source-missing-alternate-pages=true;entry=23
Edge Vocabulary Booster 2B	edge-vocabulary-booster-2b	inner beauty	inner beauty	noun phrase		Words and phrases related to looking good	55	Edge Vocabulary Booster 2B visible PDF p.55		visible-even-pages-only; source-missing-alternate-pages; explicit target-list term and printed POS only; editorial review required.	lexical_candidate	candidate_only	pdf	pdf:page=55;region=explicit-vocabulary-list;scope=visible-even-pages-only;source-missing-alternate-pages=true;entry=24
Edge Vocabulary Booster 2B	edge-vocabulary-booster-2b	looks	looks	noun		Words and phrases related to looking good	55	Edge Vocabulary Booster 2B visible PDF p.55		visible-even-pages-only; source-missing-alternate-pages; explicit target-list term and printed POS only; editorial review required.	lexical_candidate	candidate_only	pdf	pdf:page=55;region=explicit-vocabulary-list;scope=visible-even-pages-only;source-missing-alternate-pages=true;entry=25
Edge Vocabulary Booster 2B	edge-vocabulary-booster-2b	make-up	make-up	noun		Words and phrases related to looking good	55	Edge Vocabulary Booster 2B visible PDF p.55		visible-even-pages-only; source-missing-alternate-pages; explicit target-list term and printed POS only; editorial review required.	lexical_candidate	candidate_only	pdf	pdf:page=55;region=explicit-vocabulary-list;scope=visible-even-pages-only;source-missing-alternate-pages=true;entry=26
Edge Vocabulary Booster 2B	edge-vocabulary-booster-2b	mirror	mirror	noun		Words and phrases related to looking good	55	Edge Vocabulary Booster 2B visible PDF p.55		visible-even-pages-only; source-missing-alternate-pages; explicit target-list term and printed POS only; editorial review required.	lexical_candidate	candidate_only	pdf	pdf:page=55;region=explicit-vocabulary-list;scope=visible-even-pages-only;source-missing-alternate-pages=true;entry=27
Edge Vocabulary Booster 2B	edge-vocabulary-booster-2b	outfit	outfit	noun		Words and phrases related to looking good	55	Edge Vocabulary Booster 2B visible PDF p.55		visible-even-pages-only; source-missing-alternate-pages; explicit target-list term and printed POS only; editorial review required.	lexical_candidate	candidate_only	pdf	pdf:page=55;region=explicit-vocabulary-list;scope=visible-even-pages-only;source-missing-alternate-pages=true;entry=28
Edge Vocabulary Booster 2B	edge-vocabulary-booster-2b	plump	plump	adjective		Words and phrases related to looking good	55	Edge Vocabulary Booster 2B visible PDF p.55		visible-even-pages-only; source-missing-alternate-pages; explicit target-list term and printed POS only; editorial review required.	lexical_candidate	candidate_only	pdf	pdf:page=55;region=explicit-vocabulary-list;scope=visible-even-pages-only;source-missing-alternate-pages=true;entry=29
Edge Vocabulary Booster 2B	edge-vocabulary-booster-2b	pore	pore	noun		Words and phrases related to looking good	55	Edge Vocabulary Booster 2B visible PDF p.55		visible-even-pages-only; source-missing-alternate-pages; explicit target-list term and printed POS only; editorial review required.	lexical_candidate	candidate_only	pdf	pdf:page=55;region=explicit-vocabulary-list;scope=visible-even-pages-only;source-missing-alternate-pages=true;entry=30
Edge Vocabulary Booster 2B	edge-vocabulary-booster-2b	puffy	puffy	adjective		Words and phrases related to looking good	55	Edge Vocabulary Booster 2B visible PDF p.55		visible-even-pages-only; source-missing-alternate-pages; explicit target-list term and printed POS only; editorial review required.	lexical_candidate	candidate_only	pdf	pdf:page=55;region=explicit-vocabulary-list;scope=visible-even-pages-only;source-missing-alternate-pages=true;entry=31
Edge Vocabulary Booster 2B	edge-vocabulary-booster-2b	skincare routine	skincare routine	noun phrase		Words and phrases related to looking good	55	Edge Vocabulary Booster 2B visible PDF p.55		visible-even-pages-only; source-missing-alternate-pages; explicit target-list term and printed POS only; editorial review required.	lexical_candidate	candidate_only	pdf	pdf:page=55;region=explicit-vocabulary-list;scope=visible-even-pages-only;source-missing-alternate-pages=true;entry=32
Edge Vocabulary Booster 2B	edge-vocabulary-booster-2b	slim	slim	adjective		Words and phrases related to looking good	55	Edge Vocabulary Booster 2B visible PDF p.55		visible-even-pages-only; source-missing-alternate-pages; explicit target-list term and printed POS only; editorial review required.	lexical_candidate	candidate_only	pdf	pdf:page=55;region=explicit-vocabulary-list;scope=visible-even-pages-only;source-missing-alternate-pages=true;entry=33
Edge Vocabulary Booster 2B	edge-vocabulary-booster-2b	style	style	noun		Words and phrases related to looking good	55	Edge Vocabulary Booster 2B visible PDF p.55		visible-even-pages-only; source-missing-alternate-pages; explicit target-list term and printed POS only; editorial review required.	lexical_candidate	candidate_only	pdf	pdf:page=55;region=explicit-vocabulary-list;scope=visible-even-pages-only;source-missing-alternate-pages=true;entry=34
Edge Vocabulary Booster 2B	edge-vocabulary-booster-2b	a small fortune	a small fortune	noun phrase		Other vocabulary	55	Edge Vocabulary Booster 2B visible PDF p.55		visible-even-pages-only; source-missing-alternate-pages; explicit target-list term and printed POS only; editorial review required.	lexical_candidate	candidate_only	pdf	pdf:page=55;region=explicit-vocabulary-list;scope=visible-even-pages-only;source-missing-alternate-pages=true;entry=35
Edge Vocabulary Booster 2B	edge-vocabulary-booster-2b	artistic	artistic	adjective		Other vocabulary	55	Edge Vocabulary Booster 2B visible PDF p.55		visible-even-pages-only; source-missing-alternate-pages; explicit target-list term and printed POS only; editorial review required.	lexical_candidate	candidate_only	pdf	pdf:page=55;region=explicit-vocabulary-list;scope=visible-even-pages-only;source-missing-alternate-pages=true;entry=36
Edge Vocabulary Booster 2B	edge-vocabulary-booster-2b	be out and about	be out and about	expression		Other vocabulary	55	Edge Vocabulary Booster 2B visible PDF p.55		visible-even-pages-only; source-missing-alternate-pages; explicit target-list term and printed POS only; editorial review required.	lexical_candidate	candidate_only	pdf	pdf:page=55;region=explicit-vocabulary-list;scope=visible-even-pages-only;source-missing-alternate-pages=true;entry=37
Edge Vocabulary Booster 2B	edge-vocabulary-booster-2b	celebrity	celebrity	noun		Other vocabulary	55	Edge Vocabulary Booster 2B visible PDF p.55		visible-even-pages-only; source-missing-alternate-pages; explicit target-list term and printed POS only; editorial review required.	lexical_candidate	candidate_only	pdf	pdf:page=55;region=explicit-vocabulary-list;scope=visible-even-pages-only;source-missing-alternate-pages=true;entry=38
Edge Vocabulary Booster 2B	edge-vocabulary-booster-2b	compliment	compliment	noun		Other vocabulary	55	Edge Vocabulary Booster 2B visible PDF p.55		visible-even-pages-only; source-missing-alternate-pages; explicit target-list term and printed POS only; editorial review required.	lexical_candidate	candidate_only	pdf	pdf:page=55;region=explicit-vocabulary-list;scope=visible-even-pages-only;source-missing-alternate-pages=true;entry=39
Edge Vocabulary Booster 2B	edge-vocabulary-booster-2b	criticise	criticise	verb		Other vocabulary	55	Edge Vocabulary Booster 2B visible PDF p.55		visible-even-pages-only; source-missing-alternate-pages; explicit target-list term and printed POS only; editorial review required.	lexical_candidate	candidate_only	pdf	pdf:page=55;region=explicit-vocabulary-list;scope=visible-even-pages-only;source-missing-alternate-pages=true;entry=40
Edge Vocabulary Booster 2B	edge-vocabulary-booster-2b	damage	damage	noun		Other vocabulary	55	Edge Vocabulary Booster 2B visible PDF p.55		visible-even-pages-only; source-missing-alternate-pages; explicit target-list term and printed POS only; editorial review required.	lexical_candidate	candidate_only	pdf	pdf:page=55;region=explicit-vocabulary-list;scope=visible-even-pages-only;source-missing-alternate-pages=true;entry=41
Edge Vocabulary Booster 2B	edge-vocabulary-booster-2b	define	define	verb		Other vocabulary	55	Edge Vocabulary Booster 2B visible PDF p.55		visible-even-pages-only; source-missing-alternate-pages; explicit target-list term and printed POS only; editorial review required.	lexical_candidate	candidate_only	pdf	pdf:page=55;region=explicit-vocabulary-list;scope=visible-even-pages-only;source-missing-alternate-pages=true;entry=42
Edge Vocabulary Booster 2B	edge-vocabulary-booster-2b	disapprove	disapprove	verb		Other vocabulary	55	Edge Vocabulary Booster 2B visible PDF p.55		visible-even-pages-only; source-missing-alternate-pages; explicit target-list term and printed POS only; editorial review required.	lexical_candidate	candidate_only	pdf	pdf:page=55;region=explicit-vocabulary-list;scope=visible-even-pages-only;source-missing-alternate-pages=true;entry=43
Edge Vocabulary Booster 2B	edge-vocabulary-booster-2b	dissatisfied	dissatisfied	adjective		Other vocabulary	55	Edge Vocabulary Booster 2B visible PDF p.55		visible-even-pages-only; source-missing-alternate-pages; explicit target-list term and printed POS only; editorial review required.	lexical_candidate	candidate_only	pdf	pdf:page=55;region=explicit-vocabulary-list;scope=visible-even-pages-only;source-missing-alternate-pages=true;entry=44
Edge Vocabulary Booster 2B	edge-vocabulary-booster-2b	effect	effect	noun		Other vocabulary	55	Edge Vocabulary Booster 2B visible PDF p.55		visible-even-pages-only; source-missing-alternate-pages; explicit target-list term and printed POS only; editorial review required.	lexical_candidate	candidate_only	pdf	pdf:page=55;region=explicit-vocabulary-list;scope=visible-even-pages-only;source-missing-alternate-pages=true;entry=45
Edge Vocabulary Booster 2B	edge-vocabulary-booster-2b	event	event	noun		Other vocabulary	55	Edge Vocabulary Booster 2B visible PDF p.55		visible-even-pages-only; source-missing-alternate-pages; explicit target-list term and printed POS only; editorial review required.	lexical_candidate	candidate_only	pdf	pdf:page=55;region=explicit-vocabulary-list;scope=visible-even-pages-only;source-missing-alternate-pages=true;entry=46
Edge Vocabulary Booster 2B	edge-vocabulary-booster-2b	formal	formal	adjective		Other vocabulary	55	Edge Vocabulary Booster 2B visible PDF p.55		visible-even-pages-only; source-missing-alternate-pages; explicit target-list term and printed POS only; editorial review required.	lexical_candidate	candidate_only	pdf	pdf:page=55;region=explicit-vocabulary-list;scope=visible-even-pages-only;source-missing-alternate-pages=true;entry=47
Edge Vocabulary Booster 2B	edge-vocabulary-booster-2b	harmful	harmful	adjective		Other vocabulary	55	Edge Vocabulary Booster 2B visible PDF p.55		visible-even-pages-only; source-missing-alternate-pages; explicit target-list term and printed POS only; editorial review required.	lexical_candidate	candidate_only	pdf	pdf:page=55;region=explicit-vocabulary-list;scope=visible-even-pages-only;source-missing-alternate-pages=true;entry=48
Edge Vocabulary Booster 2B	edge-vocabulary-booster-2b	harmless	harmless	adjective		Other vocabulary	55	Edge Vocabulary Booster 2B visible PDF p.55		visible-even-pages-only; source-missing-alternate-pages; explicit target-list term and printed POS only; editorial review required.	lexical_candidate	candidate_only	pdf	pdf:page=55;region=explicit-vocabulary-list;scope=visible-even-pages-only;source-missing-alternate-pages=true;entry=49
Edge Vocabulary Booster 2B	edge-vocabulary-booster-2b	hate mail	hate mail	noun phrase		Other vocabulary	55	Edge Vocabulary Booster 2B visible PDF p.55		visible-even-pages-only; source-missing-alternate-pages; explicit target-list term and printed POS only; editorial review required.	lexical_candidate	candidate_only	pdf	pdf:page=55;region=explicit-vocabulary-list;scope=visible-even-pages-only;source-missing-alternate-pages=true;entry=50
Edge Vocabulary Booster 2B	edge-vocabulary-booster-2b	image filter	image filter	noun phrase		Other vocabulary	55	Edge Vocabulary Booster 2B visible PDF p.55		visible-even-pages-only; source-missing-alternate-pages; explicit target-list term and printed POS only; editorial review required.	lexical_candidate	candidate_only	pdf	pdf:page=55;region=explicit-vocabulary-list;scope=visible-even-pages-only;source-missing-alternate-pages=true;entry=51
Edge Vocabulary Booster 2B	edge-vocabulary-booster-2b	imaginary	imaginary	adjective		Other vocabulary	55	Edge Vocabulary Booster 2B visible PDF p.55		visible-even-pages-only; source-missing-alternate-pages; explicit target-list term and printed POS only; editorial review required.	lexical_candidate	candidate_only	pdf	pdf:page=55;region=explicit-vocabulary-list;scope=visible-even-pages-only;source-missing-alternate-pages=true;entry=52
Edge Vocabulary Booster 2B	edge-vocabulary-booster-2b	immature	immature	adjective		Other vocabulary	55	Edge Vocabulary Booster 2B visible PDF p.55		visible-even-pages-only; source-missing-alternate-pages; explicit target-list term and printed POS only; editorial review required.	lexical_candidate	candidate_only	pdf	pdf:page=55;region=explicit-vocabulary-list;scope=visible-even-pages-only;source-missing-alternate-pages=true;entry=53
Edge Vocabulary Booster 2B	edge-vocabulary-booster-2b	in all honesty	in all honesty	expression		Other vocabulary	55	Edge Vocabulary Booster 2B visible PDF p.55		visible-even-pages-only; source-missing-alternate-pages; explicit target-list term and printed POS only; editorial review required.	lexical_candidate	candidate_only	pdf	pdf:page=55;region=explicit-vocabulary-list;scope=visible-even-pages-only;source-missing-alternate-pages=true;entry=54
Edge Vocabulary Booster 2B	edge-vocabulary-booster-2b	interview	interview	noun		Other vocabulary	55	Edge Vocabulary Booster 2B visible PDF p.55		visible-even-pages-only; source-missing-alternate-pages; explicit target-list term and printed POS only; editorial review required.	lexical_candidate	candidate_only	pdf	pdf:page=55;region=explicit-vocabulary-list;scope=visible-even-pages-only;source-missing-alternate-pages=true;entry=55
Edge Vocabulary Booster 2B	edge-vocabulary-booster-2b	mood	mood	noun		Other vocabulary	55	Edge Vocabulary Booster 2B visible PDF p.55		visible-even-pages-only; source-missing-alternate-pages; explicit target-list term and printed POS only; editorial review required.	lexical_candidate	candidate_only	pdf	pdf:page=55;region=explicit-vocabulary-list;scope=visible-even-pages-only;source-missing-alternate-pages=true;entry=56
Edge Vocabulary Booster 2B	edge-vocabulary-booster-2b	occasion	occasion	noun		Other vocabulary	55	Edge Vocabulary Booster 2B visible PDF p.55		visible-even-pages-only; source-missing-alternate-pages; explicit target-list term and printed POS only; editorial review required.	lexical_candidate	candidate_only	pdf	pdf:page=55;region=explicit-vocabulary-list;scope=visible-even-pages-only;source-missing-alternate-pages=true;entry=57
Edge Vocabulary Booster 2B	edge-vocabulary-booster-2b	permanent	permanent	adjective		Other vocabulary	55	Edge Vocabulary Booster 2B visible PDF p.55		visible-even-pages-only; source-missing-alternate-pages; explicit target-list term and printed POS only; editorial review required.	lexical_candidate	candidate_only	pdf	pdf:page=55;region=explicit-vocabulary-list;scope=visible-even-pages-only;source-missing-alternate-pages=true;entry=58
Edge Vocabulary Booster 2B	edge-vocabulary-booster-2b	preteen	preteen	noun		Other vocabulary	55	Edge Vocabulary Booster 2B visible PDF p.55		visible-even-pages-only; source-missing-alternate-pages; explicit target-list term and printed POS only; editorial review required.	lexical_candidate	candidate_only	pdf	pdf:page=55;region=explicit-vocabulary-list;scope=visible-even-pages-only;source-missing-alternate-pages=true;entry=59
Edge Vocabulary Booster 2B	edge-vocabulary-booster-2b	social media account	social media account	noun phrase		Other vocabulary	55	Edge Vocabulary Booster 2B visible PDF p.55		visible-even-pages-only; source-missing-alternate-pages; explicit target-list term and printed POS only; editorial review required.	lexical_candidate	candidate_only	pdf	pdf:page=55;region=explicit-vocabulary-list;scope=visible-even-pages-only;source-missing-alternate-pages=true;entry=60
Edge Vocabulary Booster 2B	edge-vocabulary-booster-2b	stand out	stand out	phrasal verb		Other vocabulary	55	Edge Vocabulary Booster 2B visible PDF p.55		visible-even-pages-only; source-missing-alternate-pages; explicit target-list term and printed POS only; editorial review required.	lexical_candidate	candidate_only	pdf	pdf:page=55;region=explicit-vocabulary-list;scope=visible-even-pages-only;source-missing-alternate-pages=true;entry=61
Edge Vocabulary Booster 2B	edge-vocabulary-booster-2b	subjective	subjective	adjective		Other vocabulary	55	Edge Vocabulary Booster 2B visible PDF p.55		visible-even-pages-only; source-missing-alternate-pages; explicit target-list term and printed POS only; editorial review required.	lexical_candidate	candidate_only	pdf	pdf:page=55;region=explicit-vocabulary-list;scope=visible-even-pages-only;source-missing-alternate-pages=true;entry=62
Edge Vocabulary Booster 2B	edge-vocabulary-booster-2b	trend	trend	noun		Other vocabulary	55	Edge Vocabulary Booster 2B visible PDF p.55		visible-even-pages-only; source-missing-alternate-pages; explicit target-list term and printed POS only; editorial review required.	lexical_candidate	candidate_only	pdf	pdf:page=55;region=explicit-vocabulary-list;scope=visible-even-pages-only;source-missing-alternate-pages=true;entry=63
Edge Vocabulary Booster 2B	edge-vocabulary-booster-2b	trickery	trickery	noun		Other vocabulary	55	Edge Vocabulary Booster 2B visible PDF p.55		visible-even-pages-only; source-missing-alternate-pages; explicit target-list term and printed POS only; editorial review required.	lexical_candidate	candidate_only	pdf	pdf:page=55;region=explicit-vocabulary-list;scope=visible-even-pages-only;source-missing-alternate-pages=true;entry=64
Edge Vocabulary Booster 2B	edge-vocabulary-booster-2b	unique	unique	adjective		Other vocabulary	55	Edge Vocabulary Booster 2B visible PDF p.55		visible-even-pages-only; source-missing-alternate-pages; explicit target-list term and printed POS only; editorial review required.	lexical_candidate	candidate_only	pdf	pdf:page=55;region=explicit-vocabulary-list;scope=visible-even-pages-only;source-missing-alternate-pages=true;entry=65
Edge Vocabulary Booster 2B	edge-vocabulary-booster-2b	better late than never	better late than never	expression		Useful expressions about life lessons	57	Edge Vocabulary Booster 2B visible PDF p.57		visible-even-pages-only; source-missing-alternate-pages; explicit target-list term and printed POS only; editorial review required.	lexical_candidate	candidate_only	pdf	pdf:page=57;region=explicit-vocabulary-list;scope=visible-even-pages-only;source-missing-alternate-pages=true;entry=1
Edge Vocabulary Booster 2B	edge-vocabulary-booster-2b	don't cry over spilt milk	don't cry over spilt milk	expression		Useful expressions about life lessons	57	Edge Vocabulary Booster 2B visible PDF p.57		visible-even-pages-only; source-missing-alternate-pages; explicit target-list term and printed POS only; editorial review required.	lexical_candidate	candidate_only	pdf	pdf:page=57;region=explicit-vocabulary-list;scope=visible-even-pages-only;source-missing-alternate-pages=true;entry=2
Edge Vocabulary Booster 2B	edge-vocabulary-booster-2b	honesty is the best policy	honesty is the best policy	expression		Useful expressions about life lessons	57	Edge Vocabulary Booster 2B visible PDF p.57		visible-even-pages-only; source-missing-alternate-pages; explicit target-list term and printed POS only; editorial review required.	lexical_candidate	candidate_only	pdf	pdf:page=57;region=explicit-vocabulary-list;scope=visible-even-pages-only;source-missing-alternate-pages=true;entry=3
Edge Vocabulary Booster 2B	edge-vocabulary-booster-2b	practice makes perfect	practice makes perfect	expression		Useful expressions about life lessons	57	Edge Vocabulary Booster 2B visible PDF p.57		visible-even-pages-only; source-missing-alternate-pages; explicit target-list term and printed POS only; editorial review required.	lexical_candidate	candidate_only	pdf	pdf:page=57;region=explicit-vocabulary-list;scope=visible-even-pages-only;source-missing-alternate-pages=true;entry=4
Edge Vocabulary Booster 2B	edge-vocabulary-booster-2b	practise what you preach	practise what you preach	expression		Useful expressions about life lessons	57	Edge Vocabulary Booster 2B visible PDF p.57		visible-even-pages-only; source-missing-alternate-pages; explicit target-list term and printed POS only; editorial review required.	lexical_candidate	candidate_only	pdf	pdf:page=57;region=explicit-vocabulary-list;scope=visible-even-pages-only;source-missing-alternate-pages=true;entry=5
Edge Vocabulary Booster 2B	edge-vocabulary-booster-2b	take the bull by the horns	take the bull by the horns	expression		Useful expressions about life lessons	57	Edge Vocabulary Booster 2B visible PDF p.57		visible-even-pages-only; source-missing-alternate-pages; explicit target-list term and printed POS only; editorial review required.	lexical_candidate	candidate_only	pdf	pdf:page=57;region=explicit-vocabulary-list;scope=visible-even-pages-only;source-missing-alternate-pages=true;entry=6
Edge Vocabulary Booster 2B	edge-vocabulary-booster-2b	the early bird catches the worm	the early bird catches the worm	expression		Useful expressions about life lessons	57	Edge Vocabulary Booster 2B visible PDF p.57		visible-even-pages-only; source-missing-alternate-pages; explicit target-list term and printed POS only; editorial review required.	lexical_candidate	candidate_only	pdf	pdf:page=57;region=explicit-vocabulary-list;scope=visible-even-pages-only;source-missing-alternate-pages=true;entry=7
Edge Vocabulary Booster 2B	edge-vocabulary-booster-2b	two heads are better than one	two heads are better than one	expression		Useful expressions about life lessons	57	Edge Vocabulary Booster 2B visible PDF p.57		visible-even-pages-only; source-missing-alternate-pages; explicit target-list term and printed POS only; editorial review required.	lexical_candidate	candidate_only	pdf	pdf:page=57;region=explicit-vocabulary-list;scope=visible-even-pages-only;source-missing-alternate-pages=true;entry=8
Edge Vocabulary Booster 2B	edge-vocabulary-booster-2b	you reap what you sow	you reap what you sow	expression		Useful expressions about life lessons	57	Edge Vocabulary Booster 2B visible PDF p.57		visible-even-pages-only; source-missing-alternate-pages; explicit target-list term and printed POS only; editorial review required.	lexical_candidate	candidate_only	pdf	pdf:page=57;region=explicit-vocabulary-list;scope=visible-even-pages-only;source-missing-alternate-pages=true;entry=9
Edge Vocabulary Booster 2B	edge-vocabulary-booster-2b	appeal	appeal	verb		Other vocabulary	57	Edge Vocabulary Booster 2B visible PDF p.57		visible-even-pages-only; source-missing-alternate-pages; explicit target-list term and printed POS only; editorial review required.	lexical_candidate	candidate_only	pdf	pdf:page=57;region=explicit-vocabulary-list;scope=visible-even-pages-only;source-missing-alternate-pages=true;entry=10
Edge Vocabulary Booster 2B	edge-vocabulary-booster-2b	eye-opener	eye-opener	noun		Other vocabulary	57	Edge Vocabulary Booster 2B visible PDF p.57		visible-even-pages-only; source-missing-alternate-pages; explicit target-list term and printed POS only; editorial review required.	lexical_candidate	candidate_only	pdf	pdf:page=57;region=explicit-vocabulary-list;scope=visible-even-pages-only;source-missing-alternate-pages=true;entry=11
Edge Vocabulary Booster 2B	edge-vocabulary-booster-2b	life lesson	life lesson	noun phrase		Other vocabulary	57	Edge Vocabulary Booster 2B visible PDF p.57		visible-even-pages-only; source-missing-alternate-pages; explicit target-list term and printed POS only; editorial review required.	lexical_candidate	candidate_only	pdf	pdf:page=57;region=explicit-vocabulary-list;scope=visible-even-pages-only;source-missing-alternate-pages=true;entry=12
Edge Vocabulary Booster 2B	edge-vocabulary-booster-2b	moral	moral	noun		Other vocabulary	57	Edge Vocabulary Booster 2B visible PDF p.57		visible-even-pages-only; source-missing-alternate-pages; explicit target-list term and printed POS only; editorial review required.	lexical_candidate	candidate_only	pdf	pdf:page=57;region=explicit-vocabulary-list;scope=visible-even-pages-only;source-missing-alternate-pages=true;entry=13
Edge Vocabulary Booster 2B	edge-vocabulary-booster-2b	timeless	timeless	adjective		Other vocabulary	57	Edge Vocabulary Booster 2B visible PDF p.57		visible-even-pages-only; source-missing-alternate-pages; explicit target-list term and printed POS only; editorial review required.	lexical_candidate	candidate_only	pdf	pdf:page=57;region=explicit-vocabulary-list;scope=visible-even-pages-only;source-missing-alternate-pages=true;entry=14
Edge Vocabulary Booster 2B	edge-vocabulary-booster-2b	universal	universal	adjective		Other vocabulary	57	Edge Vocabulary Booster 2B visible PDF p.57		visible-even-pages-only; source-missing-alternate-pages; explicit target-list term and printed POS only; editorial review required.	lexical_candidate	candidate_only	pdf	pdf:page=57;region=explicit-vocabulary-list;scope=visible-even-pages-only;source-missing-alternate-pages=true;entry=15
Edge Vocabulary Booster 2B	edge-vocabulary-booster-2b	word-of-mouth	word-of-mouth	noun		Other vocabulary	57	Edge Vocabulary Booster 2B visible PDF p.57		visible-even-pages-only; source-missing-alternate-pages; explicit target-list term and printed POS only; editorial review required.	lexical_candidate	candidate_only	pdf	pdf:page=57;region=explicit-vocabulary-list;scope=visible-even-pages-only;source-missing-alternate-pages=true;entry=16
Edge Vocabulary Booster 2B	edge-vocabulary-booster-2b	adventurer	adventurer	noun		Inspiring people - Types of inspiring people	57	Edge Vocabulary Booster 2B visible PDF p.57		visible-even-pages-only; source-missing-alternate-pages; explicit target-list term and printed POS only; editorial review required.	lexical_candidate	candidate_only	pdf	pdf:page=57;region=explicit-vocabulary-list;scope=visible-even-pages-only;source-missing-alternate-pages=true;entry=17
Edge Vocabulary Booster 2B	edge-vocabulary-booster-2b	businessperson	businessperson	noun		Inspiring people - Types of inspiring people	57	Edge Vocabulary Booster 2B visible PDF p.57		visible-even-pages-only; source-missing-alternate-pages; explicit target-list term and printed POS only; editorial review required.	lexical_candidate	candidate_only	pdf	pdf:page=57;region=explicit-vocabulary-list;scope=visible-even-pages-only;source-missing-alternate-pages=true;entry=18
Edge Vocabulary Booster 2B	edge-vocabulary-booster-2b	entertainer	entertainer	noun		Inspiring people - Types of inspiring people	57	Edge Vocabulary Booster 2B visible PDF p.57		visible-even-pages-only; source-missing-alternate-pages; explicit target-list term and printed POS only; editorial review required.	lexical_candidate	candidate_only	pdf	pdf:page=57;region=explicit-vocabulary-list;scope=visible-even-pages-only;source-missing-alternate-pages=true;entry=19
Edge Vocabulary Booster 2B	edge-vocabulary-booster-2b	founder	founder	noun		Inspiring people - Types of inspiring people	57	Edge Vocabulary Booster 2B visible PDF p.57		visible-even-pages-only; source-missing-alternate-pages; explicit target-list term and printed POS only; editorial review required.	lexical_candidate	candidate_only	pdf	pdf:page=57;region=explicit-vocabulary-list;scope=visible-even-pages-only;source-missing-alternate-pages=true;entry=20
Edge Vocabulary Booster 2B	edge-vocabulary-booster-2b	inventor	inventor	noun		Inspiring people - Types of inspiring people	57	Edge Vocabulary Booster 2B visible PDF p.57		visible-even-pages-only; source-missing-alternate-pages; explicit target-list term and printed POS only; editorial review required.	lexical_candidate	candidate_only	pdf	pdf:page=57;region=explicit-vocabulary-list;scope=visible-even-pages-only;source-missing-alternate-pages=true;entry=21
Edge Vocabulary Booster 2B	edge-vocabulary-booster-2b	novelist	novelist	noun		Inspiring people - Types of inspiring people	57	Edge Vocabulary Booster 2B visible PDF p.57		visible-even-pages-only; source-missing-alternate-pages; explicit target-list term and printed POS only; editorial review required.	lexical_candidate	candidate_only	pdf	pdf:page=57;region=explicit-vocabulary-list;scope=visible-even-pages-only;source-missing-alternate-pages=true;entry=22
Edge Vocabulary Booster 2B	edge-vocabulary-booster-2b	role model	role model	noun phrase		Inspiring people - Types of inspiring people	57	Edge Vocabulary Booster 2B visible PDF p.57		visible-even-pages-only; source-missing-alternate-pages; explicit target-list term and printed POS only; editorial review required.	lexical_candidate	candidate_only	pdf	pdf:page=57;region=explicit-vocabulary-list;scope=visible-even-pages-only;source-missing-alternate-pages=true;entry=23
Edge Vocabulary Booster 2B	edge-vocabulary-booster-2b	scientist	scientist	noun		Inspiring people - Types of inspiring people	57	Edge Vocabulary Booster 2B visible PDF p.57		visible-even-pages-only; source-missing-alternate-pages; explicit target-list term and printed POS only; editorial review required.	lexical_candidate	candidate_only	pdf	pdf:page=57;region=explicit-vocabulary-list;scope=visible-even-pages-only;source-missing-alternate-pages=true;entry=24
Edge Vocabulary Booster 2B	edge-vocabulary-booster-2b	songwriter	songwriter	noun		Inspiring people - Types of inspiring people	57	Edge Vocabulary Booster 2B visible PDF p.57		visible-even-pages-only; source-missing-alternate-pages; explicit target-list term and printed POS only; editorial review required.	lexical_candidate	candidate_only	pdf	pdf:page=57;region=explicit-vocabulary-list;scope=visible-even-pages-only;source-missing-alternate-pages=true;entry=25
Edge Vocabulary Booster 2B	edge-vocabulary-booster-2b	thinker	thinker	noun		Inspiring people - Types of inspiring people	57	Edge Vocabulary Booster 2B visible PDF p.57		visible-even-pages-only; source-missing-alternate-pages; explicit target-list term and printed POS only; editorial review required.	lexical_candidate	candidate_only	pdf	pdf:page=57;region=explicit-vocabulary-list;scope=visible-even-pages-only;source-missing-alternate-pages=true;entry=26
Edge Vocabulary Booster 2B	edge-vocabulary-booster-2b	writer	writer	noun		Inspiring people - Types of inspiring people	57	Edge Vocabulary Booster 2B visible PDF p.57		visible-even-pages-only; source-missing-alternate-pages; explicit target-list term and printed POS only; editorial review required.	lexical_candidate	candidate_only	pdf	pdf:page=57;region=explicit-vocabulary-list;scope=visible-even-pages-only;source-missing-alternate-pages=true;entry=27
Edge Vocabulary Booster 2B	edge-vocabulary-booster-2b	advocate	advocate	noun		Inspiring people - Types of inspiring people	57	Edge Vocabulary Booster 2B visible PDF p.57		visible-even-pages-only; source-missing-alternate-pages; explicit target-list term and printed POS only; editorial review required.	lexical_candidate	candidate_only	pdf	pdf:page=57;region=explicit-vocabulary-list;scope=visible-even-pages-only;source-missing-alternate-pages=true;entry=28
Edge Vocabulary Booster 2B	edge-vocabulary-booster-2b	pioneer	pioneer	noun		Inspiring people - Types of inspiring people	57	Edge Vocabulary Booster 2B visible PDF p.57		visible-even-pages-only; source-missing-alternate-pages; explicit target-list term and printed POS only; editorial review required.	lexical_candidate	candidate_only	pdf	pdf:page=57;region=explicit-vocabulary-list;scope=visible-even-pages-only;source-missing-alternate-pages=true;entry=29
Edge Vocabulary Booster 2B	edge-vocabulary-booster-2b	prodigy	prodigy	noun		Inspiring people - Types of inspiring people	57	Edge Vocabulary Booster 2B visible PDF p.57		visible-even-pages-only; source-missing-alternate-pages; explicit target-list term and printed POS only; editorial review required.	lexical_candidate	candidate_only	pdf	pdf:page=57;region=explicit-vocabulary-list;scope=visible-even-pages-only;source-missing-alternate-pages=true;entry=30
Edge Vocabulary Booster 2B	edge-vocabulary-booster-2b	break a record	break a record	verb phrase		Types of achievements	57	Edge Vocabulary Booster 2B visible PDF p.57		visible-even-pages-only; source-missing-alternate-pages; explicit target-list term and printed POS only; editorial review required.	lexical_candidate	candidate_only	pdf	pdf:page=57;region=explicit-vocabulary-list;scope=visible-even-pages-only;source-missing-alternate-pages=true;entry=31
Edge Vocabulary Booster 2B	edge-vocabulary-booster-2b	create a world-changing invention	create a world-changing invention	verb phrase		Types of achievements	57	Edge Vocabulary Booster 2B visible PDF p.57		visible-even-pages-only; source-missing-alternate-pages; explicit target-list term and printed POS only; editorial review required.	lexical_candidate	candidate_only	pdf	pdf:page=57;region=explicit-vocabulary-list;scope=visible-even-pages-only;source-missing-alternate-pages=true;entry=32
Edge Vocabulary Booster 2B	edge-vocabulary-booster-2b	follow one's dreams	follow one's dreams	verb phrase		Types of achievements	57	Edge Vocabulary Booster 2B visible PDF p.57		visible-even-pages-only; source-missing-alternate-pages; explicit target-list term and printed POS only; editorial review required.	lexical_candidate	candidate_only	pdf	pdf:page=57;region=explicit-vocabulary-list;scope=visible-even-pages-only;source-missing-alternate-pages=true;entry=33
Edge Vocabulary Booster 2B	edge-vocabulary-booster-2b	gain recognition	gain recognition	verb phrase		Types of achievements	57	Edge Vocabulary Booster 2B visible PDF p.57		visible-even-pages-only; source-missing-alternate-pages; explicit target-list term and printed POS only; editorial review required.	lexical_candidate	candidate_only	pdf	pdf:page=57;region=explicit-vocabulary-list;scope=visible-even-pages-only;source-missing-alternate-pages=true;entry=34
Edge Vocabulary Booster 2B	edge-vocabulary-booster-2b	improve people's lives	improve people's lives	verb phrase		Types of achievements	57	Edge Vocabulary Booster 2B visible PDF p.57		visible-even-pages-only; source-missing-alternate-pages; explicit target-list term and printed POS only; editorial review required.	lexical_candidate	candidate_only	pdf	pdf:page=57;region=explicit-vocabulary-list;scope=visible-even-pages-only;source-missing-alternate-pages=true;entry=35
Edge Vocabulary Booster 2B	edge-vocabulary-booster-2b	launch a product	launch a product	verb phrase		Types of achievements	57	Edge Vocabulary Booster 2B visible PDF p.57		visible-even-pages-only; source-missing-alternate-pages; explicit target-list term and printed POS only; editorial review required.	lexical_candidate	candidate_only	pdf	pdf:page=57;region=explicit-vocabulary-list;scope=visible-even-pages-only;source-missing-alternate-pages=true;entry=36
Edge Vocabulary Booster 2B	edge-vocabulary-booster-2b	launch a successful business	launch a successful business	verb phrase		Types of achievements	57	Edge Vocabulary Booster 2B visible PDF p.57		visible-even-pages-only; source-missing-alternate-pages; explicit target-list term and printed POS only; editorial review required.	lexical_candidate	candidate_only	pdf	pdf:page=57;region=explicit-vocabulary-list;scope=visible-even-pages-only;source-missing-alternate-pages=true;entry=37
Edge Vocabulary Booster 2B	edge-vocabulary-booster-2b	leave an important mark	leave an important mark	verb phrase		Types of achievements	57	Edge Vocabulary Booster 2B visible PDF p.57		visible-even-pages-only; source-missing-alternate-pages; explicit target-list term and printed POS only; editorial review required.	lexical_candidate	candidate_only	pdf	pdf:page=57;region=explicit-vocabulary-list;scope=visible-even-pages-only;source-missing-alternate-pages=true;entry=38
Edge Vocabulary Booster 2B	edge-vocabulary-booster-2b	make a breakthrough	make a breakthrough	verb phrase		Types of achievements	57	Edge Vocabulary Booster 2B visible PDF p.57		visible-even-pages-only; source-missing-alternate-pages; explicit target-list term and printed POS only; editorial review required.	lexical_candidate	candidate_only	pdf	pdf:page=57;region=explicit-vocabulary-list;scope=visible-even-pages-only;source-missing-alternate-pages=true;entry=39
Edge Vocabulary Booster 2B	edge-vocabulary-booster-2b	make a major discovery	make a major discovery	verb phrase		Types of achievements	57	Edge Vocabulary Booster 2B visible PDF p.57		visible-even-pages-only; source-missing-alternate-pages; explicit target-list term and printed POS only; editorial review required.	lexical_candidate	candidate_only	pdf	pdf:page=57;region=explicit-vocabulary-list;scope=visible-even-pages-only;source-missing-alternate-pages=true;entry=40
Edge Vocabulary Booster 2B	edge-vocabulary-booster-2b	make important information accessible	make important information accessible	verb phrase		Types of achievements	57	Edge Vocabulary Booster 2B visible PDF p.57		visible-even-pages-only; source-missing-alternate-pages; explicit target-list term and printed POS only; editorial review required.	lexical_candidate	candidate_only	pdf	pdf:page=57;region=explicit-vocabulary-list;scope=visible-even-pages-only;source-missing-alternate-pages=true;entry=41
Edge Vocabulary Booster 2B	edge-vocabulary-booster-2b	save lives	save lives	verb phrase		Types of achievements	57	Edge Vocabulary Booster 2B visible PDF p.57		visible-even-pages-only; source-missing-alternate-pages; explicit target-list term and printed POS only; editorial review required.	lexical_candidate	candidate_only	pdf	pdf:page=57;region=explicit-vocabulary-list;scope=visible-even-pages-only;source-missing-alternate-pages=true;entry=42
Edge Vocabulary Booster 2B	edge-vocabulary-booster-2b	speak up for body positivity	speak up for body positivity	verb phrase		Types of achievements	57	Edge Vocabulary Booster 2B visible PDF p.57		visible-even-pages-only; source-missing-alternate-pages; explicit target-list term and printed POS only; editorial review required.	lexical_candidate	candidate_only	pdf	pdf:page=57;region=explicit-vocabulary-list;scope=visible-even-pages-only;source-missing-alternate-pages=true;entry=43
Edge Vocabulary Booster 2B	edge-vocabulary-booster-2b	walk in space	walk in space	verb phrase		Types of achievements	57	Edge Vocabulary Booster 2B visible PDF p.57		visible-even-pages-only; source-missing-alternate-pages; explicit target-list term and printed POS only; editorial review required.	lexical_candidate	candidate_only	pdf	pdf:page=57;region=explicit-vocabulary-list;scope=visible-even-pages-only;source-missing-alternate-pages=true;entry=44
Edge Vocabulary Booster 2B	edge-vocabulary-booster-2b	win an award	win an award	verb phrase		Types of achievements	57	Edge Vocabulary Booster 2B visible PDF p.57		visible-even-pages-only; source-missing-alternate-pages; explicit target-list term and printed POS only; editorial review required.	lexical_candidate	candidate_only	pdf	pdf:page=57;region=explicit-vocabulary-list;scope=visible-even-pages-only;source-missing-alternate-pages=true;entry=45
Edge Vocabulary Booster 2B	edge-vocabulary-booster-2b	write a best-seller	write a best-seller	verb phrase		Types of achievements	57	Edge Vocabulary Booster 2B visible PDF p.57		visible-even-pages-only; source-missing-alternate-pages; explicit target-list term and printed POS only; editorial review required.	lexical_candidate	candidate_only	pdf	pdf:page=57;region=explicit-vocabulary-list;scope=visible-even-pages-only;source-missing-alternate-pages=true;entry=46
Edge Vocabulary Booster 3A	edge-vocabulary-booster-3a	ageing population	ageing population	noun phrase		Social issues - Common social issues	55	Edge Vocabulary Booster 3A visible PDF p.55		visible-even-pages-only; source-missing-alternate-pages; explicit target-list term and printed POS only; editorial review required.	lexical_candidate	candidate_only	pdf	pdf:page=55;region=explicit-vocabulary-list;scope=visible-even-pages-only;source-missing-alternate-pages=true;entry=1
Edge Vocabulary Booster 3A	edge-vocabulary-booster-3a	animal cruelty	animal cruelty	noun phrase		Social issues - Common social issues	55	Edge Vocabulary Booster 3A visible PDF p.55		visible-even-pages-only; source-missing-alternate-pages; explicit target-list term and printed POS only; editorial review required.	lexical_candidate	candidate_only	pdf	pdf:page=55;region=explicit-vocabulary-list;scope=visible-even-pages-only;source-missing-alternate-pages=true;entry=2
Edge Vocabulary Booster 3A	edge-vocabulary-booster-3a	cyberbullying	cyberbullying	noun		Social issues - Common social issues	55	Edge Vocabulary Booster 3A visible PDF p.55		visible-even-pages-only; source-missing-alternate-pages; explicit target-list term and printed POS only; editorial review required.	lexical_candidate	candidate_only	pdf	pdf:page=55;region=explicit-vocabulary-list;scope=visible-even-pages-only;source-missing-alternate-pages=true;entry=3
Edge Vocabulary Booster 3A	edge-vocabulary-booster-3a	discrimination	discrimination	noun		Social issues - Common social issues	55	Edge Vocabulary Booster 3A visible PDF p.55		visible-even-pages-only; source-missing-alternate-pages; explicit target-list term and printed POS only; editorial review required.	lexical_candidate	candidate_only	pdf	pdf:page=55;region=explicit-vocabulary-list;scope=visible-even-pages-only;source-missing-alternate-pages=true;entry=4
Edge Vocabulary Booster 3A	edge-vocabulary-booster-3a	drug abuse	drug abuse	noun phrase		Social issues - Common social issues	55	Edge Vocabulary Booster 3A visible PDF p.55		visible-even-pages-only; source-missing-alternate-pages; explicit target-list term and printed POS only; editorial review required.	lexical_candidate	candidate_only	pdf	pdf:page=55;region=explicit-vocabulary-list;scope=visible-even-pages-only;source-missing-alternate-pages=true;entry=5
Edge Vocabulary Booster 3A	edge-vocabulary-booster-3a	illiteracy	illiteracy	noun		Social issues - Common social issues	55	Edge Vocabulary Booster 3A visible PDF p.55		visible-even-pages-only; source-missing-alternate-pages; explicit target-list term and printed POS only; editorial review required.	lexical_candidate	candidate_only	pdf	pdf:page=55;region=explicit-vocabulary-list;scope=visible-even-pages-only;source-missing-alternate-pages=true;entry=6
Edge Vocabulary Booster 3A	edge-vocabulary-booster-3a	income inequality	income inequality	noun phrase		Social issues - Common social issues	55	Edge Vocabulary Booster 3A visible PDF p.55		visible-even-pages-only; source-missing-alternate-pages; explicit target-list term and printed POS only; editorial review required.	lexical_candidate	candidate_only	pdf	pdf:page=55;region=explicit-vocabulary-list;scope=visible-even-pages-only;source-missing-alternate-pages=true;entry=7
Edge Vocabulary Booster 3A	edge-vocabulary-booster-3a	Internet addiction	Internet addiction	noun phrase		Social issues - Common social issues	55	Edge Vocabulary Booster 3A visible PDF p.55		visible-even-pages-only; source-missing-alternate-pages; explicit target-list term and printed POS only; editorial review required.	lexical_candidate	candidate_only	pdf	pdf:page=55;region=explicit-vocabulary-list;scope=visible-even-pages-only;source-missing-alternate-pages=true;entry=8
Edge Vocabulary Booster 3A	edge-vocabulary-booster-3a	pollution	pollution	noun		Social issues - Common social issues	55	Edge Vocabulary Booster 3A visible PDF p.55		visible-even-pages-only; source-missing-alternate-pages; explicit target-list term and printed POS only; editorial review required.	lexical_candidate	candidate_only	pdf	pdf:page=55;region=explicit-vocabulary-list;scope=visible-even-pages-only;source-missing-alternate-pages=true;entry=9
Edge Vocabulary Booster 3A	edge-vocabulary-booster-3a	poverty	poverty	noun		Social issues - Common social issues	55	Edge Vocabulary Booster 3A visible PDF p.55		visible-even-pages-only; source-missing-alternate-pages; explicit target-list term and printed POS only; editorial review required.	lexical_candidate	candidate_only	pdf	pdf:page=55;region=explicit-vocabulary-list;scope=visible-even-pages-only;source-missing-alternate-pages=true;entry=10
Edge Vocabulary Booster 3A	edge-vocabulary-booster-3a	high healthcare costs	high healthcare costs	noun phrase		Social issues - Common social issues	55	Edge Vocabulary Booster 3A visible PDF p.55		visible-even-pages-only; source-missing-alternate-pages; explicit target-list term and printed POS only; editorial review required.	lexical_candidate	candidate_only	pdf	pdf:page=55;region=explicit-vocabulary-list;scope=visible-even-pages-only;source-missing-alternate-pages=true;entry=11
Edge Vocabulary Booster 3A	edge-vocabulary-booster-3a	racism	racism	noun		Social issues - Common social issues	55	Edge Vocabulary Booster 3A visible PDF p.55		visible-even-pages-only; source-missing-alternate-pages; explicit target-list term and printed POS only; editorial review required.	lexical_candidate	candidate_only	pdf	pdf:page=55;region=explicit-vocabulary-list;scope=visible-even-pages-only;source-missing-alternate-pages=true;entry=12
Edge Vocabulary Booster 3A	edge-vocabulary-booster-3a	underage drinking	underage drinking	noun phrase		Social issues - Common social issues	55	Edge Vocabulary Booster 3A visible PDF p.55		visible-even-pages-only; source-missing-alternate-pages; explicit target-list term and printed POS only; editorial review required.	lexical_candidate	candidate_only	pdf	pdf:page=55;region=explicit-vocabulary-list;scope=visible-even-pages-only;source-missing-alternate-pages=true;entry=13
Edge Vocabulary Booster 3A	edge-vocabulary-booster-3a	underage smoking	underage smoking	noun phrase		Social issues - Common social issues	55	Edge Vocabulary Booster 3A visible PDF p.55		visible-even-pages-only; source-missing-alternate-pages; explicit target-list term and printed POS only; editorial review required.	lexical_candidate	candidate_only	pdf	pdf:page=55;region=explicit-vocabulary-list;scope=visible-even-pages-only;source-missing-alternate-pages=true;entry=14
Edge Vocabulary Booster 3A	edge-vocabulary-booster-3a	ballad	ballad	noun		Types of poem	57	Edge Vocabulary Booster 3A visible PDF p.57		visible-even-pages-only; source-missing-alternate-pages; explicit target-list term and printed POS only; editorial review required.	lexical_candidate	candidate_only	pdf	pdf:page=57;region=explicit-vocabulary-list;scope=visible-even-pages-only;source-missing-alternate-pages=true;entry=1
Edge Vocabulary Booster 3A	edge-vocabulary-booster-3a	elegy	elegy	noun		Types of poem	57	Edge Vocabulary Booster 3A visible PDF p.57		visible-even-pages-only; source-missing-alternate-pages; explicit target-list term and printed POS only; editorial review required.	lexical_candidate	candidate_only	pdf	pdf:page=57;region=explicit-vocabulary-list;scope=visible-even-pages-only;source-missing-alternate-pages=true;entry=2
Edge Vocabulary Booster 3A	edge-vocabulary-booster-3a	free verse	free verse	noun phrase		Types of poem	57	Edge Vocabulary Booster 3A visible PDF p.57		visible-even-pages-only; source-missing-alternate-pages; explicit target-list term and printed POS only; editorial review required.	lexical_candidate	candidate_only	pdf	pdf:page=57;region=explicit-vocabulary-list;scope=visible-even-pages-only;source-missing-alternate-pages=true;entry=3
Edge Vocabulary Booster 3A	edge-vocabulary-booster-3a	haiku	haiku	noun		Types of poem	57	Edge Vocabulary Booster 3A visible PDF p.57		visible-even-pages-only; source-missing-alternate-pages; explicit target-list term and printed POS only; editorial review required.	lexical_candidate	candidate_only	pdf	pdf:page=57;region=explicit-vocabulary-list;scope=visible-even-pages-only;source-missing-alternate-pages=true;entry=4
Edge Vocabulary Booster 3A	edge-vocabulary-booster-3a	limerick	limerick	noun		Types of poem	57	Edge Vocabulary Booster 3A visible PDF p.57		visible-even-pages-only; source-missing-alternate-pages; explicit target-list term and printed POS only; editorial review required.	lexical_candidate	candidate_only	pdf	pdf:page=57;region=explicit-vocabulary-list;scope=visible-even-pages-only;source-missing-alternate-pages=true;entry=5
Edge Vocabulary Booster 3A	edge-vocabulary-booster-3a	mood poem	mood poem	noun phrase		Types of poem	57	Edge Vocabulary Booster 3A visible PDF p.57		visible-even-pages-only; source-missing-alternate-pages; explicit target-list term and printed POS only; editorial review required.	lexical_candidate	candidate_only	pdf	pdf:page=57;region=explicit-vocabulary-list;scope=visible-even-pages-only;source-missing-alternate-pages=true;entry=6
Edge Vocabulary Booster 3A	edge-vocabulary-booster-3a	ode	ode	noun		Types of poem	57	Edge Vocabulary Booster 3A visible PDF p.57		visible-even-pages-only; source-missing-alternate-pages; explicit target-list term and printed POS only; editorial review required.	lexical_candidate	candidate_only	pdf	pdf:page=57;region=explicit-vocabulary-list;scope=visible-even-pages-only;source-missing-alternate-pages=true;entry=7
Edge Vocabulary Booster 3A	edge-vocabulary-booster-3a	shape poem	shape poem	noun phrase		Types of poem	57	Edge Vocabulary Booster 3A visible PDF p.57		visible-even-pages-only; source-missing-alternate-pages; explicit target-list term and printed POS only; editorial review required.	lexical_candidate	candidate_only	pdf	pdf:page=57;region=explicit-vocabulary-list;scope=visible-even-pages-only;source-missing-alternate-pages=true;entry=8
Edge Vocabulary Booster 3A	edge-vocabulary-booster-3a	sonnet	sonnet	noun		Types of poem	57	Edge Vocabulary Booster 3A visible PDF p.57		visible-even-pages-only; source-missing-alternate-pages; explicit target-list term and printed POS only; editorial review required.	lexical_candidate	candidate_only	pdf	pdf:page=57;region=explicit-vocabulary-list;scope=visible-even-pages-only;source-missing-alternate-pages=true;entry=9
Edge Vocabulary Booster 3A	edge-vocabulary-booster-3a	act of kindness	act of kindness	noun phrase		Other vocabulary	59	Edge Vocabulary Booster 3A visible PDF p.59		visible-even-pages-only; source-missing-alternate-pages; explicit target-list term and printed POS only; editorial review required.	lexical_candidate	candidate_only	pdf	pdf:page=59;region=explicit-vocabulary-list;scope=visible-even-pages-only;source-missing-alternate-pages=true;entry=1
Edge Vocabulary Booster 3A	edge-vocabulary-booster-3a	agony aunt	agony aunt	noun phrase		Other vocabulary	59	Edge Vocabulary Booster 3A visible PDF p.59		visible-even-pages-only; source-missing-alternate-pages; explicit target-list term and printed POS only; editorial review required.	lexical_candidate	candidate_only	pdf	pdf:page=59;region=explicit-vocabulary-list;scope=visible-even-pages-only;source-missing-alternate-pages=true;entry=2
Edge Vocabulary Booster 3A	edge-vocabulary-booster-3a	be in sb's* shoes	be in sb's* shoes	verb phrase		Other vocabulary	59	Edge Vocabulary Booster 3A visible PDF p.59		visible-even-pages-only; source-missing-alternate-pages; explicit target-list term and printed POS only; editorial review required.	lexical_candidate	candidate_only	pdf	pdf:page=59;region=explicit-vocabulary-list;scope=visible-even-pages-only;source-missing-alternate-pages=true;entry=3
Edge Vocabulary Booster 3A	edge-vocabulary-booster-3a	convince	convince	verb		Other vocabulary	59	Edge Vocabulary Booster 3A visible PDF p.59		visible-even-pages-only; source-missing-alternate-pages; explicit target-list term and printed POS only; editorial review required.	lexical_candidate	candidate_only	pdf	pdf:page=59;region=explicit-vocabulary-list;scope=visible-even-pages-only;source-missing-alternate-pages=true;entry=4
Edge Vocabulary Booster 3A	edge-vocabulary-booster-3a	deadline	deadline	noun		Other vocabulary	59	Edge Vocabulary Booster 3A visible PDF p.59		visible-even-pages-only; source-missing-alternate-pages; explicit target-list term and printed POS only; editorial review required.	lexical_candidate	candidate_only	pdf	pdf:page=59;region=explicit-vocabulary-list;scope=visible-even-pages-only;source-missing-alternate-pages=true;entry=5
Edge Vocabulary Booster 3A	edge-vocabulary-booster-3a	drive sb* nuts	drive sb* nuts	verb phrase		Other vocabulary	59	Edge Vocabulary Booster 3A visible PDF p.59		visible-even-pages-only; source-missing-alternate-pages; explicit target-list term and printed POS only; editorial review required.	lexical_candidate	candidate_only	pdf	pdf:page=59;region=explicit-vocabulary-list;scope=visible-even-pages-only;source-missing-alternate-pages=true;entry=6
Edge Vocabulary Booster 3A	edge-vocabulary-booster-3a	extensive	extensive	adjective		Other vocabulary	59	Edge Vocabulary Booster 3A visible PDF p.59		visible-even-pages-only; source-missing-alternate-pages; explicit target-list term and printed POS only; editorial review required.	lexical_candidate	candidate_only	pdf	pdf:page=59;region=explicit-vocabulary-list;scope=visible-even-pages-only;source-missing-alternate-pages=true;entry=7
Edge Vocabulary Booster 3A	edge-vocabulary-booster-3a	fall behind	fall behind	phrasal verb		Other vocabulary	59	Edge Vocabulary Booster 3A visible PDF p.59		visible-even-pages-only; source-missing-alternate-pages; explicit target-list term and printed POS only; editorial review required.	lexical_candidate	candidate_only	pdf	pdf:page=59;region=explicit-vocabulary-list;scope=visible-even-pages-only;source-missing-alternate-pages=true;entry=8
Edge Vocabulary Booster 3A	edge-vocabulary-booster-3a	figure out	figure out	phrasal verb		Other vocabulary	59	Edge Vocabulary Booster 3A visible PDF p.59		visible-even-pages-only; source-missing-alternate-pages; explicit target-list term and printed POS only; editorial review required.	lexical_candidate	candidate_only	pdf	pdf:page=59;region=explicit-vocabulary-list;scope=visible-even-pages-only;source-missing-alternate-pages=true;entry=9
Edge Vocabulary Booster 3A	edge-vocabulary-booster-3a	get sth* back	get sth* back	phrasal verb		Other vocabulary	59	Edge Vocabulary Booster 3A visible PDF p.59		visible-even-pages-only; source-missing-alternate-pages; explicit target-list term and printed POS only; editorial review required.	lexical_candidate	candidate_only	pdf	pdf:page=59;region=explicit-vocabulary-list;scope=visible-even-pages-only;source-missing-alternate-pages=true;entry=10
Edge Vocabulary Booster 3A	edge-vocabulary-booster-3a	handle	handle	verb		Other vocabulary	59	Edge Vocabulary Booster 3A visible PDF p.59		visible-even-pages-only; source-missing-alternate-pages; explicit target-list term and printed POS only; editorial review required.	lexical_candidate	candidate_only	pdf	pdf:page=59;region=explicit-vocabulary-list;scope=visible-even-pages-only;source-missing-alternate-pages=true;entry=11
Edge Vocabulary Booster 3A	edge-vocabulary-booster-3a	look forward to	look forward to	phrasal verb		Other vocabulary	59	Edge Vocabulary Booster 3A visible PDF p.59		visible-even-pages-only; source-missing-alternate-pages; explicit target-list term and printed POS only; editorial review required.	lexical_candidate	candidate_only	pdf	pdf:page=59;region=explicit-vocabulary-list;scope=visible-even-pages-only;source-missing-alternate-pages=true;entry=12
Edge Vocabulary Booster 3A	edge-vocabulary-booster-3a	medium of instruction	medium of instruction	noun phrase		Other vocabulary	59	Edge Vocabulary Booster 3A visible PDF p.59		visible-even-pages-only; source-missing-alternate-pages; explicit target-list term and printed POS only; editorial review required.	lexical_candidate	candidate_only	pdf	pdf:page=59;region=explicit-vocabulary-list;scope=visible-even-pages-only;source-missing-alternate-pages=true;entry=13
Edge Vocabulary Booster 3A	edge-vocabulary-booster-3a	mentee	mentee	noun		Other vocabulary	59	Edge Vocabulary Booster 3A visible PDF p.59		visible-even-pages-only; source-missing-alternate-pages; explicit target-list term and printed POS only; editorial review required.	lexical_candidate	candidate_only	pdf	pdf:page=59;region=explicit-vocabulary-list;scope=visible-even-pages-only;source-missing-alternate-pages=true;entry=14
Edge Vocabulary Booster 3A	edge-vocabulary-booster-3a	mentor	mentor	noun		Other vocabulary	59	Edge Vocabulary Booster 3A visible PDF p.59		visible-even-pages-only; source-missing-alternate-pages; explicit target-list term and printed POS only; editorial review required.	lexical_candidate	candidate_only	pdf	pdf:page=59;region=explicit-vocabulary-list;scope=visible-even-pages-only;source-missing-alternate-pages=true;entry=15
Edge Vocabulary Booster 3A	edge-vocabulary-booster-3a	motivational	motivational	adjective		Other vocabulary	59	Edge Vocabulary Booster 3A visible PDF p.59		visible-even-pages-only; source-missing-alternate-pages; explicit target-list term and printed POS only; editorial review required.	lexical_candidate	candidate_only	pdf	pdf:page=59;region=explicit-vocabulary-list;scope=visible-even-pages-only;source-missing-alternate-pages=true;entry=16
Edge Vocabulary Booster 3A	edge-vocabulary-booster-3a	peer	peer	noun		Other vocabulary	59	Edge Vocabulary Booster 3A visible PDF p.59		visible-even-pages-only; source-missing-alternate-pages; explicit target-list term and printed POS only; editorial review required.	lexical_candidate	candidate_only	pdf	pdf:page=59;region=explicit-vocabulary-list;scope=visible-even-pages-only;source-missing-alternate-pages=true;entry=17
Edge Vocabulary Booster 3A	edge-vocabulary-booster-3a	problem-solving	problem-solving	adjective		Other vocabulary	59	Edge Vocabulary Booster 3A visible PDF p.59		visible-even-pages-only; source-missing-alternate-pages; explicit target-list term and printed POS only; editorial review required.	lexical_candidate	candidate_only	pdf	pdf:page=59;region=explicit-vocabulary-list;scope=visible-even-pages-only;source-missing-alternate-pages=true;entry=18
Edge Vocabulary Booster 3A	edge-vocabulary-booster-3a	random	random	adjective		Other vocabulary	59	Edge Vocabulary Booster 3A visible PDF p.59		visible-even-pages-only; source-missing-alternate-pages; explicit target-list term and printed POS only; editorial review required.	lexical_candidate	candidate_only	pdf	pdf:page=59;region=explicit-vocabulary-list;scope=visible-even-pages-only;source-missing-alternate-pages=true;entry=19
Edge Vocabulary Booster 3A	edge-vocabulary-booster-3a	recall	recall	verb		Other vocabulary	59	Edge Vocabulary Booster 3A visible PDF p.59		visible-even-pages-only; source-missing-alternate-pages; explicit target-list term and printed POS only; editorial review required.	lexical_candidate	candidate_only	pdf	pdf:page=59;region=explicit-vocabulary-list;scope=visible-even-pages-only;source-missing-alternate-pages=true;entry=20
Edge Vocabulary Booster 3A	edge-vocabulary-booster-3a	social worker	social worker	noun phrase		Other vocabulary	59	Edge Vocabulary Booster 3A visible PDF p.59		visible-even-pages-only; source-missing-alternate-pages; explicit target-list term and printed POS only; editorial review required.	lexical_candidate	candidate_only	pdf	pdf:page=59;region=explicit-vocabulary-list;scope=visible-even-pages-only;source-missing-alternate-pages=true;entry=21
Edge Vocabulary Booster 3A	edge-vocabulary-booster-3a	strategy	strategy	noun		Other vocabulary	59	Edge Vocabulary Booster 3A visible PDF p.59		visible-even-pages-only; source-missing-alternate-pages; explicit target-list term and printed POS only; editorial review required.	lexical_candidate	candidate_only	pdf	pdf:page=59;region=explicit-vocabulary-list;scope=visible-even-pages-only;source-missing-alternate-pages=true;entry=22
Edge Vocabulary Booster 3A	edge-vocabulary-booster-3a	stress management	stress management	noun phrase		Other vocabulary	59	Edge Vocabulary Booster 3A visible PDF p.59		visible-even-pages-only; source-missing-alternate-pages; explicit target-list term and printed POS only; editorial review required.	lexical_candidate	candidate_only	pdf	pdf:page=59;region=explicit-vocabulary-list;scope=visible-even-pages-only;source-missing-alternate-pages=true;entry=23
Edge Vocabulary Booster 3A	edge-vocabulary-booster-3a	uncertainty	uncertainty	noun		Other vocabulary	59	Edge Vocabulary Booster 3A visible PDF p.59		visible-even-pages-only; source-missing-alternate-pages; explicit target-list term and printed POS only; editorial review required.	lexical_candidate	candidate_only	pdf	pdf:page=59;region=explicit-vocabulary-list;scope=visible-even-pages-only;source-missing-alternate-pages=true;entry=24
Edge Vocabulary Booster 3A	edge-vocabulary-booster-3a	unreasonable	unreasonable	adjective		Other vocabulary	59	Edge Vocabulary Booster 3A visible PDF p.59		visible-even-pages-only; source-missing-alternate-pages; explicit target-list term and printed POS only; editorial review required.	lexical_candidate	candidate_only	pdf	pdf:page=59;region=explicit-vocabulary-list;scope=visible-even-pages-only;source-missing-alternate-pages=true;entry=25
Edge Vocabulary Booster 3A	edge-vocabulary-booster-3a	business partner	business partner	noun phrase		People in business	59	Edge Vocabulary Booster 3A visible PDF p.59		visible-even-pages-only; source-missing-alternate-pages; explicit target-list term and printed POS only; editorial review required.	lexical_candidate	candidate_only	pdf	pdf:page=59;region=explicit-vocabulary-list;scope=visible-even-pages-only;source-missing-alternate-pages=true;entry=26
Edge Vocabulary Booster 3A	edge-vocabulary-booster-3a	chairperson	chairperson	noun		People in business	59	Edge Vocabulary Booster 3A visible PDF p.59		visible-even-pages-only; source-missing-alternate-pages; explicit target-list term and printed POS only; editorial review required.	lexical_candidate	candidate_only	pdf	pdf:page=59;region=explicit-vocabulary-list;scope=visible-even-pages-only;source-missing-alternate-pages=true;entry=27
Edge Vocabulary Booster 3A	edge-vocabulary-booster-3a	Chief Executive Officer	Chief Executive Officer	noun phrase		People in business	59	Edge Vocabulary Booster 3A visible PDF p.59		visible-even-pages-only; source-missing-alternate-pages; explicit target-list term and printed POS only; editorial review required.	lexical_candidate	candidate_only	pdf	pdf:page=59;region=explicit-vocabulary-list;scope=visible-even-pages-only;source-missing-alternate-pages=true;entry=28
Edge Vocabulary Booster 3A	edge-vocabulary-booster-3a	customer	customer	noun		People in business	59	Edge Vocabulary Booster 3A visible PDF p.59		visible-even-pages-only; source-missing-alternate-pages; explicit target-list term and printed POS only; editorial review required.	lexical_candidate	candidate_only	pdf	pdf:page=59;region=explicit-vocabulary-list;scope=visible-even-pages-only;source-missing-alternate-pages=true;entry=29
Edge Vocabulary Booster 3A	edge-vocabulary-booster-3a	entrepreneur	entrepreneur	noun		People in business	59	Edge Vocabulary Booster 3A visible PDF p.59		visible-even-pages-only; source-missing-alternate-pages; explicit target-list term and printed POS only; editorial review required.	lexical_candidate	candidate_only	pdf	pdf:page=59;region=explicit-vocabulary-list;scope=visible-even-pages-only;source-missing-alternate-pages=true;entry=30
Edge Vocabulary Booster 3A	edge-vocabulary-booster-3a	manager	manager	noun		People in business	59	Edge Vocabulary Booster 3A visible PDF p.59		visible-even-pages-only; source-missing-alternate-pages; explicit target-list term and printed POS only; editorial review required.	lexical_candidate	candidate_only	pdf	pdf:page=59;region=explicit-vocabulary-list;scope=visible-even-pages-only;source-missing-alternate-pages=true;entry=31
Edge Vocabulary Booster 3A	edge-vocabulary-booster-3a	salesperson	salesperson	noun		People in business	59	Edge Vocabulary Booster 3A visible PDF p.59		visible-even-pages-only; source-missing-alternate-pages; explicit target-list term and printed POS only; editorial review required.	lexical_candidate	candidate_only	pdf	pdf:page=59;region=explicit-vocabulary-list;scope=visible-even-pages-only;source-missing-alternate-pages=true;entry=32
Edge Vocabulary Booster 3A	edge-vocabulary-booster-3a	secretary	secretary	noun		People in business	59	Edge Vocabulary Booster 3A visible PDF p.59		visible-even-pages-only; source-missing-alternate-pages; explicit target-list term and printed POS only; editorial review required.	lexical_candidate	candidate_only	pdf	pdf:page=59;region=explicit-vocabulary-list;scope=visible-even-pages-only;source-missing-alternate-pages=true;entry=33
Edge Vocabulary Booster 3A	edge-vocabulary-booster-3a	shop owner	shop owner	noun phrase		People in business	59	Edge Vocabulary Booster 3A visible PDF p.59		visible-even-pages-only; source-missing-alternate-pages; explicit target-list term and printed POS only; editorial review required.	lexical_candidate	candidate_only	pdf	pdf:page=59;region=explicit-vocabulary-list;scope=visible-even-pages-only;source-missing-alternate-pages=true;entry=34
Edge Vocabulary Booster 3A	edge-vocabulary-booster-3a	create a schedule	create a schedule	verb phrase		Phrases related to setting up a business	59	Edge Vocabulary Booster 3A visible PDF p.59		visible-even-pages-only; source-missing-alternate-pages; explicit target-list term and printed POS only; editorial review required.	lexical_candidate	candidate_only	pdf	pdf:page=59;region=explicit-vocabulary-list;scope=visible-even-pages-only;source-missing-alternate-pages=true;entry=35
Edge Vocabulary Booster 3A	edge-vocabulary-booster-3a	draw up a budget	draw up a budget	verb phrase		Phrases related to setting up a business	59	Edge Vocabulary Booster 3A visible PDF p.59		visible-even-pages-only; source-missing-alternate-pages; explicit target-list term and printed POS only; editorial review required.	lexical_candidate	candidate_only	pdf	pdf:page=59;region=explicit-vocabulary-list;scope=visible-even-pages-only;source-missing-alternate-pages=true;entry=36
Edge Vocabulary Booster 3A	edge-vocabulary-booster-3a	find sponsors	find sponsors	verb phrase		Phrases related to setting up a business	59	Edge Vocabulary Booster 3A visible PDF p.59		visible-even-pages-only; source-missing-alternate-pages; explicit target-list term and printed POS only; editorial review required.	lexical_candidate	candidate_only	pdf	pdf:page=59;region=explicit-vocabulary-list;scope=visible-even-pages-only;source-missing-alternate-pages=true;entry=37
Edge Vocabulary Booster 3A	edge-vocabulary-booster-3a	identify a target market	identify a target market	verb phrase		Phrases related to setting up a business	59	Edge Vocabulary Booster 3A visible PDF p.59		visible-even-pages-only; source-missing-alternate-pages; explicit target-list term and printed POS only; editorial review required.	lexical_candidate	candidate_only	pdf	pdf:page=59;region=explicit-vocabulary-list;scope=visible-even-pages-only;source-missing-alternate-pages=true;entry=38
Edge Vocabulary Booster 3A	edge-vocabulary-booster-3a	promote an event	promote an event	verb phrase		Phrases related to setting up a business	59	Edge Vocabulary Booster 3A visible PDF p.59		visible-even-pages-only; source-missing-alternate-pages; explicit target-list term and printed POS only; editorial review required.	lexical_candidate	candidate_only	pdf	pdf:page=59;region=explicit-vocabulary-list;scope=visible-even-pages-only;source-missing-alternate-pages=true;entry=39
Edge Vocabulary Booster 3A	edge-vocabulary-booster-3a	recruit employees	recruit employees	verb phrase		Phrases related to setting up a business	59	Edge Vocabulary Booster 3A visible PDF p.59		visible-even-pages-only; source-missing-alternate-pages; explicit target-list term and printed POS only; editorial review required.	lexical_candidate	candidate_only	pdf	pdf:page=59;region=explicit-vocabulary-list;scope=visible-even-pages-only;source-missing-alternate-pages=true;entry=40
Edge Vocabulary Booster 3A	edge-vocabulary-booster-3a	set up a stall	set up a stall	verb phrase		Phrases related to setting up a business	59	Edge Vocabulary Booster 3A visible PDF p.59		visible-even-pages-only; source-missing-alternate-pages; explicit target-list term and printed POS only; editorial review required.	lexical_candidate	candidate_only	pdf	pdf:page=59;region=explicit-vocabulary-list;scope=visible-even-pages-only;source-missing-alternate-pages=true;entry=41
Edge Vocabulary Booster 3A	edge-vocabulary-booster-3a	source products	source products	verb phrase		Phrases related to setting up a business	59	Edge Vocabulary Booster 3A visible PDF p.59		visible-even-pages-only; source-missing-alternate-pages; explicit target-list term and printed POS only; editorial review required.	lexical_candidate	candidate_only	pdf	pdf:page=59;region=explicit-vocabulary-list;scope=visible-even-pages-only;source-missing-alternate-pages=true;entry=42
Edge Vocabulary Booster 3A	edge-vocabulary-booster-3a	be hands-on	be hands-on	verb phrase		Phrases related to running a business	59	Edge Vocabulary Booster 3A visible PDF p.59		visible-even-pages-only; source-missing-alternate-pages; explicit target-list term and printed POS only; editorial review required.	lexical_candidate	candidate_only	pdf	pdf:page=59;region=explicit-vocabulary-list;scope=visible-even-pages-only;source-missing-alternate-pages=true;entry=43
Edge Vocabulary Booster 3A	edge-vocabulary-booster-3a	cut costs	cut costs	verb phrase		Phrases related to running a business	59	Edge Vocabulary Booster 3A visible PDF p.59		visible-even-pages-only; source-missing-alternate-pages; explicit target-list term and printed POS only; editorial review required.	lexical_candidate	candidate_only	pdf	pdf:page=59;region=explicit-vocabulary-list;scope=visible-even-pages-only;source-missing-alternate-pages=true;entry=44
Edge Vocabulary Booster 3A	edge-vocabulary-booster-3a	go the extra mile	go the extra mile	verb phrase		Phrases related to running a business	59	Edge Vocabulary Booster 3A visible PDF p.59		visible-even-pages-only; source-missing-alternate-pages; explicit target-list term and printed POS only; editorial review required.	lexical_candidate	candidate_only	pdf	pdf:page=59;region=explicit-vocabulary-list;scope=visible-even-pages-only;source-missing-alternate-pages=true;entry=45
Edge Vocabulary Booster 3A	edge-vocabulary-booster-3a	improve customer experience	improve customer experience	verb phrase		Phrases related to running a business	59	Edge Vocabulary Booster 3A visible PDF p.59		visible-even-pages-only; source-missing-alternate-pages; explicit target-list term and printed POS only; editorial review required.	lexical_candidate	candidate_only	pdf	pdf:page=59;region=explicit-vocabulary-list;scope=visible-even-pages-only;source-missing-alternate-pages=true;entry=46
Edge Vocabulary Booster 3A	edge-vocabulary-booster-3a	maximise opportunities	maximise opportunities	verb phrase		Phrases related to running a business	59	Edge Vocabulary Booster 3A visible PDF p.59		visible-even-pages-only; source-missing-alternate-pages; explicit target-list term and printed POS only; editorial review required.	lexical_candidate	candidate_only	pdf	pdf:page=59;region=explicit-vocabulary-list;scope=visible-even-pages-only;source-missing-alternate-pages=true;entry=47
Edge Vocabulary Booster 3A	edge-vocabulary-booster-3a	motivate staff	motivate staff	verb phrase		Phrases related to running a business	59	Edge Vocabulary Booster 3A visible PDF p.59		visible-even-pages-only; source-missing-alternate-pages; explicit target-list term and printed POS only; editorial review required.	lexical_candidate	candidate_only	pdf	pdf:page=59;region=explicit-vocabulary-list;scope=visible-even-pages-only;source-missing-alternate-pages=true;entry=48
Edge Vocabulary Booster 3A	edge-vocabulary-booster-3a	promote one's business	promote one's business	verb phrase		Phrases related to running a business	59	Edge Vocabulary Booster 3A visible PDF p.59		visible-even-pages-only; source-missing-alternate-pages; explicit target-list term and printed POS only; editorial review required.	lexical_candidate	candidate_only	pdf	pdf:page=59;region=explicit-vocabulary-list;scope=visible-even-pages-only;source-missing-alternate-pages=true;entry=49
Edge Vocabulary Booster 3A	edge-vocabulary-booster-3a	streamline workflows	streamline workflows	verb phrase		Phrases related to running a business	59	Edge Vocabulary Booster 3A visible PDF p.59		visible-even-pages-only; source-missing-alternate-pages; explicit target-list term and printed POS only; editorial review required.	lexical_candidate	candidate_only	pdf	pdf:page=59;region=explicit-vocabulary-list;scope=visible-even-pages-only;source-missing-alternate-pages=true;entry=50
Edge Vocabulary Booster 3A	edge-vocabulary-booster-3a	take a calculated risk	take a calculated risk	verb phrase		Phrases related to running a business	59	Edge Vocabulary Booster 3A visible PDF p.59		visible-even-pages-only; source-missing-alternate-pages; explicit target-list term and printed POS only; editorial review required.	lexical_candidate	candidate_only	pdf	pdf:page=59;region=explicit-vocabulary-list;scope=visible-even-pages-only;source-missing-alternate-pages=true;entry=51
Edge Vocabulary Booster 3A	edge-vocabulary-booster-3a	advertisement	advertisement	noun		Words and phrases related to marketing	59	Edge Vocabulary Booster 3A visible PDF p.59		visible-even-pages-only; source-missing-alternate-pages; explicit target-list term and printed POS only; editorial review required.	lexical_candidate	candidate_only	pdf	pdf:page=59;region=explicit-vocabulary-list;scope=visible-even-pages-only;source-missing-alternate-pages=true;entry=52
Edge Vocabulary Booster 3A	edge-vocabulary-booster-3a	brand	brand	noun		Words and phrases related to marketing	59	Edge Vocabulary Booster 3A visible PDF p.59		visible-even-pages-only; source-missing-alternate-pages; explicit target-list term and printed POS only; editorial review required.	lexical_candidate	candidate_only	pdf	pdf:page=59;region=explicit-vocabulary-list;scope=visible-even-pages-only;source-missing-alternate-pages=true;entry=53
Edge Vocabulary Booster 3A	edge-vocabulary-booster-3a	brand awareness	brand awareness	noun phrase		Words and phrases related to marketing	59	Edge Vocabulary Booster 3A visible PDF p.59		visible-even-pages-only; source-missing-alternate-pages; explicit target-list term and printed POS only; editorial review required.	lexical_candidate	candidate_only	pdf	pdf:page=59;region=explicit-vocabulary-list;scope=visible-even-pages-only;source-missing-alternate-pages=true;entry=54
Edge Vocabulary Booster 3A	edge-vocabulary-booster-3a	campaign	campaign	noun		Words and phrases related to marketing	59	Edge Vocabulary Booster 3A visible PDF p.59		visible-even-pages-only; source-missing-alternate-pages; explicit target-list term and printed POS only; editorial review required.	lexical_candidate	candidate_only	pdf	pdf:page=59;region=explicit-vocabulary-list;scope=visible-even-pages-only;source-missing-alternate-pages=true;entry=55
Edge Vocabulary Booster 3A	edge-vocabulary-booster-3a	consumer	consumer	noun		Words and phrases related to marketing	59	Edge Vocabulary Booster 3A visible PDF p.59		visible-even-pages-only; source-missing-alternate-pages; explicit target-list term and printed POS only; editorial review required.	lexical_candidate	candidate_only	pdf	pdf:page=59;region=explicit-vocabulary-list;scope=visible-even-pages-only;source-missing-alternate-pages=true;entry=56
Edge Vocabulary Booster 3A	edge-vocabulary-booster-3a	discount	discount	noun		Words and phrases related to marketing	59	Edge Vocabulary Booster 3A visible PDF p.59		visible-even-pages-only; source-missing-alternate-pages; explicit target-list term and printed POS only; editorial review required.	lexical_candidate	candidate_only	pdf	pdf:page=59;region=explicit-vocabulary-list;scope=visible-even-pages-only;source-missing-alternate-pages=true;entry=57
Edge Vocabulary Booster 3A	edge-vocabulary-booster-3a	eye-catching	eye-catching	adjective		Words and phrases related to marketing	59	Edge Vocabulary Booster 3A visible PDF p.59		visible-even-pages-only; source-missing-alternate-pages; explicit target-list term and printed POS only; editorial review required.	lexical_candidate	candidate_only	pdf	pdf:page=59;region=explicit-vocabulary-list;scope=visible-even-pages-only;source-missing-alternate-pages=true;entry=58
Edge Vocabulary Booster 3A	edge-vocabulary-booster-3a	analyse	analyse	verb		Describing the invention process	61	Edge Vocabulary Booster 3A visible PDF p.61		visible-even-pages-only; source-missing-alternate-pages; explicit target-list term and printed POS only; editorial review required.	lexical_candidate	candidate_only	pdf	pdf:page=61;region=explicit-vocabulary-list;scope=visible-even-pages-only;source-missing-alternate-pages=true;entry=1
Edge Vocabulary Booster 3A	edge-vocabulary-booster-3a	brainstorm	brainstorm	verb		Describing the invention process	61	Edge Vocabulary Booster 3A visible PDF p.61		visible-even-pages-only; source-missing-alternate-pages; explicit target-list term and printed POS only; editorial review required.	lexical_candidate	candidate_only	pdf	pdf:page=61;region=explicit-vocabulary-list;scope=visible-even-pages-only;source-missing-alternate-pages=true;entry=2
Edge Vocabulary Booster 3A	edge-vocabulary-booster-3a	define	define	verb		Describing the invention process	61	Edge Vocabulary Booster 3A visible PDF p.61		visible-even-pages-only; source-missing-alternate-pages; explicit target-list term and printed POS only; editorial review required.	lexical_candidate	candidate_only	pdf	pdf:page=61;region=explicit-vocabulary-list;scope=visible-even-pages-only;source-missing-alternate-pages=true;entry=3
Edge Vocabulary Booster 3A	edge-vocabulary-booster-3a	demand for	demand for	noun phrase		Describing the invention process	61	Edge Vocabulary Booster 3A visible PDF p.61		visible-even-pages-only; source-missing-alternate-pages; explicit target-list term and printed POS only; editorial review required.	lexical_candidate	candidate_only	pdf	pdf:page=61;region=explicit-vocabulary-list;scope=visible-even-pages-only;source-missing-alternate-pages=true;entry=4
Edge Vocabulary Booster 3A	edge-vocabulary-booster-3a	design	design	noun		Describing the invention process	61	Edge Vocabulary Booster 3A visible PDF p.61		visible-even-pages-only; source-missing-alternate-pages; explicit target-list term and printed POS only; editorial review required.	lexical_candidate	candidate_only	pdf	pdf:page=61;region=explicit-vocabulary-list;scope=visible-even-pages-only;source-missing-alternate-pages=true;entry=5
Edge Vocabulary Booster 3A	edge-vocabulary-booster-3a	empathise	empathise	verb		Describing the invention process	61	Edge Vocabulary Booster 3A visible PDF p.61		visible-even-pages-only; source-missing-alternate-pages; explicit target-list term and printed POS only; editorial review required.	lexical_candidate	candidate_only	pdf	pdf:page=61;region=explicit-vocabulary-list;scope=visible-even-pages-only;source-missing-alternate-pages=true;entry=6
Edge Vocabulary Booster 3A	edge-vocabulary-booster-3a	experiment	experiment	verb		Describing the invention process	61	Edge Vocabulary Booster 3A visible PDF p.61		visible-even-pages-only; source-missing-alternate-pages; explicit target-list term and printed POS only; editorial review required.	lexical_candidate	candidate_only	pdf	pdf:page=61;region=explicit-vocabulary-list;scope=visible-even-pages-only;source-missing-alternate-pages=true;entry=7
Edge Vocabulary Booster 3A	edge-vocabulary-booster-3a	feature	feature	noun		Describing the invention process	61	Edge Vocabulary Booster 3A visible PDF p.61		visible-even-pages-only; source-missing-alternate-pages; explicit target-list term and printed POS only; editorial review required.	lexical_candidate	candidate_only	pdf	pdf:page=61;region=explicit-vocabulary-list;scope=visible-even-pages-only;source-missing-alternate-pages=true;entry=8
Edge Vocabulary Booster 3A	edge-vocabulary-booster-3a	feedback	feedback	noun		Describing the invention process	61	Edge Vocabulary Booster 3A visible PDF p.61		visible-even-pages-only; source-missing-alternate-pages; explicit target-list term and printed POS only; editorial review required.	lexical_candidate	candidate_only	pdf	pdf:page=61;region=explicit-vocabulary-list;scope=visible-even-pages-only;source-missing-alternate-pages=true;entry=9
Edge Vocabulary Booster 3A	edge-vocabulary-booster-3a	finalise	finalise	verb		Describing the invention process	61	Edge Vocabulary Booster 3A visible PDF p.61		visible-even-pages-only; source-missing-alternate-pages; explicit target-list term and printed POS only; editorial review required.	lexical_candidate	candidate_only	pdf	pdf:page=61;region=explicit-vocabulary-list;scope=visible-even-pages-only;source-missing-alternate-pages=true;entry=10
Edge Vocabulary Booster 3A	edge-vocabulary-booster-3a	function	function	noun		Describing the invention process	61	Edge Vocabulary Booster 3A visible PDF p.61		visible-even-pages-only; source-missing-alternate-pages; explicit target-list term and printed POS only; editorial review required.	lexical_candidate	candidate_only	pdf	pdf:page=61;region=explicit-vocabulary-list;scope=visible-even-pages-only;source-missing-alternate-pages=true;entry=11
Edge Vocabulary Booster 3A	edge-vocabulary-booster-3a	inspired by	inspired by	adjective phrase		Describing the invention process	61	Edge Vocabulary Booster 3A visible PDF p.61		visible-even-pages-only; source-missing-alternate-pages; explicit target-list term and printed POS only; editorial review required.	lexical_candidate	candidate_only	pdf	pdf:page=61;region=explicit-vocabulary-list;scope=visible-even-pages-only;source-missing-alternate-pages=true;entry=12
Edge Vocabulary Booster 3A	edge-vocabulary-booster-3a	launch	launch	noun; verb		Describing the invention process	61	Edge Vocabulary Booster 3A visible PDF p.61		visible-even-pages-only; source-missing-alternate-pages; explicit target-list term and printed POS only; editorial review required.	lexical_candidate	candidate_only	pdf	pdf:page=61;region=explicit-vocabulary-list;scope=visible-even-pages-only;source-missing-alternate-pages=true;entry=13
Edge Vocabulary Booster 3A	edge-vocabulary-booster-3a	modify	modify	verb		Describing the invention process	61	Edge Vocabulary Booster 3A visible PDF p.61		visible-even-pages-only; source-missing-alternate-pages; explicit target-list term and printed POS only; editorial review required.	lexical_candidate	candidate_only	pdf	pdf:page=61;region=explicit-vocabulary-list;scope=visible-even-pages-only;source-missing-alternate-pages=true;entry=14
Edge Vocabulary Booster 3A	edge-vocabulary-booster-3a	prototype	prototype	noun; verb		Describing the invention process	61	Edge Vocabulary Booster 3A visible PDF p.61		visible-even-pages-only; source-missing-alternate-pages; explicit target-list term and printed POS only; editorial review required.	lexical_candidate	candidate_only	pdf	pdf:page=61;region=explicit-vocabulary-list;scope=visible-even-pages-only;source-missing-alternate-pages=true;entry=15
Edge Vocabulary Booster 3A	edge-vocabulary-booster-3a	refine	refine	verb		Describing the invention process	61	Edge Vocabulary Booster 3A visible PDF p.61		visible-even-pages-only; source-missing-alternate-pages; explicit target-list term and printed POS only; editorial review required.	lexical_candidate	candidate_only	pdf	pdf:page=61;region=explicit-vocabulary-list;scope=visible-even-pages-only;source-missing-alternate-pages=true;entry=16
Edge Vocabulary Booster 3A	edge-vocabulary-booster-3a	solution to	solution to	noun phrase		Describing the invention process	61	Edge Vocabulary Booster 3A visible PDF p.61		visible-even-pages-only; source-missing-alternate-pages; explicit target-list term and printed POS only; editorial review required.	lexical_candidate	candidate_only	pdf	pdf:page=61;region=explicit-vocabulary-list;scope=visible-even-pages-only;source-missing-alternate-pages=true;entry=17
Edge Vocabulary Booster 3A	edge-vocabulary-booster-3a	testing	testing	noun		Describing the invention process	61	Edge Vocabulary Booster 3A visible PDF p.61		visible-even-pages-only; source-missing-alternate-pages; explicit target-list term and printed POS only; editorial review required.	lexical_candidate	candidate_only	pdf	pdf:page=61;region=explicit-vocabulary-list;scope=visible-even-pages-only;source-missing-alternate-pages=true;entry=18
Edge Vocabulary Booster 3A	edge-vocabulary-booster-3a	visualise	visualise	verb		Describing the invention process	61	Edge Vocabulary Booster 3A visible PDF p.61		visible-even-pages-only; source-missing-alternate-pages; explicit target-list term and printed POS only; editorial review required.	lexical_candidate	candidate_only	pdf	pdf:page=61;region=explicit-vocabulary-list;scope=visible-even-pages-only;source-missing-alternate-pages=true;entry=19
Edge Vocabulary Booster 3A	edge-vocabulary-booster-3a	ambitious	ambitious	adjective		Qualities of successful innovators	61	Edge Vocabulary Booster 3A visible PDF p.61		visible-even-pages-only; source-missing-alternate-pages; explicit target-list term and printed POS only; editorial review required.	lexical_candidate	candidate_only	pdf	pdf:page=61;region=explicit-vocabulary-list;scope=visible-even-pages-only;source-missing-alternate-pages=true;entry=20
Edge Vocabulary Booster 3A	edge-vocabulary-booster-3a	courageous	courageous	adjective		Qualities of successful innovators	61	Edge Vocabulary Booster 3A visible PDF p.61		visible-even-pages-only; source-missing-alternate-pages; explicit target-list term and printed POS only; editorial review required.	lexical_candidate	candidate_only	pdf	pdf:page=61;region=explicit-vocabulary-list;scope=visible-even-pages-only;source-missing-alternate-pages=true;entry=21
Edge Vocabulary Booster 3A	edge-vocabulary-booster-3a	dynamic	dynamic	adjective		Qualities of successful innovators	61	Edge Vocabulary Booster 3A visible PDF p.61		visible-even-pages-only; source-missing-alternate-pages; explicit target-list term and printed POS only; editorial review required.	lexical_candidate	candidate_only	pdf	pdf:page=61;region=explicit-vocabulary-list;scope=visible-even-pages-only;source-missing-alternate-pages=true;entry=22
Edge Vocabulary Booster 3A	edge-vocabulary-booster-3a	flexible	flexible	adjective		Qualities of successful innovators	61	Edge Vocabulary Booster 3A visible PDF p.61		visible-even-pages-only; source-missing-alternate-pages; explicit target-list term and printed POS only; editorial review required.	lexical_candidate	candidate_only	pdf	pdf:page=61;region=explicit-vocabulary-list;scope=visible-even-pages-only;source-missing-alternate-pages=true;entry=23
Edge Vocabulary Booster 3A	edge-vocabulary-booster-3a	forward-thinking	forward-thinking	adjective		Qualities of successful innovators	61	Edge Vocabulary Booster 3A visible PDF p.61		visible-even-pages-only; source-missing-alternate-pages; explicit target-list term and printed POS only; editorial review required.	lexical_candidate	candidate_only	pdf	pdf:page=61;region=explicit-vocabulary-list;scope=visible-even-pages-only;source-missing-alternate-pages=true;entry=24
Edge Vocabulary Booster 3A	edge-vocabulary-booster-3a	open-minded	open-minded	adjective		Qualities of successful innovators	61	Edge Vocabulary Booster 3A visible PDF p.61		visible-even-pages-only; source-missing-alternate-pages; explicit target-list term and printed POS only; editorial review required.	lexical_candidate	candidate_only	pdf	pdf:page=61;region=explicit-vocabulary-list;scope=visible-even-pages-only;source-missing-alternate-pages=true;entry=25
Edge Vocabulary Booster 3A	edge-vocabulary-booster-3a	persistent	persistent	adjective		Qualities of successful innovators	61	Edge Vocabulary Booster 3A visible PDF p.61		visible-even-pages-only; source-missing-alternate-pages; explicit target-list term and printed POS only; editorial review required.	lexical_candidate	candidate_only	pdf	pdf:page=61;region=explicit-vocabulary-list;scope=visible-even-pages-only;source-missing-alternate-pages=true;entry=26
Edge Vocabulary Booster 3A	edge-vocabulary-booster-3a	results-oriented	results-oriented	adjective		Qualities of successful innovators	61	Edge Vocabulary Booster 3A visible PDF p.61		visible-even-pages-only; source-missing-alternate-pages; explicit target-list term and printed POS only; editorial review required.	lexical_candidate	candidate_only	pdf	pdf:page=61;region=explicit-vocabulary-list;scope=visible-even-pages-only;source-missing-alternate-pages=true;entry=27
Edge Vocabulary Booster 3A	edge-vocabulary-booster-3a	self-disciplined	self-disciplined	adjective		Qualities of successful innovators	61	Edge Vocabulary Booster 3A visible PDF p.61		visible-even-pages-only; source-missing-alternate-pages; explicit target-list term and printed POS only; editorial review required.	lexical_candidate	candidate_only	pdf	pdf:page=61;region=explicit-vocabulary-list;scope=visible-even-pages-only;source-missing-alternate-pages=true;entry=28
Edge Vocabulary Booster 3A	edge-vocabulary-booster-3a	ask around	ask around	phrasal verb		Phrasal verbs	61	Edge Vocabulary Booster 3A visible PDF p.61		visible-even-pages-only; source-missing-alternate-pages; explicit target-list term and printed POS only; editorial review required.	lexical_candidate	candidate_only	pdf	pdf:page=61;region=explicit-vocabulary-list;scope=visible-even-pages-only;source-missing-alternate-pages=true;entry=29
Edge Vocabulary Booster 3A	edge-vocabulary-booster-3a	break down	break down	phrasal verb		Phrasal verbs	61	Edge Vocabulary Booster 3A visible PDF p.61		visible-even-pages-only; source-missing-alternate-pages; explicit target-list term and printed POS only; editorial review required.	lexical_candidate	candidate_only	pdf	pdf:page=61;region=explicit-vocabulary-list;scope=visible-even-pages-only;source-missing-alternate-pages=true;entry=30
Edge Vocabulary Booster 3A	edge-vocabulary-booster-3a	carry on	carry on	phrasal verb		Phrasal verbs	61	Edge Vocabulary Booster 3A visible PDF p.61		visible-even-pages-only; source-missing-alternate-pages; explicit target-list term and printed POS only; editorial review required.	lexical_candidate	candidate_only	pdf	pdf:page=61;region=explicit-vocabulary-list;scope=visible-even-pages-only;source-missing-alternate-pages=true;entry=31
Edge Vocabulary Booster 3A	edge-vocabulary-booster-3a	come across	come across	phrasal verb		Phrasal verbs	61	Edge Vocabulary Booster 3A visible PDF p.61		visible-even-pages-only; source-missing-alternate-pages; explicit target-list term and printed POS only; editorial review required.	lexical_candidate	candidate_only	pdf	pdf:page=61;region=explicit-vocabulary-list;scope=visible-even-pages-only;source-missing-alternate-pages=true;entry=32
Edge Vocabulary Booster 3A	edge-vocabulary-booster-3a	come up with	come up with	phrasal verb		Phrasal verbs	61	Edge Vocabulary Booster 3A visible PDF p.61		visible-even-pages-only; source-missing-alternate-pages; explicit target-list term and printed POS only; editorial review required.	lexical_candidate	candidate_only	pdf	pdf:page=61;region=explicit-vocabulary-list;scope=visible-even-pages-only;source-missing-alternate-pages=true;entry=33
Edge Vocabulary Booster 3A	edge-vocabulary-booster-3a	come with	come with	phrasal verb		Phrasal verbs	61	Edge Vocabulary Booster 3A visible PDF p.61		visible-even-pages-only; source-missing-alternate-pages; explicit target-list term and printed POS only; editorial review required.	lexical_candidate	candidate_only	pdf	pdf:page=61;region=explicit-vocabulary-list;scope=visible-even-pages-only;source-missing-alternate-pages=true;entry=34
Edge Vocabulary Booster 3A	edge-vocabulary-booster-3a	find out	find out	phrasal verb		Phrasal verbs	61	Edge Vocabulary Booster 3A visible PDF p.61		visible-even-pages-only; source-missing-alternate-pages; explicit target-list term and printed POS only; editorial review required.	lexical_candidate	candidate_only	pdf	pdf:page=61;region=explicit-vocabulary-list;scope=visible-even-pages-only;source-missing-alternate-pages=true;entry=35
Edge Vocabulary Booster 3A	edge-vocabulary-booster-3a	get back to	get back to	phrasal verb		Phrasal verbs	61	Edge Vocabulary Booster 3A visible PDF p.61		visible-even-pages-only; source-missing-alternate-pages; explicit target-list term and printed POS only; editorial review required.	lexical_candidate	candidate_only	pdf	pdf:page=61;region=explicit-vocabulary-list;scope=visible-even-pages-only;source-missing-alternate-pages=true;entry=36
Edge Vocabulary Booster 3A	edge-vocabulary-booster-3a	get ... out	get ... out	phrasal verb		Phrasal verbs	61	Edge Vocabulary Booster 3A visible PDF p.61		visible-even-pages-only; source-missing-alternate-pages; explicit target-list term and printed POS only; editorial review required.	lexical_candidate	candidate_only	pdf	pdf:page=61;region=explicit-vocabulary-list;scope=visible-even-pages-only;source-missing-alternate-pages=true;entry=37
Edge Vocabulary Booster 3A	edge-vocabulary-booster-3a	give off	give off	phrasal verb		Phrasal verbs	61	Edge Vocabulary Booster 3A visible PDF p.61		visible-even-pages-only; source-missing-alternate-pages; explicit target-list term and printed POS only; editorial review required.	lexical_candidate	candidate_only	pdf	pdf:page=61;region=explicit-vocabulary-list;scope=visible-even-pages-only;source-missing-alternate-pages=true;entry=38
Edge Vocabulary Booster 3A	edge-vocabulary-booster-3a	go down	go down	phrasal verb		Phrasal verbs	61	Edge Vocabulary Booster 3A visible PDF p.61		visible-even-pages-only; source-missing-alternate-pages; explicit target-list term and printed POS only; editorial review required.	lexical_candidate	candidate_only	pdf	pdf:page=61;region=explicit-vocabulary-list;scope=visible-even-pages-only;source-missing-alternate-pages=true;entry=39
Edge Vocabulary Booster 3A	edge-vocabulary-booster-3a	go through	go through	phrasal verb		Phrasal verbs	61	Edge Vocabulary Booster 3A visible PDF p.61		visible-even-pages-only; source-missing-alternate-pages; explicit target-list term and printed POS only; editorial review required.	lexical_candidate	candidate_only	pdf	pdf:page=61;region=explicit-vocabulary-list;scope=visible-even-pages-only;source-missing-alternate-pages=true;entry=40
Edge Vocabulary Booster 3A	edge-vocabulary-booster-3a	grow up	grow up	phrasal verb		Phrasal verbs	61	Edge Vocabulary Booster 3A visible PDF p.61		visible-even-pages-only; source-missing-alternate-pages; explicit target-list term and printed POS only; editorial review required.	lexical_candidate	candidate_only	pdf	pdf:page=61;region=explicit-vocabulary-list;scope=visible-even-pages-only;source-missing-alternate-pages=true;entry=41
Edge Vocabulary Booster 3A	edge-vocabulary-booster-3a	pay off	pay off	phrasal verb		Phrasal verbs	61	Edge Vocabulary Booster 3A visible PDF p.61		visible-even-pages-only; source-missing-alternate-pages; explicit target-list term and printed POS only; editorial review required.	lexical_candidate	candidate_only	pdf	pdf:page=61;region=explicit-vocabulary-list;scope=visible-even-pages-only;source-missing-alternate-pages=true;entry=42
Edge Vocabulary Booster 3A	edge-vocabulary-booster-3a	pick up	pick up	phrasal verb		Phrasal verbs	61	Edge Vocabulary Booster 3A visible PDF p.61		visible-even-pages-only; source-missing-alternate-pages; explicit target-list term and printed POS only; editorial review required.	lexical_candidate	candidate_only	pdf	pdf:page=61;region=explicit-vocabulary-list;scope=visible-even-pages-only;source-missing-alternate-pages=true;entry=43
Edge Vocabulary Booster 3A	edge-vocabulary-booster-3a	put ... off	put ... off	phrasal verb		Phrasal verbs	61	Edge Vocabulary Booster 3A visible PDF p.61		visible-even-pages-only; source-missing-alternate-pages; explicit target-list term and printed POS only; editorial review required.	lexical_candidate	candidate_only	pdf	pdf:page=61;region=explicit-vocabulary-list;scope=visible-even-pages-only;source-missing-alternate-pages=true;entry=44
Edge Vocabulary Booster 3A	edge-vocabulary-booster-3a	put ... on	put ... on	phrasal verb		Phrasal verbs	61	Edge Vocabulary Booster 3A visible PDF p.61		visible-even-pages-only; source-missing-alternate-pages; explicit target-list term and printed POS only; editorial review required.	lexical_candidate	candidate_only	pdf	pdf:page=61;region=explicit-vocabulary-list;scope=visible-even-pages-only;source-missing-alternate-pages=true;entry=45
Edge Vocabulary Booster 3A	edge-vocabulary-booster-3a	put together	put together	phrasal verb		Phrasal verbs	61	Edge Vocabulary Booster 3A visible PDF p.61		visible-even-pages-only; source-missing-alternate-pages; explicit target-list term and printed POS only; editorial review required.	lexical_candidate	candidate_only	pdf	pdf:page=61;region=explicit-vocabulary-list;scope=visible-even-pages-only;source-missing-alternate-pages=true;entry=46
Edge Vocabulary Booster 3A	edge-vocabulary-booster-3a	reach into	reach into	phrasal verb		Phrasal verbs	61	Edge Vocabulary Booster 3A visible PDF p.61		visible-even-pages-only; source-missing-alternate-pages; explicit target-list term and printed POS only; editorial review required.	lexical_candidate	candidate_only	pdf	pdf:page=61;region=explicit-vocabulary-list;scope=visible-even-pages-only;source-missing-alternate-pages=true;entry=47
Edge Vocabulary Booster 3A	edge-vocabulary-booster-3a	reach out	reach out	phrasal verb		Phrasal verbs	61	Edge Vocabulary Booster 3A visible PDF p.61		visible-even-pages-only; source-missing-alternate-pages; explicit target-list term and printed POS only; editorial review required.	lexical_candidate	candidate_only	pdf	pdf:page=61;region=explicit-vocabulary-list;scope=visible-even-pages-only;source-missing-alternate-pages=true;entry=48
Edge Vocabulary Booster 3A	edge-vocabulary-booster-3a	run out of	run out of	phrasal verb		Phrasal verbs	61	Edge Vocabulary Booster 3A visible PDF p.61		visible-even-pages-only; source-missing-alternate-pages; explicit target-list term and printed POS only; editorial review required.	lexical_candidate	candidate_only	pdf	pdf:page=61;region=explicit-vocabulary-list;scope=visible-even-pages-only;source-missing-alternate-pages=true;entry=49
Edge Vocabulary Booster 3A	edge-vocabulary-booster-3a	send ... back	send ... back	phrasal verb		Phrasal verbs	61	Edge Vocabulary Booster 3A visible PDF p.61		visible-even-pages-only; source-missing-alternate-pages; explicit target-list term and printed POS only; editorial review required.	lexical_candidate	candidate_only	pdf	pdf:page=61;region=explicit-vocabulary-list;scope=visible-even-pages-only;source-missing-alternate-pages=true;entry=50
Edge Vocabulary Booster 3A	edge-vocabulary-booster-3a	set out	set out	phrasal verb		Phrasal verbs	61	Edge Vocabulary Booster 3A visible PDF p.61		visible-even-pages-only; source-missing-alternate-pages; explicit target-list term and printed POS only; editorial review required.	lexical_candidate	candidate_only	pdf	pdf:page=61;region=explicit-vocabulary-list;scope=visible-even-pages-only;source-missing-alternate-pages=true;entry=51
Edge Vocabulary Booster 3A	edge-vocabulary-booster-3a	sit around	sit around	phrasal verb		Phrasal verbs	61	Edge Vocabulary Booster 3A visible PDF p.61		visible-even-pages-only; source-missing-alternate-pages; explicit target-list term and printed POS only; editorial review required.	lexical_candidate	candidate_only	pdf	pdf:page=61;region=explicit-vocabulary-list;scope=visible-even-pages-only;source-missing-alternate-pages=true;entry=52
Edge Vocabulary Booster 3A	edge-vocabulary-booster-3a	sit down	sit down	phrasal verb		Phrasal verbs	61	Edge Vocabulary Booster 3A visible PDF p.61		visible-even-pages-only; source-missing-alternate-pages; explicit target-list term and printed POS only; editorial review required.	lexical_candidate	candidate_only	pdf	pdf:page=61;region=explicit-vocabulary-list;scope=visible-even-pages-only;source-missing-alternate-pages=true;entry=53
Edge Vocabulary Booster 3A	edge-vocabulary-booster-3a	switch out	switch out	phrasal verb		Phrasal verbs	61	Edge Vocabulary Booster 3A visible PDF p.61		visible-even-pages-only; source-missing-alternate-pages; explicit target-list term and printed POS only; editorial review required.	lexical_candidate	candidate_only	pdf	pdf:page=61;region=explicit-vocabulary-list;scope=visible-even-pages-only;source-missing-alternate-pages=true;entry=54
Edge Vocabulary Booster 3A	edge-vocabulary-booster-3a	take away	take away	phrasal verb		Phrasal verbs	61	Edge Vocabulary Booster 3A visible PDF p.61		visible-even-pages-only; source-missing-alternate-pages; explicit target-list term and printed POS only; editorial review required.	lexical_candidate	candidate_only	pdf	pdf:page=61;region=explicit-vocabulary-list;scope=visible-even-pages-only;source-missing-alternate-pages=true;entry=55
Edge Vocabulary Booster 3A	edge-vocabulary-booster-3a	take off	take off	phrasal verb		Phrasal verbs	61	Edge Vocabulary Booster 3A visible PDF p.61		visible-even-pages-only; source-missing-alternate-pages; explicit target-list term and printed POS only; editorial review required.	lexical_candidate	candidate_only	pdf	pdf:page=61;region=explicit-vocabulary-list;scope=visible-even-pages-only;source-missing-alternate-pages=true;entry=56
Edge Vocabulary Booster 3A	edge-vocabulary-booster-3a	talk about	talk about	phrasal verb		Phrasal verbs	61	Edge Vocabulary Booster 3A visible PDF p.61		visible-even-pages-only; source-missing-alternate-pages; explicit target-list term and printed POS only; editorial review required.	lexical_candidate	candidate_only	pdf	pdf:page=61;region=explicit-vocabulary-list;scope=visible-even-pages-only;source-missing-alternate-pages=true;entry=57
Edge Vocabulary Booster 3A	edge-vocabulary-booster-3a	test ... out	test ... out	phrasal verb		Phrasal verbs	61	Edge Vocabulary Booster 3A visible PDF p.61		visible-even-pages-only; source-missing-alternate-pages; explicit target-list term and printed POS only; editorial review required.	lexical_candidate	candidate_only	pdf	pdf:page=61;region=explicit-vocabulary-list;scope=visible-even-pages-only;source-missing-alternate-pages=true;entry=58
Edge Vocabulary Booster 3A	edge-vocabulary-booster-3a	think up	think up	phrasal verb		Phrasal verbs	61	Edge Vocabulary Booster 3A visible PDF p.61		visible-even-pages-only; source-missing-alternate-pages; explicit target-list term and printed POS only; editorial review required.	lexical_candidate	candidate_only	pdf	pdf:page=61;region=explicit-vocabulary-list;scope=visible-even-pages-only;source-missing-alternate-pages=true;entry=59
Edge Vocabulary Booster 3A	edge-vocabulary-booster-3a	throw out	throw out	phrasal verb		Phrasal verbs	61	Edge Vocabulary Booster 3A visible PDF p.61		visible-even-pages-only; source-missing-alternate-pages; explicit target-list term and printed POS only; editorial review required.	lexical_candidate	candidate_only	pdf	pdf:page=61;region=explicit-vocabulary-list;scope=visible-even-pages-only;source-missing-alternate-pages=true;entry=60
Edge Vocabulary Booster 3A	edge-vocabulary-booster-3a	try out	try out	phrasal verb		Phrasal verbs	61	Edge Vocabulary Booster 3A visible PDF p.61		visible-even-pages-only; source-missing-alternate-pages; explicit target-list term and printed POS only; editorial review required.	lexical_candidate	candidate_only	pdf	pdf:page=61;region=explicit-vocabulary-list;scope=visible-even-pages-only;source-missing-alternate-pages=true;entry=61
Edge Vocabulary Booster 3A	edge-vocabulary-booster-3a	turn out	turn out	phrasal verb		Phrasal verbs	61	Edge Vocabulary Booster 3A visible PDF p.61		visible-even-pages-only; source-missing-alternate-pages; explicit target-list term and printed POS only; editorial review required.	lexical_candidate	candidate_only	pdf	pdf:page=61;region=explicit-vocabulary-list;scope=visible-even-pages-only;source-missing-alternate-pages=true;entry=62
Edge Vocabulary Booster 3A	edge-vocabulary-booster-3a	walk over	walk over	phrasal verb		Phrasal verbs	61	Edge Vocabulary Booster 3A visible PDF p.61		visible-even-pages-only; source-missing-alternate-pages; explicit target-list term and printed POS only; editorial review required.	lexical_candidate	candidate_only	pdf	pdf:page=61;region=explicit-vocabulary-list;scope=visible-even-pages-only;source-missing-alternate-pages=true;entry=63
Edge Vocabulary Booster 3A	edge-vocabulary-booster-3a	wrap up	wrap up	phrasal verb		Phrasal verbs	61	Edge Vocabulary Booster 3A visible PDF p.61		visible-even-pages-only; source-missing-alternate-pages; explicit target-list term and printed POS only; editorial review required.	lexical_candidate	candidate_only	pdf	pdf:page=61;region=explicit-vocabulary-list;scope=visible-even-pages-only;source-missing-alternate-pages=true;entry=64
Edge Vocabulary Booster 3A	edge-vocabulary-booster-3a	back story	back story	noun phrase		Other vocabulary	61	Edge Vocabulary Booster 3A visible PDF p.61		visible-even-pages-only; source-missing-alternate-pages; explicit target-list term and printed POS only; editorial review required.	lexical_candidate	candidate_only	pdf	pdf:page=61;region=explicit-vocabulary-list;scope=visible-even-pages-only;source-missing-alternate-pages=true;entry=65
Edge Vocabulary Booster 3A	edge-vocabulary-booster-3a	exceed	exceed	verb		Other vocabulary	61	Edge Vocabulary Booster 3A visible PDF p.61		visible-even-pages-only; source-missing-alternate-pages; explicit target-list term and printed POS only; editorial review required.	lexical_candidate	candidate_only	pdf	pdf:page=61;region=explicit-vocabulary-list;scope=visible-even-pages-only;source-missing-alternate-pages=true;entry=66
Edge Vocabulary Booster 3A	edge-vocabulary-booster-3a	generosity	generosity	noun		Other vocabulary	61	Edge Vocabulary Booster 3A visible PDF p.61		visible-even-pages-only; source-missing-alternate-pages; explicit target-list term and printed POS only; editorial review required.	lexical_candidate	candidate_only	pdf	pdf:page=61;region=explicit-vocabulary-list;scope=visible-even-pages-only;source-missing-alternate-pages=true;entry=67
Edge Vocabulary Booster 3A	edge-vocabulary-booster-3a	impractical	impractical	adjective		Other vocabulary	61	Edge Vocabulary Booster 3A visible PDF p.61		visible-even-pages-only; source-missing-alternate-pages; explicit target-list term and printed POS only; editorial review required.	lexical_candidate	candidate_only	pdf	pdf:page=61;region=explicit-vocabulary-list;scope=visible-even-pages-only;source-missing-alternate-pages=true;entry=68
Edge Vocabulary Booster 3A	edge-vocabulary-booster-3a	neighbouring	neighbouring	adjective		Other vocabulary	61	Edge Vocabulary Booster 3A visible PDF p.61		visible-even-pages-only; source-missing-alternate-pages; explicit target-list term and printed POS only; editorial review required.	lexical_candidate	candidate_only	pdf	pdf:page=61;region=explicit-vocabulary-list;scope=visible-even-pages-only;source-missing-alternate-pages=true;entry=69
Edge Vocabulary Booster 3A	edge-vocabulary-booster-3a	nutritious	nutritious	adjective		Other vocabulary	61	Edge Vocabulary Booster 3A visible PDF p.61		visible-even-pages-only; source-missing-alternate-pages; explicit target-list term and printed POS only; editorial review required.	lexical_candidate	candidate_only	pdf	pdf:page=61;region=explicit-vocabulary-list;scope=visible-even-pages-only;source-missing-alternate-pages=true;entry=70
Edge Vocabulary Booster 3A	edge-vocabulary-booster-3a	shortlist	shortlist	verb		Other vocabulary	61	Edge Vocabulary Booster 3A visible PDF p.61		visible-even-pages-only; source-missing-alternate-pages; explicit target-list term and printed POS only; editorial review required.	lexical_candidate	candidate_only	pdf	pdf:page=61;region=explicit-vocabulary-list;scope=visible-even-pages-only;source-missing-alternate-pages=true;entry=71
Edge Vocabulary Booster 3A	edge-vocabulary-booster-3a	soundproof	soundproof	adjective		Other vocabulary	61	Edge Vocabulary Booster 3A visible PDF p.61		visible-even-pages-only; source-missing-alternate-pages; explicit target-list term and printed POS only; editorial review required.	lexical_candidate	candidate_only	pdf	pdf:page=61;region=explicit-vocabulary-list;scope=visible-even-pages-only;source-missing-alternate-pages=true;entry=72
Edge Vocabulary Booster 3A	edge-vocabulary-booster-3a	drawl	drawl	verb		Visible glossary continuation	63	Edge Vocabulary Booster 3A visible PDF p.63		visible-even-pages-only; source-missing-alternate-pages; explicit target-list term and printed POS only; editorial review required.	lexical_candidate	candidate_only	pdf	pdf:page=63;region=explicit-vocabulary-list;scope=visible-even-pages-only;source-missing-alternate-pages=true;entry=1
Edge Vocabulary Booster 3A	edge-vocabulary-booster-3a	dwell on	dwell on	phrasal verb		Visible glossary continuation	63	Edge Vocabulary Booster 3A visible PDF p.63		visible-even-pages-only; source-missing-alternate-pages; explicit target-list term and printed POS only; editorial review required.	lexical_candidate	candidate_only	pdf	pdf:page=63;region=explicit-vocabulary-list;scope=visible-even-pages-only;source-missing-alternate-pages=true;entry=2
Edge Vocabulary Booster 3A	edge-vocabulary-booster-3a	gasp	gasp	verb		Visible glossary continuation	63	Edge Vocabulary Booster 3A visible PDF p.63		visible-even-pages-only; source-missing-alternate-pages; explicit target-list term and printed POS only; editorial review required.	lexical_candidate	candidate_only	pdf	pdf:page=63;region=explicit-vocabulary-list;scope=visible-even-pages-only;source-missing-alternate-pages=true;entry=3
Edge Vocabulary Booster 3A	edge-vocabulary-booster-3a	giggle	giggle	verb		Visible glossary continuation	63	Edge Vocabulary Booster 3A visible PDF p.63		visible-even-pages-only; source-missing-alternate-pages; explicit target-list term and printed POS only; editorial review required.	lexical_candidate	candidate_only	pdf	pdf:page=63;region=explicit-vocabulary-list;scope=visible-even-pages-only;source-missing-alternate-pages=true;entry=4
Edge Vocabulary Booster 3A	edge-vocabulary-booster-3a	mull over	mull over	phrasal verb		Visible glossary continuation	63	Edge Vocabulary Booster 3A visible PDF p.63		visible-even-pages-only; source-missing-alternate-pages; explicit target-list term and printed POS only; editorial review required.	lexical_candidate	candidate_only	pdf	pdf:page=63;region=explicit-vocabulary-list;scope=visible-even-pages-only;source-missing-alternate-pages=true;entry=5
Edge Vocabulary Booster 3A	edge-vocabulary-booster-3a	murmur	murmur	verb		Visible glossary continuation	63	Edge Vocabulary Booster 3A visible PDF p.63		visible-even-pages-only; source-missing-alternate-pages; explicit target-list term and printed POS only; editorial review required.	lexical_candidate	candidate_only	pdf	pdf:page=63;region=explicit-vocabulary-list;scope=visible-even-pages-only;source-missing-alternate-pages=true;entry=6
Edge Vocabulary Booster 3A	edge-vocabulary-booster-3a	mutter	mutter	verb		Visible glossary continuation	63	Edge Vocabulary Booster 3A visible PDF p.63		visible-even-pages-only; source-missing-alternate-pages; explicit target-list term and printed POS only; editorial review required.	lexical_candidate	candidate_only	pdf	pdf:page=63;region=explicit-vocabulary-list;scope=visible-even-pages-only;source-missing-alternate-pages=true;entry=7
Edge Vocabulary Booster 3A	edge-vocabulary-booster-3a	ponder over	ponder over	phrasal verb		Visible glossary continuation	63	Edge Vocabulary Booster 3A visible PDF p.63		visible-even-pages-only; source-missing-alternate-pages; explicit target-list term and printed POS only; editorial review required.	lexical_candidate	candidate_only	pdf	pdf:page=63;region=explicit-vocabulary-list;scope=visible-even-pages-only;source-missing-alternate-pages=true;entry=8
Edge Vocabulary Booster 3A	edge-vocabulary-booster-3a	shriek	shriek	verb		Visible glossary continuation	63	Edge Vocabulary Booster 3A visible PDF p.63		visible-even-pages-only; source-missing-alternate-pages; explicit target-list term and printed POS only; editorial review required.	lexical_candidate	candidate_only	pdf	pdf:page=63;region=explicit-vocabulary-list;scope=visible-even-pages-only;source-missing-alternate-pages=true;entry=9
Edge Vocabulary Booster 3A	edge-vocabulary-booster-3a	sigh	sigh	verb		Visible glossary continuation	63	Edge Vocabulary Booster 3A visible PDF p.63		visible-even-pages-only; source-missing-alternate-pages; explicit target-list term and printed POS only; editorial review required.	lexical_candidate	candidate_only	pdf	pdf:page=63;region=explicit-vocabulary-list;scope=visible-even-pages-only;source-missing-alternate-pages=true;entry=10
Edge Vocabulary Booster 3A	edge-vocabulary-booster-3a	snarl	snarl	verb		Visible glossary continuation	63	Edge Vocabulary Booster 3A visible PDF p.63		visible-even-pages-only; source-missing-alternate-pages; explicit target-list term and printed POS only; editorial review required.	lexical_candidate	candidate_only	pdf	pdf:page=63;region=explicit-vocabulary-list;scope=visible-even-pages-only;source-missing-alternate-pages=true;entry=11
Edge Vocabulary Booster 3A	edge-vocabulary-booster-3a	stammer	stammer	verb		Visible glossary continuation	63	Edge Vocabulary Booster 3A visible PDF p.63		visible-even-pages-only; source-missing-alternate-pages; explicit target-list term and printed POS only; editorial review required.	lexical_candidate	candidate_only	pdf	pdf:page=63;region=explicit-vocabulary-list;scope=visible-even-pages-only;source-missing-alternate-pages=true;entry=12
Edge Vocabulary Booster 3A	edge-vocabulary-booster-3a	threaten	threaten	verb		Visible glossary continuation	63	Edge Vocabulary Booster 3A visible PDF p.63		visible-even-pages-only; source-missing-alternate-pages; explicit target-list term and printed POS only; editorial review required.	lexical_candidate	candidate_only	pdf	pdf:page=63;region=explicit-vocabulary-list;scope=visible-even-pages-only;source-missing-alternate-pages=true;entry=13
Edge Vocabulary Booster 3A	edge-vocabulary-booster-3a	urge	urge	verb		Visible glossary continuation	63	Edge Vocabulary Booster 3A visible PDF p.63		visible-even-pages-only; source-missing-alternate-pages; explicit target-list term and printed POS only; editorial review required.	lexical_candidate	candidate_only	pdf	pdf:page=63;region=explicit-vocabulary-list;scope=visible-even-pages-only;source-missing-alternate-pages=true;entry=14
Edge Vocabulary Booster 3A	edge-vocabulary-booster-3a	whimper	whimper	verb		Visible glossary continuation	63	Edge Vocabulary Booster 3A visible PDF p.63		visible-even-pages-only; source-missing-alternate-pages; explicit target-list term and printed POS only; editorial review required.	lexical_candidate	candidate_only	pdf	pdf:page=63;region=explicit-vocabulary-list;scope=visible-even-pages-only;source-missing-alternate-pages=true;entry=15
Edge Vocabulary Booster 3A	edge-vocabulary-booster-3a	whisper	whisper	verb		Visible glossary continuation	63	Edge Vocabulary Booster 3A visible PDF p.63		visible-even-pages-only; source-missing-alternate-pages; explicit target-list term and printed POS only; editorial review required.	lexical_candidate	candidate_only	pdf	pdf:page=63;region=explicit-vocabulary-list;scope=visible-even-pages-only;source-missing-alternate-pages=true;entry=16
Edge Vocabulary Booster 3A	edge-vocabulary-booster-3a	yell	yell	verb		Visible glossary continuation	63	Edge Vocabulary Booster 3A visible PDF p.63		visible-even-pages-only; source-missing-alternate-pages; explicit target-list term and printed POS only; editorial review required.	lexical_candidate	candidate_only	pdf	pdf:page=63;region=explicit-vocabulary-list;scope=visible-even-pages-only;source-missing-alternate-pages=true;entry=17
Edge Vocabulary Booster 3A	edge-vocabulary-booster-3a	clutter	clutter	verb		Other vocabulary	63	Edge Vocabulary Booster 3A visible PDF p.63		visible-even-pages-only; source-missing-alternate-pages; explicit target-list term and printed POS only; editorial review required.	lexical_candidate	candidate_only	pdf	pdf:page=63;region=explicit-vocabulary-list;scope=visible-even-pages-only;source-missing-alternate-pages=true;entry=18
Edge Vocabulary Booster 3A	edge-vocabulary-booster-3a	dare	dare	verb		Other vocabulary	63	Edge Vocabulary Booster 3A visible PDF p.63		visible-even-pages-only; source-missing-alternate-pages; explicit target-list term and printed POS only; editorial review required.	lexical_candidate	candidate_only	pdf	pdf:page=63;region=explicit-vocabulary-list;scope=visible-even-pages-only;source-missing-alternate-pages=true;entry=19
Edge Vocabulary Booster 3A	edge-vocabulary-booster-3a	hawk	hawk	noun		Other vocabulary	63	Edge Vocabulary Booster 3A visible PDF p.63		visible-even-pages-only; source-missing-alternate-pages; explicit target-list term and printed POS only; editorial review required.	lexical_candidate	candidate_only	pdf	pdf:page=63;region=explicit-vocabulary-list;scope=visible-even-pages-only;source-missing-alternate-pages=true;entry=20
Edge Vocabulary Booster 3A	edge-vocabulary-booster-3a	inhabitant	inhabitant	noun		Other vocabulary	63	Edge Vocabulary Booster 3A visible PDF p.63		visible-even-pages-only; source-missing-alternate-pages; explicit target-list term and printed POS only; editorial review required.	lexical_candidate	candidate_only	pdf	pdf:page=63;region=explicit-vocabulary-list;scope=visible-even-pages-only;source-missing-alternate-pages=true;entry=21
Edge Vocabulary Booster 3A	edge-vocabulary-booster-3a	persuasion	persuasion	noun		Other vocabulary	63	Edge Vocabulary Booster 3A visible PDF p.63		visible-even-pages-only; source-missing-alternate-pages; explicit target-list term and printed POS only; editorial review required.	lexical_candidate	candidate_only	pdf	pdf:page=63;region=explicit-vocabulary-list;scope=visible-even-pages-only;source-missing-alternate-pages=true;entry=22
Edge Vocabulary Booster 3A	edge-vocabulary-booster-3a	pharaoh	pharaoh	noun		Other vocabulary	63	Edge Vocabulary Booster 3A visible PDF p.63		visible-even-pages-only; source-missing-alternate-pages; explicit target-list term and printed POS only; editorial review required.	lexical_candidate	candidate_only	pdf	pdf:page=63;region=explicit-vocabulary-list;scope=visible-even-pages-only;source-missing-alternate-pages=true;entry=23
Edge Vocabulary Booster 3A	edge-vocabulary-booster-3a	reveal	reveal	verb		Other vocabulary	63	Edge Vocabulary Booster 3A visible PDF p.63		visible-even-pages-only; source-missing-alternate-pages; explicit target-list term and printed POS only; editorial review required.	lexical_candidate	candidate_only	pdf	pdf:page=63;region=explicit-vocabulary-list;scope=visible-even-pages-only;source-missing-alternate-pages=true;entry=24
Edge Vocabulary Booster 3A	edge-vocabulary-booster-3a	revenge	revenge	noun		Other vocabulary	63	Edge Vocabulary Booster 3A visible PDF p.63		visible-even-pages-only; source-missing-alternate-pages; explicit target-list term and printed POS only; editorial review required.	lexical_candidate	candidate_only	pdf	pdf:page=63;region=explicit-vocabulary-list;scope=visible-even-pages-only;source-missing-alternate-pages=true;entry=25
Edge Vocabulary Booster 3A	edge-vocabulary-booster-3a	surface	surface	verb		Other vocabulary	63	Edge Vocabulary Booster 3A visible PDF p.63		visible-even-pages-only; source-missing-alternate-pages; explicit target-list term and printed POS only; editorial review required.	lexical_candidate	candidate_only	pdf	pdf:page=63;region=explicit-vocabulary-list;scope=visible-even-pages-only;source-missing-alternate-pages=true;entry=26
Edge 3B Vocabulary	edge-vocabulary-3b	accountant	accountant	noun		Workplace communication - Positions in a company	51	Edge 3B Vocabulary visible PDF p.51		visible-even-pages-only; source-missing-alternate-pages; explicit target-list term and printed POS only; editorial review required.	lexical_candidate	candidate_only	pdf	pdf:page=51;region=explicit-vocabulary-list;scope=visible-even-pages-only;source-missing-alternate-pages=true;entry=1
Edge 3B Vocabulary	edge-vocabulary-3b	chief executive officer	chief executive officer	noun phrase		Workplace communication - Positions in a company	51	Edge 3B Vocabulary visible PDF p.51		visible-even-pages-only; source-missing-alternate-pages; explicit target-list term and printed POS only; editorial review required.	lexical_candidate	candidate_only	pdf	pdf:page=51;region=explicit-vocabulary-list;scope=visible-even-pages-only;source-missing-alternate-pages=true;entry=2
Edge 3B Vocabulary	edge-vocabulary-3b	customer services executive	customer services executive	noun phrase		Workplace communication - Positions in a company	51	Edge 3B Vocabulary visible PDF p.51		visible-even-pages-only; source-missing-alternate-pages; explicit target-list term and printed POS only; editorial review required.	lexical_candidate	candidate_only	pdf	pdf:page=51;region=explicit-vocabulary-list;scope=visible-even-pages-only;source-missing-alternate-pages=true;entry=3
Edge 3B Vocabulary	edge-vocabulary-3b	general manager	general manager	noun phrase		Workplace communication - Positions in a company	51	Edge 3B Vocabulary visible PDF p.51		visible-even-pages-only; source-missing-alternate-pages; explicit target-list term and printed POS only; editorial review required.	lexical_candidate	candidate_only	pdf	pdf:page=51;region=explicit-vocabulary-list;scope=visible-even-pages-only;source-missing-alternate-pages=true;entry=4
Edge 3B Vocabulary	edge-vocabulary-3b	human resources manager	human resources manager	noun phrase		Workplace communication - Positions in a company	51	Edge 3B Vocabulary visible PDF p.51		visible-even-pages-only; source-missing-alternate-pages; explicit target-list term and printed POS only; editorial review required.	lexical_candidate	candidate_only	pdf	pdf:page=51;region=explicit-vocabulary-list;scope=visible-even-pages-only;source-missing-alternate-pages=true;entry=5
Edge 3B Vocabulary	edge-vocabulary-3b	IT technician	IT technician	noun phrase		Workplace communication - Positions in a company	51	Edge 3B Vocabulary visible PDF p.51		visible-even-pages-only; source-missing-alternate-pages; explicit target-list term and printed POS only; editorial review required.	lexical_candidate	candidate_only	pdf	pdf:page=51;region=explicit-vocabulary-list;scope=visible-even-pages-only;source-missing-alternate-pages=true;entry=6
Edge 3B Vocabulary	edge-vocabulary-3b	managing director	managing director	noun phrase		Workplace communication - Positions in a company	51	Edge 3B Vocabulary visible PDF p.51		visible-even-pages-only; source-missing-alternate-pages; explicit target-list term and printed POS only; editorial review required.	lexical_candidate	candidate_only	pdf	pdf:page=51;region=explicit-vocabulary-list;scope=visible-even-pages-only;source-missing-alternate-pages=true;entry=7
Edge 3B Vocabulary	edge-vocabulary-3b	marketing executive	marketing executive	noun phrase		Workplace communication - Positions in a company	51	Edge 3B Vocabulary visible PDF p.51		visible-even-pages-only; source-missing-alternate-pages; explicit target-list term and printed POS only; editorial review required.	lexical_candidate	candidate_only	pdf	pdf:page=51;region=explicit-vocabulary-list;scope=visible-even-pages-only;source-missing-alternate-pages=true;entry=8
Edge 3B Vocabulary	edge-vocabulary-3b	president	president	noun		Workplace communication - Positions in a company	51	Edge 3B Vocabulary visible PDF p.51		visible-even-pages-only; source-missing-alternate-pages; explicit target-list term and printed POS only; editorial review required.	lexical_candidate	candidate_only	pdf	pdf:page=51;region=explicit-vocabulary-list;scope=visible-even-pages-only;source-missing-alternate-pages=true;entry=9
Edge 3B Vocabulary	edge-vocabulary-3b	receptionist	receptionist	noun		Workplace communication - Positions in a company	51	Edge 3B Vocabulary visible PDF p.51		visible-even-pages-only; source-missing-alternate-pages; explicit target-list term and printed POS only; editorial review required.	lexical_candidate	candidate_only	pdf	pdf:page=51;region=explicit-vocabulary-list;scope=visible-even-pages-only;source-missing-alternate-pages=true;entry=10
Edge 3B Vocabulary	edge-vocabulary-3b	sales representative	sales representative	noun phrase		Workplace communication - Positions in a company	51	Edge 3B Vocabulary visible PDF p.51		visible-even-pages-only; source-missing-alternate-pages; explicit target-list term and printed POS only; editorial review required.	lexical_candidate	candidate_only	pdf	pdf:page=51;region=explicit-vocabulary-list;scope=visible-even-pages-only;source-missing-alternate-pages=true;entry=11
Edge 3B Vocabulary	edge-vocabulary-3b	secretary	secretary	noun		Workplace communication - Positions in a company	51	Edge 3B Vocabulary visible PDF p.51		visible-even-pages-only; source-missing-alternate-pages; explicit target-list term and printed POS only; editorial review required.	lexical_candidate	candidate_only	pdf	pdf:page=51;region=explicit-vocabulary-list;scope=visible-even-pages-only;source-missing-alternate-pages=true;entry=12
Edge 3B Vocabulary	edge-vocabulary-3b	argument	argument	noun		Debating - Debating terms	53	Edge 3B Vocabulary visible PDF p.53		visible-even-pages-only; source-missing-alternate-pages; explicit target-list term and printed POS only; editorial review required.	lexical_candidate	candidate_only	pdf	pdf:page=53;region=explicit-vocabulary-list;scope=visible-even-pages-only;source-missing-alternate-pages=true;entry=1
Edge 3B Vocabulary	edge-vocabulary-3b	define	define	verb		Debating - Debating terms	53	Edge 3B Vocabulary visible PDF p.53		visible-even-pages-only; source-missing-alternate-pages; explicit target-list term and printed POS only; editorial review required.	lexical_candidate	candidate_only	pdf	pdf:page=53;region=explicit-vocabulary-list;scope=visible-even-pages-only;source-missing-alternate-pages=true;entry=2
Edge 3B Vocabulary	edge-vocabulary-3b	definition	definition	noun		Debating - Debating terms	53	Edge 3B Vocabulary visible PDF p.53		visible-even-pages-only; source-missing-alternate-pages; explicit target-list term and printed POS only; editorial review required.	lexical_candidate	candidate_only	pdf	pdf:page=53;region=explicit-vocabulary-list;scope=visible-even-pages-only;source-missing-alternate-pages=true;entry=3
Edge 3B Vocabulary	edge-vocabulary-3b	fallacy	fallacy	noun		Debating - Debating terms	53	Edge 3B Vocabulary visible PDF p.53		visible-even-pages-only; source-missing-alternate-pages; explicit target-list term and printed POS only; editorial review required.	lexical_candidate	candidate_only	pdf	pdf:page=53;region=explicit-vocabulary-list;scope=visible-even-pages-only;source-missing-alternate-pages=true;entry=4
Edge 3B Vocabulary	edge-vocabulary-3b	issue	issue	noun		Debating - Debating terms	53	Edge 3B Vocabulary visible PDF p.53		visible-even-pages-only; source-missing-alternate-pages; explicit target-list term and printed POS only; editorial review required.	lexical_candidate	candidate_only	pdf	pdf:page=53;region=explicit-vocabulary-list;scope=visible-even-pages-only;source-missing-alternate-pages=true;entry=5
Edge 3B Vocabulary	edge-vocabulary-3b	motion	motion	noun		Debating - Debating terms	53	Edge 3B Vocabulary visible PDF p.53		visible-even-pages-only; source-missing-alternate-pages; explicit target-list term and printed POS only; editorial review required.	lexical_candidate	candidate_only	pdf	pdf:page=53;region=explicit-vocabulary-list;scope=visible-even-pages-only;source-missing-alternate-pages=true;entry=6
Edge 3B Vocabulary	edge-vocabulary-3b	the Opposition team	the Opposition team	noun phrase		Debating - Debating terms	53	Edge 3B Vocabulary visible PDF p.53		visible-even-pages-only; source-missing-alternate-pages; explicit target-list term and printed POS only; editorial review required.	lexical_candidate	candidate_only	pdf	pdf:page=53;region=explicit-vocabulary-list;scope=visible-even-pages-only;source-missing-alternate-pages=true;entry=7
Edge 3B Vocabulary	edge-vocabulary-3b	opposing teams	opposing teams	noun phrase		Debating - Debating terms	53	Edge 3B Vocabulary visible PDF p.53		visible-even-pages-only; source-missing-alternate-pages; explicit target-list term and printed POS only; editorial review required.	lexical_candidate	candidate_only	pdf	pdf:page=53;region=explicit-vocabulary-list;scope=visible-even-pages-only;source-missing-alternate-pages=true;entry=8
Edge 3B Vocabulary	edge-vocabulary-3b	position	position	noun		Debating - Debating terms	53	Edge 3B Vocabulary visible PDF p.53		visible-even-pages-only; source-missing-alternate-pages; explicit target-list term and printed POS only; editorial review required.	lexical_candidate	candidate_only	pdf	pdf:page=53;region=explicit-vocabulary-list;scope=visible-even-pages-only;source-missing-alternate-pages=true;entry=9
Edge 3B Vocabulary	edge-vocabulary-3b	principle	principle	noun		Debating - Debating terms	53	Edge 3B Vocabulary visible PDF p.53		visible-even-pages-only; source-missing-alternate-pages; explicit target-list term and printed POS only; editorial review required.	lexical_candidate	candidate_only	pdf	pdf:page=53;region=explicit-vocabulary-list;scope=visible-even-pages-only;source-missing-alternate-pages=true;entry=10
Edge 3B Vocabulary	edge-vocabulary-3b	the Proposition team	the Proposition team	noun phrase		Debating - Debating terms	53	Edge 3B Vocabulary visible PDF p.53		visible-even-pages-only; source-missing-alternate-pages; explicit target-list term and printed POS only; editorial review required.	lexical_candidate	candidate_only	pdf	pdf:page=53;region=explicit-vocabulary-list;scope=visible-even-pages-only;source-missing-alternate-pages=true;entry=11
Edge 3B Vocabulary	edge-vocabulary-3b	reasoning	reasoning	noun		Debating - Debating terms	53	Edge 3B Vocabulary visible PDF p.53		visible-even-pages-only; source-missing-alternate-pages; explicit target-list term and printed POS only; editorial review required.	lexical_candidate	candidate_only	pdf	pdf:page=53;region=explicit-vocabulary-list;scope=visible-even-pages-only;source-missing-alternate-pages=true;entry=12
Edge 3B Vocabulary	edge-vocabulary-3b	rebut	rebut	verb		Debating - Debating terms	53	Edge 3B Vocabulary visible PDF p.53		visible-even-pages-only; source-missing-alternate-pages; explicit target-list term and printed POS only; editorial review required.	lexical_candidate	candidate_only	pdf	pdf:page=53;region=explicit-vocabulary-list;scope=visible-even-pages-only;source-missing-alternate-pages=true;entry=13
Edge 3B Vocabulary	edge-vocabulary-3b	rebuttal	rebuttal	noun		Debating - Debating terms	53	Edge 3B Vocabulary visible PDF p.53		visible-even-pages-only; source-missing-alternate-pages; explicit target-list term and printed POS only; editorial review required.	lexical_candidate	candidate_only	pdf	pdf:page=53;region=explicit-vocabulary-list;scope=visible-even-pages-only;source-missing-alternate-pages=true;entry=14
Edge 3B Vocabulary	edge-vocabulary-3b	scope	scope	noun		Debating - Debating terms	53	Edge 3B Vocabulary visible PDF p.53		visible-even-pages-only; source-missing-alternate-pages; explicit target-list term and printed POS only; editorial review required.	lexical_candidate	candidate_only	pdf	pdf:page=53;region=explicit-vocabulary-list;scope=visible-even-pages-only;source-missing-alternate-pages=true;entry=15
Edge 3B Vocabulary	edge-vocabulary-3b	aggressive	aggressive	adjective		Other vocabulary	55	Edge 3B Vocabulary visible PDF p.55		visible-even-pages-only; source-missing-alternate-pages; explicit target-list term and printed POS only; editorial review required.	lexical_candidate	candidate_only	pdf	pdf:page=55;region=explicit-vocabulary-list;scope=visible-even-pages-only;source-missing-alternate-pages=true;entry=1
Edge 3B Vocabulary	edge-vocabulary-3b	appealing	appealing	adjective		Other vocabulary	55	Edge 3B Vocabulary visible PDF p.55		visible-even-pages-only; source-missing-alternate-pages; explicit target-list term and printed POS only; editorial review required.	lexical_candidate	candidate_only	pdf	pdf:page=55;region=explicit-vocabulary-list;scope=visible-even-pages-only;source-missing-alternate-pages=true;entry=2
Edge 3B Vocabulary	edge-vocabulary-3b	applicant	applicant	noun		Other vocabulary	55	Edge 3B Vocabulary visible PDF p.55		visible-even-pages-only; source-missing-alternate-pages; explicit target-list term and printed POS only; editorial review required.	lexical_candidate	candidate_only	pdf	pdf:page=55;region=explicit-vocabulary-list;scope=visible-even-pages-only;source-missing-alternate-pages=true;entry=3
Edge 3B Vocabulary	edge-vocabulary-3b	appreciation	appreciation	noun		Other vocabulary	55	Edge 3B Vocabulary visible PDF p.55		visible-even-pages-only; source-missing-alternate-pages; explicit target-list term and printed POS only; editorial review required.	lexical_candidate	candidate_only	pdf	pdf:page=55;region=explicit-vocabulary-list;scope=visible-even-pages-only;source-missing-alternate-pages=true;entry=4
Edge 3B Vocabulary	edge-vocabulary-3b	brag	brag	verb		Other vocabulary	55	Edge 3B Vocabulary visible PDF p.55		visible-even-pages-only; source-missing-alternate-pages; explicit target-list term and printed POS only; editorial review required.	lexical_candidate	candidate_only	pdf	pdf:page=55;region=explicit-vocabulary-list;scope=visible-even-pages-only;source-missing-alternate-pages=true;entry=5
Edge 3B Vocabulary	edge-vocabulary-3b	capacity	capacity	noun		Other vocabulary	55	Edge 3B Vocabulary visible PDF p.55		visible-even-pages-only; source-missing-alternate-pages; explicit target-list term and printed POS only; editorial review required.	lexical_candidate	candidate_only	pdf	pdf:page=55;region=explicit-vocabulary-list;scope=visible-even-pages-only;source-missing-alternate-pages=true;entry=6
Edge 3B Vocabulary	edge-vocabulary-3b	client	client	noun		Other vocabulary	55	Edge 3B Vocabulary visible PDF p.55		visible-even-pages-only; source-missing-alternate-pages; explicit target-list term and printed POS only; editorial review required.	lexical_candidate	candidate_only	pdf	pdf:page=55;region=explicit-vocabulary-list;scope=visible-even-pages-only;source-missing-alternate-pages=true;entry=7
Edge 3B Vocabulary	edge-vocabulary-3b	daunting	daunting	adjective		Other vocabulary	55	Edge 3B Vocabulary visible PDF p.55		visible-even-pages-only; source-missing-alternate-pages; explicit target-list term and printed POS only; editorial review required.	lexical_candidate	candidate_only	pdf	pdf:page=55;region=explicit-vocabulary-list;scope=visible-even-pages-only;source-missing-alternate-pages=true;entry=8
Edge 3B Vocabulary	edge-vocabulary-3b	ease	ease	verb		Other vocabulary	55	Edge 3B Vocabulary visible PDF p.55		visible-even-pages-only; source-missing-alternate-pages; explicit target-list term and printed POS only; editorial review required.	lexical_candidate	candidate_only	pdf	pdf:page=55;region=explicit-vocabulary-list;scope=visible-even-pages-only;source-missing-alternate-pages=true;entry=9
Edge 3B Vocabulary	edge-vocabulary-3b	fame	fame	noun		Other vocabulary	55	Edge 3B Vocabulary visible PDF p.55		visible-even-pages-only; source-missing-alternate-pages; explicit target-list term and printed POS only; editorial review required.	lexical_candidate	candidate_only	pdf	pdf:page=55;region=explicit-vocabulary-list;scope=visible-even-pages-only;source-missing-alternate-pages=true;entry=10
Edge 3B Vocabulary	edge-vocabulary-3b	financial burden	financial burden	noun phrase		Other vocabulary	55	Edge 3B Vocabulary visible PDF p.55		visible-even-pages-only; source-missing-alternate-pages; explicit target-list term and printed POS only; editorial review required.	lexical_candidate	candidate_only	pdf	pdf:page=55;region=explicit-vocabulary-list;scope=visible-even-pages-only;source-missing-alternate-pages=true;entry=11
Edge 3B Vocabulary	edge-vocabulary-3b	influence	influence	verb		Other vocabulary	55	Edge 3B Vocabulary visible PDF p.55		visible-even-pages-only; source-missing-alternate-pages; explicit target-list term and printed POS only; editorial review required.	lexical_candidate	candidate_only	pdf	pdf:page=55;region=explicit-vocabulary-list;scope=visible-even-pages-only;source-missing-alternate-pages=true;entry=12
Edge 3B Vocabulary	edge-vocabulary-3b	interact	interact	verb		Other vocabulary	55	Edge 3B Vocabulary visible PDF p.55		visible-even-pages-only; source-missing-alternate-pages; explicit target-list term and printed POS only; editorial review required.	lexical_candidate	candidate_only	pdf	pdf:page=55;region=explicit-vocabulary-list;scope=visible-even-pages-only;source-missing-alternate-pages=true;entry=13
Edge 3B Vocabulary	edge-vocabulary-3b	irresistible	irresistible	adjective		Other vocabulary	55	Edge 3B Vocabulary visible PDF p.55		visible-even-pages-only; source-missing-alternate-pages; explicit target-list term and printed POS only; editorial review required.	lexical_candidate	candidate_only	pdf	pdf:page=55;region=explicit-vocabulary-list;scope=visible-even-pages-only;source-missing-alternate-pages=true;entry=14
Edge 3B Vocabulary	edge-vocabulary-3b	lay off	lay off	phrasal verb		Other vocabulary	55	Edge 3B Vocabulary visible PDF p.55		visible-even-pages-only; source-missing-alternate-pages; explicit target-list term and printed POS only; editorial review required.	lexical_candidate	candidate_only	pdf	pdf:page=55;region=explicit-vocabulary-list;scope=visible-even-pages-only;source-missing-alternate-pages=true;entry=15
Edge 3B Vocabulary	edge-vocabulary-3b	nominate	nominate	verb		Other vocabulary	55	Edge 3B Vocabulary visible PDF p.55		visible-even-pages-only; source-missing-alternate-pages; explicit target-list term and printed POS only; editorial review required.	lexical_candidate	candidate_only	pdf	pdf:page=55;region=explicit-vocabulary-list;scope=visible-even-pages-only;source-missing-alternate-pages=true;entry=16
Edge 3B Vocabulary	edge-vocabulary-3b	passion	passion	noun		Other vocabulary	55	Edge 3B Vocabulary visible PDF p.55		visible-even-pages-only; source-missing-alternate-pages; explicit target-list term and printed POS only; editorial review required.	lexical_candidate	candidate_only	pdf	pdf:page=55;region=explicit-vocabulary-list;scope=visible-even-pages-only;source-missing-alternate-pages=true;entry=17
Edge 3B Vocabulary	edge-vocabulary-3b	reputable	reputable	adjective		Other vocabulary	55	Edge 3B Vocabulary visible PDF p.55		visible-even-pages-only; source-missing-alternate-pages; explicit target-list term and printed POS only; editorial review required.	lexical_candidate	candidate_only	pdf	pdf:page=55;region=explicit-vocabulary-list;scope=visible-even-pages-only;source-missing-alternate-pages=true;entry=18
Edge 3B Vocabulary	edge-vocabulary-3b	satisfaction	satisfaction	noun		Other vocabulary	55	Edge 3B Vocabulary visible PDF p.55		visible-even-pages-only; source-missing-alternate-pages; explicit target-list term and printed POS only; editorial review required.	lexical_candidate	candidate_only	pdf	pdf:page=55;region=explicit-vocabulary-list;scope=visible-even-pages-only;source-missing-alternate-pages=true;entry=19
Edge 3B Vocabulary	edge-vocabulary-3b	serve	serve	verb		Other vocabulary	55	Edge 3B Vocabulary visible PDF p.55		visible-even-pages-only; source-missing-alternate-pages; explicit target-list term and printed POS only; editorial review required.	lexical_candidate	candidate_only	pdf	pdf:page=55;region=explicit-vocabulary-list;scope=visible-even-pages-only;source-missing-alternate-pages=true;entry=20
Edge 3B Vocabulary	edge-vocabulary-3b	source	source	verb		Other vocabulary	55	Edge 3B Vocabulary visible PDF p.55		visible-even-pages-only; source-missing-alternate-pages; explicit target-list term and printed POS only; editorial review required.	lexical_candidate	candidate_only	pdf	pdf:page=55;region=explicit-vocabulary-list;scope=visible-even-pages-only;source-missing-alternate-pages=true;entry=21
Edge 3B Vocabulary	edge-vocabulary-3b	uncertainty	uncertainty	noun		Other vocabulary	55	Edge 3B Vocabulary visible PDF p.55		visible-even-pages-only; source-missing-alternate-pages; explicit target-list term and printed POS only; editorial review required.	lexical_candidate	candidate_only	pdf	pdf:page=55;region=explicit-vocabulary-list;scope=visible-even-pages-only;source-missing-alternate-pages=true;entry=22
Edge 3B Vocabulary	edge-vocabulary-3b	veteran	veteran	adjective		Other vocabulary	55	Edge 3B Vocabulary visible PDF p.55		visible-even-pages-only; source-missing-alternate-pages; explicit target-list term and printed POS only; editorial review required.	lexical_candidate	candidate_only	pdf	pdf:page=55;region=explicit-vocabulary-list;scope=visible-even-pages-only;source-missing-alternate-pages=true;entry=23
Edge 3B Vocabulary	edge-vocabulary-3b	vital	vital	adjective		Other vocabulary	55	Edge 3B Vocabulary visible PDF p.55		visible-even-pages-only; source-missing-alternate-pages; explicit target-list term and printed POS only; editorial review required.	lexical_candidate	candidate_only	pdf	pdf:page=55;region=explicit-vocabulary-list;scope=visible-even-pages-only;source-missing-alternate-pages=true;entry=24
Edge 3B Vocabulary	edge-vocabulary-3b	3-D printing	3-D printing	noun phrase		Life in the future - Advanced technologies	55	Edge 3B Vocabulary visible PDF p.55		visible-even-pages-only; source-missing-alternate-pages; explicit target-list term and printed POS only; editorial review required.	lexical_candidate	candidate_only	pdf	pdf:page=55;region=explicit-vocabulary-list;scope=visible-even-pages-only;source-missing-alternate-pages=true;entry=25
Edge 3B Vocabulary	edge-vocabulary-3b	artificial intelligence	artificial intelligence	noun phrase		Life in the future - Advanced technologies	55	Edge 3B Vocabulary visible PDF p.55		visible-even-pages-only; source-missing-alternate-pages; explicit target-list term and printed POS only; editorial review required.	lexical_candidate	candidate_only	pdf	pdf:page=55;region=explicit-vocabulary-list;scope=visible-even-pages-only;source-missing-alternate-pages=true;entry=26
Edge 3B Vocabulary	edge-vocabulary-3b	augmented reality	augmented reality	noun phrase		Life in the future - Advanced technologies	55	Edge 3B Vocabulary visible PDF p.55		visible-even-pages-only; source-missing-alternate-pages; explicit target-list term and printed POS only; editorial review required.	lexical_candidate	candidate_only	pdf	pdf:page=55;region=explicit-vocabulary-list;scope=visible-even-pages-only;source-missing-alternate-pages=true;entry=27
Edge 3B Vocabulary	edge-vocabulary-3b	biotechnology	biotechnology	noun		Life in the future - Advanced technologies	55	Edge 3B Vocabulary visible PDF p.55		visible-even-pages-only; source-missing-alternate-pages; explicit target-list term and printed POS only; editorial review required.	lexical_candidate	candidate_only	pdf	pdf:page=55;region=explicit-vocabulary-list;scope=visible-even-pages-only;source-missing-alternate-pages=true;entry=28
Edge 3B Vocabulary	edge-vocabulary-3b	computer graphic	computer graphic	noun phrase		Life in the future - Advanced technologies	55	Edge 3B Vocabulary visible PDF p.55		visible-even-pages-only; source-missing-alternate-pages; explicit target-list term and printed POS only; editorial review required.	lexical_candidate	candidate_only	pdf	pdf:page=55;region=explicit-vocabulary-list;scope=visible-even-pages-only;source-missing-alternate-pages=true;entry=29
Edge 3B Vocabulary	edge-vocabulary-3b	driverless car	driverless car	noun phrase		Life in the future - Advanced technologies	55	Edge 3B Vocabulary visible PDF p.55		visible-even-pages-only; source-missing-alternate-pages; explicit target-list term and printed POS only; editorial review required.	lexical_candidate	candidate_only	pdf	pdf:page=55;region=explicit-vocabulary-list;scope=visible-even-pages-only;source-missing-alternate-pages=true;entry=30
Edge 3B Vocabulary	edge-vocabulary-3b	drone	drone	noun		Life in the future - Advanced technologies	55	Edge 3B Vocabulary visible PDF p.55		visible-even-pages-only; source-missing-alternate-pages; explicit target-list term and printed POS only; editorial review required.	lexical_candidate	candidate_only	pdf	pdf:page=55;region=explicit-vocabulary-list;scope=visible-even-pages-only;source-missing-alternate-pages=true;entry=31
Edge 3B Vocabulary	edge-vocabulary-3b	facial recognition	facial recognition	noun phrase		Life in the future - Advanced technologies	55	Edge 3B Vocabulary visible PDF p.55		visible-even-pages-only; source-missing-alternate-pages; explicit target-list term and printed POS only; editorial review required.	lexical_candidate	candidate_only	pdf	pdf:page=55;region=explicit-vocabulary-list;scope=visible-even-pages-only;source-missing-alternate-pages=true;entry=32
Edge 3B Vocabulary	edge-vocabulary-3b	genetic engineering	genetic engineering	noun phrase		Life in the future - Advanced technologies	55	Edge 3B Vocabulary visible PDF p.55		visible-even-pages-only; source-missing-alternate-pages; explicit target-list term and printed POS only; editorial review required.	lexical_candidate	candidate_only	pdf	pdf:page=55;region=explicit-vocabulary-list;scope=visible-even-pages-only;source-missing-alternate-pages=true;entry=33
Edge 3B Vocabulary	edge-vocabulary-3b	holographic technology	holographic technology	noun phrase		Life in the future - Advanced technologies	55	Edge 3B Vocabulary visible PDF p.55		visible-even-pages-only; source-missing-alternate-pages; explicit target-list term and printed POS only; editorial review required.	lexical_candidate	candidate_only	pdf	pdf:page=55;region=explicit-vocabulary-list;scope=visible-even-pages-only;source-missing-alternate-pages=true;entry=34
Edge 3B Vocabulary	edge-vocabulary-3b	plant-based meat	plant-based meat	noun phrase		Life in the future - Advanced technologies	55	Edge 3B Vocabulary visible PDF p.55		visible-even-pages-only; source-missing-alternate-pages; explicit target-list term and printed POS only; editorial review required.	lexical_candidate	candidate_only	pdf	pdf:page=55;region=explicit-vocabulary-list;scope=visible-even-pages-only;source-missing-alternate-pages=true;entry=35
Edge 3B Vocabulary	edge-vocabulary-3b	nanotechnology	nanotechnology	noun		Life in the future - Advanced technologies	55	Edge 3B Vocabulary visible PDF p.55		visible-even-pages-only; source-missing-alternate-pages; explicit target-list term and printed POS only; editorial review required.	lexical_candidate	candidate_only	pdf	pdf:page=55;region=explicit-vocabulary-list;scope=visible-even-pages-only;source-missing-alternate-pages=true;entry=36
Edge 3B Vocabulary	edge-vocabulary-3b	robotics	robotics	noun		Life in the future - Advanced technologies	55	Edge 3B Vocabulary visible PDF p.55		visible-even-pages-only; source-missing-alternate-pages; explicit target-list term and printed POS only; editorial review required.	lexical_candidate	candidate_only	pdf	pdf:page=55;region=explicit-vocabulary-list;scope=visible-even-pages-only;source-missing-alternate-pages=true;entry=37
Edge 3B Vocabulary	edge-vocabulary-3b	smart home device	smart home device	noun phrase		Life in the future - Advanced technologies	55	Edge 3B Vocabulary visible PDF p.55		visible-even-pages-only; source-missing-alternate-pages; explicit target-list term and printed POS only; editorial review required.	lexical_candidate	candidate_only	pdf	pdf:page=55;region=explicit-vocabulary-list;scope=visible-even-pages-only;source-missing-alternate-pages=true;entry=38
Edge 3B Vocabulary	edge-vocabulary-3b	space tourism	space tourism	noun phrase		Life in the future - Advanced technologies	55	Edge 3B Vocabulary visible PDF p.55		visible-even-pages-only; source-missing-alternate-pages; explicit target-list term and printed POS only; editorial review required.	lexical_candidate	candidate_only	pdf	pdf:page=55;region=explicit-vocabulary-list;scope=visible-even-pages-only;source-missing-alternate-pages=true;entry=39
Edge 3B Vocabulary	edge-vocabulary-3b	virtual reality	virtual reality	noun phrase		Life in the future - Advanced technologies	55	Edge 3B Vocabulary visible PDF p.55		visible-even-pages-only; source-missing-alternate-pages; explicit target-list term and printed POS only; editorial review required.	lexical_candidate	candidate_only	pdf	pdf:page=55;region=explicit-vocabulary-list;scope=visible-even-pages-only;source-missing-alternate-pages=true;entry=40
Edge 3B Vocabulary	edge-vocabulary-3b	accelerate	accelerate	verb		Talking about using advanced technologies	55	Edge 3B Vocabulary visible PDF p.55		visible-even-pages-only; source-missing-alternate-pages; explicit target-list term and printed POS only; editorial review required.	lexical_candidate	candidate_only	pdf	pdf:page=55;region=explicit-vocabulary-list;scope=visible-even-pages-only;source-missing-alternate-pages=true;entry=41
Edge 3B Vocabulary	edge-vocabulary-3b	adapt to	adapt to	verb phrase		Talking about using advanced technologies	55	Edge 3B Vocabulary visible PDF p.55		visible-even-pages-only; source-missing-alternate-pages; explicit target-list term and printed POS only; editorial review required.	lexical_candidate	candidate_only	pdf	pdf:page=55;region=explicit-vocabulary-list;scope=visible-even-pages-only;source-missing-alternate-pages=true;entry=42
Edge 3B Vocabulary	edge-vocabulary-3b	alter	alter	verb		Talking about using advanced technologies	55	Edge 3B Vocabulary visible PDF p.55		visible-even-pages-only; source-missing-alternate-pages; explicit target-list term and printed POS only; editorial review required.	lexical_candidate	candidate_only	pdf	pdf:page=55;region=explicit-vocabulary-list;scope=visible-even-pages-only;source-missing-alternate-pages=true;entry=43
Edge 3B Vocabulary	edge-vocabulary-3b	impact	impact	verb		Talking about using advanced technologies	55	Edge 3B Vocabulary visible PDF p.55		visible-even-pages-only; source-missing-alternate-pages; explicit target-list term and printed POS only; editorial review required.	lexical_candidate	candidate_only	pdf	pdf:page=55;region=explicit-vocabulary-list;scope=visible-even-pages-only;source-missing-alternate-pages=true;entry=44
Edge 3B Vocabulary	edge-vocabulary-3b	optimise	optimise	verb		Talking about using advanced technologies	55	Edge 3B Vocabulary visible PDF p.55		visible-even-pages-only; source-missing-alternate-pages; explicit target-list term and printed POS only; editorial review required.	lexical_candidate	candidate_only	pdf	pdf:page=55;region=explicit-vocabulary-list;scope=visible-even-pages-only;source-missing-alternate-pages=true;entry=45
Edge 3B Vocabulary	edge-vocabulary-3b	redefine	redefine	verb		Talking about using advanced technologies	55	Edge 3B Vocabulary visible PDF p.55		visible-even-pages-only; source-missing-alternate-pages; explicit target-list term and printed POS only; editorial review required.	lexical_candidate	candidate_only	pdf	pdf:page=55;region=explicit-vocabulary-list;scope=visible-even-pages-only;source-missing-alternate-pages=true;entry=46
Edge 3B Vocabulary	edge-vocabulary-3b	reshape	reshape	verb		Talking about using advanced technologies	55	Edge 3B Vocabulary visible PDF p.55		visible-even-pages-only; source-missing-alternate-pages; explicit target-list term and printed POS only; editorial review required.	lexical_candidate	candidate_only	pdf	pdf:page=55;region=explicit-vocabulary-list;scope=visible-even-pages-only;source-missing-alternate-pages=true;entry=47
Edge 3B Vocabulary	edge-vocabulary-3b	revolutionise	revolutionise	verb		Talking about using advanced technologies	55	Edge 3B Vocabulary visible PDF p.55		visible-even-pages-only; source-missing-alternate-pages; explicit target-list term and printed POS only; editorial review required.	lexical_candidate	candidate_only	pdf	pdf:page=55;region=explicit-vocabulary-list;scope=visible-even-pages-only;source-missing-alternate-pages=true;entry=48
Edge 3B Vocabulary	edge-vocabulary-3b	transform	transform	verb		Talking about using advanced technologies	55	Edge 3B Vocabulary visible PDF p.55		visible-even-pages-only; source-missing-alternate-pages; explicit target-list term and printed POS only; editorial review required.	lexical_candidate	candidate_only	pdf	pdf:page=55;region=explicit-vocabulary-list;scope=visible-even-pages-only;source-missing-alternate-pages=true;entry=49
Edge 3B Vocabulary	edge-vocabulary-3b	accessible	accessible	adjective		Adjectives to describe technologies	55	Edge 3B Vocabulary visible PDF p.55		visible-even-pages-only; source-missing-alternate-pages; explicit target-list term and printed POS only; editorial review required.	lexical_candidate	candidate_only	pdf	pdf:page=55;region=explicit-vocabulary-list;scope=visible-even-pages-only;source-missing-alternate-pages=true;entry=50
Edge 3B Vocabulary	edge-vocabulary-3b	automated	automated	adjective		Adjectives to describe technologies	55	Edge 3B Vocabulary visible PDF p.55		visible-even-pages-only; source-missing-alternate-pages; explicit target-list term and printed POS only; editorial review required.	lexical_candidate	candidate_only	pdf	pdf:page=55;region=explicit-vocabulary-list;scope=visible-even-pages-only;source-missing-alternate-pages=true;entry=51
Edge 3B Vocabulary	edge-vocabulary-3b	complex	complex	adjective		Adjectives to describe technologies	55	Edge 3B Vocabulary visible PDF p.55		visible-even-pages-only; source-missing-alternate-pages; explicit target-list term and printed POS only; editorial review required.	lexical_candidate	candidate_only	pdf	pdf:page=55;region=explicit-vocabulary-list;scope=visible-even-pages-only;source-missing-alternate-pages=true;entry=52
Edge 3B Vocabulary	edge-vocabulary-3b	creepy	creepy	adjective		Adjectives to describe technologies	55	Edge 3B Vocabulary visible PDF p.55		visible-even-pages-only; source-missing-alternate-pages; explicit target-list term and printed POS only; editorial review required.	lexical_candidate	candidate_only	pdf	pdf:page=55;region=explicit-vocabulary-list;scope=visible-even-pages-only;source-missing-alternate-pages=true;entry=53
Edge 3B Vocabulary	edge-vocabulary-3b	cutting-edge	cutting-edge	adjective		Adjectives to describe technologies	55	Edge 3B Vocabulary visible PDF p.55		visible-even-pages-only; source-missing-alternate-pages; explicit target-list term and printed POS only; editorial review required.	lexical_candidate	candidate_only	pdf	pdf:page=55;region=explicit-vocabulary-list;scope=visible-even-pages-only;source-missing-alternate-pages=true;entry=54
Edge 3B Vocabulary	edge-vocabulary-3b	emerging	emerging	adjective		Adjectives to describe technologies	55	Edge 3B Vocabulary visible PDF p.55		visible-even-pages-only; source-missing-alternate-pages; explicit target-list term and printed POS only; editorial review required.	lexical_candidate	candidate_only	pdf	pdf:page=55;region=explicit-vocabulary-list;scope=visible-even-pages-only;source-missing-alternate-pages=true;entry=55
Edge 3B Vocabulary	edge-vocabulary-3b	ethical	ethical	adjective		Adjectives to describe technologies	55	Edge 3B Vocabulary visible PDF p.55		visible-even-pages-only; source-missing-alternate-pages; explicit target-list term and printed POS only; editorial review required.	lexical_candidate	candidate_only	pdf	pdf:page=55;region=explicit-vocabulary-list;scope=visible-even-pages-only;source-missing-alternate-pages=true;entry=56
Edge 3B Vocabulary	edge-vocabulary-3b	experimental	experimental	adjective		Adjectives to describe technologies	55	Edge 3B Vocabulary visible PDF p.55		visible-even-pages-only; source-missing-alternate-pages; explicit target-list term and printed POS only; editorial review required.	lexical_candidate	candidate_only	pdf	pdf:page=55;region=explicit-vocabulary-list;scope=visible-even-pages-only;source-missing-alternate-pages=true;entry=57
Edge 3B Vocabulary	edge-vocabulary-3b	game-changing	game-changing	adjective		Adjectives to describe technologies	55	Edge 3B Vocabulary visible PDF p.55		visible-even-pages-only; source-missing-alternate-pages; explicit target-list term and printed POS only; editorial review required.	lexical_candidate	candidate_only	pdf	pdf:page=55;region=explicit-vocabulary-list;scope=visible-even-pages-only;source-missing-alternate-pages=true;entry=58
Edge 3B Vocabulary	edge-vocabulary-3b	intuitive	intuitive	adjective		Adjectives to describe technologies	55	Edge 3B Vocabulary visible PDF p.55		visible-even-pages-only; source-missing-alternate-pages; explicit target-list term and printed POS only; editorial review required.	lexical_candidate	candidate_only	pdf	pdf:page=55;region=explicit-vocabulary-list;scope=visible-even-pages-only;source-missing-alternate-pages=true;entry=59
Edge 3B Vocabulary	edge-vocabulary-3b	personalised	personalised	adjective		Adjectives to describe technologies	55	Edge 3B Vocabulary visible PDF p.55		visible-even-pages-only; source-missing-alternate-pages; explicit target-list term and printed POS only; editorial review required.	lexical_candidate	candidate_only	pdf	pdf:page=55;region=explicit-vocabulary-list;scope=visible-even-pages-only;source-missing-alternate-pages=true;entry=60
Edge 3B Vocabulary	edge-vocabulary-3b	pragmatic	pragmatic	adjective		Adjectives to describe technologies	55	Edge 3B Vocabulary visible PDF p.55		visible-even-pages-only; source-missing-alternate-pages; explicit target-list term and printed POS only; editorial review required.	lexical_candidate	candidate_only	pdf	pdf:page=55;region=explicit-vocabulary-list;scope=visible-even-pages-only;source-missing-alternate-pages=true;entry=61
Edge 3B Vocabulary	edge-vocabulary-3b	realistic	realistic	adjective		Adjectives to describe technologies	55	Edge 3B Vocabulary visible PDF p.55		visible-even-pages-only; source-missing-alternate-pages; explicit target-list term and printed POS only; editorial review required.	lexical_candidate	candidate_only	pdf	pdf:page=55;region=explicit-vocabulary-list;scope=visible-even-pages-only;source-missing-alternate-pages=true;entry=62
Edge 3B Vocabulary	edge-vocabulary-3b	sophisticated	sophisticated	adjective		Adjectives to describe technologies	55	Edge 3B Vocabulary visible PDF p.55		visible-even-pages-only; source-missing-alternate-pages; explicit target-list term and printed POS only; editorial review required.	lexical_candidate	candidate_only	pdf	pdf:page=55;region=explicit-vocabulary-list;scope=visible-even-pages-only;source-missing-alternate-pages=true;entry=63
Edge 3B Vocabulary	edge-vocabulary-3b	ban illegal wildlife trade	ban illegal wildlife trade	verb phrase		Ways to help conservation	57	Edge 3B Vocabulary visible PDF p.57		visible-even-pages-only; source-missing-alternate-pages; explicit target-list term and printed POS only; editorial review required.	lexical_candidate	candidate_only	pdf	pdf:page=57;region=explicit-vocabulary-list;scope=visible-even-pages-only;source-missing-alternate-pages=true;entry=1
Edge 3B Vocabulary	edge-vocabulary-3b	debunk false beliefs	debunk false beliefs	verb phrase		Ways to help conservation	57	Edge 3B Vocabulary visible PDF p.57		visible-even-pages-only; source-missing-alternate-pages; explicit target-list term and printed POS only; editorial review required.	lexical_candidate	candidate_only	pdf	pdf:page=57;region=explicit-vocabulary-list;scope=visible-even-pages-only;source-missing-alternate-pages=true;entry=2
Edge 3B Vocabulary	edge-vocabulary-3b	educate the public	educate the public	verb phrase		Ways to help conservation	57	Edge 3B Vocabulary visible PDF p.57		visible-even-pages-only; source-missing-alternate-pages; explicit target-list term and printed POS only; editorial review required.	lexical_candidate	candidate_only	pdf	pdf:page=57;region=explicit-vocabulary-list;scope=visible-even-pages-only;source-missing-alternate-pages=true;entry=3
Edge 3B Vocabulary	edge-vocabulary-3b	enforce stricter penalties	enforce stricter penalties	verb phrase		Ways to help conservation	57	Edge 3B Vocabulary visible PDF p.57		visible-even-pages-only; source-missing-alternate-pages; explicit target-list term and printed POS only; editorial review required.	lexical_candidate	candidate_only	pdf	pdf:page=57;region=explicit-vocabulary-list;scope=visible-even-pages-only;source-missing-alternate-pages=true;entry=4
Edge 3B Vocabulary	edge-vocabulary-3b	impose heavier fines	impose heavier fines	verb phrase		Ways to help conservation	57	Edge 3B Vocabulary visible PDF p.57		visible-even-pages-only; source-missing-alternate-pages; explicit target-list term and printed POS only; editorial review required.	lexical_candidate	candidate_only	pdf	pdf:page=57;region=explicit-vocabulary-list;scope=visible-even-pages-only;source-missing-alternate-pages=true;entry=5
Edge 3B Vocabulary	edge-vocabulary-3b	make a donation	make a donation	verb phrase		Ways to help conservation	57	Edge 3B Vocabulary visible PDF p.57		visible-even-pages-only; source-missing-alternate-pages; explicit target-list term and printed POS only; editorial review required.	lexical_candidate	candidate_only	pdf	pdf:page=57;region=explicit-vocabulary-list;scope=visible-even-pages-only;source-missing-alternate-pages=true;entry=6
Edge 3B Vocabulary	edge-vocabulary-3b	raise awareness	raise awareness	verb phrase		Ways to help conservation	57	Edge 3B Vocabulary visible PDF p.57		visible-even-pages-only; source-missing-alternate-pages; explicit target-list term and printed POS only; editorial review required.	lexical_candidate	candidate_only	pdf	pdf:page=57;region=explicit-vocabulary-list;scope=visible-even-pages-only;source-missing-alternate-pages=true;entry=7
Edge 3B Vocabulary	edge-vocabulary-3b	reverse habitat loss	reverse habitat loss	verb phrase		Ways to help conservation	57	Edge 3B Vocabulary visible PDF p.57		visible-even-pages-only; source-missing-alternate-pages; explicit target-list term and printed POS only; editorial review required.	lexical_candidate	candidate_only	pdf	pdf:page=57;region=explicit-vocabulary-list;scope=visible-even-pages-only;source-missing-alternate-pages=true;entry=8
Edge 3B Vocabulary	edge-vocabulary-3b	set up a nature reserve	set up a nature reserve	verb phrase		Ways to help conservation	57	Edge 3B Vocabulary visible PDF p.57		visible-even-pages-only; source-missing-alternate-pages; explicit target-list term and printed POS only; editorial review required.	lexical_candidate	candidate_only	pdf	pdf:page=57;region=explicit-vocabulary-list;scope=visible-even-pages-only;source-missing-alternate-pages=true;entry=9
Edge 3B Vocabulary	edge-vocabulary-3b	sign a petition	sign a petition	verb phrase		Ways to help conservation	57	Edge 3B Vocabulary visible PDF p.57		visible-even-pages-only; source-missing-alternate-pages; explicit target-list term and printed POS only; editorial review required.	lexical_candidate	candidate_only	pdf	pdf:page=57;region=explicit-vocabulary-list;scope=visible-even-pages-only;source-missing-alternate-pages=true;entry=10
Edge 3B Vocabulary	edge-vocabulary-3b	spread the message	spread the message	verb phrase		Ways to help conservation	57	Edge 3B Vocabulary visible PDF p.57		visible-even-pages-only; source-missing-alternate-pages; explicit target-list term and printed POS only; editorial review required.	lexical_candidate	candidate_only	pdf	pdf:page=57;region=explicit-vocabulary-list;scope=visible-even-pages-only;source-missing-alternate-pages=true;entry=11
Edge 3B Vocabulary	edge-vocabulary-3b	Asian elephant	Asian elephant	noun phrase		Threatened animals	57	Edge 3B Vocabulary visible PDF p.57		visible-even-pages-only; source-missing-alternate-pages; explicit target-list term and printed POS only; editorial review required.	lexical_candidate	candidate_only	pdf	pdf:page=57;region=explicit-vocabulary-list;scope=visible-even-pages-only;source-missing-alternate-pages=true;entry=12
Edge 3B Vocabulary	edge-vocabulary-3b	black rhino	black rhino	noun phrase		Threatened animals	57	Edge 3B Vocabulary visible PDF p.57		visible-even-pages-only; source-missing-alternate-pages; explicit target-list term and printed POS only; editorial review required.	lexical_candidate	candidate_only	pdf	pdf:page=57;region=explicit-vocabulary-list;scope=visible-even-pages-only;source-missing-alternate-pages=true;entry=13
Edge 3B Vocabulary	edge-vocabulary-3b	black-faced spoonbill	black-faced spoonbill	noun phrase		Threatened animals	57	Edge 3B Vocabulary visible PDF p.57		visible-even-pages-only; source-missing-alternate-pages; explicit target-list term and printed POS only; editorial review required.	lexical_candidate	candidate_only	pdf	pdf:page=57;region=explicit-vocabulary-list;scope=visible-even-pages-only;source-missing-alternate-pages=true;entry=14
Edge 3B Vocabulary	edge-vocabulary-3b	bluefin tuna	bluefin tuna	noun phrase		Threatened animals	57	Edge 3B Vocabulary visible PDF p.57		visible-even-pages-only; source-missing-alternate-pages; explicit target-list term and printed POS only; editorial review required.	lexical_candidate	candidate_only	pdf	pdf:page=57;region=explicit-vocabulary-list;scope=visible-even-pages-only;source-missing-alternate-pages=true;entry=15
Edge 3B Vocabulary	edge-vocabulary-3b	chimpanzee	chimpanzee	noun		Threatened animals	57	Edge 3B Vocabulary visible PDF p.57		visible-even-pages-only; source-missing-alternate-pages; explicit target-list term and printed POS only; editorial review required.	lexical_candidate	candidate_only	pdf	pdf:page=57;region=explicit-vocabulary-list;scope=visible-even-pages-only;source-missing-alternate-pages=true;entry=16
Edge 3B Vocabulary	edge-vocabulary-3b	giant panda	giant panda	noun phrase		Threatened animals	57	Edge 3B Vocabulary visible PDF p.57		visible-even-pages-only; source-missing-alternate-pages; explicit target-list term and printed POS only; editorial review required.	lexical_candidate	candidate_only	pdf	pdf:page=57;region=explicit-vocabulary-list;scope=visible-even-pages-only;source-missing-alternate-pages=true;entry=17
Edge 3B Vocabulary	edge-vocabulary-3b	gibbon	gibbon	noun		Threatened animals	57	Edge 3B Vocabulary visible PDF p.57		visible-even-pages-only; source-missing-alternate-pages; explicit target-list term and printed POS only; editorial review required.	lexical_candidate	candidate_only	pdf	pdf:page=57;region=explicit-vocabulary-list;scope=visible-even-pages-only;source-missing-alternate-pages=true;entry=18
Edge 3B Vocabulary	edge-vocabulary-3b	green turtle	green turtle	noun phrase		Threatened animals	57	Edge 3B Vocabulary visible PDF p.57		visible-even-pages-only; source-missing-alternate-pages; explicit target-list term and printed POS only; editorial review required.	lexical_candidate	candidate_only	pdf	pdf:page=57;region=explicit-vocabulary-list;scope=visible-even-pages-only;source-missing-alternate-pages=true;entry=19
Edge 3B Vocabulary	edge-vocabulary-3b	hornbill	hornbill	noun		Threatened animals	57	Edge 3B Vocabulary visible PDF p.57		visible-even-pages-only; source-missing-alternate-pages; explicit target-list term and printed POS only; editorial review required.	lexical_candidate	candidate_only	pdf	pdf:page=57;region=explicit-vocabulary-list;scope=visible-even-pages-only;source-missing-alternate-pages=true;entry=20
Edge 3B Vocabulary	edge-vocabulary-3b	koala	koala	noun		Threatened animals	57	Edge 3B Vocabulary visible PDF p.57		visible-even-pages-only; source-missing-alternate-pages; explicit target-list term and printed POS only; editorial review required.	lexical_candidate	candidate_only	pdf	pdf:page=57;region=explicit-vocabulary-list;scope=visible-even-pages-only;source-missing-alternate-pages=true;entry=21
Edge 3B Vocabulary	edge-vocabulary-3b	macaque	macaque	noun		Threatened animals	57	Edge 3B Vocabulary visible PDF p.57		visible-even-pages-only; source-missing-alternate-pages; explicit target-list term and printed POS only; editorial review required.	lexical_candidate	candidate_only	pdf	pdf:page=57;region=explicit-vocabulary-list;scope=visible-even-pages-only;source-missing-alternate-pages=true;entry=22
Edge 3B Vocabulary	edge-vocabulary-3b	pangolin	pangolin	noun		Threatened animals	57	Edge 3B Vocabulary visible PDF p.57		visible-even-pages-only; source-missing-alternate-pages; explicit target-list term and printed POS only; editorial review required.	lexical_candidate	candidate_only	pdf	pdf:page=57;region=explicit-vocabulary-list;scope=visible-even-pages-only;source-missing-alternate-pages=true;entry=23
Edge 3B Vocabulary	edge-vocabulary-3b	polar bear	polar bear	noun phrase		Threatened animals	57	Edge 3B Vocabulary visible PDF p.57		visible-even-pages-only; source-missing-alternate-pages; explicit target-list term and printed POS only; editorial review required.	lexical_candidate	candidate_only	pdf	pdf:page=57;region=explicit-vocabulary-list;scope=visible-even-pages-only;source-missing-alternate-pages=true;entry=24
Edge 3B Vocabulary	edge-vocabulary-3b	shark	shark	noun		Threatened animals	57	Edge 3B Vocabulary visible PDF p.57		visible-even-pages-only; source-missing-alternate-pages; explicit target-list term and printed POS only; editorial review required.	lexical_candidate	candidate_only	pdf	pdf:page=57;region=explicit-vocabulary-list;scope=visible-even-pages-only;source-missing-alternate-pages=true;entry=25
Edge 3B Vocabulary	edge-vocabulary-3b	snow leopard	snow leopard	noun phrase		Threatened animals	57	Edge 3B Vocabulary visible PDF p.57		visible-even-pages-only; source-missing-alternate-pages; explicit target-list term and printed POS only; editorial review required.	lexical_candidate	candidate_only	pdf	pdf:page=57;region=explicit-vocabulary-list;scope=visible-even-pages-only;source-missing-alternate-pages=true;entry=26
Edge 3B Vocabulary	edge-vocabulary-3b	sun bear	sun bear	noun phrase		Threatened animals	57	Edge 3B Vocabulary visible PDF p.57		visible-even-pages-only; source-missing-alternate-pages; explicit target-list term and printed POS only; editorial review required.	lexical_candidate	candidate_only	pdf	pdf:page=57;region=explicit-vocabulary-list;scope=visible-even-pages-only;source-missing-alternate-pages=true;entry=27
Edge 3B Vocabulary	edge-vocabulary-3b	tiger	tiger	noun		Threatened animals	57	Edge 3B Vocabulary visible PDF p.57		visible-even-pages-only; source-missing-alternate-pages; explicit target-list term and printed POS only; editorial review required.	lexical_candidate	candidate_only	pdf	pdf:page=57;region=explicit-vocabulary-list;scope=visible-even-pages-only;source-missing-alternate-pages=true;entry=28
Edge 3B Vocabulary	edge-vocabulary-3b	wild boar	wild boar	noun phrase		Threatened animals	57	Edge 3B Vocabulary visible PDF p.57		visible-even-pages-only; source-missing-alternate-pages; explicit target-list term and printed POS only; editorial review required.	lexical_candidate	candidate_only	pdf	pdf:page=57;region=explicit-vocabulary-list;scope=visible-even-pages-only;source-missing-alternate-pages=true;entry=29
Edge 3B Vocabulary	edge-vocabulary-3b	critically endangered	critically endangered	adjective phrase		Describing conservation status	57	Edge 3B Vocabulary visible PDF p.57		visible-even-pages-only; source-missing-alternate-pages; explicit target-list term and printed POS only; editorial review required.	lexical_candidate	candidate_only	pdf	pdf:page=57;region=explicit-vocabulary-list;scope=visible-even-pages-only;source-missing-alternate-pages=true;entry=30
Edge 3B Vocabulary	edge-vocabulary-3b	endangered	endangered	adjective		Describing conservation status	57	Edge 3B Vocabulary visible PDF p.57		visible-even-pages-only; source-missing-alternate-pages; explicit target-list term and printed POS only; editorial review required.	lexical_candidate	candidate_only	pdf	pdf:page=57;region=explicit-vocabulary-list;scope=visible-even-pages-only;source-missing-alternate-pages=true;entry=31
Edge 3B Vocabulary	edge-vocabulary-3b	extinct	extinct	adjective		Describing conservation status	57	Edge 3B Vocabulary visible PDF p.57		visible-even-pages-only; source-missing-alternate-pages; explicit target-list term and printed POS only; editorial review required.	lexical_candidate	candidate_only	pdf	pdf:page=57;region=explicit-vocabulary-list;scope=visible-even-pages-only;source-missing-alternate-pages=true;entry=32
Edge 3B Vocabulary	edge-vocabulary-3b	least concern	least concern	noun phrase		Describing conservation status	57	Edge 3B Vocabulary visible PDF p.57		visible-even-pages-only; source-missing-alternate-pages; explicit target-list term and printed POS only; editorial review required.	lexical_candidate	candidate_only	pdf	pdf:page=57;region=explicit-vocabulary-list;scope=visible-even-pages-only;source-missing-alternate-pages=true;entry=33
Edge 3B Vocabulary	edge-vocabulary-3b	on the edge of extinction	on the edge of extinction	expression		Describing conservation status	57	Edge 3B Vocabulary visible PDF p.57		visible-even-pages-only; source-missing-alternate-pages; explicit target-list term and printed POS only; editorial review required.	lexical_candidate	candidate_only	pdf	pdf:page=57;region=explicit-vocabulary-list;scope=visible-even-pages-only;source-missing-alternate-pages=true;entry=34
Edge 3B Vocabulary	edge-vocabulary-3b	threatened	threatened	adjective		Describing conservation status	57	Edge 3B Vocabulary visible PDF p.57		visible-even-pages-only; source-missing-alternate-pages; explicit target-list term and printed POS only; editorial review required.	lexical_candidate	candidate_only	pdf	pdf:page=57;region=explicit-vocabulary-list;scope=visible-even-pages-only;source-missing-alternate-pages=true;entry=35
Edge 3B Vocabulary	edge-vocabulary-3b	vulnerable	vulnerable	adjective		Describing conservation status	57	Edge 3B Vocabulary visible PDF p.57		visible-even-pages-only; source-missing-alternate-pages; explicit target-list term and printed POS only; editorial review required.	lexical_candidate	candidate_only	pdf	pdf:page=57;region=explicit-vocabulary-list;scope=visible-even-pages-only;source-missing-alternate-pages=true;entry=36
Edge 3B Vocabulary	edge-vocabulary-3b	be guilty of sth*	be guilty of sth*	verb phrase		Other vocabulary	57	Edge 3B Vocabulary visible PDF p.57		visible-even-pages-only; source-missing-alternate-pages; explicit target-list term and printed POS only; editorial review required.	lexical_candidate	candidate_only	pdf	pdf:page=57;region=explicit-vocabulary-list;scope=visible-even-pages-only;source-missing-alternate-pages=true;entry=37
Edge 3B Vocabulary	edge-vocabulary-3b	be worth it	be worth it	verb phrase		Other vocabulary	57	Edge 3B Vocabulary visible PDF p.57		visible-even-pages-only; source-missing-alternate-pages; explicit target-list term and printed POS only; editorial review required.	lexical_candidate	candidate_only	pdf	pdf:page=57;region=explicit-vocabulary-list;scope=visible-even-pages-only;source-missing-alternate-pages=true;entry=38
Edge 3B Vocabulary	edge-vocabulary-3b	breed	breed	verb		Other vocabulary	57	Edge 3B Vocabulary visible PDF p.57		visible-even-pages-only; source-missing-alternate-pages; explicit target-list term and printed POS only; editorial review required.	lexical_candidate	candidate_only	pdf	pdf:page=57;region=explicit-vocabulary-list;scope=visible-even-pages-only;source-missing-alternate-pages=true;entry=39
Edge 3B Vocabulary	edge-vocabulary-3b	cloning	cloning	noun		Other vocabulary	57	Edge 3B Vocabulary visible PDF p.57		visible-even-pages-only; source-missing-alternate-pages; explicit target-list term and printed POS only; editorial review required.	lexical_candidate	candidate_only	pdf	pdf:page=57;region=explicit-vocabulary-list;scope=visible-even-pages-only;source-missing-alternate-pages=true;entry=40
Edge 3B Vocabulary	edge-vocabulary-3b	consequence	consequence	noun		Other vocabulary	57	Edge 3B Vocabulary visible PDF p.57		visible-even-pages-only; source-missing-alternate-pages; explicit target-list term and printed POS only; editorial review required.	lexical_candidate	candidate_only	pdf	pdf:page=57;region=explicit-vocabulary-list;scope=visible-even-pages-only;source-missing-alternate-pages=true;entry=41
Edge 3B Vocabulary	edge-vocabulary-3b	conservationist	conservationist	noun		Other vocabulary	57	Edge 3B Vocabulary visible PDF p.57		visible-even-pages-only; source-missing-alternate-pages; explicit target-list term and printed POS only; editorial review required.	lexical_candidate	candidate_only	pdf	pdf:page=57;region=explicit-vocabulary-list;scope=visible-even-pages-only;source-missing-alternate-pages=true;entry=42
Edge 3B Vocabulary	edge-vocabulary-3b	cross one's mind	cross one's mind	verb phrase		Other vocabulary	57	Edge 3B Vocabulary visible PDF p.57		visible-even-pages-only; source-missing-alternate-pages; explicit target-list term and printed POS only; editorial review required.	lexical_candidate	candidate_only	pdf	pdf:page=57;region=explicit-vocabulary-list;scope=visible-even-pages-only;source-missing-alternate-pages=true;entry=43
Edge 3B Vocabulary	edge-vocabulary-3b	cull	cull	verb		Other vocabulary	57	Edge 3B Vocabulary visible PDF p.57		visible-even-pages-only; source-missing-alternate-pages; explicit target-list term and printed POS only; editorial review required.	lexical_candidate	candidate_only	pdf	pdf:page=57;region=explicit-vocabulary-list;scope=visible-even-pages-only;source-missing-alternate-pages=true;entry=44
Edge 3B Vocabulary	edge-vocabulary-3b	die out	die out	phrasal verb		Other vocabulary	57	Edge 3B Vocabulary visible PDF p.57		visible-even-pages-only; source-missing-alternate-pages; explicit target-list term and printed POS only; editorial review required.	lexical_candidate	candidate_only	pdf	pdf:page=57;region=explicit-vocabulary-list;scope=visible-even-pages-only;source-missing-alternate-pages=true;entry=45
Edge 3B Vocabulary	edge-vocabulary-3b	forage	forage	verb		Other vocabulary	57	Edge 3B Vocabulary visible PDF p.57		visible-even-pages-only; source-missing-alternate-pages; explicit target-list term and printed POS only; editorial review required.	lexical_candidate	candidate_only	pdf	pdf:page=57;region=explicit-vocabulary-list;scope=visible-even-pages-only;source-missing-alternate-pages=true;entry=46
Edge 3B Vocabulary	edge-vocabulary-3b	haven	haven	noun		Other vocabulary	57	Edge 3B Vocabulary visible PDF p.57		visible-even-pages-only; source-missing-alternate-pages; explicit target-list term and printed POS only; editorial review required.	lexical_candidate	candidate_only	pdf	pdf:page=57;region=explicit-vocabulary-list;scope=visible-even-pages-only;source-missing-alternate-pages=true;entry=47
Edge 3B Vocabulary	edge-vocabulary-3b	nature reserve	nature reserve	noun phrase		Other vocabulary	57	Edge 3B Vocabulary visible PDF p.57		visible-even-pages-only; source-missing-alternate-pages; explicit target-list term and printed POS only; editorial review required.	lexical_candidate	candidate_only	pdf	pdf:page=57;region=explicit-vocabulary-list;scope=visible-even-pages-only;source-missing-alternate-pages=true;entry=48
Edge 3B Vocabulary	edge-vocabulary-3b	orphan	orphan	noun		Other vocabulary	57	Edge 3B Vocabulary visible PDF p.57		visible-even-pages-only; source-missing-alternate-pages; explicit target-list term and printed POS only; editorial review required.	lexical_candidate	candidate_only	pdf	pdf:page=57;region=explicit-vocabulary-list;scope=visible-even-pages-only;source-missing-alternate-pages=true;entry=49
Edge 3B Vocabulary	edge-vocabulary-3b	perish	perish	verb		Other vocabulary	57	Edge 3B Vocabulary visible PDF p.57		visible-even-pages-only; source-missing-alternate-pages; explicit target-list term and printed POS only; editorial review required.	lexical_candidate	candidate_only	pdf	pdf:page=57;region=explicit-vocabulary-list;scope=visible-even-pages-only;source-missing-alternate-pages=true;entry=50
Edge 3B Vocabulary	edge-vocabulary-3b	precious	precious	adjective		Other vocabulary	57	Edge 3B Vocabulary visible PDF p.57		visible-even-pages-only; source-missing-alternate-pages; explicit target-list term and printed POS only; editorial review required.	lexical_candidate	candidate_only	pdf	pdf:page=57;region=explicit-vocabulary-list;scope=visible-even-pages-only;source-missing-alternate-pages=true;entry=51
Edge 3B Vocabulary	edge-vocabulary-3b	roam	roam	verb		Other vocabulary	57	Edge 3B Vocabulary visible PDF p.57		visible-even-pages-only; source-missing-alternate-pages; explicit target-list term and printed POS only; editorial review required.	lexical_candidate	candidate_only	pdf	pdf:page=57;region=explicit-vocabulary-list;scope=visible-even-pages-only;source-missing-alternate-pages=true;entry=52
Edge 3B Vocabulary	edge-vocabulary-3b	stick to sth*	stick to sth*	phrasal verb		Other vocabulary	57	Edge 3B Vocabulary visible PDF p.57		visible-even-pages-only; source-missing-alternate-pages; explicit target-list term and printed POS only; editorial review required.	lexical_candidate	candidate_only	pdf	pdf:page=57;region=explicit-vocabulary-list;scope=visible-even-pages-only;source-missing-alternate-pages=true;entry=53
Edge 3B Vocabulary	edge-vocabulary-3b	tackle	tackle	verb		Other vocabulary	57	Edge 3B Vocabulary visible PDF p.57		visible-even-pages-only; source-missing-alternate-pages; explicit target-list term and printed POS only; editorial review required.	lexical_candidate	candidate_only	pdf	pdf:page=57;region=explicit-vocabulary-list;scope=visible-even-pages-only;source-missing-alternate-pages=true;entry=54
Edge 3B Vocabulary	edge-vocabulary-3b	abundance	abundance	noun		Our heritage - Words related to Chinese culture and traditions	57	Edge 3B Vocabulary visible PDF p.57		visible-even-pages-only; source-missing-alternate-pages; explicit target-list term and printed POS only; editorial review required.	lexical_candidate	candidate_only	pdf	pdf:page=57;region=explicit-vocabulary-list;scope=visible-even-pages-only;source-missing-alternate-pages=true;entry=55
Edge 3B Vocabulary	edge-vocabulary-3b	calligraphy	calligraphy	noun		Our heritage - Words related to Chinese culture and traditions	57	Edge 3B Vocabulary visible PDF p.57		visible-even-pages-only; source-missing-alternate-pages; explicit target-list term and printed POS only; editorial review required.	lexical_candidate	candidate_only	pdf	pdf:page=57;region=explicit-vocabulary-list;scope=visible-even-pages-only;source-missing-alternate-pages=true;entry=56
Edge 3B Vocabulary	edge-vocabulary-3b	Chinese mythology	Chinese mythology	noun phrase		Our heritage - Words related to Chinese culture and traditions	57	Edge 3B Vocabulary visible PDF p.57		visible-even-pages-only; source-missing-alternate-pages; explicit target-list term and printed POS only; editorial review required.	lexical_candidate	candidate_only	pdf	pdf:page=57;region=explicit-vocabulary-list;scope=visible-even-pages-only;source-missing-alternate-pages=true;entry=57
Edge 3B Vocabulary	edge-vocabulary-3b	Chinese opera	Chinese opera	noun phrase		Our heritage - Words related to Chinese culture and traditions	57	Edge 3B Vocabulary visible PDF p.57		visible-even-pages-only; source-missing-alternate-pages; explicit target-list term and printed POS only; editorial review required.	lexical_candidate	candidate_only	pdf	pdf:page=57;region=explicit-vocabulary-list;scope=visible-even-pages-only;source-missing-alternate-pages=true;entry=58
Edge 3B Vocabulary	edge-vocabulary-3b	embroidery	embroidery	noun		Our heritage - Words related to Chinese culture and traditions	57	Edge 3B Vocabulary visible PDF p.57		visible-even-pages-only; source-missing-alternate-pages; explicit target-list term and printed POS only; editorial review required.	lexical_candidate	candidate_only	pdf	pdf:page=57;region=explicit-vocabulary-list;scope=visible-even-pages-only;source-missing-alternate-pages=true;entry=59
Edge 3B Vocabulary	edge-vocabulary-3b	filial piety	filial piety	noun phrase		Our heritage - Words related to Chinese culture and traditions	57	Edge 3B Vocabulary visible PDF p.57		visible-even-pages-only; source-missing-alternate-pages; explicit target-list term and printed POS only; editorial review required.	lexical_candidate	candidate_only	pdf	pdf:page=57;region=explicit-vocabulary-list;scope=visible-even-pages-only;source-missing-alternate-pages=true;entry=60
Edge 3B Vocabulary	edge-vocabulary-3b	magnificent	magnificent	adjective		Visible glossary continuation	59	Edge 3B Vocabulary visible PDF p.59		visible-even-pages-only; source-missing-alternate-pages; explicit target-list term and printed POS only; editorial review required.	lexical_candidate	candidate_only	pdf	pdf:page=59;region=explicit-vocabulary-list;scope=visible-even-pages-only;source-missing-alternate-pages=true;entry=1
Edge 3B Vocabulary	edge-vocabulary-3b	majestic	majestic	adjective		Visible glossary continuation	59	Edge 3B Vocabulary visible PDF p.59		visible-even-pages-only; source-missing-alternate-pages; explicit target-list term and printed POS only; editorial review required.	lexical_candidate	candidate_only	pdf	pdf:page=59;region=explicit-vocabulary-list;scope=visible-even-pages-only;source-missing-alternate-pages=true;entry=2
Edge 3B Vocabulary	edge-vocabulary-3b	notable	notable	adjective		Visible glossary continuation	59	Edge 3B Vocabulary visible PDF p.59		visible-even-pages-only; source-missing-alternate-pages; explicit target-list term and printed POS only; editorial review required.	lexical_candidate	candidate_only	pdf	pdf:page=59;region=explicit-vocabulary-list;scope=visible-even-pages-only;source-missing-alternate-pages=true;entry=3
Edge 3B Vocabulary	edge-vocabulary-3b	scenic	scenic	adjective		Visible glossary continuation	59	Edge 3B Vocabulary visible PDF p.59		visible-even-pages-only; source-missing-alternate-pages; explicit target-list term and printed POS only; editorial review required.	lexical_candidate	candidate_only	pdf	pdf:page=59;region=explicit-vocabulary-list;scope=visible-even-pages-only;source-missing-alternate-pages=true;entry=4
Edge 3B Vocabulary	edge-vocabulary-3b	stunning	stunning	adjective		Visible glossary continuation	59	Edge 3B Vocabulary visible PDF p.59		visible-even-pages-only; source-missing-alternate-pages; explicit target-list term and printed POS only; editorial review required.	lexical_candidate	candidate_only	pdf	pdf:page=59;region=explicit-vocabulary-list;scope=visible-even-pages-only;source-missing-alternate-pages=true;entry=5
Edge 3B Vocabulary	edge-vocabulary-3b	burden	burden	noun		Other vocabulary	59	Edge 3B Vocabulary visible PDF p.59		visible-even-pages-only; source-missing-alternate-pages; explicit target-list term and printed POS only; editorial review required.	lexical_candidate	candidate_only	pdf	pdf:page=59;region=explicit-vocabulary-list;scope=visible-even-pages-only;source-missing-alternate-pages=true;entry=6
Edge 3B Vocabulary	edge-vocabulary-3b	culture shock	culture shock	noun phrase		Other vocabulary	59	Edge 3B Vocabulary visible PDF p.59		visible-even-pages-only; source-missing-alternate-pages; explicit target-list term and printed POS only; editorial review required.	lexical_candidate	candidate_only	pdf	pdf:page=59;region=explicit-vocabulary-list;scope=visible-even-pages-only;source-missing-alternate-pages=true;entry=7
Edge 3B Vocabulary	edge-vocabulary-3b	embroidered	embroidered	adjective		Other vocabulary	59	Edge 3B Vocabulary visible PDF p.59		visible-even-pages-only; source-missing-alternate-pages; explicit target-list term and printed POS only; editorial review required.	lexical_candidate	candidate_only	pdf	pdf:page=59;region=explicit-vocabulary-list;scope=visible-even-pages-only;source-missing-alternate-pages=true;entry=8
Edge 3B Vocabulary	edge-vocabulary-3b	gaze	gaze	noun		Other vocabulary	59	Edge 3B Vocabulary visible PDF p.59		visible-even-pages-only; source-missing-alternate-pages; explicit target-list term and printed POS only; editorial review required.	lexical_candidate	candidate_only	pdf	pdf:page=59;region=explicit-vocabulary-list;scope=visible-even-pages-only;source-missing-alternate-pages=true;entry=9
Edge 3B Vocabulary	edge-vocabulary-3b	language barrier	language barrier	noun phrase		Other vocabulary	59	Edge 3B Vocabulary visible PDF p.59		visible-even-pages-only; source-missing-alternate-pages; explicit target-list term and printed POS only; editorial review required.	lexical_candidate	candidate_only	pdf	pdf:page=59;region=explicit-vocabulary-list;scope=visible-even-pages-only;source-missing-alternate-pages=true;entry=10
Edge 3B Vocabulary	edge-vocabulary-3b	privilege	privilege	noun		Other vocabulary	59	Edge 3B Vocabulary visible PDF p.59		visible-even-pages-only; source-missing-alternate-pages; explicit target-list term and printed POS only; editorial review required.	lexical_candidate	candidate_only	pdf	pdf:page=59;region=explicit-vocabulary-list;scope=visible-even-pages-only;source-missing-alternate-pages=true;entry=11
Edge 3B Vocabulary	edge-vocabulary-3b	socioeconomic	socioeconomic	adjective		Other vocabulary	59	Edge 3B Vocabulary visible PDF p.59		visible-even-pages-only; source-missing-alternate-pages; explicit target-list term and printed POS only; editorial review required.	lexical_candidate	candidate_only	pdf	pdf:page=59;region=explicit-vocabulary-list;scope=visible-even-pages-only;source-missing-alternate-pages=true;entry=12
