source	registry_source_id	raw_term	headword	pos	cefr	topic_or_section	pdf_page	source_ref	definition	notes	source_role	corpus_policy	source_format	locator
English for Everyone Junior: Beginners Course	english-for-everyone-junior-beginners	action figure	action figure	noun		Alphabetical Word list	250	registry:english-for-everyone-junior-beginners		Candidate-only explicit Word list entry; printed POS and unit locator only; no entry-level CEFR inferred; editorial review required.	lexical_candidate	candidate_only	pdf	pdf:page=250;section=word-list;column=1;entry=1;printed-locators=18
English for Everyone Junior: Beginners Course	english-for-everyone-junior-beginners	add	add	verb		Alphabetical Word list	250	registry:english-for-everyone-junior-beginners		Candidate-only explicit Word list entry; printed POS and unit locator only; no entry-level CEFR inferred; editorial review required.	lexical_candidate	candidate_only	pdf	pdf:page=250;section=word-list;column=1;entry=2;printed-locators=2
English for Everyone Junior: Beginners Course	english-for-everyone-junior-beginners	afternoon	afternoon	noun		Alphabetical Word list	250	registry:english-for-everyone-junior-beginners		Candidate-only explicit Word list entry; printed POS and unit locator only; no entry-level CEFR inferred; editorial review required.	lexical_candidate	candidate_only	pdf	pdf:page=250;section=word-list;column=1;entry=3;printed-locators=25
English for Everyone Junior: Beginners Course	english-for-everyone-junior-beginners	airplane	airplane	noun		Alphabetical Word list	250	registry:english-for-everyone-junior-beginners		Candidate-only explicit Word list entry; printed POS and unit locator only; no entry-level CEFR inferred; editorial review required.	lexical_candidate	candidate_only	pdf	pdf:page=250;section=word-list;column=1;entry=4;printed-locators=12
English for Everyone Junior: Beginners Course	english-for-everyone-junior-beginners	airport	airport	noun		Alphabetical Word list	250	registry:english-for-everyone-junior-beginners		Candidate-only explicit Word list entry; printed POS and unit locator only; no entry-level CEFR inferred; editorial review required.	lexical_candidate	candidate_only	pdf	pdf:page=250;section=word-list;column=1;entry=5;printed-locators=12
English for Everyone Junior: Beginners Course	english-for-everyone-junior-beginners	alien	alien	noun		Alphabetical Word list	250	registry:english-for-everyone-junior-beginners		Candidate-only explicit Word list entry; printed POS and unit locator only; no entry-level CEFR inferred; editorial review required.	lexical_candidate	candidate_only	pdf	pdf:page=250;section=word-list;column=1;entry=6;printed-locators=18
English for Everyone Junior: Beginners Course	english-for-everyone-junior-beginners	alphabet	alphabet	noun		Alphabetical Word list	250	registry:english-for-everyone-junior-beginners		Candidate-only explicit Word list entry; printed POS and unit locator only; no entry-level CEFR inferred; editorial review required.	lexical_candidate	candidate_only	pdf	pdf:page=250;section=word-list;column=1;entry=7;printed-locators=2
English for Everyone Junior: Beginners Course	english-for-everyone-junior-beginners	and	and	conjunction		Alphabetical Word list	250	registry:english-for-everyone-junior-beginners		Candidate-only explicit Word list entry; printed POS and unit locator only; no entry-level CEFR inferred; editorial review required.	lexical_candidate	candidate_only	pdf	pdf:page=250;section=word-list;column=1;entry=8;printed-locators=17,G11
English for Everyone Junior: Beginners Course	english-for-everyone-junior-beginners	animal	animal	noun		Alphabetical Word list	250	registry:english-for-everyone-junior-beginners		Candidate-only explicit Word list entry; printed POS and unit locator only; no entry-level CEFR inferred; editorial review required.	lexical_candidate	candidate_only	pdf	pdf:page=250;section=word-list;column=1;entry=9;printed-locators=5
English for Everyone Junior: Beginners Course	english-for-everyone-junior-beginners	answer	answer	noun		Alphabetical Word list	250	registry:english-for-everyone-junior-beginners		Candidate-only explicit Word list entry; printed POS and unit locator only; no entry-level CEFR inferred; editorial review required.	lexical_candidate	candidate_only	pdf	pdf:page=250;section=word-list;column=1;entry=10;printed-locators=G13
English for Everyone Junior: Beginners Course	english-for-everyone-junior-beginners	answer	answer	verb		Alphabetical Word list	250	registry:english-for-everyone-junior-beginners		Candidate-only explicit Word list entry; printed POS and unit locator only; no entry-level CEFR inferred; editorial review required.	lexical_candidate	candidate_only	pdf	pdf:page=250;section=word-list;column=1;entry=11;printed-locators=2
English for Everyone Junior: Beginners Course	english-for-everyone-junior-beginners	apartment block	apartment block	noun		Alphabetical Word list	250	registry:english-for-everyone-junior-beginners		Candidate-only explicit Word list entry; printed POS and unit locator only; no entry-level CEFR inferred; editorial review required.	lexical_candidate	candidate_only	pdf	pdf:page=250;section=word-list;column=1;entry=12;printed-locators=12
English for Everyone Junior: Beginners Course	english-for-everyone-junior-beginners	apple	apple	noun		Alphabetical Word list	250	registry:english-for-everyone-junior-beginners		Candidate-only explicit Word list entry; printed POS and unit locator only; no entry-level CEFR inferred; editorial review required.	lexical_candidate	candidate_only	pdf	pdf:page=250;section=word-list;column=1;entry=13;printed-locators=4,17
English for Everyone Junior: Beginners Course	english-for-everyone-junior-beginners	arm	arm	noun		Alphabetical Word list	250	registry:english-for-everyone-junior-beginners		Candidate-only explicit Word list entry; printed POS and unit locator only; no entry-level CEFR inferred; editorial review required.	lexical_candidate	candidate_only	pdf	pdf:page=250;section=word-list;column=1;entry=14;printed-locators=11
English for Everyone Junior: Beginners Course	english-for-everyone-junior-beginners	armchair	armchair	noun		Alphabetical Word list	250	registry:english-for-everyone-junior-beginners		Candidate-only explicit Word list entry; printed POS and unit locator only; no entry-level CEFR inferred; editorial review required.	lexical_candidate	candidate_only	pdf	pdf:page=250;section=word-list;column=2;entry=15;printed-locators=13
English for Everyone Junior: Beginners Course	english-for-everyone-junior-beginners	ask	ask	verb		Alphabetical Word list	250	registry:english-for-everyone-junior-beginners		Candidate-only explicit Word list entry; printed POS and unit locator only; no entry-level CEFR inferred; editorial review required.	lexical_candidate	candidate_only	pdf	pdf:page=250;section=word-list;column=2;entry=16;printed-locators=2
English for Everyone Junior: Beginners Course	english-for-everyone-junior-beginners	at night	at night	expression		Alphabetical Word list	250	registry:english-for-everyone-junior-beginners		Candidate-only explicit Word list entry; printed POS and unit locator only; no entry-level CEFR inferred; editorial review required.	lexical_candidate	candidate_only	pdf	pdf:page=250;section=word-list;column=2;entry=17;printed-locators=25
English for Everyone Junior: Beginners Course	english-for-everyone-junior-beginners	aunt	aunt	noun		Alphabetical Word list	250	registry:english-for-everyone-junior-beginners		Candidate-only explicit Word list entry; printed POS and unit locator only; no entry-level CEFR inferred; editorial review required.	lexical_candidate	candidate_only	pdf	pdf:page=250;section=word-list;column=2;entry=18;printed-locators=6
English for Everyone Junior: Beginners Course	english-for-everyone-junior-beginners	baby (pl babies)	baby (pl babies)	noun		Alphabetical Word list	250	registry:english-for-everyone-junior-beginners		Candidate-only explicit Word list entry; printed POS and unit locator only; no entry-level CEFR inferred; editorial review required.	lexical_candidate	candidate_only	pdf	pdf:page=250;section=word-list;column=2;entry=19;printed-locators=24
English for Everyone Junior: Beginners Course	english-for-everyone-junior-beginners	badminton	badminton	noun		Alphabetical Word list	250	registry:english-for-everyone-junior-beginners		Candidate-only explicit Word list entry; printed POS and unit locator only; no entry-level CEFR inferred; editorial review required.	lexical_candidate	candidate_only	pdf	pdf:page=250;section=word-list;column=2;entry=20;printed-locators=16
English for Everyone Junior: Beginners Course	english-for-everyone-junior-beginners	bag	bag	noun		Alphabetical Word list	250	registry:english-for-everyone-junior-beginners		Candidate-only explicit Word list entry; printed POS and unit locator only; no entry-level CEFR inferred; editorial review required.	lexical_candidate	candidate_only	pdf	pdf:page=250;section=word-list;column=2;entry=21;printed-locators=21,24
English for Everyone Junior: Beginners Course	english-for-everyone-junior-beginners	ball	ball	noun		Alphabetical Word list	250	registry:english-for-everyone-junior-beginners		Candidate-only explicit Word list entry; printed POS and unit locator only; no entry-level CEFR inferred; editorial review required.	lexical_candidate	candidate_only	pdf	pdf:page=250;section=word-list;column=2;entry=22;printed-locators=4,7,18,22
English for Everyone Junior: Beginners Course	english-for-everyone-junior-beginners	balloon	balloon	noun		Alphabetical Word list	250	registry:english-for-everyone-junior-beginners		Candidate-only explicit Word list entry; printed POS and unit locator only; no entry-level CEFR inferred; editorial review required.	lexical_candidate	candidate_only	pdf	pdf:page=250;section=word-list;column=2;entry=23;printed-locators=18
English for Everyone Junior: Beginners Course	english-for-everyone-junior-beginners	banana	banana	noun		Alphabetical Word list	250	registry:english-for-everyone-junior-beginners		Candidate-only explicit Word list entry; printed POS and unit locator only; no entry-level CEFR inferred; editorial review required.	lexical_candidate	candidate_only	pdf	pdf:page=250;section=word-list;column=2;entry=24;printed-locators=17
English for Everyone Junior: Beginners Course	english-for-everyone-junior-beginners	barn	barn	noun		Alphabetical Word list	250	registry:english-for-everyone-junior-beginners		Candidate-only explicit Word list entry; printed POS and unit locator only; no entry-level CEFR inferred; editorial review required.	lexical_candidate	candidate_only	pdf	pdf:page=250;section=word-list;column=2;entry=25;printed-locators=15
English for Everyone Junior: Beginners Course	english-for-everyone-junior-beginners	baseball	baseball	noun		Alphabetical Word list	250	registry:english-for-everyone-junior-beginners		Candidate-only explicit Word list entry; printed POS and unit locator only; no entry-level CEFR inferred; editorial review required.	lexical_candidate	candidate_only	pdf	pdf:page=250;section=word-list;column=2;entry=26;printed-locators=16
English for Everyone Junior: Beginners Course	english-for-everyone-junior-beginners	baseball bat	baseball bat	noun		Alphabetical Word list	250	registry:english-for-everyone-junior-beginners		Candidate-only explicit Word list entry; printed POS and unit locator only; no entry-level CEFR inferred; editorial review required.	lexical_candidate	candidate_only	pdf	pdf:page=250;section=word-list;column=2;entry=27;printed-locators=7
English for Everyone Junior: Beginners Course	english-for-everyone-junior-beginners	baseball cap	baseball cap	noun		Alphabetical Word list	250	registry:english-for-everyone-junior-beginners		Candidate-only explicit Word list entry; printed POS and unit locator only; no entry-level CEFR inferred; editorial review required.	lexical_candidate	candidate_only	pdf	pdf:page=250;section=word-list;column=2;entry=28;printed-locators=21
English for Everyone Junior: Beginners Course	english-for-everyone-junior-beginners	basketball	basketball	noun		Alphabetical Word list	250	registry:english-for-everyone-junior-beginners		Candidate-only explicit Word list entry; printed POS and unit locator only; no entry-level CEFR inferred; editorial review required.	lexical_candidate	candidate_only	pdf	pdf:page=250;section=word-list;column=2;entry=29;printed-locators=16
English for Everyone Junior: Beginners Course	english-for-everyone-junior-beginners	bathroom	bathroom	noun		Alphabetical Word list	250	registry:english-for-everyone-junior-beginners		Candidate-only explicit Word list entry; printed POS and unit locator only; no entry-level CEFR inferred; editorial review required.	lexical_candidate	candidate_only	pdf	pdf:page=250;section=word-list;column=2;entry=30;printed-locators=13
English for Everyone Junior: Beginners Course	english-for-everyone-junior-beginners	bathtub	bathtub	noun		Alphabetical Word list	250	registry:english-for-everyone-junior-beginners		Candidate-only explicit Word list entry; printed POS and unit locator only; no entry-level CEFR inferred; editorial review required.	lexical_candidate	candidate_only	pdf	pdf:page=250;section=word-list;column=2;entry=31;printed-locators=13
English for Everyone Junior: Beginners Course	english-for-everyone-junior-beginners	be (is/are)	be (is/are)	verb		Alphabetical Word list	250	registry:english-for-everyone-junior-beginners		Candidate-only explicit Word list entry; printed POS and unit locator only; no entry-level CEFR inferred; editorial review required.	lexical_candidate	candidate_only	pdf	pdf:page=250;section=word-list;column=2;entry=32;printed-locators=1,4,5,6,9,15,21,22,25,G1
English for Everyone Junior: Beginners Course	english-for-everyone-junior-beginners	beach (pl beaches)	beach (pl beaches)	noun		Alphabetical Word list	250	registry:english-for-everyone-junior-beginners		Candidate-only explicit Word list entry; printed POS and unit locator only; no entry-level CEFR inferred; editorial review required.	lexical_candidate	candidate_only	pdf	pdf:page=250;section=word-list;column=2;entry=33;printed-locators=22
English for Everyone Junior: Beginners Course	english-for-everyone-junior-beginners	bean	bean	noun		Alphabetical Word list	250	registry:english-for-everyone-junior-beginners		Candidate-only explicit Word list entry; printed POS and unit locator only; no entry-level CEFR inferred; editorial review required.	lexical_candidate	candidate_only	pdf	pdf:page=250;section=word-list;column=2;entry=34;printed-locators=23
English for Everyone Junior: Beginners Course	english-for-everyone-junior-beginners	bear	bear	noun		Alphabetical Word list	250	registry:english-for-everyone-junior-beginners		Candidate-only explicit Word list entry; printed POS and unit locator only; no entry-level CEFR inferred; editorial review required.	lexical_candidate	candidate_only	pdf	pdf:page=250;section=word-list;column=2;entry=35;printed-locators=5
English for Everyone Junior: Beginners Course	english-for-everyone-junior-beginners	beautiful	beautiful	adjective		Alphabetical Word list	250	registry:english-for-everyone-junior-beginners		Candidate-only explicit Word list entry; printed POS and unit locator only; no entry-level CEFR inferred; editorial review required.	lexical_candidate	candidate_only	pdf	pdf:page=250;section=word-list;column=2;entry=36;printed-locators=10,21
English for Everyone Junior: Beginners Course	english-for-everyone-junior-beginners	bed	bed	noun		Alphabetical Word list	250	registry:english-for-everyone-junior-beginners		Candidate-only explicit Word list entry; printed POS and unit locator only; no entry-level CEFR inferred; editorial review required.	lexical_candidate	candidate_only	pdf	pdf:page=250;section=word-list;column=2;entry=37;printed-locators=7,25
English for Everyone Junior: Beginners Course	english-for-everyone-junior-beginners	bedroom	bedroom	noun		Alphabetical Word list	250	registry:english-for-everyone-junior-beginners		Candidate-only explicit Word list entry; printed POS and unit locator only; no entry-level CEFR inferred; editorial review required.	lexical_candidate	candidate_only	pdf	pdf:page=250;section=word-list;column=2;entry=38;printed-locators=13
English for Everyone Junior: Beginners Course	english-for-everyone-junior-beginners	bee	bee	noun		Alphabetical Word list	250	registry:english-for-everyone-junior-beginners		Candidate-only explicit Word list entry; printed POS and unit locator only; no entry-level CEFR inferred; editorial review required.	lexical_candidate	candidate_only	pdf	pdf:page=250;section=word-list;column=2;entry=39;printed-locators=15
English for Everyone Junior: Beginners Course	english-for-everyone-junior-beginners	beginning	beginning	noun		Alphabetical Word list	250	registry:english-for-everyone-junior-beginners		Candidate-only explicit Word list entry; printed POS and unit locator only; no entry-level CEFR inferred; editorial review required.	lexical_candidate	candidate_only	pdf	pdf:page=250;section=word-list;column=2;entry=40;printed-locators=G13
English for Everyone Junior: Beginners Course	english-for-everyone-junior-beginners	behind	behind	preposition		Alphabetical Word list	250	registry:english-for-everyone-junior-beginners		Candidate-only explicit Word list entry; printed POS and unit locator only; no entry-level CEFR inferred; editorial review required.	lexical_candidate	candidate_only	pdf	pdf:page=250;section=word-list;column=2;entry=41;printed-locators=12,G8
English for Everyone Junior: Beginners Course	english-for-everyone-junior-beginners	between	between	preposition		Alphabetical Word list	250	registry:english-for-everyone-junior-beginners		Candidate-only explicit Word list entry; printed POS and unit locator only; no entry-level CEFR inferred; editorial review required.	lexical_candidate	candidate_only	pdf	pdf:page=250;section=word-list;column=2;entry=42;printed-locators=12,G8
English for Everyone Junior: Beginners Course	english-for-everyone-junior-beginners	big	big	adjective		Alphabetical Word list	250	registry:english-for-everyone-junior-beginners		Candidate-only explicit Word list entry; printed POS and unit locator only; no entry-level CEFR inferred; editorial review required.	lexical_candidate	candidate_only	pdf	pdf:page=250;section=word-list;column=2;entry=43;printed-locators=10,21
English for Everyone Junior: Beginners Course	english-for-everyone-junior-beginners	bike	bike	noun		Alphabetical Word list	250	registry:english-for-everyone-junior-beginners		Candidate-only explicit Word list entry; printed POS and unit locator only; no entry-level CEFR inferred; editorial review required.	lexical_candidate	candidate_only	pdf	pdf:page=250;section=word-list;column=2;entry=44;printed-locators=12,19
English for Everyone Junior: Beginners Course	english-for-everyone-junior-beginners	bird	bird	noun		Alphabetical Word list	250	registry:english-for-everyone-junior-beginners		Candidate-only explicit Word list entry; printed POS and unit locator only; no entry-level CEFR inferred; editorial review required.	lexical_candidate	candidate_only	pdf	pdf:page=250;section=word-list;column=2;entry=45;printed-locators=5
English for Everyone Junior: Beginners Course	english-for-everyone-junior-beginners	black	black	adjective		Alphabetical Word list	250	registry:english-for-everyone-junior-beginners		Candidate-only explicit Word list entry; printed POS and unit locator only; no entry-level CEFR inferred; editorial review required.	lexical_candidate	candidate_only	pdf	pdf:page=250;section=word-list;column=2;entry=46;printed-locators=4
English for Everyone Junior: Beginners Course	english-for-everyone-junior-beginners	blue	blue	adjective		Alphabetical Word list	250	registry:english-for-everyone-junior-beginners		Candidate-only explicit Word list entry; printed POS and unit locator only; no entry-level CEFR inferred; editorial review required.	lexical_candidate	candidate_only	pdf	pdf:page=250;section=word-list;column=3;entry=47;printed-locators=4
English for Everyone Junior: Beginners Course	english-for-everyone-junior-beginners	board	board	noun		Alphabetical Word list	250	registry:english-for-everyone-junior-beginners		Candidate-only explicit Word list entry; printed POS and unit locator only; no entry-level CEFR inferred; editorial review required.	lexical_candidate	candidate_only	pdf	pdf:page=250;section=word-list;column=3;entry=48;printed-locators=2
English for Everyone Junior: Beginners Course	english-for-everyone-junior-beginners	board game	board game	noun		Alphabetical Word list	250	registry:english-for-everyone-junior-beginners		Candidate-only explicit Word list entry; printed POS and unit locator only; no entry-level CEFR inferred; editorial review required.	lexical_candidate	candidate_only	pdf	pdf:page=250;section=word-list;column=3;entry=49;printed-locators=18
English for Everyone Junior: Beginners Course	english-for-everyone-junior-beginners	boat	boat	noun		Alphabetical Word list	250	registry:english-for-everyone-junior-beginners		Candidate-only explicit Word list entry; printed POS and unit locator only; no entry-level CEFR inferred; editorial review required.	lexical_candidate	candidate_only	pdf	pdf:page=250;section=word-list;column=3;entry=50;printed-locators=12
English for Everyone Junior: Beginners Course	english-for-everyone-junior-beginners	body (pl bodies)	body (pl bodies)	noun		Alphabetical Word list	250	registry:english-for-everyone-junior-beginners		Candidate-only explicit Word list entry; printed POS and unit locator only; no entry-level CEFR inferred; editorial review required.	lexical_candidate	candidate_only	pdf	pdf:page=250;section=word-list;column=3;entry=51;printed-locators=11
English for Everyone Junior: Beginners Course	english-for-everyone-junior-beginners	book	book	noun		Alphabetical Word list	250	registry:english-for-everyone-junior-beginners		Candidate-only explicit Word list entry; printed POS and unit locator only; no entry-level CEFR inferred; editorial review required.	lexical_candidate	candidate_only	pdf	pdf:page=250;section=word-list;column=3;entry=52;printed-locators=2,4,22
English for Everyone Junior: Beginners Course	english-for-everyone-junior-beginners	bookcase	bookcase	noun		Alphabetical Word list	250	registry:english-for-everyone-junior-beginners		Candidate-only explicit Word list entry; printed POS and unit locator only; no entry-level CEFR inferred; editorial review required.	lexical_candidate	candidate_only	pdf	pdf:page=250;section=word-list;column=3;entry=53;printed-locators=13
English for Everyone Junior: Beginners Course	english-for-everyone-junior-beginners	bookstore	bookstore	noun		Alphabetical Word list	250	registry:english-for-everyone-junior-beginners		Candidate-only explicit Word list entry; printed POS and unit locator only; no entry-level CEFR inferred; editorial review required.	lexical_candidate	candidate_only	pdf	pdf:page=250;section=word-list;column=3;entry=54;printed-locators=12
English for Everyone Junior: Beginners Course	english-for-everyone-junior-beginners	book pack	book pack	noun		Alphabetical Word list	250	registry:english-for-everyone-junior-beginners		Candidate-only explicit Word list entry; printed POS and unit locator only; no entry-level CEFR inferred; editorial review required.	lexical_candidate	candidate_only	pdf	pdf:page=250;section=word-list;column=3;entry=55;printed-locators=4
English for Everyone Junior: Beginners Course	english-for-everyone-junior-beginners	boot	boot	noun		Alphabetical Word list	250	registry:english-for-everyone-junior-beginners		Candidate-only explicit Word list entry; printed POS and unit locator only; no entry-level CEFR inferred; editorial review required.	lexical_candidate	candidate_only	pdf	pdf:page=250;section=word-list;column=3;entry=56;printed-locators=21
English for Everyone Junior: Beginners Course	english-for-everyone-junior-beginners	bounce	bounce	verb		Alphabetical Word list	250	registry:english-for-everyone-junior-beginners		Candidate-only explicit Word list entry; printed POS and unit locator only; no entry-level CEFR inferred; editorial review required.	lexical_candidate	candidate_only	pdf	pdf:page=250;section=word-list;column=3;entry=57;printed-locators=16
English for Everyone Junior: Beginners Course	english-for-everyone-junior-beginners	boy	boy	noun		Alphabetical Word list	250	registry:english-for-everyone-junior-beginners		Candidate-only explicit Word list entry; printed POS and unit locator only; no entry-level CEFR inferred; editorial review required.	lexical_candidate	candidate_only	pdf	pdf:page=250;section=word-list;column=3;entry=58;printed-locators=24
English for Everyone Junior: Beginners Course	english-for-everyone-junior-beginners	bread	bread	noun		Alphabetical Word list	250	registry:english-for-everyone-junior-beginners		Candidate-only explicit Word list entry; printed POS and unit locator only; no entry-level CEFR inferred; editorial review required.	lexical_candidate	candidate_only	pdf	pdf:page=250;section=word-list;column=3;entry=59;printed-locators=23
English for Everyone Junior: Beginners Course	english-for-everyone-junior-beginners	breakfast	breakfast	noun		Alphabetical Word list	250	registry:english-for-everyone-junior-beginners		Candidate-only explicit Word list entry; printed POS and unit locator only; no entry-level CEFR inferred; editorial review required.	lexical_candidate	candidate_only	pdf	pdf:page=250;section=word-list;column=3;entry=60;printed-locators=23,25
English for Everyone Junior: Beginners Course	english-for-everyone-junior-beginners	brother	brother	noun		Alphabetical Word list	250	registry:english-for-everyone-junior-beginners		Candidate-only explicit Word list entry; printed POS and unit locator only; no entry-level CEFR inferred; editorial review required.	lexical_candidate	candidate_only	pdf	pdf:page=250;section=word-list;column=3;entry=61;printed-locators=6
English for Everyone Junior: Beginners Course	english-for-everyone-junior-beginners	brown	brown	adjective		Alphabetical Word list	250	registry:english-for-everyone-junior-beginners		Candidate-only explicit Word list entry; printed POS and unit locator only; no entry-level CEFR inferred; editorial review required.	lexical_candidate	candidate_only	pdf	pdf:page=250;section=word-list;column=3;entry=62;printed-locators=4
English for Everyone Junior: Beginners Course	english-for-everyone-junior-beginners	brush your teeth	brush your teeth	verb		Alphabetical Word list	250	registry:english-for-everyone-junior-beginners		Candidate-only explicit Word list entry; printed POS and unit locator only; no entry-level CEFR inferred; editorial review required.	lexical_candidate	candidate_only	pdf	pdf:page=250;section=word-list;column=3;entry=63;printed-locators=25
English for Everyone Junior: Beginners Course	english-for-everyone-junior-beginners	bucket	bucket	noun		Alphabetical Word list	250	registry:english-for-everyone-junior-beginners		Candidate-only explicit Word list entry; printed POS and unit locator only; no entry-level CEFR inferred; editorial review required.	lexical_candidate	candidate_only	pdf	pdf:page=250;section=word-list;column=3;entry=64;printed-locators=22
English for Everyone Junior: Beginners Course	english-for-everyone-junior-beginners	burger	burger	noun		Alphabetical Word list	250	registry:english-for-everyone-junior-beginners		Candidate-only explicit Word list entry; printed POS and unit locator only; no entry-level CEFR inferred; editorial review required.	lexical_candidate	candidate_only	pdf	pdf:page=250;section=word-list;column=3;entry=65;printed-locators=23
English for Everyone Junior: Beginners Course	english-for-everyone-junior-beginners	bus (pl buses)	bus (pl buses)	noun		Alphabetical Word list	250	registry:english-for-everyone-junior-beginners		Candidate-only explicit Word list entry; printed POS and unit locator only; no entry-level CEFR inferred; editorial review required.	lexical_candidate	candidate_only	pdf	pdf:page=250;section=word-list;column=3;entry=66;printed-locators=12
English for Everyone Junior: Beginners Course	english-for-everyone-junior-beginners	but	but	conjunction		Alphabetical Word list	250	registry:english-for-everyone-junior-beginners		Candidate-only explicit Word list entry; printed POS and unit locator only; no entry-level CEFR inferred; editorial review required.	lexical_candidate	candidate_only	pdf	pdf:page=250;section=word-list;column=3;entry=67;printed-locators=G11
English for Everyone Junior: Beginners Course	english-for-everyone-junior-beginners	bye	bye	expression		Alphabetical Word list	250	registry:english-for-everyone-junior-beginners		Candidate-only explicit Word list entry; printed POS and unit locator only; no entry-level CEFR inferred; editorial review required.	lexical_candidate	candidate_only	pdf	pdf:page=250;section=word-list;column=3;entry=68;printed-locators=G14
English for Everyone Junior: Beginners Course	english-for-everyone-junior-beginners	cake	cake	noun		Alphabetical Word list	250	registry:english-for-everyone-junior-beginners		Candidate-only explicit Word list entry; printed POS and unit locator only; no entry-level CEFR inferred; editorial review required.	lexical_candidate	candidate_only	pdf	pdf:page=250;section=word-list;column=3;entry=69;printed-locators=23
English for Everyone Junior: Beginners Course	english-for-everyone-junior-beginners	call	call	verb		Alphabetical Word list	250	registry:english-for-everyone-junior-beginners		Candidate-only explicit Word list entry; printed POS and unit locator only; no entry-level CEFR inferred; editorial review required.	lexical_candidate	candidate_only	pdf	pdf:page=250;section=word-list;column=3;entry=70;printed-locators=25
English for Everyone Junior: Beginners Course	english-for-everyone-junior-beginners	camera	camera	noun		Alphabetical Word list	250	registry:english-for-everyone-junior-beginners		Candidate-only explicit Word list entry; printed POS and unit locator only; no entry-level CEFR inferred; editorial review required.	lexical_candidate	candidate_only	pdf	pdf:page=250;section=word-list;column=3;entry=71;printed-locators=7
English for Everyone Junior: Beginners Course	english-for-everyone-junior-beginners	can	can	verb		Alphabetical Word list	250	registry:english-for-everyone-junior-beginners		Candidate-only explicit Word list entry; printed POS and unit locator only; no entry-level CEFR inferred; editorial review required.	lexical_candidate	candidate_only	pdf	pdf:page=250;section=word-list;column=3;entry=72;printed-locators=16,G3
English for Everyone Junior: Beginners Course	english-for-everyone-junior-beginners	car	car	noun		Alphabetical Word list	250	registry:english-for-everyone-junior-beginners		Candidate-only explicit Word list entry; printed POS and unit locator only; no entry-level CEFR inferred; editorial review required.	lexical_candidate	candidate_only	pdf	pdf:page=250;section=word-list;column=3;entry=73;printed-locators=7,12,18
English for Everyone Junior: Beginners Course	english-for-everyone-junior-beginners	carrot	carrot	noun		Alphabetical Word list	250	registry:english-for-everyone-junior-beginners		Candidate-only explicit Word list entry; printed POS and unit locator only; no entry-level CEFR inferred; editorial review required.	lexical_candidate	candidate_only	pdf	pdf:page=250;section=word-list;column=3;entry=74;printed-locators=17
English for Everyone Junior: Beginners Course	english-for-everyone-junior-beginners	cat	cat	noun		Alphabetical Word list	250	registry:english-for-everyone-junior-beginners		Candidate-only explicit Word list entry; printed POS and unit locator only; no entry-level CEFR inferred; editorial review required.	lexical_candidate	candidate_only	pdf	pdf:page=250;section=word-list;column=3;entry=75;printed-locators=10
English for Everyone Junior: Beginners Course	english-for-everyone-junior-beginners	catch	catch	verb		Alphabetical Word list	250	registry:english-for-everyone-junior-beginners		Candidate-only explicit Word list entry; printed POS and unit locator only; no entry-level CEFR inferred; editorial review required.	lexical_candidate	candidate_only	pdf	pdf:page=250;section=word-list;column=3;entry=76;printed-locators=16
English for Everyone Junior: Beginners Course	english-for-everyone-junior-beginners	chair	chair	noun		Alphabetical Word list	250	registry:english-for-everyone-junior-beginners		Candidate-only explicit Word list entry; printed POS and unit locator only; no entry-level CEFR inferred; editorial review required.	lexical_candidate	candidate_only	pdf	pdf:page=250;section=word-list;column=3;entry=77;printed-locators=2,7,13
English for Everyone Junior: Beginners Course	english-for-everyone-junior-beginners	check off	check off	verb		Alphabetical Word list	250	registry:english-for-everyone-junior-beginners		Candidate-only explicit Word list entry; printed POS and unit locator only; no entry-level CEFR inferred; editorial review required.	lexical_candidate	candidate_only	pdf	pdf:page=250;section=word-list;column=3;entry=78;printed-locators=G13
English for Everyone Junior: Beginners Course	english-for-everyone-junior-beginners	chef	chef	noun		Alphabetical Word list	250	registry:english-for-everyone-junior-beginners		Candidate-only explicit Word list entry; printed POS and unit locator only; no entry-level CEFR inferred; editorial review required.	lexical_candidate	candidate_only	pdf	pdf:page=250;section=word-list;column=3;entry=79;printed-locators=6
English for Everyone Junior: Beginners Course	english-for-everyone-junior-beginners	chicken	chicken	noun		Alphabetical Word list	251	registry:english-for-everyone-junior-beginners		Candidate-only explicit Word list entry; printed POS and unit locator only; no entry-level CEFR inferred; editorial review required.	lexical_candidate	candidate_only	pdf	pdf:page=251;section=word-list;column=1;entry=1;printed-locators=15,23
English for Everyone Junior: Beginners Course	english-for-everyone-junior-beginners	child (pl children)	child (pl children)	noun		Alphabetical Word list	251	registry:english-for-everyone-junior-beginners		Candidate-only explicit Word list entry; printed POS and unit locator only; no entry-level CEFR inferred; editorial review required.	lexical_candidate	candidate_only	pdf	pdf:page=251;section=word-list;column=1;entry=2;printed-locators=24
English for Everyone Junior: Beginners Course	english-for-everyone-junior-beginners	children	children	noun		Alphabetical Word list	251	registry:english-for-everyone-junior-beginners		Candidate-only explicit Word list entry; printed POS and unit locator only; no entry-level CEFR inferred; editorial review required.	lexical_candidate	candidate_only	pdf	pdf:page=251;section=word-list;column=1;entry=3;printed-locators=24
English for Everyone Junior: Beginners Course	english-for-everyone-junior-beginners	chocolate	chocolate	noun		Alphabetical Word list	251	registry:english-for-everyone-junior-beginners		Candidate-only explicit Word list entry; printed POS and unit locator only; no entry-level CEFR inferred; editorial review required.	lexical_candidate	candidate_only	pdf	pdf:page=251;section=word-list;column=1;entry=4;printed-locators=23
English for Everyone Junior: Beginners Course	english-for-everyone-junior-beginners	circle	circle	verb		Alphabetical Word list	251	registry:english-for-everyone-junior-beginners		Candidate-only explicit Word list entry; printed POS and unit locator only; no entry-level CEFR inferred; editorial review required.	lexical_candidate	candidate_only	pdf	pdf:page=251;section=word-list;column=1;entry=5;printed-locators=G13
English for Everyone Junior: Beginners Course	english-for-everyone-junior-beginners	clap	clap	verb		Alphabetical Word list	251	registry:english-for-everyone-junior-beginners		Candidate-only explicit Word list entry; printed POS and unit locator only; no entry-level CEFR inferred; editorial review required.	lexical_candidate	candidate_only	pdf	pdf:page=251;section=word-list;column=1;entry=6;printed-locators=11
English for Everyone Junior: Beginners Course	english-for-everyone-junior-beginners	classmate	classmate	noun		Alphabetical Word list	251	registry:english-for-everyone-junior-beginners		Candidate-only explicit Word list entry; printed POS and unit locator only; no entry-level CEFR inferred; editorial review required.	lexical_candidate	candidate_only	pdf	pdf:page=251;section=word-list;column=1;entry=7;printed-locators=2
English for Everyone Junior: Beginners Course	english-for-everyone-junior-beginners	classroom	classroom	noun		Alphabetical Word list	251	registry:english-for-everyone-junior-beginners		Candidate-only explicit Word list entry; printed POS and unit locator only; no entry-level CEFR inferred; editorial review required.	lexical_candidate	candidate_only	pdf	pdf:page=251;section=word-list;column=1;entry=8;printed-locators=3
English for Everyone Junior: Beginners Course	english-for-everyone-junior-beginners	clean	clean	adjective		Alphabetical Word list	251	registry:english-for-everyone-junior-beginners		Candidate-only explicit Word list entry; printed POS and unit locator only; no entry-level CEFR inferred; editorial review required.	lexical_candidate	candidate_only	pdf	pdf:page=251;section=word-list;column=1;entry=9;printed-locators=10,21
English for Everyone Junior: Beginners Course	english-for-everyone-junior-beginners	clock	clock	noun		Alphabetical Word list	251	registry:english-for-everyone-junior-beginners		Candidate-only explicit Word list entry; printed POS and unit locator only; no entry-level CEFR inferred; editorial review required.	lexical_candidate	candidate_only	pdf	pdf:page=251;section=word-list;column=1;entry=10;printed-locators=13,25
English for Everyone Junior: Beginners Course	english-for-everyone-junior-beginners	close	close	verb		Alphabetical Word list	251	registry:english-for-everyone-junior-beginners		Candidate-only explicit Word list entry; printed POS and unit locator only; no entry-level CEFR inferred; editorial review required.	lexical_candidate	candidate_only	pdf	pdf:page=251;section=word-list;column=1;entry=11;printed-locators=2
English for Everyone Junior: Beginners Course	english-for-everyone-junior-beginners	clothes	clothes	noun		Alphabetical Word list	251	registry:english-for-everyone-junior-beginners		Candidate-only explicit Word list entry; printed POS and unit locator only; no entry-level CEFR inferred; editorial review required.	lexical_candidate	candidate_only	pdf	pdf:page=251;section=word-list;column=1;entry=12;printed-locators=21
English for Everyone Junior: Beginners Course	english-for-everyone-junior-beginners	coconut	coconut	noun		Alphabetical Word list	251	registry:english-for-everyone-junior-beginners		Candidate-only explicit Word list entry; printed POS and unit locator only; no entry-level CEFR inferred; editorial review required.	lexical_candidate	candidate_only	pdf	pdf:page=251;section=word-list;column=1;entry=13;printed-locators=17
English for Everyone Junior: Beginners Course	english-for-everyone-junior-beginners	cold	cold	adjective		Alphabetical Word list	251	registry:english-for-everyone-junior-beginners		Candidate-only explicit Word list entry; printed POS and unit locator only; no entry-level CEFR inferred; editorial review required.	lexical_candidate	candidate_only	pdf	pdf:page=251;section=word-list;column=1;entry=14;printed-locators=9
English for Everyone Junior: Beginners Course	english-for-everyone-junior-beginners	collar	collar	noun		Alphabetical Word list	251	registry:english-for-everyone-junior-beginners		Candidate-only explicit Word list entry; printed POS and unit locator only; no entry-level CEFR inferred; editorial review required.	lexical_candidate	candidate_only	pdf	pdf:page=251;section=word-list;column=1;entry=15;printed-locators=10
English for Everyone Junior: Beginners Course	english-for-everyone-junior-beginners	color	color	noun		Alphabetical Word list	251	registry:english-for-everyone-junior-beginners		Candidate-only explicit Word list entry; printed POS and unit locator only; no entry-level CEFR inferred; editorial review required.	lexical_candidate	candidate_only	pdf	pdf:page=251;section=word-list;column=1;entry=16;printed-locators=4
English for Everyone Junior: Beginners Course	english-for-everyone-junior-beginners	color in	color in	verb		Alphabetical Word list	251	registry:english-for-everyone-junior-beginners		Candidate-only explicit Word list entry; printed POS and unit locator only; no entry-level CEFR inferred; editorial review required.	lexical_candidate	candidate_only	pdf	pdf:page=251;section=word-list;column=1;entry=17;printed-locators=G13
English for Everyone Junior: Beginners Course	english-for-everyone-junior-beginners	computer	computer	noun		Alphabetical Word list	251	registry:english-for-everyone-junior-beginners		Candidate-only explicit Word list entry; printed POS and unit locator only; no entry-level CEFR inferred; editorial review required.	lexical_candidate	candidate_only	pdf	pdf:page=251;section=word-list;column=1;entry=18;printed-locators=7
English for Everyone Junior: Beginners Course	english-for-everyone-junior-beginners	cool!	cool!	expression		Alphabetical Word list	251	registry:english-for-everyone-junior-beginners		Candidate-only explicit Word list entry; printed POS and unit locator only; no entry-level CEFR inferred; editorial review required.	lexical_candidate	candidate_only	pdf	pdf:page=251;section=word-list;column=1;entry=19;printed-locators=G14
English for Everyone Junior: Beginners Course	english-for-everyone-junior-beginners	couch	couch	noun		Alphabetical Word list	251	registry:english-for-everyone-junior-beginners		Candidate-only explicit Word list entry; printed POS and unit locator only; no entry-level CEFR inferred; editorial review required.	lexical_candidate	candidate_only	pdf	pdf:page=251;section=word-list;column=1;entry=20;printed-locators=13
English for Everyone Junior: Beginners Course	english-for-everyone-junior-beginners	count	count	verb		Alphabetical Word list	251	registry:english-for-everyone-junior-beginners		Candidate-only explicit Word list entry; printed POS and unit locator only; no entry-level CEFR inferred; editorial review required.	lexical_candidate	candidate_only	pdf	pdf:page=251;section=word-list;column=1;entry=21;printed-locators=3,G13
English for Everyone Junior: Beginners Course	english-for-everyone-junior-beginners	cousin	cousin	noun		Alphabetical Word list	251	registry:english-for-everyone-junior-beginners		Candidate-only explicit Word list entry; printed POS and unit locator only; no entry-level CEFR inferred; editorial review required.	lexical_candidate	candidate_only	pdf	pdf:page=251;section=word-list;column=1;entry=22;printed-locators=6
English for Everyone Junior: Beginners Course	english-for-everyone-junior-beginners	cow	cow	noun		Alphabetical Word list	251	registry:english-for-everyone-junior-beginners		Candidate-only explicit Word list entry; printed POS and unit locator only; no entry-level CEFR inferred; editorial review required.	lexical_candidate	candidate_only	pdf	pdf:page=251;section=word-list;column=1;entry=23;printed-locators=15
English for Everyone Junior: Beginners Course	english-for-everyone-junior-beginners	crayon	crayon	noun		Alphabetical Word list	251	registry:english-for-everyone-junior-beginners		Candidate-only explicit Word list entry; printed POS and unit locator only; no entry-level CEFR inferred; editorial review required.	lexical_candidate	candidate_only	pdf	pdf:page=251;section=word-list;column=1;entry=24;printed-locators=4
English for Everyone Junior: Beginners Course	english-for-everyone-junior-beginners	crocodile	crocodile	noun		Alphabetical Word list	251	registry:english-for-everyone-junior-beginners		Candidate-only explicit Word list entry; printed POS and unit locator only; no entry-level CEFR inferred; editorial review required.	lexical_candidate	candidate_only	pdf	pdf:page=251;section=word-list;column=1;entry=25;printed-locators=5
English for Everyone Junior: Beginners Course	english-for-everyone-junior-beginners	cross out	cross out	verb		Alphabetical Word list	251	registry:english-for-everyone-junior-beginners		Candidate-only explicit Word list entry; printed POS and unit locator only; no entry-level CEFR inferred; editorial review required.	lexical_candidate	candidate_only	pdf	pdf:page=251;section=word-list;column=1;entry=26;printed-locators=G13
English for Everyone Junior: Beginners Course	english-for-everyone-junior-beginners	cupboard	cupboard	noun		Alphabetical Word list	251	registry:english-for-everyone-junior-beginners		Candidate-only explicit Word list entry; printed POS and unit locator only; no entry-level CEFR inferred; editorial review required.	lexical_candidate	candidate_only	pdf	pdf:page=251;section=word-list;column=1;entry=27;printed-locators=2
English for Everyone Junior: Beginners Course	english-for-everyone-junior-beginners	dad	dad	noun		Alphabetical Word list	251	registry:english-for-everyone-junior-beginners		Candidate-only explicit Word list entry; printed POS and unit locator only; no entry-level CEFR inferred; editorial review required.	lexical_candidate	candidate_only	pdf	pdf:page=251;section=word-list;column=1;entry=28;printed-locators=6
English for Everyone Junior: Beginners Course	english-for-everyone-junior-beginners	dance	dance	verb		Alphabetical Word list	251	registry:english-for-everyone-junior-beginners		Candidate-only explicit Word list entry; printed POS and unit locator only; no entry-level CEFR inferred; editorial review required.	lexical_candidate	candidate_only	pdf	pdf:page=251;section=word-list;column=1;entry=29;printed-locators=19
English for Everyone Junior: Beginners Course	english-for-everyone-junior-beginners	day	day	noun		Alphabetical Word list	251	registry:english-for-everyone-junior-beginners		Candidate-only explicit Word list entry; printed POS and unit locator only; no entry-level CEFR inferred; editorial review required.	lexical_candidate	candidate_only	pdf	pdf:page=251;section=word-list;column=1;entry=30;printed-locators=25
English for Everyone Junior: Beginners Course	english-for-everyone-junior-beginners	desk	desk	noun		Alphabetical Word list	251	registry:english-for-everyone-junior-beginners		Candidate-only explicit Word list entry; printed POS and unit locator only; no entry-level CEFR inferred; editorial review required.	lexical_candidate	candidate_only	pdf	pdf:page=251;section=word-list;column=1;entry=31;printed-locators=7
English for Everyone Junior: Beginners Course	english-for-everyone-junior-beginners	dining room	dining room	noun		Alphabetical Word list	251	registry:english-for-everyone-junior-beginners		Candidate-only explicit Word list entry; printed POS and unit locator only; no entry-level CEFR inferred; editorial review required.	lexical_candidate	candidate_only	pdf	pdf:page=251;section=word-list;column=1;entry=32;printed-locators=13
English for Everyone Junior: Beginners Course	english-for-everyone-junior-beginners	dinner	dinner	noun		Alphabetical Word list	251	registry:english-for-everyone-junior-beginners		Candidate-only explicit Word list entry; printed POS and unit locator only; no entry-level CEFR inferred; editorial review required.	lexical_candidate	candidate_only	pdf	pdf:page=251;section=word-list;column=1;entry=33;printed-locators=23,25
English for Everyone Junior: Beginners Course	english-for-everyone-junior-beginners	dirty	dirty	adjective		Alphabetical Word list	251	registry:english-for-everyone-junior-beginners		Candidate-only explicit Word list entry; printed POS and unit locator only; no entry-level CEFR inferred; editorial review required.	lexical_candidate	candidate_only	pdf	pdf:page=251;section=word-list;column=2;entry=34;printed-locators=10,21
English for Everyone Junior: Beginners Course	english-for-everyone-junior-beginners	do you know?	do you know?	expression		Alphabetical Word list	251	registry:english-for-everyone-junior-beginners		Candidate-only explicit Word list entry; printed POS and unit locator only; no entry-level CEFR inferred; editorial review required.	lexical_candidate	candidate_only	pdf	pdf:page=251;section=word-list;column=2;entry=35;printed-locators=G14
English for Everyone Junior: Beginners Course	english-for-everyone-junior-beginners	do you want?	do you want?	expression		Alphabetical Word list	251	registry:english-for-everyone-junior-beginners		Candidate-only explicit Word list entry; printed POS and unit locator only; no entry-level CEFR inferred; editorial review required.	lexical_candidate	candidate_only	pdf	pdf:page=251;section=word-list;column=2;entry=36;printed-locators=G14
English for Everyone Junior: Beginners Course	english-for-everyone-junior-beginners	doctor	doctor	noun		Alphabetical Word list	251	registry:english-for-everyone-junior-beginners		Candidate-only explicit Word list entry; printed POS and unit locator only; no entry-level CEFR inferred; editorial review required.	lexical_candidate	candidate_only	pdf	pdf:page=251;section=word-list;column=2;entry=37;printed-locators=6
English for Everyone Junior: Beginners Course	english-for-everyone-junior-beginners	dog	dog	noun		Alphabetical Word list	251	registry:english-for-everyone-junior-beginners		Candidate-only explicit Word list entry; printed POS and unit locator only; no entry-level CEFR inferred; editorial review required.	lexical_candidate	candidate_only	pdf	pdf:page=251;section=word-list;column=2;entry=38;printed-locators=10
English for Everyone Junior: Beginners Course	english-for-everyone-junior-beginners	doll	doll	noun		Alphabetical Word list	251	registry:english-for-everyone-junior-beginners		Candidate-only explicit Word list entry; printed POS and unit locator only; no entry-level CEFR inferred; editorial review required.	lexical_candidate	candidate_only	pdf	pdf:page=251;section=word-list;column=2;entry=39;printed-locators=7,18
English for Everyone Junior: Beginners Course	english-for-everyone-junior-beginners	donkey	donkey	noun		Alphabetical Word list	251	registry:english-for-everyone-junior-beginners		Candidate-only explicit Word list entry; printed POS and unit locator only; no entry-level CEFR inferred; editorial review required.	lexical_candidate	candidate_only	pdf	pdf:page=251;section=word-list;column=2;entry=40;printed-locators=15
English for Everyone Junior: Beginners Course	english-for-everyone-junior-beginners	don’t worry	don’t worry	expression		Alphabetical Word list	251	registry:english-for-everyone-junior-beginners		Candidate-only explicit Word list entry; printed POS and unit locator only; no entry-level CEFR inferred; editorial review required.	lexical_candidate	candidate_only	pdf	pdf:page=251;section=word-list;column=2;entry=41;printed-locators=G14
English for Everyone Junior: Beginners Course	english-for-everyone-junior-beginners	door	door	noun		Alphabetical Word list	251	registry:english-for-everyone-junior-beginners		Candidate-only explicit Word list entry; printed POS and unit locator only; no entry-level CEFR inferred; editorial review required.	lexical_candidate	candidate_only	pdf	pdf:page=251;section=word-list;column=2;entry=42;printed-locators=13
English for Everyone Junior: Beginners Course	english-for-everyone-junior-beginners	draw	draw	verb		Alphabetical Word list	251	registry:english-for-everyone-junior-beginners		Candidate-only explicit Word list entry; printed POS and unit locator only; no entry-level CEFR inferred; editorial review required.	lexical_candidate	candidate_only	pdf	pdf:page=251;section=word-list;column=2;entry=43;printed-locators=3
English for Everyone Junior: Beginners Course	english-for-everyone-junior-beginners	dress (pl dresses)	dress (pl dresses)	noun		Alphabetical Word list	251	registry:english-for-everyone-junior-beginners		Candidate-only explicit Word list entry; printed POS and unit locator only; no entry-level CEFR inferred; editorial review required.	lexical_candidate	candidate_only	pdf	pdf:page=251;section=word-list;column=2;entry=44;printed-locators=21
English for Everyone Junior: Beginners Course	english-for-everyone-junior-beginners	drink	drink	noun		Alphabetical Word list	251	registry:english-for-everyone-junior-beginners		Candidate-only explicit Word list entry; printed POS and unit locator only; no entry-level CEFR inferred; editorial review required.	lexical_candidate	candidate_only	pdf	pdf:page=251;section=word-list;column=2;entry=45;printed-locators=23
English for Everyone Junior: Beginners Course	english-for-everyone-junior-beginners	duck	duck	noun		Alphabetical Word list	251	registry:english-for-everyone-junior-beginners		Candidate-only explicit Word list entry; printed POS and unit locator only; no entry-level CEFR inferred; editorial review required.	lexical_candidate	candidate_only	pdf	pdf:page=251;section=word-list;column=2;entry=46;printed-locators=15
English for Everyone Junior: Beginners Course	english-for-everyone-junior-beginners	ear	ear	noun		Alphabetical Word list	251	registry:english-for-everyone-junior-beginners		Candidate-only explicit Word list entry; printed POS and unit locator only; no entry-level CEFR inferred; editorial review required.	lexical_candidate	candidate_only	pdf	pdf:page=251;section=word-list;column=2;entry=47;printed-locators=11
English for Everyone Junior: Beginners Course	english-for-everyone-junior-beginners	eat	eat	verb		Alphabetical Word list	251	registry:english-for-everyone-junior-beginners		Candidate-only explicit Word list entry; printed POS and unit locator only; no entry-level CEFR inferred; editorial review required.	lexical_candidate	candidate_only	pdf	pdf:page=251;section=word-list;column=2;entry=48;printed-locators=22,23,25
English for Everyone Junior: Beginners Course	english-for-everyone-junior-beginners	egg	egg	noun		Alphabetical Word list	251	registry:english-for-everyone-junior-beginners		Candidate-only explicit Word list entry; printed POS and unit locator only; no entry-level CEFR inferred; editorial review required.	lexical_candidate	candidate_only	pdf	pdf:page=251;section=word-list;column=2;entry=49;printed-locators=23
English for Everyone Junior: Beginners Course	english-for-everyone-junior-beginners	eight	eight	number		Alphabetical Word list	251	registry:english-for-everyone-junior-beginners		Candidate-only explicit Word list entry; printed POS and unit locator only; no entry-level CEFR inferred; editorial review required.	lexical_candidate	candidate_only	pdf	pdf:page=251;section=word-list;column=2;entry=50;printed-locators=1
English for Everyone Junior: Beginners Course	english-for-everyone-junior-beginners	eighteen	eighteen	number		Alphabetical Word list	251	registry:english-for-everyone-junior-beginners		Candidate-only explicit Word list entry; printed POS and unit locator only; no entry-level CEFR inferred; editorial review required.	lexical_candidate	candidate_only	pdf	pdf:page=251;section=word-list;column=2;entry=51;printed-locators=3
English for Everyone Junior: Beginners Course	english-for-everyone-junior-beginners	elephant	elephant	noun		Alphabetical Word list	251	registry:english-for-everyone-junior-beginners		Candidate-only explicit Word list entry; printed POS and unit locator only; no entry-level CEFR inferred; editorial review required.	lexical_candidate	candidate_only	pdf	pdf:page=251;section=word-list;column=2;entry=52;printed-locators=5
English for Everyone Junior: Beginners Course	english-for-everyone-junior-beginners	eleven	eleven	number		Alphabetical Word list	251	registry:english-for-everyone-junior-beginners		Candidate-only explicit Word list entry; printed POS and unit locator only; no entry-level CEFR inferred; editorial review required.	lexical_candidate	candidate_only	pdf	pdf:page=251;section=word-list;column=2;entry=53;printed-locators=3
English for Everyone Junior: Beginners Course	english-for-everyone-junior-beginners	end	end	noun		Alphabetical Word list	251	registry:english-for-everyone-junior-beginners		Candidate-only explicit Word list entry; printed POS and unit locator only; no entry-level CEFR inferred; editorial review required.	lexical_candidate	candidate_only	pdf	pdf:page=251;section=word-list;column=2;entry=54;printed-locators=G13
English for Everyone Junior: Beginners Course	english-for-everyone-junior-beginners	enjoy	enjoy	verb		Alphabetical Word list	251	registry:english-for-everyone-junior-beginners		Candidate-only explicit Word list entry; printed POS and unit locator only; no entry-level CEFR inferred; editorial review required.	lexical_candidate	candidate_only	pdf	pdf:page=251;section=word-list;column=2;entry=55;printed-locators=19
English for Everyone Junior: Beginners Course	english-for-everyone-junior-beginners	eraser	eraser	noun		Alphabetical Word list	251	registry:english-for-everyone-junior-beginners		Candidate-only explicit Word list entry; printed POS and unit locator only; no entry-level CEFR inferred; editorial review required.	lexical_candidate	candidate_only	pdf	pdf:page=251;section=word-list;column=2;entry=56;printed-locators=4
English for Everyone Junior: Beginners Course	english-for-everyone-junior-beginners	evening	evening	noun		Alphabetical Word list	251	registry:english-for-everyone-junior-beginners		Candidate-only explicit Word list entry; printed POS and unit locator only; no entry-level CEFR inferred; editorial review required.	lexical_candidate	candidate_only	pdf	pdf:page=251;section=word-list;column=2;entry=57;printed-locators=25
English for Everyone Junior: Beginners Course	english-for-everyone-junior-beginners	example	example	noun		Alphabetical Word list	251	registry:english-for-everyone-junior-beginners		Candidate-only explicit Word list entry; printed POS and unit locator only; no entry-level CEFR inferred; editorial review required.	lexical_candidate	candidate_only	pdf	pdf:page=251;section=word-list;column=2;entry=58;printed-locators=G13
English for Everyone Junior: Beginners Course	english-for-everyone-junior-beginners	excited	excited	adjective		Alphabetical Word list	251	registry:english-for-everyone-junior-beginners		Candidate-only explicit Word list entry; printed POS and unit locator only; no entry-level CEFR inferred; editorial review required.	lexical_candidate	candidate_only	pdf	pdf:page=251;section=word-list;column=2;entry=59;printed-locators=9
English for Everyone Junior: Beginners Course	english-for-everyone-junior-beginners	excuse me	excuse me	expression		Alphabetical Word list	251	registry:english-for-everyone-junior-beginners		Candidate-only explicit Word list entry; printed POS and unit locator only; no entry-level CEFR inferred; editorial review required.	lexical_candidate	candidate_only	pdf	pdf:page=251;section=word-list;column=2;entry=60;printed-locators=G14
English for Everyone Junior: Beginners Course	english-for-everyone-junior-beginners	eye	eye	noun		Alphabetical Word list	251	registry:english-for-everyone-junior-beginners		Candidate-only explicit Word list entry; printed POS and unit locator only; no entry-level CEFR inferred; editorial review required.	lexical_candidate	candidate_only	pdf	pdf:page=251;section=word-list;column=2;entry=61;printed-locators=11
English for Everyone Junior: Beginners Course	english-for-everyone-junior-beginners	face	face	noun		Alphabetical Word list	251	registry:english-for-everyone-junior-beginners		Candidate-only explicit Word list entry; printed POS and unit locator only; no entry-level CEFR inferred; editorial review required.	lexical_candidate	candidate_only	pdf	pdf:page=251;section=word-list;column=2;entry=62;printed-locators=11
English for Everyone Junior: Beginners Course	english-for-everyone-junior-beginners	fair	fair	noun		Alphabetical Word list	251	registry:english-for-everyone-junior-beginners		Candidate-only explicit Word list entry; printed POS and unit locator only; no entry-level CEFR inferred; editorial review required.	lexical_candidate	candidate_only	pdf	pdf:page=251;section=word-list;column=2;entry=63;printed-locators=9
English for Everyone Junior: Beginners Course	english-for-everyone-junior-beginners	family (pl families)	family (pl families)	noun		Alphabetical Word list	251	registry:english-for-everyone-junior-beginners		Candidate-only explicit Word list entry; printed POS and unit locator only; no entry-level CEFR inferred; editorial review required.	lexical_candidate	candidate_only	pdf	pdf:page=251;section=word-list;column=3;entry=64;printed-locators=6
English for Everyone Junior: Beginners Course	english-for-everyone-junior-beginners	fantastic!	fantastic!	expression		Alphabetical Word list	251	registry:english-for-everyone-junior-beginners		Candidate-only explicit Word list entry; printed POS and unit locator only; no entry-level CEFR inferred; editorial review required.	lexical_candidate	candidate_only	pdf	pdf:page=251;section=word-list;column=3;entry=65;printed-locators=G14
English for Everyone Junior: Beginners Course	english-for-everyone-junior-beginners	farm	farm	noun		Alphabetical Word list	251	registry:english-for-everyone-junior-beginners		Candidate-only explicit Word list entry; printed POS and unit locator only; no entry-level CEFR inferred; editorial review required.	lexical_candidate	candidate_only	pdf	pdf:page=251;section=word-list;column=3;entry=66;printed-locators=15
English for Everyone Junior: Beginners Course	english-for-everyone-junior-beginners	farmer	farmer	noun		Alphabetical Word list	251	registry:english-for-everyone-junior-beginners		Candidate-only explicit Word list entry; printed POS and unit locator only; no entry-level CEFR inferred; editorial review required.	lexical_candidate	candidate_only	pdf	pdf:page=251;section=word-list;column=3;entry=67;printed-locators=6
English for Everyone Junior: Beginners Course	english-for-everyone-junior-beginners	father	father	noun		Alphabetical Word list	251	registry:english-for-everyone-junior-beginners		Candidate-only explicit Word list entry; printed POS and unit locator only; no entry-level CEFR inferred; editorial review required.	lexical_candidate	candidate_only	pdf	pdf:page=251;section=word-list;column=3;entry=68;printed-locators=6
English for Everyone Junior: Beginners Course	english-for-everyone-junior-beginners	favorite	favorite	adjective		Alphabetical Word list	251	registry:english-for-everyone-junior-beginners		Candidate-only explicit Word list entry; printed POS and unit locator only; no entry-level CEFR inferred; editorial review required.	lexical_candidate	candidate_only	pdf	pdf:page=251;section=word-list;column=3;entry=69;printed-locators=5
English for Everyone Junior: Beginners Course	english-for-everyone-junior-beginners	feet	feet	noun		Alphabetical Word list	251	registry:english-for-everyone-junior-beginners		Candidate-only explicit Word list entry; printed POS and unit locator only; no entry-level CEFR inferred; editorial review required.	lexical_candidate	candidate_only	pdf	pdf:page=251;section=word-list;column=3;entry=70;printed-locators=11
English for Everyone Junior: Beginners Course	english-for-everyone-junior-beginners	field	field	noun		Alphabetical Word list	251	registry:english-for-everyone-junior-beginners		Candidate-only explicit Word list entry; printed POS and unit locator only; no entry-level CEFR inferred; editorial review required.	lexical_candidate	candidate_only	pdf	pdf:page=251;section=word-list;column=3;entry=71;printed-locators=15
English for Everyone Junior: Beginners Course	english-for-everyone-junior-beginners	fifteen	fifteen	number		Alphabetical Word list	251	registry:english-for-everyone-junior-beginners		Candidate-only explicit Word list entry; printed POS and unit locator only; no entry-level CEFR inferred; editorial review required.	lexical_candidate	candidate_only	pdf	pdf:page=251;section=word-list;column=3;entry=72;printed-locators=3
English for Everyone Junior: Beginners Course	english-for-everyone-junior-beginners	find	find	verb		Alphabetical Word list	251	registry:english-for-everyone-junior-beginners		Candidate-only explicit Word list entry; printed POS and unit locator only; no entry-level CEFR inferred; editorial review required.	lexical_candidate	candidate_only	pdf	pdf:page=251;section=word-list;column=3;entry=73;printed-locators=2
English for Everyone Junior: Beginners Course	english-for-everyone-junior-beginners	fine	fine	adjective		Alphabetical Word list	251	registry:english-for-everyone-junior-beginners		Candidate-only explicit Word list entry; printed POS and unit locator only; no entry-level CEFR inferred; editorial review required.	lexical_candidate	candidate_only	pdf	pdf:page=251;section=word-list;column=3;entry=74;printed-locators=1
English for Everyone Junior: Beginners Course	english-for-everyone-junior-beginners	finger	finger	noun		Alphabetical Word list	251	registry:english-for-everyone-junior-beginners		Candidate-only explicit Word list entry; printed POS and unit locator only; no entry-level CEFR inferred; editorial review required.	lexical_candidate	candidate_only	pdf	pdf:page=251;section=word-list;column=3;entry=75;printed-locators=11
English for Everyone Junior: Beginners Course	english-for-everyone-junior-beginners	fire station	fire station	noun		Alphabetical Word list	251	registry:english-for-everyone-junior-beginners		Candidate-only explicit Word list entry; printed POS and unit locator only; no entry-level CEFR inferred; editorial review required.	lexical_candidate	candidate_only	pdf	pdf:page=251;section=word-list;column=3;entry=76;printed-locators=12
English for Everyone Junior: Beginners Course	english-for-everyone-junior-beginners	firefighter	firefighter	noun		Alphabetical Word list	251	registry:english-for-everyone-junior-beginners		Candidate-only explicit Word list entry; printed POS and unit locator only; no entry-level CEFR inferred; editorial review required.	lexical_candidate	candidate_only	pdf	pdf:page=251;section=word-list;column=3;entry=77;printed-locators=6
English for Everyone Junior: Beginners Course	english-for-everyone-junior-beginners	fish (pl fish)	fish (pl fish)	noun		Alphabetical Word list	251	registry:english-for-everyone-junior-beginners		Candidate-only explicit Word list entry; printed POS and unit locator only; no entry-level CEFR inferred; editorial review required.	lexical_candidate	candidate_only	pdf	pdf:page=251;section=word-list;column=3;entry=78;printed-locators=10,17,23
English for Everyone Junior: Beginners Course	english-for-everyone-junior-beginners	fish	fish	verb		Alphabetical Word list	251	registry:english-for-everyone-junior-beginners		Candidate-only explicit Word list entry; printed POS and unit locator only; no entry-level CEFR inferred; editorial review required.	lexical_candidate	candidate_only	pdf	pdf:page=251;section=word-list;column=3;entry=79;printed-locators=22
English for Everyone Junior: Beginners Course	english-for-everyone-junior-beginners	five	five	number		Alphabetical Word list	251	registry:english-for-everyone-junior-beginners		Candidate-only explicit Word list entry; printed POS and unit locator only; no entry-level CEFR inferred; editorial review required.	lexical_candidate	candidate_only	pdf	pdf:page=251;section=word-list;column=3;entry=80;printed-locators=1
English for Everyone Junior: Beginners Course	english-for-everyone-junior-beginners	floor	floor	noun		Alphabetical Word list	251	registry:english-for-everyone-junior-beginners		Candidate-only explicit Word list entry; printed POS and unit locator only; no entry-level CEFR inferred; editorial review required.	lexical_candidate	candidate_only	pdf	pdf:page=251;section=word-list;column=3;entry=81;printed-locators=13
English for Everyone Junior: Beginners Course	english-for-everyone-junior-beginners	flower	flower	noun		Alphabetical Word list	251	registry:english-for-everyone-junior-beginners		Candidate-only explicit Word list entry; printed POS and unit locator only; no entry-level CEFR inferred; editorial review required.	lexical_candidate	candidate_only	pdf	pdf:page=251;section=word-list;column=3;entry=82;printed-locators=13
English for Everyone Junior: Beginners Course	english-for-everyone-junior-beginners	fly a kite	fly a kite	verb		Alphabetical Word list	251	registry:english-for-everyone-junior-beginners		Candidate-only explicit Word list entry; printed POS and unit locator only; no entry-level CEFR inferred; editorial review required.	lexical_candidate	candidate_only	pdf	pdf:page=251;section=word-list;column=3;entry=83;printed-locators=22
English for Everyone Junior: Beginners Course	english-for-everyone-junior-beginners	food market	food market	noun		Alphabetical Word list	251	registry:english-for-everyone-junior-beginners		Candidate-only explicit Word list entry; printed POS and unit locator only; no entry-level CEFR inferred; editorial review required.	lexical_candidate	candidate_only	pdf	pdf:page=251;section=word-list;column=3;entry=84;printed-locators=17
English for Everyone Junior: Beginners Course	english-for-everyone-junior-beginners	foot (pl feet)	foot (pl feet)	noun		Alphabetical Word list	251	registry:english-for-everyone-junior-beginners		Candidate-only explicit Word list entry; printed POS and unit locator only; no entry-level CEFR inferred; editorial review required.	lexical_candidate	candidate_only	pdf	pdf:page=251;section=word-list;column=3;entry=85;printed-locators=11
English for Everyone Junior: Beginners Course	english-for-everyone-junior-beginners	four	four	number		Alphabetical Word list	251	registry:english-for-everyone-junior-beginners		Candidate-only explicit Word list entry; printed POS and unit locator only; no entry-level CEFR inferred; editorial review required.	lexical_candidate	candidate_only	pdf	pdf:page=251;section=word-list;column=3;entry=86;printed-locators=1
English for Everyone Junior: Beginners Course	english-for-everyone-junior-beginners	fourteen	fourteen	number		Alphabetical Word list	251	registry:english-for-everyone-junior-beginners		Candidate-only explicit Word list entry; printed POS and unit locator only; no entry-level CEFR inferred; editorial review required.	lexical_candidate	candidate_only	pdf	pdf:page=251;section=word-list;column=3;entry=87;printed-locators=3
English for Everyone Junior: Beginners Course	english-for-everyone-junior-beginners	Friday	Friday	noun		Alphabetical Word list	251	registry:english-for-everyone-junior-beginners		Candidate-only explicit Word list entry; printed POS and unit locator only; no entry-level CEFR inferred; editorial review required.	lexical_candidate	candidate_only	pdf	pdf:page=251;section=word-list;column=3;entry=88;printed-locators=25
English for Everyone Junior: Beginners Course	english-for-everyone-junior-beginners	friend	friend	noun		Alphabetical Word list	251	registry:english-for-everyone-junior-beginners		Candidate-only explicit Word list entry; printed POS and unit locator only; no entry-level CEFR inferred; editorial review required.	lexical_candidate	candidate_only	pdf	pdf:page=251;section=word-list;column=3;entry=89;printed-locators=1,25
English for Everyone Junior: Beginners Course	english-for-everyone-junior-beginners	fries	fries	noun		Alphabetical Word list	251	registry:english-for-everyone-junior-beginners		Candidate-only explicit Word list entry; printed POS and unit locator only; no entry-level CEFR inferred; editorial review required.	lexical_candidate	candidate_only	pdf	pdf:page=251;section=word-list;column=3;entry=90;printed-locators=23
English for Everyone Junior: Beginners Course	english-for-everyone-junior-beginners	frog	frog	noun		Alphabetical Word list	251	registry:english-for-everyone-junior-beginners		Candidate-only explicit Word list entry; printed POS and unit locator only; no entry-level CEFR inferred; editorial review required.	lexical_candidate	candidate_only	pdf	pdf:page=251;section=word-list;column=3;entry=91;printed-locators=5
English for Everyone Junior: Beginners Course	english-for-everyone-junior-beginners	fruit	fruit	noun		Alphabetical Word list	251	registry:english-for-everyone-junior-beginners		Candidate-only explicit Word list entry; printed POS and unit locator only; no entry-level CEFR inferred; editorial review required.	lexical_candidate	candidate_only	pdf	pdf:page=251;section=word-list;column=3;entry=92;printed-locators=17,23
English for Everyone Junior: Beginners Course	english-for-everyone-junior-beginners	game	game	noun		Alphabetical Word list	251	registry:english-for-everyone-junior-beginners		Candidate-only explicit Word list entry; printed POS and unit locator only; no entry-level CEFR inferred; editorial review required.	lexical_candidate	candidate_only	pdf	pdf:page=251;section=word-list;column=3;entry=93;printed-locators=18
English for Everyone Junior: Beginners Course	english-for-everyone-junior-beginners	garden	garden	noun		Alphabetical Word list	251	registry:english-for-everyone-junior-beginners		Candidate-only explicit Word list entry; printed POS and unit locator only; no entry-level CEFR inferred; editorial review required.	lexical_candidate	candidate_only	pdf	pdf:page=251;section=word-list;column=3;entry=94;printed-locators=13
English for Everyone Junior: Beginners Course	english-for-everyone-junior-beginners	get up	get up	verb		Alphabetical Word list	251	registry:english-for-everyone-junior-beginners		Candidate-only explicit Word list entry; printed POS and unit locator only; no entry-level CEFR inferred; editorial review required.	lexical_candidate	candidate_only	pdf	pdf:page=251;section=word-list;column=3;entry=95;printed-locators=25
English for Everyone Junior: Beginners Course	english-for-everyone-junior-beginners	giraffe	giraffe	noun		Alphabetical Word list	251	registry:english-for-everyone-junior-beginners		Candidate-only explicit Word list entry; printed POS and unit locator only; no entry-level CEFR inferred; editorial review required.	lexical_candidate	candidate_only	pdf	pdf:page=251;section=word-list;column=3;entry=96;printed-locators=5
English for Everyone Junior: Beginners Course	english-for-everyone-junior-beginners	girl	girl	noun		Alphabetical Word list	252	registry:english-for-everyone-junior-beginners		Candidate-only explicit Word list entry; printed POS and unit locator only; no entry-level CEFR inferred; editorial review required.	lexical_candidate	candidate_only	pdf	pdf:page=252;section=word-list;column=1;entry=1;printed-locators=24
English for Everyone Junior: Beginners Course	english-for-everyone-junior-beginners	give	give	verb		Alphabetical Word list	252	registry:english-for-everyone-junior-beginners		Candidate-only explicit Word list entry; printed POS and unit locator only; no entry-level CEFR inferred; editorial review required.	lexical_candidate	candidate_only	pdf	pdf:page=252;section=word-list;column=1;entry=2;printed-locators=G12
English for Everyone Junior: Beginners Course	english-for-everyone-junior-beginners	glasses	glasses	noun		Alphabetical Word list	252	registry:english-for-everyone-junior-beginners		Candidate-only explicit Word list entry; printed POS and unit locator only; no entry-level CEFR inferred; editorial review required.	lexical_candidate	candidate_only	pdf	pdf:page=252;section=word-list;column=1;entry=3;printed-locators=21
English for Everyone Junior: Beginners Course	english-for-everyone-junior-beginners	go home	go home	verb		Alphabetical Word list	252	registry:english-for-everyone-junior-beginners		Candidate-only explicit Word list entry; printed POS and unit locator only; no entry-level CEFR inferred; editorial review required.	lexical_candidate	candidate_only	pdf	pdf:page=252;section=word-list;column=1;entry=4;printed-locators=25
English for Everyone Junior: Beginners Course	english-for-everyone-junior-beginners	go swimming	go swimming	verb		Alphabetical Word list	252	registry:english-for-everyone-junior-beginners		Candidate-only explicit Word list entry; printed POS and unit locator only; no entry-level CEFR inferred; editorial review required.	lexical_candidate	candidate_only	pdf	pdf:page=252;section=word-list;column=1;entry=5;printed-locators=25
English for Everyone Junior: Beginners Course	english-for-everyone-junior-beginners	go to sleep	go to sleep	verb		Alphabetical Word list	252	registry:english-for-everyone-junior-beginners		Candidate-only explicit Word list entry; printed POS and unit locator only; no entry-level CEFR inferred; editorial review required.	lexical_candidate	candidate_only	pdf	pdf:page=252;section=word-list;column=1;entry=6;printed-locators=25
English for Everyone Junior: Beginners Course	english-for-everyone-junior-beginners	goat	goat	noun		Alphabetical Word list	252	registry:english-for-everyone-junior-beginners		Candidate-only explicit Word list entry; printed POS and unit locator only; no entry-level CEFR inferred; editorial review required.	lexical_candidate	candidate_only	pdf	pdf:page=252;section=word-list;column=1;entry=7;printed-locators=15
English for Everyone Junior: Beginners Course	english-for-everyone-junior-beginners	good morning	good morning	expression		Alphabetical Word list	252	registry:english-for-everyone-junior-beginners		Candidate-only explicit Word list entry; printed POS and unit locator only; no entry-level CEFR inferred; editorial review required.	lexical_candidate	candidate_only	pdf	pdf:page=252;section=word-list;column=1;entry=8;printed-locators=G14
English for Everyone Junior: Beginners Course	english-for-everyone-junior-beginners	goodbye	goodbye	expression		Alphabetical Word list	252	registry:english-for-everyone-junior-beginners		Candidate-only explicit Word list entry; printed POS and unit locator only; no entry-level CEFR inferred; editorial review required.	lexical_candidate	candidate_only	pdf	pdf:page=252;section=word-list;column=1;entry=9;printed-locators=G14
English for Everyone Junior: Beginners Course	english-for-everyone-junior-beginners	grandfather/grandpa	grandfather/grandpa	noun		Alphabetical Word list	252	registry:english-for-everyone-junior-beginners		Candidate-only explicit Word list entry; printed POS and unit locator only; no entry-level CEFR inferred; editorial review required.	lexical_candidate	candidate_only	pdf	pdf:page=252;section=word-list;column=1;entry=10;printed-locators=6
English for Everyone Junior: Beginners Course	english-for-everyone-junior-beginners	grandmother/grandma	grandmother/grandma	noun		Alphabetical Word list	252	registry:english-for-everyone-junior-beginners		Candidate-only explicit Word list entry; printed POS and unit locator only; no entry-level CEFR inferred; editorial review required.	lexical_candidate	candidate_only	pdf	pdf:page=252;section=word-list;column=1;entry=11;printed-locators=6
English for Everyone Junior: Beginners Course	english-for-everyone-junior-beginners	grape	grape	noun		Alphabetical Word list	252	registry:english-for-everyone-junior-beginners		Candidate-only explicit Word list entry; printed POS and unit locator only; no entry-level CEFR inferred; editorial review required.	lexical_candidate	candidate_only	pdf	pdf:page=252;section=word-list;column=1;entry=12;printed-locators=17
English for Everyone Junior: Beginners Course	english-for-everyone-junior-beginners	green	green	adjective		Alphabetical Word list	252	registry:english-for-everyone-junior-beginners		Candidate-only explicit Word list entry; printed POS and unit locator only; no entry-level CEFR inferred; editorial review required.	lexical_candidate	candidate_only	pdf	pdf:page=252;section=word-list;column=1;entry=13;printed-locators=4
English for Everyone Junior: Beginners Course	english-for-everyone-junior-beginners	gray	gray	adjective		Alphabetical Word list	252	registry:english-for-everyone-junior-beginners		Candidate-only explicit Word list entry; printed POS and unit locator only; no entry-level CEFR inferred; editorial review required.	lexical_candidate	candidate_only	pdf	pdf:page=252;section=word-list;column=1;entry=14;printed-locators=4
English for Everyone Junior: Beginners Course	english-for-everyone-junior-beginners	guitar	guitar	noun		Alphabetical Word list	252	registry:english-for-everyone-junior-beginners		Candidate-only explicit Word list entry; printed POS and unit locator only; no entry-level CEFR inferred; editorial review required.	lexical_candidate	candidate_only	pdf	pdf:page=252;section=word-list;column=1;entry=15;printed-locators=19
English for Everyone Junior: Beginners Course	english-for-everyone-junior-beginners	hair	hair	noun		Alphabetical Word list	252	registry:english-for-everyone-junior-beginners		Candidate-only explicit Word list entry; printed POS and unit locator only; no entry-level CEFR inferred; editorial review required.	lexical_candidate	candidate_only	pdf	pdf:page=252;section=word-list;column=1;entry=16;printed-locators=11
English for Everyone Junior: Beginners Course	english-for-everyone-junior-beginners	hall	hall	noun		Alphabetical Word list	252	registry:english-for-everyone-junior-beginners		Candidate-only explicit Word list entry; printed POS and unit locator only; no entry-level CEFR inferred; editorial review required.	lexical_candidate	candidate_only	pdf	pdf:page=252;section=word-list;column=1;entry=17;printed-locators=13
English for Everyone Junior: Beginners Course	english-for-everyone-junior-beginners	hand	hand	noun		Alphabetical Word list	252	registry:english-for-everyone-junior-beginners		Candidate-only explicit Word list entry; printed POS and unit locator only; no entry-level CEFR inferred; editorial review required.	lexical_candidate	candidate_only	pdf	pdf:page=252;section=word-list;column=1;entry=18;printed-locators=11
English for Everyone Junior: Beginners Course	english-for-everyone-junior-beginners	happy	happy	adjective		Alphabetical Word list	252	registry:english-for-everyone-junior-beginners		Candidate-only explicit Word list entry; printed POS and unit locator only; no entry-level CEFR inferred; editorial review required.	lexical_candidate	candidate_only	pdf	pdf:page=252;section=word-list;column=1;entry=19;printed-locators=9
English for Everyone Junior: Beginners Course	english-for-everyone-junior-beginners	hat	hat	noun		Alphabetical Word list	252	registry:english-for-everyone-junior-beginners		Candidate-only explicit Word list entry; printed POS and unit locator only; no entry-level CEFR inferred; editorial review required.	lexical_candidate	candidate_only	pdf	pdf:page=252;section=word-list;column=1;entry=20;printed-locators=21
English for Everyone Junior: Beginners Course	english-for-everyone-junior-beginners	have	have	verb		Alphabetical Word list	252	registry:english-for-everyone-junior-beginners		Candidate-only explicit Word list entry; printed POS and unit locator only; no entry-level CEFR inferred; editorial review required.	lexical_candidate	candidate_only	pdf	pdf:page=252;section=word-list;column=1;entry=21;printed-locators=7,10,11,17,G2
English for Everyone Junior: Beginners Course	english-for-everyone-junior-beginners	he	he	pronoun		Alphabetical Word list	252	registry:english-for-everyone-junior-beginners		Candidate-only explicit Word list entry; printed POS and unit locator only; no entry-level CEFR inferred; editorial review required.	lexical_candidate	candidate_only	pdf	pdf:page=252;section=word-list;column=1;entry=22;printed-locators=6
English for Everyone Junior: Beginners Course	english-for-everyone-junior-beginners	head	head	noun		Alphabetical Word list	252	registry:english-for-everyone-junior-beginners		Candidate-only explicit Word list entry; printed POS and unit locator only; no entry-level CEFR inferred; editorial review required.	lexical_candidate	candidate_only	pdf	pdf:page=252;section=word-list;column=1;entry=23;printed-locators=11
English for Everyone Junior: Beginners Course	english-for-everyone-junior-beginners	helicopter	helicopter	noun		Alphabetical Word list	252	registry:english-for-everyone-junior-beginners		Candidate-only explicit Word list entry; printed POS and unit locator only; no entry-level CEFR inferred; editorial review required.	lexical_candidate	candidate_only	pdf	pdf:page=252;section=word-list;column=1;entry=24;printed-locators=12
English for Everyone Junior: Beginners Course	english-for-everyone-junior-beginners	hello	hello	expression		Alphabetical Word list	252	registry:english-for-everyone-junior-beginners		Candidate-only explicit Word list entry; printed POS and unit locator only; no entry-level CEFR inferred; editorial review required.	lexical_candidate	candidate_only	pdf	pdf:page=252;section=word-list;column=1;entry=25;printed-locators=1,G14
English for Everyone Junior: Beginners Course	english-for-everyone-junior-beginners	her	her	adjective		Alphabetical Word list	252	registry:english-for-everyone-junior-beginners		Candidate-only explicit Word list entry; printed POS and unit locator only; no entry-level CEFR inferred; editorial review required.	lexical_candidate	candidate_only	pdf	pdf:page=252;section=word-list;column=1;entry=26;printed-locators=2,G10
English for Everyone Junior: Beginners Course	english-for-everyone-junior-beginners	hers	hers	pronoun		Alphabetical Word list	252	registry:english-for-everyone-junior-beginners		Candidate-only explicit Word list entry; printed POS and unit locator only; no entry-level CEFR inferred; editorial review required.	lexical_candidate	candidate_only	pdf	pdf:page=252;section=word-list;column=1;entry=27;printed-locators=24
English for Everyone Junior: Beginners Course	english-for-everyone-junior-beginners	hi	hi	expression		Alphabetical Word list	252	registry:english-for-everyone-junior-beginners		Candidate-only explicit Word list entry; printed POS and unit locator only; no entry-level CEFR inferred; editorial review required.	lexical_candidate	candidate_only	pdf	pdf:page=252;section=word-list;column=1;entry=28;printed-locators=1
English for Everyone Junior: Beginners Course	english-for-everyone-junior-beginners	hippo	hippo	noun		Alphabetical Word list	252	registry:english-for-everyone-junior-beginners		Candidate-only explicit Word list entry; printed POS and unit locator only; no entry-level CEFR inferred; editorial review required.	lexical_candidate	candidate_only	pdf	pdf:page=252;section=word-list;column=1;entry=29;printed-locators=5
English for Everyone Junior: Beginners Course	english-for-everyone-junior-beginners	his	his	adjective		Alphabetical Word list	252	registry:english-for-everyone-junior-beginners		Candidate-only explicit Word list entry; printed POS and unit locator only; no entry-level CEFR inferred; editorial review required.	lexical_candidate	candidate_only	pdf	pdf:page=252;section=word-list;column=1;entry=30;printed-locators=2,G10
English for Everyone Junior: Beginners Course	english-for-everyone-junior-beginners	his	his	pronoun		Alphabetical Word list	252	registry:english-for-everyone-junior-beginners		Candidate-only explicit Word list entry; printed POS and unit locator only; no entry-level CEFR inferred; editorial review required.	lexical_candidate	candidate_only	pdf	pdf:page=252;section=word-list;column=1;entry=31;printed-locators=24
English for Everyone Junior: Beginners Course	english-for-everyone-junior-beginners	hit	hit	verb		Alphabetical Word list	252	registry:english-for-everyone-junior-beginners		Candidate-only explicit Word list entry; printed POS and unit locator only; no entry-level CEFR inferred; editorial review required.	lexical_candidate	candidate_only	pdf	pdf:page=252;section=word-list;column=1;entry=32;printed-locators=16
English for Everyone Junior: Beginners Course	english-for-everyone-junior-beginners	hobby (pl hobbies)	hobby (pl hobbies)	noun		Alphabetical Word list	252	registry:english-for-everyone-junior-beginners		Candidate-only explicit Word list entry; printed POS and unit locator only; no entry-level CEFR inferred; editorial review required.	lexical_candidate	candidate_only	pdf	pdf:page=252;section=word-list;column=1;entry=33;printed-locators=19
English for Everyone Junior: Beginners Course	english-for-everyone-junior-beginners	hold	hold	verb		Alphabetical Word list	252	registry:english-for-everyone-junior-beginners		Candidate-only explicit Word list entry; printed POS and unit locator only; no entry-level CEFR inferred; editorial review required.	lexical_candidate	candidate_only	pdf	pdf:page=252;section=word-list;column=2;entry=34;printed-locators=G12
English for Everyone Junior: Beginners Course	english-for-everyone-junior-beginners	home	home	noun		Alphabetical Word list	252	registry:english-for-everyone-junior-beginners		Candidate-only explicit Word list entry; printed POS and unit locator only; no entry-level CEFR inferred; editorial review required.	lexical_candidate	candidate_only	pdf	pdf:page=252;section=word-list;column=2;entry=35;printed-locators=13,25
English for Everyone Junior: Beginners Course	english-for-everyone-junior-beginners	hooray!	hooray!	expression		Alphabetical Word list	252	registry:english-for-everyone-junior-beginners		Candidate-only explicit Word list entry; printed POS and unit locator only; no entry-level CEFR inferred; editorial review required.	lexical_candidate	candidate_only	pdf	pdf:page=252;section=word-list;column=2;entry=36;printed-locators=G14
English for Everyone Junior: Beginners Course	english-for-everyone-junior-beginners	horse	horse	noun		Alphabetical Word list	252	registry:english-for-everyone-junior-beginners		Candidate-only explicit Word list entry; printed POS and unit locator only; no entry-level CEFR inferred; editorial review required.	lexical_candidate	candidate_only	pdf	pdf:page=252;section=word-list;column=2;entry=37;printed-locators=15
English for Everyone Junior: Beginners Course	english-for-everyone-junior-beginners	hospital	hospital	noun		Alphabetical Word list	252	registry:english-for-everyone-junior-beginners		Candidate-only explicit Word list entry; printed POS and unit locator only; no entry-level CEFR inferred; editorial review required.	lexical_candidate	candidate_only	pdf	pdf:page=252;section=word-list;column=2;entry=38;printed-locators=12
English for Everyone Junior: Beginners Course	english-for-everyone-junior-beginners	hot	hot	adjective		Alphabetical Word list	252	registry:english-for-everyone-junior-beginners		Candidate-only explicit Word list entry; printed POS and unit locator only; no entry-level CEFR inferred; editorial review required.	lexical_candidate	candidate_only	pdf	pdf:page=252;section=word-list;column=2;entry=39;printed-locators=9
English for Everyone Junior: Beginners Course	english-for-everyone-junior-beginners	house	house	noun		Alphabetical Word list	252	registry:english-for-everyone-junior-beginners		Candidate-only explicit Word list entry; printed POS and unit locator only; no entry-level CEFR inferred; editorial review required.	lexical_candidate	candidate_only	pdf	pdf:page=252;section=word-list;column=2;entry=40;printed-locators=12
English for Everyone Junior: Beginners Course	english-for-everyone-junior-beginners	how?	how	question word		Alphabetical Word list	252	registry:english-for-everyone-junior-beginners		Candidate-only explicit Word list entry; printed POS and unit locator only; no entry-level CEFR inferred; editorial review required.	lexical_candidate	candidate_only	pdf	pdf:page=252;section=word-list;column=2;entry=41;printed-locators=1,G6
English for Everyone Junior: Beginners Course	english-for-everyone-junior-beginners	how many?	how many	question word		Alphabetical Word list	252	registry:english-for-everyone-junior-beginners		Candidate-only explicit Word list entry; printed POS and unit locator only; no entry-level CEFR inferred; editorial review required.	lexical_candidate	candidate_only	pdf	pdf:page=252;section=word-list;column=2;entry=42;printed-locators=15,G6
English for Everyone Junior: Beginners Course	english-for-everyone-junior-beginners	hungry	hungry	adjective		Alphabetical Word list	252	registry:english-for-everyone-junior-beginners		Candidate-only explicit Word list entry; printed POS and unit locator only; no entry-level CEFR inferred; editorial review required.	lexical_candidate	candidate_only	pdf	pdf:page=252;section=word-list;column=2;entry=43;printed-locators=9
English for Everyone Junior: Beginners Course	english-for-everyone-junior-beginners	ice cream	ice cream	noun		Alphabetical Word list	252	registry:english-for-everyone-junior-beginners		Candidate-only explicit Word list entry; printed POS and unit locator only; no entry-level CEFR inferred; editorial review required.	lexical_candidate	candidate_only	pdf	pdf:page=252;section=word-list;column=2;entry=44;printed-locators=22
English for Everyone Junior: Beginners Course	english-for-everyone-junior-beginners	ice hockey	ice hockey	noun		Alphabetical Word list	252	registry:english-for-everyone-junior-beginners		Candidate-only explicit Word list entry; printed POS and unit locator only; no entry-level CEFR inferred; editorial review required.	lexical_candidate	candidate_only	pdf	pdf:page=252;section=word-list;column=2;entry=45;printed-locators=16
English for Everyone Junior: Beginners Course	english-for-everyone-junior-beginners	I’m sorry	I’m sorry	expression		Alphabetical Word list	252	registry:english-for-everyone-junior-beginners		Candidate-only explicit Word list entry; printed POS and unit locator only; no entry-level CEFR inferred; editorial review required.	lexical_candidate	candidate_only	pdf	pdf:page=252;section=word-list;column=2;entry=46;printed-locators=G14
English for Everyone Junior: Beginners Course	english-for-everyone-junior-beginners	in	in	preposition		Alphabetical Word list	252	registry:english-for-everyone-junior-beginners		Candidate-only explicit Word list entry; printed POS and unit locator only; no entry-level CEFR inferred; editorial review required.	lexical_candidate	candidate_only	pdf	pdf:page=252;section=word-list;column=2;entry=47;printed-locators=13,15,G8
English for Everyone Junior: Beginners Course	english-for-everyone-junior-beginners	in front of	in front of	preposition		Alphabetical Word list	252	registry:english-for-everyone-junior-beginners		Candidate-only explicit Word list entry; printed POS and unit locator only; no entry-level CEFR inferred; editorial review required.	lexical_candidate	candidate_only	pdf	pdf:page=252;section=word-list;column=2;entry=48;printed-locators=12,G8
English for Everyone Junior: Beginners Course	english-for-everyone-junior-beginners	in the afternoon	in the afternoon	expression		Alphabetical Word list	252	registry:english-for-everyone-junior-beginners		Candidate-only explicit Word list entry; printed POS and unit locator only; no entry-level CEFR inferred; editorial review required.	lexical_candidate	candidate_only	pdf	pdf:page=252;section=word-list;column=2;entry=49;printed-locators=25
English for Everyone Junior: Beginners Course	english-for-everyone-junior-beginners	in the evening	in the evening	expression		Alphabetical Word list	252	registry:english-for-everyone-junior-beginners		Candidate-only explicit Word list entry; printed POS and unit locator only; no entry-level CEFR inferred; editorial review required.	lexical_candidate	candidate_only	pdf	pdf:page=252;section=word-list;column=2;entry=50;printed-locators=25
English for Everyone Junior: Beginners Course	english-for-everyone-junior-beginners	in the morning	in the morning	expression		Alphabetical Word list	252	registry:english-for-everyone-junior-beginners		Candidate-only explicit Word list entry; printed POS and unit locator only; no entry-level CEFR inferred; editorial review required.	lexical_candidate	candidate_only	pdf	pdf:page=252;section=word-list;column=2;entry=51;printed-locators=25
English for Everyone Junior: Beginners Course	english-for-everyone-junior-beginners	jacket	jacket	noun		Alphabetical Word list	252	registry:english-for-everyone-junior-beginners		Candidate-only explicit Word list entry; printed POS and unit locator only; no entry-level CEFR inferred; editorial review required.	lexical_candidate	candidate_only	pdf	pdf:page=252;section=word-list;column=2;entry=52;printed-locators=21
English for Everyone Junior: Beginners Course	english-for-everyone-junior-beginners	jeans	jeans	noun		Alphabetical Word list	252	registry:english-for-everyone-junior-beginners		Candidate-only explicit Word list entry; printed POS and unit locator only; no entry-level CEFR inferred; editorial review required.	lexical_candidate	candidate_only	pdf	pdf:page=252;section=word-list;column=2;entry=53;printed-locators=21
English for Everyone Junior: Beginners Course	english-for-everyone-junior-beginners	jellyfish (pl jellyfish)	jellyfish (pl jellyfish)	noun		Alphabetical Word list	252	registry:english-for-everyone-junior-beginners		Candidate-only explicit Word list entry; printed POS and unit locator only; no entry-level CEFR inferred; editorial review required.	lexical_candidate	candidate_only	pdf	pdf:page=252;section=word-list;column=2;entry=54;printed-locators=22
English for Everyone Junior: Beginners Course	english-for-everyone-junior-beginners	juice	juice	noun		Alphabetical Word list	252	registry:english-for-everyone-junior-beginners		Candidate-only explicit Word list entry; printed POS and unit locator only; no entry-level CEFR inferred; editorial review required.	lexical_candidate	candidate_only	pdf	pdf:page=252;section=word-list;column=2;entry=55;printed-locators=22,23
English for Everyone Junior: Beginners Course	english-for-everyone-junior-beginners	jump	jump	verb		Alphabetical Word list	252	registry:english-for-everyone-junior-beginners		Candidate-only explicit Word list entry; printed POS and unit locator only; no entry-level CEFR inferred; editorial review required.	lexical_candidate	candidate_only	pdf	pdf:page=252;section=word-list;column=2;entry=56;printed-locators=16
English for Everyone Junior: Beginners Course	english-for-everyone-junior-beginners	keyboard	keyboard	noun		Alphabetical Word list	252	registry:english-for-everyone-junior-beginners		Candidate-only explicit Word list entry; printed POS and unit locator only; no entry-level CEFR inferred; editorial review required.	lexical_candidate	candidate_only	pdf	pdf:page=252;section=word-list;column=2;entry=57;printed-locators=7
English for Everyone Junior: Beginners Course	english-for-everyone-junior-beginners	kick	kick	verb		Alphabetical Word list	252	registry:english-for-everyone-junior-beginners		Candidate-only explicit Word list entry; printed POS and unit locator only; no entry-level CEFR inferred; editorial review required.	lexical_candidate	candidate_only	pdf	pdf:page=252;section=word-list;column=2;entry=58;printed-locators=16
English for Everyone Junior: Beginners Course	english-for-everyone-junior-beginners	kid	kid	noun		Alphabetical Word list	252	registry:english-for-everyone-junior-beginners		Candidate-only explicit Word list entry; printed POS and unit locator only; no entry-level CEFR inferred; editorial review required.	lexical_candidate	candidate_only	pdf	pdf:page=252;section=word-list;column=2;entry=59;printed-locators=24
English for Everyone Junior: Beginners Course	english-for-everyone-junior-beginners	kitchen	kitchen	noun		Alphabetical Word list	252	registry:english-for-everyone-junior-beginners		Candidate-only explicit Word list entry; printed POS and unit locator only; no entry-level CEFR inferred; editorial review required.	lexical_candidate	candidate_only	pdf	pdf:page=252;section=word-list;column=2;entry=60;printed-locators=13
English for Everyone Junior: Beginners Course	english-for-everyone-junior-beginners	kite	kite	noun		Alphabetical Word list	252	registry:english-for-everyone-junior-beginners		Candidate-only explicit Word list entry; printed POS and unit locator only; no entry-level CEFR inferred; editorial review required.	lexical_candidate	candidate_only	pdf	pdf:page=252;section=word-list;column=2;entry=61;printed-locators=22
English for Everyone Junior: Beginners Course	english-for-everyone-junior-beginners	kiwi	kiwi	noun		Alphabetical Word list	252	registry:english-for-everyone-junior-beginners		Candidate-only explicit Word list entry; printed POS and unit locator only; no entry-level CEFR inferred; editorial review required.	lexical_candidate	candidate_only	pdf	pdf:page=252;section=word-list;column=2;entry=62;printed-locators=17
English for Everyone Junior: Beginners Course	english-for-everyone-junior-beginners	lake	lake	noun		Alphabetical Word list	252	registry:english-for-everyone-junior-beginners		Candidate-only explicit Word list entry; printed POS and unit locator only; no entry-level CEFR inferred; editorial review required.	lexical_candidate	candidate_only	pdf	pdf:page=252;section=word-list;column=3;entry=63;printed-locators=12
English for Everyone Junior: Beginners Course	english-for-everyone-junior-beginners	lamp	lamp	noun		Alphabetical Word list	252	registry:english-for-everyone-junior-beginners		Candidate-only explicit Word list entry; printed POS and unit locator only; no entry-level CEFR inferred; editorial review required.	lexical_candidate	candidate_only	pdf	pdf:page=252;section=word-list;column=3;entry=64;printed-locators=7
English for Everyone Junior: Beginners Course	english-for-everyone-junior-beginners	leg	leg	noun		Alphabetical Word list	252	registry:english-for-everyone-junior-beginners		Candidate-only explicit Word list entry; printed POS and unit locator only; no entry-level CEFR inferred; editorial review required.	lexical_candidate	candidate_only	pdf	pdf:page=252;section=word-list;column=3;entry=65;printed-locators=11
English for Everyone Junior: Beginners Course	english-for-everyone-junior-beginners	lemon	lemon	noun		Alphabetical Word list	252	registry:english-for-everyone-junior-beginners		Candidate-only explicit Word list entry; printed POS and unit locator only; no entry-level CEFR inferred; editorial review required.	lexical_candidate	candidate_only	pdf	pdf:page=252;section=word-list;column=3;entry=66;printed-locators=17
English for Everyone Junior: Beginners Course	english-for-everyone-junior-beginners	lemonade	lemonade	noun		Alphabetical Word list	252	registry:english-for-everyone-junior-beginners		Candidate-only explicit Word list entry; printed POS and unit locator only; no entry-level CEFR inferred; editorial review required.	lexical_candidate	candidate_only	pdf	pdf:page=252;section=word-list;column=3;entry=67;printed-locators=23
English for Everyone Junior: Beginners Course	english-for-everyone-junior-beginners	letter	letter	noun		Alphabetical Word list	252	registry:english-for-everyone-junior-beginners		Candidate-only explicit Word list entry; printed POS and unit locator only; no entry-level CEFR inferred; editorial review required.	lexical_candidate	candidate_only	pdf	pdf:page=252;section=word-list;column=3;entry=68;printed-locators=2
English for Everyone Junior: Beginners Course	english-for-everyone-junior-beginners	light	light	noun		Alphabetical Word list	252	registry:english-for-everyone-junior-beginners		Candidate-only explicit Word list entry; printed POS and unit locator only; no entry-level CEFR inferred; editorial review required.	lexical_candidate	candidate_only	pdf	pdf:page=252;section=word-list;column=3;entry=69;printed-locators=13
English for Everyone Junior: Beginners Course	english-for-everyone-junior-beginners	like	like	verb		Alphabetical Word list	252	registry:english-for-everyone-junior-beginners		Candidate-only explicit Word list entry; printed POS and unit locator only; no entry-level CEFR inferred; editorial review required.	lexical_candidate	candidate_only	pdf	pdf:page=252;section=word-list;column=3;entry=70;printed-locators=17,18,19,23
English for Everyone Junior: Beginners Course	english-for-everyone-junior-beginners	lime	lime	noun		Alphabetical Word list	252	registry:english-for-everyone-junior-beginners		Candidate-only explicit Word list entry; printed POS and unit locator only; no entry-level CEFR inferred; editorial review required.	lexical_candidate	candidate_only	pdf	pdf:page=252;section=word-list;column=3;entry=71;printed-locators=17
English for Everyone Junior: Beginners Course	english-for-everyone-junior-beginners	line	line	noun		Alphabetical Word list	252	registry:english-for-everyone-junior-beginners		Candidate-only explicit Word list entry; printed POS and unit locator only; no entry-level CEFR inferred; editorial review required.	lexical_candidate	candidate_only	pdf	pdf:page=252;section=word-list;column=3;entry=72;printed-locators=G13
English for Everyone Junior: Beginners Course	english-for-everyone-junior-beginners	lion	lion	noun		Alphabetical Word list	252	registry:english-for-everyone-junior-beginners		Candidate-only explicit Word list entry; printed POS and unit locator only; no entry-level CEFR inferred; editorial review required.	lexical_candidate	candidate_only	pdf	pdf:page=252;section=word-list;column=3;entry=73;printed-locators=5
English for Everyone Junior: Beginners Course	english-for-everyone-junior-beginners	listen	listen	verb		Alphabetical Word list	252	registry:english-for-everyone-junior-beginners		Candidate-only explicit Word list entry; printed POS and unit locator only; no entry-level CEFR inferred; editorial review required.	lexical_candidate	candidate_only	pdf	pdf:page=252;section=word-list;column=3;entry=74;printed-locators=2,G13
English for Everyone Junior: Beginners Course	english-for-everyone-junior-beginners	listen to music	listen to music	verb		Alphabetical Word list	252	registry:english-for-everyone-junior-beginners		Candidate-only explicit Word list entry; printed POS and unit locator only; no entry-level CEFR inferred; editorial review required.	lexical_candidate	candidate_only	pdf	pdf:page=252;section=word-list;column=3;entry=75;printed-locators=22
English for Everyone Junior: Beginners Course	english-for-everyone-junior-beginners	live	live	verb		Alphabetical Word list	252	registry:english-for-everyone-junior-beginners		Candidate-only explicit Word list entry; printed POS and unit locator only; no entry-level CEFR inferred; editorial review required.	lexical_candidate	candidate_only	pdf	pdf:page=252;section=word-list;column=3;entry=76;printed-locators=12
English for Everyone Junior: Beginners Course	english-for-everyone-junior-beginners	living room	living room	noun		Alphabetical Word list	252	registry:english-for-everyone-junior-beginners		Candidate-only explicit Word list entry; printed POS and unit locator only; no entry-level CEFR inferred; editorial review required.	lexical_candidate	candidate_only	pdf	pdf:page=252;section=word-list;column=3;entry=77;printed-locators=13
English for Everyone Junior: Beginners Course	english-for-everyone-junior-beginners	lizard	lizard	noun		Alphabetical Word list	252	registry:english-for-everyone-junior-beginners		Candidate-only explicit Word list entry; printed POS and unit locator only; no entry-level CEFR inferred; editorial review required.	lexical_candidate	candidate_only	pdf	pdf:page=252;section=word-list;column=3;entry=78;printed-locators=5
English for Everyone Junior: Beginners Course	english-for-everyone-junior-beginners	long	long	adjective		Alphabetical Word list	252	registry:english-for-everyone-junior-beginners		Candidate-only explicit Word list entry; printed POS and unit locator only; no entry-level CEFR inferred; editorial review required.	lexical_candidate	candidate_only	pdf	pdf:page=252;section=word-list;column=3;entry=79;printed-locators=11
English for Everyone Junior: Beginners Course	english-for-everyone-junior-beginners	look (at)	look (at)	verb		Alphabetical Word list	252	registry:english-for-everyone-junior-beginners		Candidate-only explicit Word list entry; printed POS and unit locator only; no entry-level CEFR inferred; editorial review required.	lexical_candidate	candidate_only	pdf	pdf:page=252;section=word-list;column=3;entry=80;printed-locators=2,G13
English for Everyone Junior: Beginners Course	english-for-everyone-junior-beginners	love	love	verb		Alphabetical Word list	252	registry:english-for-everyone-junior-beginners		Candidate-only explicit Word list entry; printed POS and unit locator only; no entry-level CEFR inferred; editorial review required.	lexical_candidate	candidate_only	pdf	pdf:page=252;section=word-list;column=3;entry=81;printed-locators=18,G14
English for Everyone Junior: Beginners Course	english-for-everyone-junior-beginners	lunch	lunch	noun		Alphabetical Word list	252	registry:english-for-everyone-junior-beginners		Candidate-only explicit Word list entry; printed POS and unit locator only; no entry-level CEFR inferred; editorial review required.	lexical_candidate	candidate_only	pdf	pdf:page=252;section=word-list;column=3;entry=82;printed-locators=23,25
English for Everyone Junior: Beginners Course	english-for-everyone-junior-beginners	lunchtime	lunchtime	noun		Alphabetical Word list	252	registry:english-for-everyone-junior-beginners		Candidate-only explicit Word list entry; printed POS and unit locator only; no entry-level CEFR inferred; editorial review required.	lexical_candidate	candidate_only	pdf	pdf:page=252;section=word-list;column=3;entry=83;printed-locators=23
English for Everyone Junior: Beginners Course	english-for-everyone-junior-beginners	make my bed	make my bed	verb		Alphabetical Word list	252	registry:english-for-everyone-junior-beginners		Candidate-only explicit Word list entry; printed POS and unit locator only; no entry-level CEFR inferred; editorial review required.	lexical_candidate	candidate_only	pdf	pdf:page=252;section=word-list;column=3;entry=84;printed-locators=25
English for Everyone Junior: Beginners Course	english-for-everyone-junior-beginners	man (pl men)	man (pl men)	noun		Alphabetical Word list	252	registry:english-for-everyone-junior-beginners		Candidate-only explicit Word list entry; printed POS and unit locator only; no entry-level CEFR inferred; editorial review required.	lexical_candidate	candidate_only	pdf	pdf:page=252;section=word-list;column=3;entry=85;printed-locators=24
English for Everyone Junior: Beginners Course	english-for-everyone-junior-beginners	mango (pl mangoes)	mango (pl mangoes)	noun		Alphabetical Word list	252	registry:english-for-everyone-junior-beginners		Candidate-only explicit Word list entry; printed POS and unit locator only; no entry-level CEFR inferred; editorial review required.	lexical_candidate	candidate_only	pdf	pdf:page=252;section=word-list;column=3;entry=86;printed-locators=17
English for Everyone Junior: Beginners Course	english-for-everyone-junior-beginners	mat	mat	noun		Alphabetical Word list	252	registry:english-for-everyone-junior-beginners		Candidate-only explicit Word list entry; printed POS and unit locator only; no entry-level CEFR inferred; editorial review required.	lexical_candidate	candidate_only	pdf	pdf:page=252;section=word-list;column=3;entry=87;printed-locators=13
English for Everyone Junior: Beginners Course	english-for-everyone-junior-beginners	match	match	verb		Alphabetical Word list	252	registry:english-for-everyone-junior-beginners		Candidate-only explicit Word list entry; printed POS and unit locator only; no entry-level CEFR inferred; editorial review required.	lexical_candidate	candidate_only	pdf	pdf:page=252;section=word-list;column=3;entry=88;printed-locators=G13
English for Everyone Junior: Beginners Course	english-for-everyone-junior-beginners	may	may	verb		Alphabetical Word list	252	registry:english-for-everyone-junior-beginners		Candidate-only explicit Word list entry; printed POS and unit locator only; no entry-level CEFR inferred; editorial review required.	lexical_candidate	candidate_only	pdf	pdf:page=252;section=word-list;column=3;entry=89;printed-locators=17
English for Everyone Junior: Beginners Course	english-for-everyone-junior-beginners	me	me	pronoun		Alphabetical Word list	252	registry:english-for-everyone-junior-beginners		Candidate-only explicit Word list entry; printed POS and unit locator only; no entry-level CEFR inferred; editorial review required.	lexical_candidate	candidate_only	pdf	pdf:page=252;section=word-list;column=3;entry=90;printed-locators=6
English for Everyone Junior: Beginners Course	english-for-everyone-junior-beginners	meat	meat	noun		Alphabetical Word list	252	registry:english-for-everyone-junior-beginners		Candidate-only explicit Word list entry; printed POS and unit locator only; no entry-level CEFR inferred; editorial review required.	lexical_candidate	candidate_only	pdf	pdf:page=252;section=word-list;column=3;entry=91;printed-locators=17
English for Everyone Junior: Beginners Course	english-for-everyone-junior-beginners	meatball	meatball	noun		Alphabetical Word list	252	registry:english-for-everyone-junior-beginners		Candidate-only explicit Word list entry; printed POS and unit locator only; no entry-level CEFR inferred; editorial review required.	lexical_candidate	candidate_only	pdf	pdf:page=252;section=word-list;column=3;entry=92;printed-locators=23
English for Everyone Junior: Beginners Course	english-for-everyone-junior-beginners	men	men	noun		Alphabetical Word list	252	registry:english-for-everyone-junior-beginners		Candidate-only explicit Word list entry; printed POS and unit locator only; no entry-level CEFR inferred; editorial review required.	lexical_candidate	candidate_only	pdf	pdf:page=252;section=word-list;column=3;entry=93;printed-locators=24
English for Everyone Junior: Beginners Course	english-for-everyone-junior-beginners	milk	milk	noun		Alphabetical Word list	252	registry:english-for-everyone-junior-beginners		Candidate-only explicit Word list entry; printed POS and unit locator only; no entry-level CEFR inferred; editorial review required.	lexical_candidate	candidate_only	pdf	pdf:page=252;section=word-list;column=3;entry=94;printed-locators=23
English for Everyone Junior: Beginners Course	english-for-everyone-junior-beginners	mine	mine	pronoun		Alphabetical Word list	253	registry:english-for-everyone-junior-beginners		Candidate-only explicit Word list entry; printed POS and unit locator only; no entry-level CEFR inferred; editorial review required.	lexical_candidate	candidate_only	pdf	pdf:page=253;section=word-list;column=1;entry=1;printed-locators=24
English for Everyone Junior: Beginners Course	english-for-everyone-junior-beginners	mirror	mirror	noun		Alphabetical Word list	253	registry:english-for-everyone-junior-beginners		Candidate-only explicit Word list entry; printed POS and unit locator only; no entry-level CEFR inferred; editorial review required.	lexical_candidate	candidate_only	pdf	pdf:page=253;section=word-list;column=1;entry=2;printed-locators=13
English for Everyone Junior: Beginners Course	english-for-everyone-junior-beginners	mom	mom	noun		Alphabetical Word list	253	registry:english-for-everyone-junior-beginners		Candidate-only explicit Word list entry; printed POS and unit locator only; no entry-level CEFR inferred; editorial review required.	lexical_candidate	candidate_only	pdf	pdf:page=253;section=word-list;column=1;entry=3;printed-locators=6
English for Everyone Junior: Beginners Course	english-for-everyone-junior-beginners	Monday	Monday	noun		Alphabetical Word list	253	registry:english-for-everyone-junior-beginners		Candidate-only explicit Word list entry; printed POS and unit locator only; no entry-level CEFR inferred; editorial review required.	lexical_candidate	candidate_only	pdf	pdf:page=253;section=word-list;column=1;entry=4;printed-locators=25
English for Everyone Junior: Beginners Course	english-for-everyone-junior-beginners	monkey	monkey	noun		Alphabetical Word list	253	registry:english-for-everyone-junior-beginners		Candidate-only explicit Word list entry; printed POS and unit locator only; no entry-level CEFR inferred; editorial review required.	lexical_candidate	candidate_only	pdf	pdf:page=253;section=word-list;column=1;entry=5;printed-locators=5
English for Everyone Junior: Beginners Course	english-for-everyone-junior-beginners	monster	monster	noun		Alphabetical Word list	253	registry:english-for-everyone-junior-beginners		Candidate-only explicit Word list entry; printed POS and unit locator only; no entry-level CEFR inferred; editorial review required.	lexical_candidate	candidate_only	pdf	pdf:page=253;section=word-list;column=1;entry=6;printed-locators=18
English for Everyone Junior: Beginners Course	english-for-everyone-junior-beginners	moon, the	the moon	noun		Alphabetical Word list	253	registry:english-for-everyone-junior-beginners		Candidate-only explicit Word list entry; printed POS and unit locator only; no entry-level CEFR inferred; editorial review required.	lexical_candidate	candidate_only	pdf	pdf:page=253;section=word-list;column=1;entry=7;printed-locators=18
English for Everyone Junior: Beginners Course	english-for-everyone-junior-beginners	morning	morning	noun		Alphabetical Word list	253	registry:english-for-everyone-junior-beginners		Candidate-only explicit Word list entry; printed POS and unit locator only; no entry-level CEFR inferred; editorial review required.	lexical_candidate	candidate_only	pdf	pdf:page=253;section=word-list;column=1;entry=8;printed-locators=25
English for Everyone Junior: Beginners Course	english-for-everyone-junior-beginners	mother	mother	noun		Alphabetical Word list	253	registry:english-for-everyone-junior-beginners		Candidate-only explicit Word list entry; printed POS and unit locator only; no entry-level CEFR inferred; editorial review required.	lexical_candidate	candidate_only	pdf	pdf:page=253;section=word-list;column=1;entry=9;printed-locators=6
English for Everyone Junior: Beginners Course	english-for-everyone-junior-beginners	motorcycle	motorcycle	noun		Alphabetical Word list	253	registry:english-for-everyone-junior-beginners		Candidate-only explicit Word list entry; printed POS and unit locator only; no entry-level CEFR inferred; editorial review required.	lexical_candidate	candidate_only	pdf	pdf:page=253;section=word-list;column=1;entry=10;printed-locators=12
English for Everyone Junior: Beginners Course	english-for-everyone-junior-beginners	mouse (pl mice)	mouse (pl mice)	noun		Alphabetical Word list	253	registry:english-for-everyone-junior-beginners		Candidate-only explicit Word list entry; printed POS and unit locator only; no entry-level CEFR inferred; editorial review required.	lexical_candidate	candidate_only	pdf	pdf:page=253;section=word-list;column=1;entry=11;printed-locators=7,10
English for Everyone Junior: Beginners Course	english-for-everyone-junior-beginners	mouth	mouth	noun		Alphabetical Word list	253	registry:english-for-everyone-junior-beginners		Candidate-only explicit Word list entry; printed POS and unit locator only; no entry-level CEFR inferred; editorial review required.	lexical_candidate	candidate_only	pdf	pdf:page=253;section=word-list;column=1;entry=12;printed-locators=11
English for Everyone Junior: Beginners Course	english-for-everyone-junior-beginners	move	move	verb		Alphabetical Word list	253	registry:english-for-everyone-junior-beginners		Candidate-only explicit Word list entry; printed POS and unit locator only; no entry-level CEFR inferred; editorial review required.	lexical_candidate	candidate_only	pdf	pdf:page=253;section=word-list;column=1;entry=13;printed-locators=11
English for Everyone Junior: Beginners Course	english-for-everyone-junior-beginners	music	music	noun		Alphabetical Word list	253	registry:english-for-everyone-junior-beginners		Candidate-only explicit Word list entry; printed POS and unit locator only; no entry-level CEFR inferred; editorial review required.	lexical_candidate	candidate_only	pdf	pdf:page=253;section=word-list;column=1;entry=14;printed-locators=22
English for Everyone Junior: Beginners Course	english-for-everyone-junior-beginners	my	my	adjective		Alphabetical Word list	253	registry:english-for-everyone-junior-beginners		Candidate-only explicit Word list entry; printed POS and unit locator only; no entry-level CEFR inferred; editorial review required.	lexical_candidate	candidate_only	pdf	pdf:page=253;section=word-list;column=1;entry=15;printed-locators=1,4,5,6,7,11,13,21,25,G10
English for Everyone Junior: Beginners Course	english-for-everyone-junior-beginners	name	name	noun		Alphabetical Word list	253	registry:english-for-everyone-junior-beginners		Candidate-only explicit Word list entry; printed POS and unit locator only; no entry-level CEFR inferred; editorial review required.	lexical_candidate	candidate_only	pdf	pdf:page=253;section=word-list;column=1;entry=16;printed-locators=1,2
English for Everyone Junior: Beginners Course	english-for-everyone-junior-beginners	next to	next to	preposition		Alphabetical Word list	253	registry:english-for-everyone-junior-beginners		Candidate-only explicit Word list entry; printed POS and unit locator only; no entry-level CEFR inferred; editorial review required.	lexical_candidate	candidate_only	pdf	pdf:page=253;section=word-list;column=1;entry=17;printed-locators=12,G8
English for Everyone Junior: Beginners Course	english-for-everyone-junior-beginners	nice	nice	adjective		Alphabetical Word list	253	registry:english-for-everyone-junior-beginners		Candidate-only explicit Word list entry; printed POS and unit locator only; no entry-level CEFR inferred; editorial review required.	lexical_candidate	candidate_only	pdf	pdf:page=253;section=word-list;column=1;entry=18;printed-locators=10,21
English for Everyone Junior: Beginners Course	english-for-everyone-junior-beginners	night	night	noun		Alphabetical Word list	253	registry:english-for-everyone-junior-beginners		Candidate-only explicit Word list entry; printed POS and unit locator only; no entry-level CEFR inferred; editorial review required.	lexical_candidate	candidate_only	pdf	pdf:page=253;section=word-list;column=1;entry=19;printed-locators=25
English for Everyone Junior: Beginners Course	english-for-everyone-junior-beginners	nine	nine	number		Alphabetical Word list	253	registry:english-for-everyone-junior-beginners		Candidate-only explicit Word list entry; printed POS and unit locator only; no entry-level CEFR inferred; editorial review required.	lexical_candidate	candidate_only	pdf	pdf:page=253;section=word-list;column=1;entry=20;printed-locators=1
English for Everyone Junior: Beginners Course	english-for-everyone-junior-beginners	nineteen	nineteen	number		Alphabetical Word list	253	registry:english-for-everyone-junior-beginners		Candidate-only explicit Word list entry; printed POS and unit locator only; no entry-level CEFR inferred; editorial review required.	lexical_candidate	candidate_only	pdf	pdf:page=253;section=word-list;column=1;entry=21;printed-locators=3
English for Everyone Junior: Beginners Course	english-for-everyone-junior-beginners	no, thank you	no, thank you	expression		Alphabetical Word list	253	registry:english-for-everyone-junior-beginners		Candidate-only explicit Word list entry; printed POS and unit locator only; no entry-level CEFR inferred; editorial review required.	lexical_candidate	candidate_only	pdf	pdf:page=253;section=word-list;column=1;entry=22;printed-locators=23
English for Everyone Junior: Beginners Course	english-for-everyone-junior-beginners	noodles	noodles	noun		Alphabetical Word list	253	registry:english-for-everyone-junior-beginners		Candidate-only explicit Word list entry; printed POS and unit locator only; no entry-level CEFR inferred; editorial review required.	lexical_candidate	candidate_only	pdf	pdf:page=253;section=word-list;column=1;entry=23;printed-locators=23
English for Everyone Junior: Beginners Course	english-for-everyone-junior-beginners	nose	nose	noun		Alphabetical Word list	253	registry:english-for-everyone-junior-beginners		Candidate-only explicit Word list entry; printed POS and unit locator only; no entry-level CEFR inferred; editorial review required.	lexical_candidate	candidate_only	pdf	pdf:page=253;section=word-list;column=1;entry=24;printed-locators=11
English for Everyone Junior: Beginners Course	english-for-everyone-junior-beginners	notepad	notepad	noun		Alphabetical Word list	253	registry:english-for-everyone-junior-beginners		Candidate-only explicit Word list entry; printed POS and unit locator only; no entry-level CEFR inferred; editorial review required.	lexical_candidate	candidate_only	pdf	pdf:page=253;section=word-list;column=1;entry=25;printed-locators=4
English for Everyone Junior: Beginners Course	english-for-everyone-junior-beginners	number	number	noun		Alphabetical Word list	253	registry:english-for-everyone-junior-beginners		Candidate-only explicit Word list entry; printed POS and unit locator only; no entry-level CEFR inferred; editorial review required.	lexical_candidate	candidate_only	pdf	pdf:page=253;section=word-list;column=1;entry=26;printed-locators=2
English for Everyone Junior: Beginners Course	english-for-everyone-junior-beginners	o’clock	o’clock	adverb		Alphabetical Word list	253	registry:english-for-everyone-junior-beginners		Candidate-only explicit Word list entry; printed POS and unit locator only; no entry-level CEFR inferred; editorial review required.	lexical_candidate	candidate_only	pdf	pdf:page=253;section=word-list;column=1;entry=27;printed-locators=25,G14
English for Everyone Junior: Beginners Course	english-for-everyone-junior-beginners	ocean	ocean	noun		Alphabetical Word list	253	registry:english-for-everyone-junior-beginners		Candidate-only explicit Word list entry; printed POS and unit locator only; no entry-level CEFR inferred; editorial review required.	lexical_candidate	candidate_only	pdf	pdf:page=253;section=word-list;column=1;entry=28;printed-locators=22
English for Everyone Junior: Beginners Course	english-for-everyone-junior-beginners	oh dear	oh dear	expression		Alphabetical Word list	253	registry:english-for-everyone-junior-beginners		Candidate-only explicit Word list entry; printed POS and unit locator only; no entry-level CEFR inferred; editorial review required.	lexical_candidate	candidate_only	pdf	pdf:page=253;section=word-list;column=1;entry=29;printed-locators=G14
English for Everyone Junior: Beginners Course	english-for-everyone-junior-beginners	old	old	adjective		Alphabetical Word list	253	registry:english-for-everyone-junior-beginners		Candidate-only explicit Word list entry; printed POS and unit locator only; no entry-level CEFR inferred; editorial review required.	lexical_candidate	candidate_only	pdf	pdf:page=253;section=word-list;column=2;entry=30;printed-locators=10
English for Everyone Junior: Beginners Course	english-for-everyone-junior-beginners	on	on	preposition		Alphabetical Word list	253	registry:english-for-everyone-junior-beginners		Candidate-only explicit Word list entry; printed POS and unit locator only; no entry-level CEFR inferred; editorial review required.	lexical_candidate	candidate_only	pdf	pdf:page=253;section=word-list;column=2;entry=31;printed-locators=13,G8
English for Everyone Junior: Beginners Course	english-for-everyone-junior-beginners	one	one	number		Alphabetical Word list	253	registry:english-for-everyone-junior-beginners		Candidate-only explicit Word list entry; printed POS and unit locator only; no entry-level CEFR inferred; editorial review required.	lexical_candidate	candidate_only	pdf	pdf:page=253;section=word-list;column=2;entry=32;printed-locators=1
English for Everyone Junior: Beginners Course	english-for-everyone-junior-beginners	one	one	pronoun		Alphabetical Word list	253	registry:english-for-everyone-junior-beginners		Candidate-only explicit Word list entry; printed POS and unit locator only; no entry-level CEFR inferred; editorial review required.	lexical_candidate	candidate_only	pdf	pdf:page=253;section=word-list;column=2;entry=33;printed-locators=10
English for Everyone Junior: Beginners Course	english-for-everyone-junior-beginners	onion	onion	noun		Alphabetical Word list	253	registry:english-for-everyone-junior-beginners		Candidate-only explicit Word list entry; printed POS and unit locator only; no entry-level CEFR inferred; editorial review required.	lexical_candidate	candidate_only	pdf	pdf:page=253;section=word-list;column=2;entry=34;printed-locators=17
English for Everyone Junior: Beginners Course	english-for-everyone-junior-beginners	open	open	verb		Alphabetical Word list	253	registry:english-for-everyone-junior-beginners		Candidate-only explicit Word list entry; printed POS and unit locator only; no entry-level CEFR inferred; editorial review required.	lexical_candidate	candidate_only	pdf	pdf:page=253;section=word-list;column=2;entry=35;printed-locators=2
English for Everyone Junior: Beginners Course	english-for-everyone-junior-beginners	or	or	conjunction		Alphabetical Word list	253	registry:english-for-everyone-junior-beginners		Candidate-only explicit Word list entry; printed POS and unit locator only; no entry-level CEFR inferred; editorial review required.	lexical_candidate	candidate_only	pdf	pdf:page=253;section=word-list;column=2;entry=36;printed-locators=17,G11
English for Everyone Junior: Beginners Course	english-for-everyone-junior-beginners	orange	orange	adjective		Alphabetical Word list	253	registry:english-for-everyone-junior-beginners		Candidate-only explicit Word list entry; printed POS and unit locator only; no entry-level CEFR inferred; editorial review required.	lexical_candidate	candidate_only	pdf	pdf:page=253;section=word-list;column=2;entry=37;printed-locators=4
English for Everyone Junior: Beginners Course	english-for-everyone-junior-beginners	orange	orange	noun		Alphabetical Word list	253	registry:english-for-everyone-junior-beginners		Candidate-only explicit Word list entry; printed POS and unit locator only; no entry-level CEFR inferred; editorial review required.	lexical_candidate	candidate_only	pdf	pdf:page=253;section=word-list;column=2;entry=38;printed-locators=17,23
English for Everyone Junior: Beginners Course	english-for-everyone-junior-beginners	order	order	noun		Alphabetical Word list	253	registry:english-for-everyone-junior-beginners		Candidate-only explicit Word list entry; printed POS and unit locator only; no entry-level CEFR inferred; editorial review required.	lexical_candidate	candidate_only	pdf	pdf:page=253;section=word-list;column=2;entry=39;printed-locators=G13
English for Everyone Junior: Beginners Course	english-for-everyone-junior-beginners	our	our	adjective		Alphabetical Word list	253	registry:english-for-everyone-junior-beginners		Candidate-only explicit Word list entry; printed POS and unit locator only; no entry-level CEFR inferred; editorial review required.	lexical_candidate	candidate_only	pdf	pdf:page=253;section=word-list;column=2;entry=40;printed-locators=G10
English for Everyone Junior: Beginners Course	english-for-everyone-junior-beginners	ours	ours	pronoun		Alphabetical Word list	253	registry:english-for-everyone-junior-beginners		Candidate-only explicit Word list entry; printed POS and unit locator only; no entry-level CEFR inferred; editorial review required.	lexical_candidate	candidate_only	pdf	pdf:page=253;section=word-list;column=2;entry=41;printed-locators=24
English for Everyone Junior: Beginners Course	english-for-everyone-junior-beginners	page	page	noun		Alphabetical Word list	253	registry:english-for-everyone-junior-beginners		Candidate-only explicit Word list entry; printed POS and unit locator only; no entry-level CEFR inferred; editorial review required.	lexical_candidate	candidate_only	pdf	pdf:page=253;section=word-list;column=2;entry=42;printed-locators=G13
English for Everyone Junior: Beginners Course	english-for-everyone-junior-beginners	paint	paint	verb		Alphabetical Word list	253	registry:english-for-everyone-junior-beginners		Candidate-only explicit Word list entry; printed POS and unit locator only; no entry-level CEFR inferred; editorial review required.	lexical_candidate	candidate_only	pdf	pdf:page=253;section=word-list;column=2;entry=43;printed-locators=3,19
English for Everyone Junior: Beginners Course	english-for-everyone-junior-beginners	pants	pants	noun		Alphabetical Word list	253	registry:english-for-everyone-junior-beginners		Candidate-only explicit Word list entry; printed POS and unit locator only; no entry-level CEFR inferred; editorial review required.	lexical_candidate	candidate_only	pdf	pdf:page=253;section=word-list;column=2;entry=44;printed-locators=21
English for Everyone Junior: Beginners Course	english-for-everyone-junior-beginners	paper	paper	noun		Alphabetical Word list	253	registry:english-for-everyone-junior-beginners		Candidate-only explicit Word list entry; printed POS and unit locator only; no entry-level CEFR inferred; editorial review required.	lexical_candidate	candidate_only	pdf	pdf:page=253;section=word-list;column=2;entry=45;printed-locators=4
English for Everyone Junior: Beginners Course	english-for-everyone-junior-beginners	pardon?	pardon?	question word		Alphabetical Word list	253	registry:english-for-everyone-junior-beginners		Candidate-only explicit Word list entry; printed POS and unit locator only; no entry-level CEFR inferred; editorial review required.	lexical_candidate	candidate_only	pdf	pdf:page=253;section=word-list;column=2;entry=46;printed-locators=G14
English for Everyone Junior: Beginners Course	english-for-everyone-junior-beginners	park	park	noun		Alphabetical Word list	253	registry:english-for-everyone-junior-beginners		Candidate-only explicit Word list entry; printed POS and unit locator only; no entry-level CEFR inferred; editorial review required.	lexical_candidate	candidate_only	pdf	pdf:page=253;section=word-list;column=2;entry=47;printed-locators=12,24
English for Everyone Junior: Beginners Course	english-for-everyone-junior-beginners	parrot	parrot	noun		Alphabetical Word list	253	registry:english-for-everyone-junior-beginners		Candidate-only explicit Word list entry; printed POS and unit locator only; no entry-level CEFR inferred; editorial review required.	lexical_candidate	candidate_only	pdf	pdf:page=253;section=word-list;column=2;entry=48;printed-locators=5
English for Everyone Junior: Beginners Course	english-for-everyone-junior-beginners	party (pl parties)	party (pl parties)	noun		Alphabetical Word list	253	registry:english-for-everyone-junior-beginners		Candidate-only explicit Word list entry; printed POS and unit locator only; no entry-level CEFR inferred; editorial review required.	lexical_candidate	candidate_only	pdf	pdf:page=253;section=word-list;column=2;entry=49;printed-locators=21
English for Everyone Junior: Beginners Course	english-for-everyone-junior-beginners	pasta	pasta	noun		Alphabetical Word list	253	registry:english-for-everyone-junior-beginners		Candidate-only explicit Word list entry; printed POS and unit locator only; no entry-level CEFR inferred; editorial review required.	lexical_candidate	candidate_only	pdf	pdf:page=253;section=word-list;column=2;entry=50;printed-locators=23
English for Everyone Junior: Beginners Course	english-for-everyone-junior-beginners	pea	pea	noun		Alphabetical Word list	253	registry:english-for-everyone-junior-beginners		Candidate-only explicit Word list entry; printed POS and unit locator only; no entry-level CEFR inferred; editorial review required.	lexical_candidate	candidate_only	pdf	pdf:page=253;section=word-list;column=2;entry=51;printed-locators=23
English for Everyone Junior: Beginners Course	english-for-everyone-junior-beginners	pear	pear	noun		Alphabetical Word list	253	registry:english-for-everyone-junior-beginners		Candidate-only explicit Word list entry; printed POS and unit locator only; no entry-level CEFR inferred; editorial review required.	lexical_candidate	candidate_only	pdf	pdf:page=253;section=word-list;column=2;entry=52;printed-locators=17
English for Everyone Junior: Beginners Course	english-for-everyone-junior-beginners	pen	pen	noun		Alphabetical Word list	253	registry:english-for-everyone-junior-beginners		Candidate-only explicit Word list entry; printed POS and unit locator only; no entry-level CEFR inferred; editorial review required.	lexical_candidate	candidate_only	pdf	pdf:page=253;section=word-list;column=2;entry=53;printed-locators=2,4
English for Everyone Junior: Beginners Course	english-for-everyone-junior-beginners	pencil	pencil	noun		Alphabetical Word list	253	registry:english-for-everyone-junior-beginners		Candidate-only explicit Word list entry; printed POS and unit locator only; no entry-level CEFR inferred; editorial review required.	lexical_candidate	candidate_only	pdf	pdf:page=253;section=word-list;column=2;entry=54;printed-locators=2,4
English for Everyone Junior: Beginners Course	english-for-everyone-junior-beginners	penguin	penguin	noun		Alphabetical Word list	253	registry:english-for-everyone-junior-beginners		Candidate-only explicit Word list entry; printed POS and unit locator only; no entry-level CEFR inferred; editorial review required.	lexical_candidate	candidate_only	pdf	pdf:page=253;section=word-list;column=2;entry=55;printed-locators=5
English for Everyone Junior: Beginners Course	english-for-everyone-junior-beginners	people	people	noun		Alphabetical Word list	253	registry:english-for-everyone-junior-beginners		Candidate-only explicit Word list entry; printed POS and unit locator only; no entry-level CEFR inferred; editorial review required.	lexical_candidate	candidate_only	pdf	pdf:page=253;section=word-list;column=2;entry=56;printed-locators=24
English for Everyone Junior: Beginners Course	english-for-everyone-junior-beginners	person (pl people)	person (pl people)	noun		Alphabetical Word list	253	registry:english-for-everyone-junior-beginners		Candidate-only explicit Word list entry; printed POS and unit locator only; no entry-level CEFR inferred; editorial review required.	lexical_candidate	candidate_only	pdf	pdf:page=253;section=word-list;column=2;entry=57;printed-locators=24
English for Everyone Junior: Beginners Course	english-for-everyone-junior-beginners	pet	pet	noun		Alphabetical Word list	253	registry:english-for-everyone-junior-beginners		Candidate-only explicit Word list entry; printed POS and unit locator only; no entry-level CEFR inferred; editorial review required.	lexical_candidate	candidate_only	pdf	pdf:page=253;section=word-list;column=2;entry=58;printed-locators=10
English for Everyone Junior: Beginners Course	english-for-everyone-junior-beginners	photo	photo	noun		Alphabetical Word list	253	registry:english-for-everyone-junior-beginners		Candidate-only explicit Word list entry; printed POS and unit locator only; no entry-level CEFR inferred; editorial review required.	lexical_candidate	candidate_only	pdf	pdf:page=253;section=word-list;column=2;entry=59;printed-locators=19
English for Everyone Junior: Beginners Course	english-for-everyone-junior-beginners	piano	piano	noun		Alphabetical Word list	253	registry:english-for-everyone-junior-beginners		Candidate-only explicit Word list entry; printed POS and unit locator only; no entry-level CEFR inferred; editorial review required.	lexical_candidate	candidate_only	pdf	pdf:page=253;section=word-list;column=2;entry=60;printed-locators=19
English for Everyone Junior: Beginners Course	english-for-everyone-junior-beginners	pick up	pick up	verb		Alphabetical Word list	253	registry:english-for-everyone-junior-beginners		Candidate-only explicit Word list entry; printed POS and unit locator only; no entry-level CEFR inferred; editorial review required.	lexical_candidate	candidate_only	pdf	pdf:page=253;section=word-list;column=2;entry=61;printed-locators=2
English for Everyone Junior: Beginners Course	english-for-everyone-junior-beginners	picture	picture	noun		Alphabetical Word list	253	registry:english-for-everyone-junior-beginners		Candidate-only explicit Word list entry; printed POS and unit locator only; no entry-level CEFR inferred; editorial review required.	lexical_candidate	candidate_only	pdf	pdf:page=253;section=word-list;column=2;entry=62;printed-locators=19,G13
English for Everyone Junior: Beginners Course	english-for-everyone-junior-beginners	pie	pie	noun		Alphabetical Word list	253	registry:english-for-everyone-junior-beginners		Candidate-only explicit Word list entry; printed POS and unit locator only; no entry-level CEFR inferred; editorial review required.	lexical_candidate	candidate_only	pdf	pdf:page=253;section=word-list;column=3;entry=63;printed-locators=23
English for Everyone Junior: Beginners Course	english-for-everyone-junior-beginners	pig	pig	noun		Alphabetical Word list	253	registry:english-for-everyone-junior-beginners		Candidate-only explicit Word list entry; printed POS and unit locator only; no entry-level CEFR inferred; editorial review required.	lexical_candidate	candidate_only	pdf	pdf:page=253;section=word-list;column=3;entry=64;printed-locators=15
English for Everyone Junior: Beginners Course	english-for-everyone-junior-beginners	pineapple	pineapple	noun		Alphabetical Word list	253	registry:english-for-everyone-junior-beginners		Candidate-only explicit Word list entry; printed POS and unit locator only; no entry-level CEFR inferred; editorial review required.	lexical_candidate	candidate_only	pdf	pdf:page=253;section=word-list;column=3;entry=65;printed-locators=17
English for Everyone Junior: Beginners Course	english-for-everyone-junior-beginners	pink	pink	adjective		Alphabetical Word list	253	registry:english-for-everyone-junior-beginners		Candidate-only explicit Word list entry; printed POS and unit locator only; no entry-level CEFR inferred; editorial review required.	lexical_candidate	candidate_only	pdf	pdf:page=253;section=word-list;column=3;entry=66;printed-locators=4
English for Everyone Junior: Beginners Course	english-for-everyone-junior-beginners	plant	plant	noun		Alphabetical Word list	253	registry:english-for-everyone-junior-beginners		Candidate-only explicit Word list entry; printed POS and unit locator only; no entry-level CEFR inferred; editorial review required.	lexical_candidate	candidate_only	pdf	pdf:page=253;section=word-list;column=3;entry=67;printed-locators=13
English for Everyone Junior: Beginners Course	english-for-everyone-junior-beginners	play	play	verb		Alphabetical Word list	253	registry:english-for-everyone-junior-beginners		Candidate-only explicit Word list entry; printed POS and unit locator only; no entry-level CEFR inferred; editorial review required.	lexical_candidate	candidate_only	pdf	pdf:page=253;section=word-list;column=3;entry=68;printed-locators=3,16
English for Everyone Junior: Beginners Course	english-for-everyone-junior-beginners	play a musical instrument	play a musical instrument	verb		Alphabetical Word list	253	registry:english-for-everyone-junior-beginners		Candidate-only explicit Word list entry; printed POS and unit locator only; no entry-level CEFR inferred; editorial review required.	lexical_candidate	candidate_only	pdf	pdf:page=253;section=word-list;column=3;entry=69;printed-locators=19
English for Everyone Junior: Beginners Course	english-for-everyone-junior-beginners	play a sport	play a sport	verb		Alphabetical Word list	253	registry:english-for-everyone-junior-beginners		Candidate-only explicit Word list entry; printed POS and unit locator only; no entry-level CEFR inferred; editorial review required.	lexical_candidate	candidate_only	pdf	pdf:page=253;section=word-list;column=3;entry=70;printed-locators=16
English for Everyone Junior: Beginners Course	english-for-everyone-junior-beginners	playground	playground	noun		Alphabetical Word list	253	registry:english-for-everyone-junior-beginners		Candidate-only explicit Word list entry; printed POS and unit locator only; no entry-level CEFR inferred; editorial review required.	lexical_candidate	candidate_only	pdf	pdf:page=253;section=word-list;column=3;entry=71;printed-locators=2
English for Everyone Junior: Beginners Course	english-for-everyone-junior-beginners	please	please	adverb		Alphabetical Word list	253	registry:english-for-everyone-junior-beginners		Candidate-only explicit Word list entry; printed POS and unit locator only; no entry-level CEFR inferred; editorial review required.	lexical_candidate	candidate_only	pdf	pdf:page=253;section=word-list;column=3;entry=72;printed-locators=17,23,G14
English for Everyone Junior: Beginners Course	english-for-everyone-junior-beginners	point	point	verb		Alphabetical Word list	253	registry:english-for-everyone-junior-beginners		Candidate-only explicit Word list entry; printed POS and unit locator only; no entry-level CEFR inferred; editorial review required.	lexical_candidate	candidate_only	pdf	pdf:page=253;section=word-list;column=3;entry=73;printed-locators=11,G13
English for Everyone Junior: Beginners Course	english-for-everyone-junior-beginners	polar bear	polar bear	noun		Alphabetical Word list	253	registry:english-for-everyone-junior-beginners		Candidate-only explicit Word list entry; printed POS and unit locator only; no entry-level CEFR inferred; editorial review required.	lexical_candidate	candidate_only	pdf	pdf:page=253;section=word-list;column=3;entry=74;printed-locators=5
English for Everyone Junior: Beginners Course	english-for-everyone-junior-beginners	police officer	police officer	noun		Alphabetical Word list	253	registry:english-for-everyone-junior-beginners		Candidate-only explicit Word list entry; printed POS and unit locator only; no entry-level CEFR inferred; editorial review required.	lexical_candidate	candidate_only	pdf	pdf:page=253;section=word-list;column=3;entry=75;printed-locators=6
English for Everyone Junior: Beginners Course	english-for-everyone-junior-beginners	pond	pond	noun		Alphabetical Word list	253	registry:english-for-everyone-junior-beginners		Candidate-only explicit Word list entry; printed POS and unit locator only; no entry-level CEFR inferred; editorial review required.	lexical_candidate	candidate_only	pdf	pdf:page=253;section=word-list;column=3;entry=76;printed-locators=15
English for Everyone Junior: Beginners Course	english-for-everyone-junior-beginners	poster	poster	noun		Alphabetical Word list	253	registry:english-for-everyone-junior-beginners		Candidate-only explicit Word list entry; printed POS and unit locator only; no entry-level CEFR inferred; editorial review required.	lexical_candidate	candidate_only	pdf	pdf:page=253;section=word-list;column=3;entry=77;printed-locators=7
English for Everyone Junior: Beginners Course	english-for-everyone-junior-beginners	potato (pl potatoes)	potato (pl potatoes)	noun		Alphabetical Word list	253	registry:english-for-everyone-junior-beginners		Candidate-only explicit Word list entry; printed POS and unit locator only; no entry-level CEFR inferred; editorial review required.	lexical_candidate	candidate_only	pdf	pdf:page=253;section=word-list;column=3;entry=78;printed-locators=17,23
English for Everyone Junior: Beginners Course	english-for-everyone-junior-beginners	puppet	puppet	noun		Alphabetical Word list	253	registry:english-for-everyone-junior-beginners		Candidate-only explicit Word list entry; printed POS and unit locator only; no entry-level CEFR inferred; editorial review required.	lexical_candidate	candidate_only	pdf	pdf:page=253;section=word-list;column=3;entry=79;printed-locators=18
English for Everyone Junior: Beginners Course	english-for-everyone-junior-beginners	purple	purple	adjective		Alphabetical Word list	253	registry:english-for-everyone-junior-beginners		Candidate-only explicit Word list entry; printed POS and unit locator only; no entry-level CEFR inferred; editorial review required.	lexical_candidate	candidate_only	pdf	pdf:page=253;section=word-list;column=3;entry=80;printed-locators=4
English for Everyone Junior: Beginners Course	english-for-everyone-junior-beginners	purse	purse	noun		Alphabetical Word list	253	registry:english-for-everyone-junior-beginners		Candidate-only explicit Word list entry; printed POS and unit locator only; no entry-level CEFR inferred; editorial review required.	lexical_candidate	candidate_only	pdf	pdf:page=253;section=word-list;column=3;entry=81;printed-locators=21
English for Everyone Junior: Beginners Course	english-for-everyone-junior-beginners	put	put	verb		Alphabetical Word list	253	registry:english-for-everyone-junior-beginners		Candidate-only explicit Word list entry; printed POS and unit locator only; no entry-level CEFR inferred; editorial review required.	lexical_candidate	candidate_only	pdf	pdf:page=253;section=word-list;column=3;entry=82;printed-locators=G12
English for Everyone Junior: Beginners Course	english-for-everyone-junior-beginners	question	question	noun		Alphabetical Word list	253	registry:english-for-everyone-junior-beginners		Candidate-only explicit Word list entry; printed POS and unit locator only; no entry-level CEFR inferred; editorial review required.	lexical_candidate	candidate_only	pdf	pdf:page=253;section=word-list;column=3;entry=83;printed-locators=G13
English for Everyone Junior: Beginners Course	english-for-everyone-junior-beginners	rabbit	rabbit	noun		Alphabetical Word list	253	registry:english-for-everyone-junior-beginners		Candidate-only explicit Word list entry; printed POS and unit locator only; no entry-level CEFR inferred; editorial review required.	lexical_candidate	candidate_only	pdf	pdf:page=253;section=word-list;column=3;entry=84;printed-locators=10
English for Everyone Junior: Beginners Course	english-for-everyone-junior-beginners	read	read	verb		Alphabetical Word list	253	registry:english-for-everyone-junior-beginners		Candidate-only explicit Word list entry; printed POS and unit locator only; no entry-level CEFR inferred; editorial review required.	lexical_candidate	candidate_only	pdf	pdf:page=253;section=word-list;column=3;entry=85;printed-locators=3,19,G13
English for Everyone Junior: Beginners Course	english-for-everyone-junior-beginners	really	really	adverb		Alphabetical Word list	253	registry:english-for-everyone-junior-beginners		Candidate-only explicit Word list entry; printed POS and unit locator only; no entry-level CEFR inferred; editorial review required.	lexical_candidate	candidate_only	pdf	pdf:page=253;section=word-list;column=3;entry=86;printed-locators=9
English for Everyone Junior: Beginners Course	english-for-everyone-junior-beginners	red	red	adjective		Alphabetical Word list	253	registry:english-for-everyone-junior-beginners		Candidate-only explicit Word list entry; printed POS and unit locator only; no entry-level CEFR inferred; editorial review required.	lexical_candidate	candidate_only	pdf	pdf:page=253;section=word-list;column=3;entry=87;printed-locators=4
English for Everyone Junior: Beginners Course	english-for-everyone-junior-beginners	refrigerator	refrigerator	noun		Alphabetical Word list	253	registry:english-for-everyone-junior-beginners		Candidate-only explicit Word list entry; printed POS and unit locator only; no entry-level CEFR inferred; editorial review required.	lexical_candidate	candidate_only	pdf	pdf:page=253;section=word-list;column=3;entry=88;printed-locators=13
English for Everyone Junior: Beginners Course	english-for-everyone-junior-beginners	repeat	repeat	verb		Alphabetical Word list	253	registry:english-for-everyone-junior-beginners		Candidate-only explicit Word list entry; printed POS and unit locator only; no entry-level CEFR inferred; editorial review required.	lexical_candidate	candidate_only	pdf	pdf:page=253;section=word-list;column=3;entry=89;printed-locators=G13
English for Everyone Junior: Beginners Course	english-for-everyone-junior-beginners	rice	rice	noun		Alphabetical Word list	253	registry:english-for-everyone-junior-beginners		Candidate-only explicit Word list entry; printed POS and unit locator only; no entry-level CEFR inferred; editorial review required.	lexical_candidate	candidate_only	pdf	pdf:page=253;section=word-list;column=3;entry=90;printed-locators=23
English for Everyone Junior: Beginners Course	english-for-everyone-junior-beginners	ride a bike	ride a bike	verb		Alphabetical Word list	253	registry:english-for-everyone-junior-beginners		Candidate-only explicit Word list entry; printed POS and unit locator only; no entry-level CEFR inferred; editorial review required.	lexical_candidate	candidate_only	pdf	pdf:page=253;section=word-list;column=3;entry=91;printed-locators=19
English for Everyone Junior: Beginners Course	english-for-everyone-junior-beginners	robot	robot	noun		Alphabetical Word list	254	registry:english-for-everyone-junior-beginners		Candidate-only explicit Word list entry; printed POS and unit locator only; no entry-level CEFR inferred; editorial review required.	lexical_candidate	candidate_only	pdf	pdf:page=254;section=word-list;column=1;entry=1;printed-locators=11,18
English for Everyone Junior: Beginners Course	english-for-everyone-junior-beginners	rocket	rocket	noun		Alphabetical Word list	254	registry:english-for-everyone-junior-beginners		Candidate-only explicit Word list entry; printed POS and unit locator only; no entry-level CEFR inferred; editorial review required.	lexical_candidate	candidate_only	pdf	pdf:page=254;section=word-list;column=1;entry=2;printed-locators=18
English for Everyone Junior: Beginners Course	english-for-everyone-junior-beginners	room	room	noun		Alphabetical Word list	254	registry:english-for-everyone-junior-beginners		Candidate-only explicit Word list entry; printed POS and unit locator only; no entry-level CEFR inferred; editorial review required.	lexical_candidate	candidate_only	pdf	pdf:page=254;section=word-list;column=1;entry=3;printed-locators=7,13
English for Everyone Junior: Beginners Course	english-for-everyone-junior-beginners	rug	rug	noun		Alphabetical Word list	254	registry:english-for-everyone-junior-beginners		Candidate-only explicit Word list entry; printed POS and unit locator only; no entry-level CEFR inferred; editorial review required.	lexical_candidate	candidate_only	pdf	pdf:page=254;section=word-list;column=1;entry=4;printed-locators=7
English for Everyone Junior: Beginners Course	english-for-everyone-junior-beginners	ruler	ruler	noun		Alphabetical Word list	254	registry:english-for-everyone-junior-beginners		Candidate-only explicit Word list entry; printed POS and unit locator only; no entry-level CEFR inferred; editorial review required.	lexical_candidate	candidate_only	pdf	pdf:page=254;section=word-list;column=1;entry=5;printed-locators=4
English for Everyone Junior: Beginners Course	english-for-everyone-junior-beginners	run	run	verb		Alphabetical Word list	254	registry:english-for-everyone-junior-beginners		Candidate-only explicit Word list entry; printed POS and unit locator only; no entry-level CEFR inferred; editorial review required.	lexical_candidate	candidate_only	pdf	pdf:page=254;section=word-list;column=1;entry=6;printed-locators=16,22
English for Everyone Junior: Beginners Course	english-for-everyone-junior-beginners	sad	sad	adjective		Alphabetical Word list	254	registry:english-for-everyone-junior-beginners		Candidate-only explicit Word list entry; printed POS and unit locator only; no entry-level CEFR inferred; editorial review required.	lexical_candidate	candidate_only	pdf	pdf:page=254;section=word-list;column=1;entry=7;printed-locators=9
English for Everyone Junior: Beginners Course	english-for-everyone-junior-beginners	salad	salad	noun		Alphabetical Word list	254	registry:english-for-everyone-junior-beginners		Candidate-only explicit Word list entry; printed POS and unit locator only; no entry-level CEFR inferred; editorial review required.	lexical_candidate	candidate_only	pdf	pdf:page=254;section=word-list;column=1;entry=8;printed-locators=23
English for Everyone Junior: Beginners Course	english-for-everyone-junior-beginners	sand	sand	noun		Alphabetical Word list	254	registry:english-for-everyone-junior-beginners		Candidate-only explicit Word list entry; printed POS and unit locator only; no entry-level CEFR inferred; editorial review required.	lexical_candidate	candidate_only	pdf	pdf:page=254;section=word-list;column=1;entry=9;printed-locators=22
English for Everyone Junior: Beginners Course	english-for-everyone-junior-beginners	Saturday	Saturday	noun		Alphabetical Word list	254	registry:english-for-everyone-junior-beginners		Candidate-only explicit Word list entry; printed POS and unit locator only; no entry-level CEFR inferred; editorial review required.	lexical_candidate	candidate_only	pdf	pdf:page=254;section=word-list;column=1;entry=10;printed-locators=25
English for Everyone Junior: Beginners Course	english-for-everyone-junior-beginners	sausage	sausage	noun		Alphabetical Word list	254	registry:english-for-everyone-junior-beginners		Candidate-only explicit Word list entry; printed POS and unit locator only; no entry-level CEFR inferred; editorial review required.	lexical_candidate	candidate_only	pdf	pdf:page=254;section=word-list;column=1;entry=11;printed-locators=23
English for Everyone Junior: Beginners Course	english-for-everyone-junior-beginners	scared	scared	adjective		Alphabetical Word list	254	registry:english-for-everyone-junior-beginners		Candidate-only explicit Word list entry; printed POS and unit locator only; no entry-level CEFR inferred; editorial review required.	lexical_candidate	candidate_only	pdf	pdf:page=254;section=word-list;column=1;entry=12;printed-locators=9
English for Everyone Junior: Beginners Course	english-for-everyone-junior-beginners	scary	scary	adjective		Alphabetical Word list	254	registry:english-for-everyone-junior-beginners		Candidate-only explicit Word list entry; printed POS and unit locator only; no entry-level CEFR inferred; editorial review required.	lexical_candidate	candidate_only	pdf	pdf:page=254;section=word-list;column=1;entry=13;printed-locators=10
English for Everyone Junior: Beginners Course	english-for-everyone-junior-beginners	school	school	noun		Alphabetical Word list	254	registry:english-for-everyone-junior-beginners		Candidate-only explicit Word list entry; printed POS and unit locator only; no entry-level CEFR inferred; editorial review required.	lexical_candidate	candidate_only	pdf	pdf:page=254;section=word-list;column=1;entry=14;printed-locators=2,12,25
English for Everyone Junior: Beginners Course	english-for-everyone-junior-beginners	seagull	seagull	noun		Alphabetical Word list	254	registry:english-for-everyone-junior-beginners		Candidate-only explicit Word list entry; printed POS and unit locator only; no entry-level CEFR inferred; editorial review required.	lexical_candidate	candidate_only	pdf	pdf:page=254;section=word-list;column=1;entry=15;printed-locators=22
English for Everyone Junior: Beginners Course	english-for-everyone-junior-beginners	see	see	verb		Alphabetical Word list	254	registry:english-for-everyone-junior-beginners		Candidate-only explicit Word list entry; printed POS and unit locator only; no entry-level CEFR inferred; editorial review required.	lexical_candidate	candidate_only	pdf	pdf:page=254;section=word-list;column=1;entry=16;printed-locators=G12
English for Everyone Junior: Beginners Course	english-for-everyone-junior-beginners	see you!	see you!	expression		Alphabetical Word list	254	registry:english-for-everyone-junior-beginners		Candidate-only explicit Word list entry; printed POS and unit locator only; no entry-level CEFR inferred; editorial review required.	lexical_candidate	candidate_only	pdf	pdf:page=254;section=word-list;column=1;entry=17;printed-locators=G14
English for Everyone Junior: Beginners Course	english-for-everyone-junior-beginners	seven	seven	number		Alphabetical Word list	254	registry:english-for-everyone-junior-beginners		Candidate-only explicit Word list entry; printed POS and unit locator only; no entry-level CEFR inferred; editorial review required.	lexical_candidate	candidate_only	pdf	pdf:page=254;section=word-list;column=1;entry=18;printed-locators=1
English for Everyone Junior: Beginners Course	english-for-everyone-junior-beginners	seventeen	seventeen	number		Alphabetical Word list	254	registry:english-for-everyone-junior-beginners		Candidate-only explicit Word list entry; printed POS and unit locator only; no entry-level CEFR inferred; editorial review required.	lexical_candidate	candidate_only	pdf	pdf:page=254;section=word-list;column=1;entry=19;printed-locators=3
English for Everyone Junior: Beginners Course	english-for-everyone-junior-beginners	she	she	pronoun		Alphabetical Word list	254	registry:english-for-everyone-junior-beginners		Candidate-only explicit Word list entry; printed POS and unit locator only; no entry-level CEFR inferred; editorial review required.	lexical_candidate	candidate_only	pdf	pdf:page=254;section=word-list;column=1;entry=20;printed-locators=6
English for Everyone Junior: Beginners Course	english-for-everyone-junior-beginners	sheep (pl sheep)	sheep (pl sheep)	noun		Alphabetical Word list	254	registry:english-for-everyone-junior-beginners		Candidate-only explicit Word list entry; printed POS and unit locator only; no entry-level CEFR inferred; editorial review required.	lexical_candidate	candidate_only	pdf	pdf:page=254;section=word-list;column=1;entry=21;printed-locators=15
English for Everyone Junior: Beginners Course	english-for-everyone-junior-beginners	shell	shell	noun		Alphabetical Word list	254	registry:english-for-everyone-junior-beginners		Candidate-only explicit Word list entry; printed POS and unit locator only; no entry-level CEFR inferred; editorial review required.	lexical_candidate	candidate_only	pdf	pdf:page=254;section=word-list;column=1;entry=22;printed-locators=22
English for Everyone Junior: Beginners Course	english-for-everyone-junior-beginners	ship	ship	noun		Alphabetical Word list	254	registry:english-for-everyone-junior-beginners		Candidate-only explicit Word list entry; printed POS and unit locator only; no entry-level CEFR inferred; editorial review required.	lexical_candidate	candidate_only	pdf	pdf:page=254;section=word-list;column=1;entry=23;printed-locators=22
English for Everyone Junior: Beginners Course	english-for-everyone-junior-beginners	shirt	shirt	noun		Alphabetical Word list	254	registry:english-for-everyone-junior-beginners		Candidate-only explicit Word list entry; printed POS and unit locator only; no entry-level CEFR inferred; editorial review required.	lexical_candidate	candidate_only	pdf	pdf:page=254;section=word-list;column=1;entry=24;printed-locators=21
English for Everyone Junior: Beginners Course	english-for-everyone-junior-beginners	shoe	shoe	noun		Alphabetical Word list	254	registry:english-for-everyone-junior-beginners		Candidate-only explicit Word list entry; printed POS and unit locator only; no entry-level CEFR inferred; editorial review required.	lexical_candidate	candidate_only	pdf	pdf:page=254;section=word-list;column=1;entry=25;printed-locators=21
English for Everyone Junior: Beginners Course	english-for-everyone-junior-beginners	short hair	short hair	noun		Alphabetical Word list	254	registry:english-for-everyone-junior-beginners		Candidate-only explicit Word list entry; printed POS and unit locator only; no entry-level CEFR inferred; editorial review required.	lexical_candidate	candidate_only	pdf	pdf:page=254;section=word-list;column=1;entry=26;printed-locators=11
English for Everyone Junior: Beginners Course	english-for-everyone-junior-beginners	shorts	shorts	noun		Alphabetical Word list	254	registry:english-for-everyone-junior-beginners		Candidate-only explicit Word list entry; printed POS and unit locator only; no entry-level CEFR inferred; editorial review required.	lexical_candidate	candidate_only	pdf	pdf:page=254;section=word-list;column=1;entry=27;printed-locators=21
English for Everyone Junior: Beginners Course	english-for-everyone-junior-beginners	shovel	shovel	noun		Alphabetical Word list	254	registry:english-for-everyone-junior-beginners		Candidate-only explicit Word list entry; printed POS and unit locator only; no entry-level CEFR inferred; editorial review required.	lexical_candidate	candidate_only	pdf	pdf:page=254;section=word-list;column=1;entry=28;printed-locators=22
English for Everyone Junior: Beginners Course	english-for-everyone-junior-beginners	show	show	verb		Alphabetical Word list	254	registry:english-for-everyone-junior-beginners		Candidate-only explicit Word list entry; printed POS and unit locator only; no entry-level CEFR inferred; editorial review required.	lexical_candidate	candidate_only	pdf	pdf:page=254;section=word-list;column=1;entry=29;printed-locators=2
English for Everyone Junior: Beginners Course	english-for-everyone-junior-beginners	sing	sing	verb		Alphabetical Word list	254	registry:english-for-everyone-junior-beginners		Candidate-only explicit Word list entry; printed POS and unit locator only; no entry-level CEFR inferred; editorial review required.	lexical_candidate	candidate_only	pdf	pdf:page=254;section=word-list;column=1;entry=30;printed-locators=19
English for Everyone Junior: Beginners Course	english-for-everyone-junior-beginners	sister	sister	noun		Alphabetical Word list	254	registry:english-for-everyone-junior-beginners		Candidate-only explicit Word list entry; printed POS and unit locator only; no entry-level CEFR inferred; editorial review required.	lexical_candidate	candidate_only	pdf	pdf:page=254;section=word-list;column=1;entry=31;printed-locators=6
English for Everyone Junior: Beginners Course	english-for-everyone-junior-beginners	sit down	sit down	verb		Alphabetical Word list	254	registry:english-for-everyone-junior-beginners		Candidate-only explicit Word list entry; printed POS and unit locator only; no entry-level CEFR inferred; editorial review required.	lexical_candidate	candidate_only	pdf	pdf:page=254;section=word-list;column=1;entry=32;printed-locators=2
English for Everyone Junior: Beginners Course	english-for-everyone-junior-beginners	six	six	number		Alphabetical Word list	254	registry:english-for-everyone-junior-beginners		Candidate-only explicit Word list entry; printed POS and unit locator only; no entry-level CEFR inferred; editorial review required.	lexical_candidate	candidate_only	pdf	pdf:page=254;section=word-list;column=1;entry=33;printed-locators=1
English for Everyone Junior: Beginners Course	english-for-everyone-junior-beginners	sixteen	sixteen	number		Alphabetical Word list	254	registry:english-for-everyone-junior-beginners		Candidate-only explicit Word list entry; printed POS and unit locator only; no entry-level CEFR inferred; editorial review required.	lexical_candidate	candidate_only	pdf	pdf:page=254;section=word-list;column=2;entry=34;printed-locators=3
English for Everyone Junior: Beginners Course	english-for-everyone-junior-beginners	skateboard	skateboard	noun		Alphabetical Word list	254	registry:english-for-everyone-junior-beginners		Candidate-only explicit Word list entry; printed POS and unit locator only; no entry-level CEFR inferred; editorial review required.	lexical_candidate	candidate_only	pdf	pdf:page=254;section=word-list;column=2;entry=35;printed-locators=7
English for Everyone Junior: Beginners Course	english-for-everyone-junior-beginners	skateboard	skateboard	verb		Alphabetical Word list	254	registry:english-for-everyone-junior-beginners		Candidate-only explicit Word list entry; printed POS and unit locator only; no entry-level CEFR inferred; editorial review required.	lexical_candidate	candidate_only	pdf	pdf:page=254;section=word-list;column=2;entry=36;printed-locators=19
English for Everyone Junior: Beginners Course	english-for-everyone-junior-beginners	skirt	skirt	noun		Alphabetical Word list	254	registry:english-for-everyone-junior-beginners		Candidate-only explicit Word list entry; printed POS and unit locator only; no entry-level CEFR inferred; editorial review required.	lexical_candidate	candidate_only	pdf	pdf:page=254;section=word-list;column=2;entry=37;printed-locators=21
English for Everyone Junior: Beginners Course	english-for-everyone-junior-beginners	sleep, go to	go to sleep	verb		Alphabetical Word list	254	registry:english-for-everyone-junior-beginners		Candidate-only explicit Word list entry; printed POS and unit locator only; no entry-level CEFR inferred; editorial review required.	lexical_candidate	candidate_only	pdf	pdf:page=254;section=word-list;column=2;entry=38;printed-locators=25
English for Everyone Junior: Beginners Course	english-for-everyone-junior-beginners	small	small	adjective		Alphabetical Word list	254	registry:english-for-everyone-junior-beginners		Candidate-only explicit Word list entry; printed POS and unit locator only; no entry-level CEFR inferred; editorial review required.	lexical_candidate	candidate_only	pdf	pdf:page=254;section=word-list;column=2;entry=39;printed-locators=10
English for Everyone Junior: Beginners Course	english-for-everyone-junior-beginners	snake	snake	noun		Alphabetical Word list	254	registry:english-for-everyone-junior-beginners		Candidate-only explicit Word list entry; printed POS and unit locator only; no entry-level CEFR inferred; editorial review required.	lexical_candidate	candidate_only	pdf	pdf:page=254;section=word-list;column=2;entry=40;printed-locators=5
English for Everyone Junior: Beginners Course	english-for-everyone-junior-beginners	soccer	soccer	noun		Alphabetical Word list	254	registry:english-for-everyone-junior-beginners		Candidate-only explicit Word list entry; printed POS and unit locator only; no entry-level CEFR inferred; editorial review required.	lexical_candidate	candidate_only	pdf	pdf:page=254;section=word-list;column=2;entry=41;printed-locators=16,19,22
English for Everyone Junior: Beginners Course	english-for-everyone-junior-beginners	sock	sock	noun		Alphabetical Word list	254	registry:english-for-everyone-junior-beginners		Candidate-only explicit Word list entry; printed POS and unit locator only; no entry-level CEFR inferred; editorial review required.	lexical_candidate	candidate_only	pdf	pdf:page=254;section=word-list;column=2;entry=42;printed-locators=21
English for Everyone Junior: Beginners Course	english-for-everyone-junior-beginners	song	song	noun		Alphabetical Word list	254	registry:english-for-everyone-junior-beginners		Candidate-only explicit Word list entry; printed POS and unit locator only; no entry-level CEFR inferred; editorial review required.	lexical_candidate	candidate_only	pdf	pdf:page=254;section=word-list;column=2;entry=43;printed-locators=G13
English for Everyone Junior: Beginners Course	english-for-everyone-junior-beginners	sorry, I’m	I’m sorry	expression		Alphabetical Word list	254	registry:english-for-everyone-junior-beginners		Candidate-only explicit Word list entry; printed POS and unit locator only; no entry-level CEFR inferred; editorial review required.	lexical_candidate	candidate_only	pdf	pdf:page=254;section=word-list;column=2;entry=44;printed-locators=G14
English for Everyone Junior: Beginners Course	english-for-everyone-junior-beginners	space	space	noun		Alphabetical Word list	254	registry:english-for-everyone-junior-beginners		Candidate-only explicit Word list entry; printed POS and unit locator only; no entry-level CEFR inferred; editorial review required.	lexical_candidate	candidate_only	pdf	pdf:page=254;section=word-list;column=2;entry=45;printed-locators=G13
English for Everyone Junior: Beginners Course	english-for-everyone-junior-beginners	spell	spell	verb		Alphabetical Word list	254	registry:english-for-everyone-junior-beginners		Candidate-only explicit Word list entry; printed POS and unit locator only; no entry-level CEFR inferred; editorial review required.	lexical_candidate	candidate_only	pdf	pdf:page=254;section=word-list;column=2;entry=46;printed-locators=3
English for Everyone Junior: Beginners Course	english-for-everyone-junior-beginners	spider	spider	noun		Alphabetical Word list	254	registry:english-for-everyone-junior-beginners		Candidate-only explicit Word list entry; printed POS and unit locator only; no entry-level CEFR inferred; editorial review required.	lexical_candidate	candidate_only	pdf	pdf:page=254;section=word-list;column=2;entry=47;printed-locators=10
English for Everyone Junior: Beginners Course	english-for-everyone-junior-beginners	sport	sport	noun		Alphabetical Word list	254	registry:english-for-everyone-junior-beginners		Candidate-only explicit Word list entry; printed POS and unit locator only; no entry-level CEFR inferred; editorial review required.	lexical_candidate	candidate_only	pdf	pdf:page=254;section=word-list;column=2;entry=48;printed-locators=16
English for Everyone Junior: Beginners Course	english-for-everyone-junior-beginners	stand up	stand up	verb		Alphabetical Word list	254	registry:english-for-everyone-junior-beginners		Candidate-only explicit Word list entry; printed POS and unit locator only; no entry-level CEFR inferred; editorial review required.	lexical_candidate	candidate_only	pdf	pdf:page=254;section=word-list;column=2;entry=49;printed-locators=2
English for Everyone Junior: Beginners Course	english-for-everyone-junior-beginners	star	star	noun		Alphabetical Word list	254	registry:english-for-everyone-junior-beginners		Candidate-only explicit Word list entry; printed POS and unit locator only; no entry-level CEFR inferred; editorial review required.	lexical_candidate	candidate_only	pdf	pdf:page=254;section=word-list;column=2;entry=50;printed-locators=18
English for Everyone Junior: Beginners Course	english-for-everyone-junior-beginners	stop	stop	verb		Alphabetical Word list	254	registry:english-for-everyone-junior-beginners		Candidate-only explicit Word list entry; printed POS and unit locator only; no entry-level CEFR inferred; editorial review required.	lexical_candidate	candidate_only	pdf	pdf:page=254;section=word-list;column=2;entry=51;printed-locators=G12
English for Everyone Junior: Beginners Course	english-for-everyone-junior-beginners	street	street	noun		Alphabetical Word list	254	registry:english-for-everyone-junior-beginners		Candidate-only explicit Word list entry; printed POS and unit locator only; no entry-level CEFR inferred; editorial review required.	lexical_candidate	candidate_only	pdf	pdf:page=254;section=word-list;column=2;entry=52;printed-locators=12
English for Everyone Junior: Beginners Course	english-for-everyone-junior-beginners	store	store	noun		Alphabetical Word list	254	registry:english-for-everyone-junior-beginners		Candidate-only explicit Word list entry; printed POS and unit locator only; no entry-level CEFR inferred; editorial review required.	lexical_candidate	candidate_only	pdf	pdf:page=254;section=word-list;column=2;entry=53;printed-locators=12
English for Everyone Junior: Beginners Course	english-for-everyone-junior-beginners	study	study	verb		Alphabetical Word list	254	registry:english-for-everyone-junior-beginners		Candidate-only explicit Word list entry; printed POS and unit locator only; no entry-level CEFR inferred; editorial review required.	lexical_candidate	candidate_only	pdf	pdf:page=254;section=word-list;column=2;entry=54;printed-locators=25
English for Everyone Junior: Beginners Course	english-for-everyone-junior-beginners	study English	study English	verb		Alphabetical Word list	254	registry:english-for-everyone-junior-beginners		Candidate-only explicit Word list entry; printed POS and unit locator only; no entry-level CEFR inferred; editorial review required.	lexical_candidate	candidate_only	pdf	pdf:page=254;section=word-list;column=2;entry=55;printed-locators=25
English for Everyone Junior: Beginners Course	english-for-everyone-junior-beginners	sun, the	the sun	noun		Alphabetical Word list	254	registry:english-for-everyone-junior-beginners		Candidate-only explicit Word list entry; printed POS and unit locator only; no entry-level CEFR inferred; editorial review required.	lexical_candidate	candidate_only	pdf	pdf:page=254;section=word-list;column=2;entry=56;printed-locators=15
English for Everyone Junior: Beginners Course	english-for-everyone-junior-beginners	Sunday	Sunday	noun		Alphabetical Word list	254	registry:english-for-everyone-junior-beginners		Candidate-only explicit Word list entry; printed POS and unit locator only; no entry-level CEFR inferred; editorial review required.	lexical_candidate	candidate_only	pdf	pdf:page=254;section=word-list;column=2;entry=57;printed-locators=25
English for Everyone Junior: Beginners Course	english-for-everyone-junior-beginners	surf	surf	verb		Alphabetical Word list	254	registry:english-for-everyone-junior-beginners		Candidate-only explicit Word list entry; printed POS and unit locator only; no entry-level CEFR inferred; editorial review required.	lexical_candidate	candidate_only	pdf	pdf:page=254;section=word-list;column=2;entry=58;printed-locators=22
English for Everyone Junior: Beginners Course	english-for-everyone-junior-beginners	swim	swim	verb		Alphabetical Word list	254	registry:english-for-everyone-junior-beginners		Candidate-only explicit Word list entry; printed POS and unit locator only; no entry-level CEFR inferred; editorial review required.	lexical_candidate	candidate_only	pdf	pdf:page=254;section=word-list;column=2;entry=59;printed-locators=16,22
English for Everyone Junior: Beginners Course	english-for-everyone-junior-beginners	swimming	swimming	noun		Alphabetical Word list	254	registry:english-for-everyone-junior-beginners		Candidate-only explicit Word list entry; printed POS and unit locator only; no entry-level CEFR inferred; editorial review required.	lexical_candidate	candidate_only	pdf	pdf:page=254;section=word-list;column=2;entry=60;printed-locators=16
English for Everyone Junior: Beginners Course	english-for-everyone-junior-beginners	table	table	noun		Alphabetical Word list	254	registry:english-for-everyone-junior-beginners		Candidate-only explicit Word list entry; printed POS and unit locator only; no entry-level CEFR inferred; editorial review required.	lexical_candidate	candidate_only	pdf	pdf:page=254;section=word-list;column=2;entry=61;printed-locators=13
English for Everyone Junior: Beginners Course	english-for-everyone-junior-beginners	table tennis	table tennis	noun		Alphabetical Word list	254	registry:english-for-everyone-junior-beginners		Candidate-only explicit Word list entry; printed POS and unit locator only; no entry-level CEFR inferred; editorial review required.	lexical_candidate	candidate_only	pdf	pdf:page=254;section=word-list;column=2;entry=62;printed-locators=16
English for Everyone Junior: Beginners Course	english-for-everyone-junior-beginners	tablet	tablet	noun		Alphabetical Word list	254	registry:english-for-everyone-junior-beginners		Candidate-only explicit Word list entry; printed POS and unit locator only; no entry-level CEFR inferred; editorial review required.	lexical_candidate	candidate_only	pdf	pdf:page=254;section=word-list;column=2;entry=63;printed-locators=2
English for Everyone Junior: Beginners Course	english-for-everyone-junior-beginners	tail	tail	noun		Alphabetical Word list	254	registry:english-for-everyone-junior-beginners		Candidate-only explicit Word list entry; printed POS and unit locator only; no entry-level CEFR inferred; editorial review required.	lexical_candidate	candidate_only	pdf	pdf:page=254;section=word-list;column=2;entry=64;printed-locators=15
English for Everyone Junior: Beginners Course	english-for-everyone-junior-beginners	take photos	take photos	verb		Alphabetical Word list	254	registry:english-for-everyone-junior-beginners		Candidate-only explicit Word list entry; printed POS and unit locator only; no entry-level CEFR inferred; editorial review required.	lexical_candidate	candidate_only	pdf	pdf:page=254;section=word-list;column=2;entry=65;printed-locators=19
English for Everyone Junior: Beginners Course	english-for-everyone-junior-beginners	talk	talk	verb		Alphabetical Word list	254	registry:english-for-everyone-junior-beginners		Candidate-only explicit Word list entry; printed POS and unit locator only; no entry-level CEFR inferred; editorial review required.	lexical_candidate	candidate_only	pdf	pdf:page=254;section=word-list;column=2;entry=66;printed-locators=G12
English for Everyone Junior: Beginners Course	english-for-everyone-junior-beginners	teacher	teacher	noun		Alphabetical Word list	254	registry:english-for-everyone-junior-beginners		Candidate-only explicit Word list entry; printed POS and unit locator only; no entry-level CEFR inferred; editorial review required.	lexical_candidate	candidate_only	pdf	pdf:page=254;section=word-list;column=3;entry=67;printed-locators=2,6
English for Everyone Junior: Beginners Course	english-for-everyone-junior-beginners	teddy bear	teddy bear	noun		Alphabetical Word list	254	registry:english-for-everyone-junior-beginners		Candidate-only explicit Word list entry; printed POS and unit locator only; no entry-level CEFR inferred; editorial review required.	lexical_candidate	candidate_only	pdf	pdf:page=254;section=word-list;column=3;entry=68;printed-locators=7,18
English for Everyone Junior: Beginners Course	english-for-everyone-junior-beginners	teeth	teeth	noun		Alphabetical Word list	254	registry:english-for-everyone-junior-beginners		Candidate-only explicit Word list entry; printed POS and unit locator only; no entry-level CEFR inferred; editorial review required.	lexical_candidate	candidate_only	pdf	pdf:page=254;section=word-list;column=3;entry=69;printed-locators=11,25
English for Everyone Junior: Beginners Course	english-for-everyone-junior-beginners	television/TV	television/TV	noun		Alphabetical Word list	254	registry:english-for-everyone-junior-beginners		Candidate-only explicit Word list entry; printed POS and unit locator only; no entry-level CEFR inferred; editorial review required.	lexical_candidate	candidate_only	pdf	pdf:page=254;section=word-list;column=3;entry=70;printed-locators=13
English for Everyone Junior: Beginners Course	english-for-everyone-junior-beginners	tell	tell	verb		Alphabetical Word list	254	registry:english-for-everyone-junior-beginners		Candidate-only explicit Word list entry; printed POS and unit locator only; no entry-level CEFR inferred; editorial review required.	lexical_candidate	candidate_only	pdf	pdf:page=254;section=word-list;column=3;entry=71;printed-locators=G12
English for Everyone Junior: Beginners Course	english-for-everyone-junior-beginners	ten	ten	number		Alphabetical Word list	254	registry:english-for-everyone-junior-beginners		Candidate-only explicit Word list entry; printed POS and unit locator only; no entry-level CEFR inferred; editorial review required.	lexical_candidate	candidate_only	pdf	pdf:page=254;section=word-list;column=3;entry=72;printed-locators=1
English for Everyone Junior: Beginners Course	english-for-everyone-junior-beginners	tennis	tennis	noun		Alphabetical Word list	254	registry:english-for-everyone-junior-beginners		Candidate-only explicit Word list entry; printed POS and unit locator only; no entry-level CEFR inferred; editorial review required.	lexical_candidate	candidate_only	pdf	pdf:page=254;section=word-list;column=3;entry=73;printed-locators=16
English for Everyone Junior: Beginners Course	english-for-everyone-junior-beginners	tennis racket	tennis racket	noun		Alphabetical Word list	254	registry:english-for-everyone-junior-beginners		Candidate-only explicit Word list entry; printed POS and unit locator only; no entry-level CEFR inferred; editorial review required.	lexical_candidate	candidate_only	pdf	pdf:page=254;section=word-list;column=3;entry=74;printed-locators=7
English for Everyone Junior: Beginners Course	english-for-everyone-junior-beginners	thank you/thanks	thank you/thanks	expression		Alphabetical Word list	254	registry:english-for-everyone-junior-beginners		Candidate-only explicit Word list entry; printed POS and unit locator only; no entry-level CEFR inferred; editorial review required.	lexical_candidate	candidate_only	pdf	pdf:page=254;section=word-list;column=3;entry=75;printed-locators=1,23
English for Everyone Junior: Beginners Course	english-for-everyone-junior-beginners	that	that	pronoun		Alphabetical Word list	254	registry:english-for-everyone-junior-beginners		Candidate-only explicit Word list entry; printed POS and unit locator only; no entry-level CEFR inferred; editorial review required.	lexical_candidate	candidate_only	pdf	pdf:page=254;section=word-list;column=3;entry=76;printed-locators=5,6,7,18,G9
English for Everyone Junior: Beginners Course	english-for-everyone-junior-beginners	their	their	adjective		Alphabetical Word list	254	registry:english-for-everyone-junior-beginners		Candidate-only explicit Word list entry; printed POS and unit locator only; no entry-level CEFR inferred; editorial review required.	lexical_candidate	candidate_only	pdf	pdf:page=254;section=word-list;column=3;entry=77;printed-locators=G10
English for Everyone Junior: Beginners Course	english-for-everyone-junior-beginners	the moon	the moon	noun		Alphabetical Word list	254	registry:english-for-everyone-junior-beginners		Candidate-only explicit Word list entry; printed POS and unit locator only; no entry-level CEFR inferred; editorial review required.	lexical_candidate	candidate_only	pdf	pdf:page=254;section=word-list;column=3;entry=78;printed-locators=18
English for Everyone Junior: Beginners Course	english-for-everyone-junior-beginners	the sun	the sun	noun		Alphabetical Word list	254	registry:english-for-everyone-junior-beginners		Candidate-only explicit Word list entry; printed POS and unit locator only; no entry-level CEFR inferred; editorial review required.	lexical_candidate	candidate_only	pdf	pdf:page=254;section=word-list;column=3;entry=79;printed-locators=15
English for Everyone Junior: Beginners Course	english-for-everyone-junior-beginners	theirs	theirs	pronoun		Alphabetical Word list	254	registry:english-for-everyone-junior-beginners		Candidate-only explicit Word list entry; printed POS and unit locator only; no entry-level CEFR inferred; editorial review required.	lexical_candidate	candidate_only	pdf	pdf:page=254;section=word-list;column=3;entry=80;printed-locators=23
English for Everyone Junior: Beginners Course	english-for-everyone-junior-beginners	these	these	pronoun		Alphabetical Word list	254	registry:english-for-everyone-junior-beginners		Candidate-only explicit Word list entry; printed POS and unit locator only; no entry-level CEFR inferred; editorial review required.	lexical_candidate	candidate_only	pdf	pdf:page=254;section=word-list;column=3;entry=81;printed-locators=4,7,25,G9
English for Everyone Junior: Beginners Course	english-for-everyone-junior-beginners	thing	thing	noun		Alphabetical Word list	254	registry:english-for-everyone-junior-beginners		Candidate-only explicit Word list entry; printed POS and unit locator only; no entry-level CEFR inferred; editorial review required.	lexical_candidate	candidate_only	pdf	pdf:page=254;section=word-list;column=3;entry=82;printed-locators=4
English for Everyone Junior: Beginners Course	english-for-everyone-junior-beginners	thirsty	thirsty	adjective		Alphabetical Word list	254	registry:english-for-everyone-junior-beginners		Candidate-only explicit Word list entry; printed POS and unit locator only; no entry-level CEFR inferred; editorial review required.	lexical_candidate	candidate_only	pdf	pdf:page=254;section=word-list;column=3;entry=83;printed-locators=9
English for Everyone Junior: Beginners Course	english-for-everyone-junior-beginners	thirteen	thirteen	number		Alphabetical Word list	254	registry:english-for-everyone-junior-beginners		Candidate-only explicit Word list entry; printed POS and unit locator only; no entry-level CEFR inferred; editorial review required.	lexical_candidate	candidate_only	pdf	pdf:page=254;section=word-list;column=3;entry=84;printed-locators=3
English for Everyone Junior: Beginners Course	english-for-everyone-junior-beginners	this	this	pronoun		Alphabetical Word list	254	registry:english-for-everyone-junior-beginners		Candidate-only explicit Word list entry; printed POS and unit locator only; no entry-level CEFR inferred; editorial review required.	lexical_candidate	candidate_only	pdf	pdf:page=254;section=word-list;column=3;entry=85;printed-locators=4,6,7,G9
English for Everyone Junior: Beginners Course	english-for-everyone-junior-beginners	those	those	pronoun		Alphabetical Word list	254	registry:english-for-everyone-junior-beginners		Candidate-only explicit Word list entry; printed POS and unit locator only; no entry-level CEFR inferred; editorial review required.	lexical_candidate	candidate_only	pdf	pdf:page=254;section=word-list;column=3;entry=86;printed-locators=5,7,G9
English for Everyone Junior: Beginners Course	english-for-everyone-junior-beginners	three	three	number		Alphabetical Word list	254	registry:english-for-everyone-junior-beginners		Candidate-only explicit Word list entry; printed POS and unit locator only; no entry-level CEFR inferred; editorial review required.	lexical_candidate	candidate_only	pdf	pdf:page=254;section=word-list;column=3;entry=87;printed-locators=1
English for Everyone Junior: Beginners Course	english-for-everyone-junior-beginners	throw	throw	verb		Alphabetical Word list	254	registry:english-for-everyone-junior-beginners		Candidate-only explicit Word list entry; printed POS and unit locator only; no entry-level CEFR inferred; editorial review required.	lexical_candidate	candidate_only	pdf	pdf:page=254;section=word-list;column=3;entry=88;printed-locators=16,22
English for Everyone Junior: Beginners Course	english-for-everyone-junior-beginners	Thursday	Thursday	noun		Alphabetical Word list	254	registry:english-for-everyone-junior-beginners		Candidate-only explicit Word list entry; printed POS and unit locator only; no entry-level CEFR inferred; editorial review required.	lexical_candidate	candidate_only	pdf	pdf:page=254;section=word-list;column=3;entry=89;printed-locators=25
English for Everyone Junior: Beginners Course	english-for-everyone-junior-beginners	tiger	tiger	noun		Alphabetical Word list	254	registry:english-for-everyone-junior-beginners		Candidate-only explicit Word list entry; printed POS and unit locator only; no entry-level CEFR inferred; editorial review required.	lexical_candidate	candidate_only	pdf	pdf:page=254;section=word-list;column=3;entry=90;printed-locators=5
English for Everyone Junior: Beginners Course	english-for-everyone-junior-beginners	time	time	noun		Alphabetical Word list	254	registry:english-for-everyone-junior-beginners		Candidate-only explicit Word list entry; printed POS and unit locator only; no entry-level CEFR inferred; editorial review required.	lexical_candidate	candidate_only	pdf	pdf:page=254;section=word-list;column=3;entry=91;printed-locators=25
English for Everyone Junior: Beginners Course	english-for-everyone-junior-beginners	tired	tired	adjective		Alphabetical Word list	254	registry:english-for-everyone-junior-beginners		Candidate-only explicit Word list entry; printed POS and unit locator only; no entry-level CEFR inferred; editorial review required.	lexical_candidate	candidate_only	pdf	pdf:page=254;section=word-list;column=3;entry=92;printed-locators=9
English for Everyone Junior: Beginners Course	english-for-everyone-junior-beginners	toe	toe	noun		Alphabetical Word list	254	registry:english-for-everyone-junior-beginners		Candidate-only explicit Word list entry; printed POS and unit locator only; no entry-level CEFR inferred; editorial review required.	lexical_candidate	candidate_only	pdf	pdf:page=254;section=word-list;column=3;entry=93;printed-locators=11
English for Everyone Junior: Beginners Course	english-for-everyone-junior-beginners	tomato (pl tomatoes)	tomato (pl tomatoes)	noun		Alphabetical Word list	254	registry:english-for-everyone-junior-beginners		Candidate-only explicit Word list entry; printed POS and unit locator only; no entry-level CEFR inferred; editorial review required.	lexical_candidate	candidate_only	pdf	pdf:page=254;section=word-list;column=3;entry=94;printed-locators=17
English for Everyone Junior: Beginners Course	english-for-everyone-junior-beginners	tooth (pl teeth)	tooth (pl teeth)	noun		Alphabetical Word list	254	registry:english-for-everyone-junior-beginners		Candidate-only explicit Word list entry; printed POS and unit locator only; no entry-level CEFR inferred; editorial review required.	lexical_candidate	candidate_only	pdf	pdf:page=254;section=word-list;column=3;entry=95;printed-locators=11
English for Everyone Junior: Beginners Course	english-for-everyone-junior-beginners	tortoise	tortoise	noun		Alphabetical Word list	254	registry:english-for-everyone-junior-beginners		Candidate-only explicit Word list entry; printed POS and unit locator only; no entry-level CEFR inferred; editorial review required.	lexical_candidate	candidate_only	pdf	pdf:page=254;section=word-list;column=3;entry=96;printed-locators=10
English for Everyone Junior: Beginners Course	english-for-everyone-junior-beginners	touch	touch	verb		Alphabetical Word list	254	registry:english-for-everyone-junior-beginners		Candidate-only explicit Word list entry; printed POS and unit locator only; no entry-level CEFR inferred; editorial review required.	lexical_candidate	candidate_only	pdf	pdf:page=254;section=word-list;column=3;entry=97;printed-locators=11
English for Everyone Junior: Beginners Course	english-for-everyone-junior-beginners	town	town	noun		Alphabetical Word list	254	registry:english-for-everyone-junior-beginners		Candidate-only explicit Word list entry; printed POS and unit locator only; no entry-level CEFR inferred; editorial review required.	lexical_candidate	candidate_only	pdf	pdf:page=254;section=word-list;column=3;entry=98;printed-locators=12
English for Everyone Junior: Beginners Course	english-for-everyone-junior-beginners	toy	toy	noun		Alphabetical Word list	254	registry:english-for-everyone-junior-beginners		Candidate-only explicit Word list entry; printed POS and unit locator only; no entry-level CEFR inferred; editorial review required.	lexical_candidate	candidate_only	pdf	pdf:page=254;section=word-list;column=3;entry=99;printed-locators=7
English for Everyone Junior: Beginners Course	english-for-everyone-junior-beginners	toy box (pl toy boxes)	toy box (pl toy boxes)	noun		Alphabetical Word list	254	registry:english-for-everyone-junior-beginners		Candidate-only explicit Word list entry; printed POS and unit locator only; no entry-level CEFR inferred; editorial review required.	lexical_candidate	candidate_only	pdf	pdf:page=254;section=word-list;column=3;entry=100;printed-locators=7
English for Everyone Junior: Beginners Course	english-for-everyone-junior-beginners	toy store	toy store	noun		Alphabetical Word list	254	registry:english-for-everyone-junior-beginners		Candidate-only explicit Word list entry; printed POS and unit locator only; no entry-level CEFR inferred; editorial review required.	lexical_candidate	candidate_only	pdf	pdf:page=254;section=word-list;column=3;entry=101;printed-locators=18
English for Everyone Junior: Beginners Course	english-for-everyone-junior-beginners	tractor	tractor	noun		Alphabetical Word list	254	registry:english-for-everyone-junior-beginners		Candidate-only explicit Word list entry; printed POS and unit locator only; no entry-level CEFR inferred; editorial review required.	lexical_candidate	candidate_only	pdf	pdf:page=254;section=word-list;column=3;entry=102;printed-locators=15
English for Everyone Junior: Beginners Course	english-for-everyone-junior-beginners	train	train	noun		Alphabetical Word list	255	registry:english-for-everyone-junior-beginners		Candidate-only explicit Word list entry; printed POS and unit locator only; no entry-level CEFR inferred; editorial review required.	lexical_candidate	candidate_only	pdf	pdf:page=255;section=word-list;column=1;entry=1;printed-locators=12,18
English for Everyone Junior: Beginners Course	english-for-everyone-junior-beginners	tree	tree	noun		Alphabetical Word list	255	registry:english-for-everyone-junior-beginners		Candidate-only explicit Word list entry; printed POS and unit locator only; no entry-level CEFR inferred; editorial review required.	lexical_candidate	candidate_only	pdf	pdf:page=255;section=word-list;column=1;entry=2;printed-locators=15
English for Everyone Junior: Beginners Course	english-for-everyone-junior-beginners	truck	truck	noun		Alphabetical Word list	255	registry:english-for-everyone-junior-beginners		Candidate-only explicit Word list entry; printed POS and unit locator only; no entry-level CEFR inferred; editorial review required.	lexical_candidate	candidate_only	pdf	pdf:page=255;section=word-list;column=1;entry=3;printed-locators=12
English for Everyone Junior: Beginners Course	english-for-everyone-junior-beginners	try	try	verb		Alphabetical Word list	255	registry:english-for-everyone-junior-beginners		Candidate-only explicit Word list entry; printed POS and unit locator only; no entry-level CEFR inferred; editorial review required.	lexical_candidate	candidate_only	pdf	pdf:page=255;section=word-list;column=1;entry=4;printed-locators=G12
English for Everyone Junior: Beginners Course	english-for-everyone-junior-beginners	t-shirt	t-shirt	noun		Alphabetical Word list	255	registry:english-for-everyone-junior-beginners		Candidate-only explicit Word list entry; printed POS and unit locator only; no entry-level CEFR inferred; editorial review required.	lexical_candidate	candidate_only	pdf	pdf:page=255;section=word-list;column=1;entry=5;printed-locators=21
English for Everyone Junior: Beginners Course	english-for-everyone-junior-beginners	Tuesday	Tuesday	noun		Alphabetical Word list	255	registry:english-for-everyone-junior-beginners		Candidate-only explicit Word list entry; printed POS and unit locator only; no entry-level CEFR inferred; editorial review required.	lexical_candidate	candidate_only	pdf	pdf:page=255;section=word-list;column=1;entry=6;printed-locators=25
English for Everyone Junior: Beginners Course	english-for-everyone-junior-beginners	TV	TV	noun		Alphabetical Word list	255	registry:english-for-everyone-junior-beginners		Candidate-only explicit Word list entry; printed POS and unit locator only; no entry-level CEFR inferred; editorial review required.	lexical_candidate	candidate_only	pdf	pdf:page=255;section=word-list;column=1;entry=7;printed-locators=13
English for Everyone Junior: Beginners Course	english-for-everyone-junior-beginners	twelve	twelve	number		Alphabetical Word list	255	registry:english-for-everyone-junior-beginners		Candidate-only explicit Word list entry; printed POS and unit locator only; no entry-level CEFR inferred; editorial review required.	lexical_candidate	candidate_only	pdf	pdf:page=255;section=word-list;column=1;entry=8;printed-locators=3
English for Everyone Junior: Beginners Course	english-for-everyone-junior-beginners	twenty	twenty	number		Alphabetical Word list	255	registry:english-for-everyone-junior-beginners		Candidate-only explicit Word list entry; printed POS and unit locator only; no entry-level CEFR inferred; editorial review required.	lexical_candidate	candidate_only	pdf	pdf:page=255;section=word-list;column=1;entry=9;printed-locators=3
English for Everyone Junior: Beginners Course	english-for-everyone-junior-beginners	two	two	number		Alphabetical Word list	255	registry:english-for-everyone-junior-beginners		Candidate-only explicit Word list entry; printed POS and unit locator only; no entry-level CEFR inferred; editorial review required.	lexical_candidate	candidate_only	pdf	pdf:page=255;section=word-list;column=1;entry=10;printed-locators=1
English for Everyone Junior: Beginners Course	english-for-everyone-junior-beginners	uncle	uncle	noun		Alphabetical Word list	255	registry:english-for-everyone-junior-beginners		Candidate-only explicit Word list entry; printed POS and unit locator only; no entry-level CEFR inferred; editorial review required.	lexical_candidate	candidate_only	pdf	pdf:page=255;section=word-list;column=1;entry=11;printed-locators=6
English for Everyone Junior: Beginners Course	english-for-everyone-junior-beginners	under	under	preposition		Alphabetical Word list	255	registry:english-for-everyone-junior-beginners		Candidate-only explicit Word list entry; printed POS and unit locator only; no entry-level CEFR inferred; editorial review required.	lexical_candidate	candidate_only	pdf	pdf:page=255;section=word-list;column=1;entry=12;printed-locators=13,15,G8
English for Everyone Junior: Beginners Course	english-for-everyone-junior-beginners	vegetable	vegetable	noun		Alphabetical Word list	255	registry:english-for-everyone-junior-beginners		Candidate-only explicit Word list entry; printed POS and unit locator only; no entry-level CEFR inferred; editorial review required.	lexical_candidate	candidate_only	pdf	pdf:page=255;section=word-list;column=1;entry=13;printed-locators=17
English for Everyone Junior: Beginners Course	english-for-everyone-junior-beginners	very	very	adverb		Alphabetical Word list	255	registry:english-for-everyone-junior-beginners		Candidate-only explicit Word list entry; printed POS and unit locator only; no entry-level CEFR inferred; editorial review required.	lexical_candidate	candidate_only	pdf	pdf:page=255;section=word-list;column=1;entry=14;printed-locators=9
English for Everyone Junior: Beginners Course	english-for-everyone-junior-beginners	vet	vet	noun		Alphabetical Word list	255	registry:english-for-everyone-junior-beginners		Candidate-only explicit Word list entry; printed POS and unit locator only; no entry-level CEFR inferred; editorial review required.	lexical_candidate	candidate_only	pdf	pdf:page=255;section=word-list;column=1;entry=15;printed-locators=6,10
English for Everyone Junior: Beginners Course	english-for-everyone-junior-beginners	video game	video game	noun		Alphabetical Word list	255	registry:english-for-everyone-junior-beginners		Candidate-only explicit Word list entry; printed POS and unit locator only; no entry-level CEFR inferred; editorial review required.	lexical_candidate	candidate_only	pdf	pdf:page=255;section=word-list;column=1;entry=16;printed-locators=18
English for Everyone Junior: Beginners Course	english-for-everyone-junior-beginners	wake up	wake up	verb		Alphabetical Word list	255	registry:english-for-everyone-junior-beginners		Candidate-only explicit Word list entry; printed POS and unit locator only; no entry-level CEFR inferred; editorial review required.	lexical_candidate	candidate_only	pdf	pdf:page=255;section=word-list;column=2;entry=17;printed-locators=25
English for Everyone Junior: Beginners Course	english-for-everyone-junior-beginners	walk	walk	verb		Alphabetical Word list	255	registry:english-for-everyone-junior-beginners		Candidate-only explicit Word list entry; printed POS and unit locator only; no entry-level CEFR inferred; editorial review required.	lexical_candidate	candidate_only	pdf	pdf:page=255;section=word-list;column=2;entry=18;printed-locators=25
English for Everyone Junior: Beginners Course	english-for-everyone-junior-beginners	walk to school	walk to school	verb		Alphabetical Word list	255	registry:english-for-everyone-junior-beginners		Candidate-only explicit Word list entry; printed POS and unit locator only; no entry-level CEFR inferred; editorial review required.	lexical_candidate	candidate_only	pdf	pdf:page=255;section=word-list;column=2;entry=19;printed-locators=25
English for Everyone Junior: Beginners Course	english-for-everyone-junior-beginners	wall	wall	noun		Alphabetical Word list	255	registry:english-for-everyone-junior-beginners		Candidate-only explicit Word list entry; printed POS and unit locator only; no entry-level CEFR inferred; editorial review required.	lexical_candidate	candidate_only	pdf	pdf:page=255;section=word-list;column=2;entry=20;printed-locators=13
English for Everyone Junior: Beginners Course	english-for-everyone-junior-beginners	want	want	verb		Alphabetical Word list	255	registry:english-for-everyone-junior-beginners		Candidate-only explicit Word list entry; printed POS and unit locator only; no entry-level CEFR inferred; editorial review required.	lexical_candidate	candidate_only	pdf	pdf:page=255;section=word-list;column=2;entry=21;printed-locators=G14
English for Everyone Junior: Beginners Course	english-for-everyone-junior-beginners	watch (pl watches)	watch (pl watches)	noun		Alphabetical Word list	255	registry:english-for-everyone-junior-beginners		Candidate-only explicit Word list entry; printed POS and unit locator only; no entry-level CEFR inferred; editorial review required.	lexical_candidate	candidate_only	pdf	pdf:page=255;section=word-list;column=2;entry=22;printed-locators=4,21
English for Everyone Junior: Beginners Course	english-for-everyone-junior-beginners	watch soccer	watch soccer	verb		Alphabetical Word list	255	registry:english-for-everyone-junior-beginners		Candidate-only explicit Word list entry; printed POS and unit locator only; no entry-level CEFR inferred; editorial review required.	lexical_candidate	candidate_only	pdf	pdf:page=255;section=word-list;column=2;entry=23;printed-locators=19
English for Everyone Junior: Beginners Course	english-for-everyone-junior-beginners	water	water	noun		Alphabetical Word list	255	registry:english-for-everyone-junior-beginners		Candidate-only explicit Word list entry; printed POS and unit locator only; no entry-level CEFR inferred; editorial review required.	lexical_candidate	candidate_only	pdf	pdf:page=255;section=word-list;column=2;entry=24;printed-locators=23
English for Everyone Junior: Beginners Course	english-for-everyone-junior-beginners	watermelon	watermelon	noun		Alphabetical Word list	255	registry:english-for-everyone-junior-beginners		Candidate-only explicit Word list entry; printed POS and unit locator only; no entry-level CEFR inferred; editorial review required.	lexical_candidate	candidate_only	pdf	pdf:page=255;section=word-list;column=2;entry=25;printed-locators=17
English for Everyone Junior: Beginners Course	english-for-everyone-junior-beginners	wave	wave	verb		Alphabetical Word list	255	registry:english-for-everyone-junior-beginners		Candidate-only explicit Word list entry; printed POS and unit locator only; no entry-level CEFR inferred; editorial review required.	lexical_candidate	candidate_only	pdf	pdf:page=255;section=word-list;column=2;entry=26;printed-locators=11
English for Everyone Junior: Beginners Course	english-for-everyone-junior-beginners	wear	wear	verb		Alphabetical Word list	255	registry:english-for-everyone-junior-beginners		Candidate-only explicit Word list entry; printed POS and unit locator only; no entry-level CEFR inferred; editorial review required.	lexical_candidate	candidate_only	pdf	pdf:page=255;section=word-list;column=2;entry=27;printed-locators=21
English for Everyone Junior: Beginners Course	english-for-everyone-junior-beginners	Wednesday	Wednesday	noun		Alphabetical Word list	255	registry:english-for-everyone-junior-beginners		Candidate-only explicit Word list entry; printed POS and unit locator only; no entry-level CEFR inferred; editorial review required.	lexical_candidate	candidate_only	pdf	pdf:page=255;section=word-list;column=2;entry=28;printed-locators=25
English for Everyone Junior: Beginners Course	english-for-everyone-junior-beginners	whale	whale	noun		Alphabetical Word list	255	registry:english-for-everyone-junior-beginners		Candidate-only explicit Word list entry; printed POS and unit locator only; no entry-level CEFR inferred; editorial review required.	lexical_candidate	candidate_only	pdf	pdf:page=255;section=word-list;column=2;entry=29;printed-locators=5
English for Everyone Junior: Beginners Course	english-for-everyone-junior-beginners	what?	what	question word		Alphabetical Word list	255	registry:english-for-everyone-junior-beginners		Candidate-only explicit Word list entry; printed POS and unit locator only; no entry-level CEFR inferred; editorial review required.	lexical_candidate	candidate_only	pdf	pdf:page=255;section=word-list;column=2;entry=30;printed-locators=1,2,4,5,G6
English for Everyone Junior: Beginners Course	english-for-everyone-junior-beginners	what time?	what time	question word		Alphabetical Word list	255	registry:english-for-everyone-junior-beginners		Candidate-only explicit Word list entry; printed POS and unit locator only; no entry-level CEFR inferred; editorial review required.	lexical_candidate	candidate_only	pdf	pdf:page=255;section=word-list;column=2;entry=31;printed-locators=25,G14
English for Everyone Junior: Beginners Course	english-for-everyone-junior-beginners	when?	when	question word		Alphabetical Word list	255	registry:english-for-everyone-junior-beginners		Candidate-only explicit Word list entry; printed POS and unit locator only; no entry-level CEFR inferred; editorial review required.	lexical_candidate	candidate_only	pdf	pdf:page=255;section=word-list;column=2;entry=32;printed-locators=25,G6
English for Everyone Junior: Beginners Course	english-for-everyone-junior-beginners	where?	where	question word		Alphabetical Word list	255	registry:english-for-everyone-junior-beginners		Candidate-only explicit Word list entry; printed POS and unit locator only; no entry-level CEFR inferred; editorial review required.	lexical_candidate	candidate_only	pdf	pdf:page=255;section=word-list;column=2;entry=33;printed-locators=12,G6
English for Everyone Junior: Beginners Course	english-for-everyone-junior-beginners	which?	which	question word		Alphabetical Word list	255	registry:english-for-everyone-junior-beginners		Candidate-only explicit Word list entry; printed POS and unit locator only; no entry-level CEFR inferred; editorial review required.	lexical_candidate	candidate_only	pdf	pdf:page=255;section=word-list;column=2;entry=34;printed-locators=10,G6
English for Everyone Junior: Beginners Course	english-for-everyone-junior-beginners	white	white	adjective		Alphabetical Word list	255	registry:english-for-everyone-junior-beginners		Candidate-only explicit Word list entry; printed POS and unit locator only; no entry-level CEFR inferred; editorial review required.	lexical_candidate	candidate_only	pdf	pdf:page=255;section=word-list;column=2;entry=35;printed-locators=4
English for Everyone Junior: Beginners Course	english-for-everyone-junior-beginners	who?	who	question word		Alphabetical Word list	255	registry:english-for-everyone-junior-beginners		Candidate-only explicit Word list entry; printed POS and unit locator only; no entry-level CEFR inferred; editorial review required.	lexical_candidate	candidate_only	pdf	pdf:page=255;section=word-list;column=2;entry=36;printed-locators=6,G6
English for Everyone Junior: Beginners Course	english-for-everyone-junior-beginners	whose?	whose	question word		Alphabetical Word list	255	registry:english-for-everyone-junior-beginners		Candidate-only explicit Word list entry; printed POS and unit locator only; no entry-level CEFR inferred; editorial review required.	lexical_candidate	candidate_only	pdf	pdf:page=255;section=word-list;column=2;entry=37;printed-locators=24,G6
English for Everyone Junior: Beginners Course	english-for-everyone-junior-beginners	why?	why	question word		Alphabetical Word list	255	registry:english-for-everyone-junior-beginners		Candidate-only explicit Word list entry; printed POS and unit locator only; no entry-level CEFR inferred; editorial review required.	lexical_candidate	candidate_only	pdf	pdf:page=255;section=word-list;column=2;entry=38;printed-locators=G6
English for Everyone Junior: Beginners Course	english-for-everyone-junior-beginners	window	window	noun		Alphabetical Word list	255	registry:english-for-everyone-junior-beginners		Candidate-only explicit Word list entry; printed POS and unit locator only; no entry-level CEFR inferred; editorial review required.	lexical_candidate	candidate_only	pdf	pdf:page=255;section=word-list;column=3;entry=39;printed-locators=13
English for Everyone Junior: Beginners Course	english-for-everyone-junior-beginners	woman (pl women)	woman (pl women)	noun		Alphabetical Word list	255	registry:english-for-everyone-junior-beginners		Candidate-only explicit Word list entry; printed POS and unit locator only; no entry-level CEFR inferred; editorial review required.	lexical_candidate	candidate_only	pdf	pdf:page=255;section=word-list;column=3;entry=40;printed-locators=24
English for Everyone Junior: Beginners Course	english-for-everyone-junior-beginners	women	women	noun		Alphabetical Word list	255	registry:english-for-everyone-junior-beginners		Candidate-only explicit Word list entry; printed POS and unit locator only; no entry-level CEFR inferred; editorial review required.	lexical_candidate	candidate_only	pdf	pdf:page=255;section=word-list;column=3;entry=41;printed-locators=24
English for Everyone Junior: Beginners Course	english-for-everyone-junior-beginners	word	word	noun		Alphabetical Word list	255	registry:english-for-everyone-junior-beginners		Candidate-only explicit Word list entry; printed POS and unit locator only; no entry-level CEFR inferred; editorial review required.	lexical_candidate	candidate_only	pdf	pdf:page=255;section=word-list;column=3;entry=42;printed-locators=G13
English for Everyone Junior: Beginners Course	english-for-everyone-junior-beginners	worry, don’t	don’t worry	expression		Alphabetical Word list	255	registry:english-for-everyone-junior-beginners		Candidate-only explicit Word list entry; printed POS and unit locator only; no entry-level CEFR inferred; editorial review required.	lexical_candidate	candidate_only	pdf	pdf:page=255;section=word-list;column=3;entry=43;printed-locators=G14
English for Everyone Junior: Beginners Course	english-for-everyone-junior-beginners	would	would	verb		Alphabetical Word list	255	registry:english-for-everyone-junior-beginners		Candidate-only explicit Word list entry; printed POS and unit locator only; no entry-level CEFR inferred; editorial review required.	lexical_candidate	candidate_only	pdf	pdf:page=255;section=word-list;column=3;entry=44;printed-locators=23
English for Everyone Junior: Beginners Course	english-for-everyone-junior-beginners	write	write	verb		Alphabetical Word list	255	registry:english-for-everyone-junior-beginners		Candidate-only explicit Word list entry; printed POS and unit locator only; no entry-level CEFR inferred; editorial review required.	lexical_candidate	candidate_only	pdf	pdf:page=255;section=word-list;column=3;entry=45;printed-locators=3,G13
English for Everyone Junior: Beginners Course	english-for-everyone-junior-beginners	year	year	noun		Alphabetical Word list	255	registry:english-for-everyone-junior-beginners		Candidate-only explicit Word list entry; printed POS and unit locator only; no entry-level CEFR inferred; editorial review required.	lexical_candidate	candidate_only	pdf	pdf:page=255;section=word-list;column=3;entry=46;printed-locators=1
English for Everyone Junior: Beginners Course	english-for-everyone-junior-beginners	yellow	yellow	adjective		Alphabetical Word list	255	registry:english-for-everyone-junior-beginners		Candidate-only explicit Word list entry; printed POS and unit locator only; no entry-level CEFR inferred; editorial review required.	lexical_candidate	candidate_only	pdf	pdf:page=255;section=word-list;column=3;entry=47;printed-locators=4
English for Everyone Junior: Beginners Course	english-for-everyone-junior-beginners	yes, please	yes, please	expression		Alphabetical Word list	255	registry:english-for-everyone-junior-beginners		Candidate-only explicit Word list entry; printed POS and unit locator only; no entry-level CEFR inferred; editorial review required.	lexical_candidate	candidate_only	pdf	pdf:page=255;section=word-list;column=3;entry=48;printed-locators=23,G14
English for Everyone Junior: Beginners Course	english-for-everyone-junior-beginners	young	young	adjective		Alphabetical Word list	255	registry:english-for-everyone-junior-beginners		Candidate-only explicit Word list entry; printed POS and unit locator only; no entry-level CEFR inferred; editorial review required.	lexical_candidate	candidate_only	pdf	pdf:page=255;section=word-list;column=3;entry=49;printed-locators=10
English for Everyone Junior: Beginners Course	english-for-everyone-junior-beginners	your	your	adjective		Alphabetical Word list	255	registry:english-for-everyone-junior-beginners		Candidate-only explicit Word list entry; printed POS and unit locator only; no entry-level CEFR inferred; editorial review required.	lexical_candidate	candidate_only	pdf	pdf:page=255;section=word-list;column=3;entry=50;printed-locators=5,6,G10
English for Everyone Junior: Beginners Course	english-for-everyone-junior-beginners	yours	yours	pronoun		Alphabetical Word list	255	registry:english-for-everyone-junior-beginners		Candidate-only explicit Word list entry; printed POS and unit locator only; no entry-level CEFR inferred; editorial review required.	lexical_candidate	candidate_only	pdf	pdf:page=255;section=word-list;column=3;entry=51;printed-locators=24
English for Everyone Junior: Beginners Course	english-for-everyone-junior-beginners	zebra	zebra	noun		Alphabetical Word list	255	registry:english-for-everyone-junior-beginners		Candidate-only explicit Word list entry; printed POS and unit locator only; no entry-level CEFR inferred; editorial review required.	lexical_candidate	candidate_only	pdf	pdf:page=255;section=word-list;column=3;entry=52;printed-locators=5
English for Everyone Junior: Beginners Course	english-for-everyone-junior-beginners	zoo	zoo	noun		Alphabetical Word list	255	registry:english-for-everyone-junior-beginners		Candidate-only explicit Word list entry; printed POS and unit locator only; no entry-level CEFR inferred; editorial review required.	lexical_candidate	candidate_only	pdf	pdf:page=255;section=word-list;column=3;entry=53;printed-locators=12
