source	registry_source_id	raw_term	headword	pos	cefr	topic_or_section	pdf_page	source_ref	definition	notes	source_role	corpus_policy	source_format	locator
240 Vocabulary Words Kids Need to Know, Grade 1	scholastic-240-vocabulary-grade-1	Word List after	Word List after			Lesson 03 | printed page 12	80	registry:scholastic-240-vocabulary-grade-1		Candidate-only explicit source target; spelling, sense, proper-name and IELTS relevance review required before promotion.	lexical_candidate	candidate_only	pdf	pdf:page=80,section=word-list,target-printed-page=12
240 Vocabulary Words Kids Need to Know, Grade 1	scholastic-240-vocabulary-grade-1	dance	dance			Lesson 10 | printed page 33	80	registry:scholastic-240-vocabulary-grade-1		Candidate-only explicit source target; spelling, sense, proper-name and IELTS relevance review required before promotion.	lexical_candidate	candidate_only	pdf	pdf:page=80,section=word-list,target-printed-page=33
240 Vocabulary Words Kids Need to Know, Grade 1	scholastic-240-vocabulary-grade-1	hand	hand			Lesson 21 | printed page 66	80	registry:scholastic-240-vocabulary-grade-1		Candidate-only explicit source target; spelling, sense, proper-name and IELTS relevance review required before promotion.	lexical_candidate	candidate_only	pdf	pdf:page=80,section=word-list,target-printed-page=66
240 Vocabulary Words Kids Need to Know, Grade 1	scholastic-240-vocabulary-grade-1	off	off			Lesson 03 | printed page 12	80	registry:scholastic-240-vocabulary-grade-1		Candidate-only explicit source target; spelling, sense, proper-name and IELTS relevance review required before promotion.	lexical_candidate	candidate_only	pdf	pdf:page=80,section=word-list,target-printed-page=12
240 Vocabulary Words Kids Need to Know, Grade 1	scholastic-240-vocabulary-grade-1	shiny	shiny			Lesson 08 | printed page 27	80	registry:scholastic-240-vocabulary-grade-1		Candidate-only explicit source target; spelling, sense, proper-name and IELTS relevance review required before promotion.	lexical_candidate	candidate_only	pdf	pdf:page=80,section=word-list,target-printed-page=27
240 Vocabulary Words Kids Need to Know, Grade 1	scholastic-240-vocabulary-grade-1	touch	touch			Lesson 20 | printed page 63	80	registry:scholastic-240-vocabulary-grade-1		Candidate-only explicit source target; spelling, sense, proper-name and IELTS relevance review required before promotion.	lexical_candidate	candidate_only	pdf	pdf:page=80,section=word-list,target-printed-page=63
240 Vocabulary Words Kids Need to Know, Grade 1	scholastic-240-vocabulary-grade-1	afternoon	afternoon			Lesson 16 | printed page 51	80	registry:scholastic-240-vocabulary-grade-1		Candidate-only explicit source target; spelling, sense, proper-name and IELTS relevance review required before promotion.	lexical_candidate	candidate_only	pdf	pdf:page=80,section=word-list,target-printed-page=51
240 Vocabulary Words Kids Need to Know, Grade 1	scholastic-240-vocabulary-grade-1	daughter	daughter			Lesson 15 | printed page 48	80	registry:scholastic-240-vocabulary-grade-1		Candidate-only explicit source target; spelling, sense, proper-name and IELTS relevance review required before promotion.	lexical_candidate	candidate_only	pdf	pdf:page=80,section=word-list,target-printed-page=48
240 Vocabulary Words Kids Need to Know, Grade 1	scholastic-240-vocabulary-grade-1	hard	hard			Lesson 08 | printed page 27	80	registry:scholastic-240-vocabulary-grade-1		Candidate-only explicit source target; spelling, sense, proper-name and IELTS relevance review required before promotion.	lexical_candidate	candidate_only	pdf	pdf:page=80,section=word-list,target-printed-page=27
240 Vocabulary Words Kids Need to Know, Grade 1	scholastic-240-vocabulary-grade-1	olive	olive			Lesson 23 | printed page 72	80	registry:scholastic-240-vocabulary-grade-1		Candidate-only explicit source target; spelling, sense, proper-name and IELTS relevance review required before promotion.	lexical_candidate	candidate_only	pdf	pdf:page=80,section=word-list,target-printed-page=72
240 Vocabulary Words Kids Need to Know, Grade 1	scholastic-240-vocabulary-grade-1	sister	sister			Lesson 15 | printed page 48	80	registry:scholastic-240-vocabulary-grade-1		Candidate-only explicit source target; spelling, sense, proper-name and IELTS relevance review required before promotion.	lexical_candidate	candidate_only	pdf	pdf:page=80,section=word-list,target-printed-page=48
240 Vocabulary Words Kids Need to Know, Grade 1	scholastic-240-vocabulary-grade-1	tree	tree			Lesson 24 | printed page 75	80	registry:scholastic-240-vocabulary-grade-1		Candidate-only explicit source target; spelling, sense, proper-name and IELTS relevance review required before promotion.	lexical_candidate	candidate_only	pdf	pdf:page=80,section=word-list,target-printed-page=75
240 Vocabulary Words Kids Need to Know, Grade 1	scholastic-240-vocabulary-grade-1	answer	answer			Lesson 04 | printed page 15	80	registry:scholastic-240-vocabulary-grade-1		Candidate-only explicit source target; spelling, sense, proper-name and IELTS relevance review required before promotion.	lexical_candidate	candidate_only	pdf	pdf:page=80,section=word-list,target-printed-page=15
240 Vocabulary Words Kids Need to Know, Grade 1	scholastic-240-vocabulary-grade-1	day	day			Lesson 16 | printed page 51	80	registry:scholastic-240-vocabulary-grade-1		Candidate-only explicit source target; spelling, sense, proper-name and IELTS relevance review required before promotion.	lexical_candidate	candidate_only	pdf	pdf:page=80,section=word-list,target-printed-page=51
240 Vocabulary Words Kids Need to Know, Grade 1	scholastic-240-vocabulary-grade-1	hay	hay			Lesson 17 | printed page 54	80	registry:scholastic-240-vocabulary-grade-1		Candidate-only explicit source target; spelling, sense, proper-name and IELTS relevance review required before promotion.	lexical_candidate	candidate_only	pdf	pdf:page=80,section=word-list,target-printed-page=54
240 Vocabulary Words Kids Need to Know, Grade 1	scholastic-240-vocabulary-grade-1	on	on			Lesson 03 | printed page 12	80	registry:scholastic-240-vocabulary-grade-1		Candidate-only explicit source target; spelling, sense, proper-name and IELTS relevance review required before promotion.	lexical_candidate	candidate_only	pdf	pdf:page=80,section=word-list,target-printed-page=12
240 Vocabulary Words Kids Need to Know, Grade 1	scholastic-240-vocabulary-grade-1	six	six			Lesson 01 | printed page 6	80	registry:scholastic-240-vocabulary-grade-1		Candidate-only explicit source target; spelling, sense, proper-name and IELTS relevance review required before promotion.	lexical_candidate	candidate_only	pdf	pdf:page=80,section=word-list,target-printed-page=6
240 Vocabulary Words Kids Need to Know, Grade 1	scholastic-240-vocabulary-grade-1	trunk	trunk			Lesson 24 | printed page 75	80	registry:scholastic-240-vocabulary-grade-1		Candidate-only explicit source target; spelling, sense, proper-name and IELTS relevance review required before promotion.	lexical_candidate	candidate_only	pdf	pdf:page=80,section=word-list,target-printed-page=75
240 Vocabulary Words Kids Need to Know, Grade 1	scholastic-240-vocabulary-grade-1	apple	apple			Lesson 22 | printed page 69	80	registry:scholastic-240-vocabulary-grade-1		Candidate-only explicit source target; spelling, sense, proper-name and IELTS relevance review required before promotion.	lexical_candidate	candidate_only	pdf	pdf:page=80,section=word-list,target-printed-page=69
240 Vocabulary Words Kids Need to Know, Grade 1	scholastic-240-vocabulary-grade-1	desk	desk			Lesson 18 | printed page 57	80	registry:scholastic-240-vocabulary-grade-1		Candidate-only explicit source target; spelling, sense, proper-name and IELTS relevance review required before promotion.	lexical_candidate	candidate_only	pdf	pdf:page=80,section=word-list,target-printed-page=57
240 Vocabulary Words Kids Need to Know, Grade 1	scholastic-240-vocabulary-grade-1	head	head			Lesson 21 | printed page 66	80	registry:scholastic-240-vocabulary-grade-1		Candidate-only explicit source target; spelling, sense, proper-name and IELTS relevance review required before promotion.	lexical_candidate	candidate_only	pdf	pdf:page=80,section=word-list,target-printed-page=66
240 Vocabulary Words Kids Need to Know, Grade 1	scholastic-240-vocabulary-grade-1	one	one			Lesson 01 | printed page 6	80	registry:scholastic-240-vocabulary-grade-1		Candidate-only explicit source target; spelling, sense, proper-name and IELTS relevance review required before promotion.	lexical_candidate	candidate_only	pdf	pdf:page=80,section=word-list,target-printed-page=6
240 Vocabulary Words Kids Need to Know, Grade 1	scholastic-240-vocabulary-grade-1	skate	skate			Lesson 09 | printed page 30	80	registry:scholastic-240-vocabulary-grade-1		Candidate-only explicit source target; spelling, sense, proper-name and IELTS relevance review required before promotion.	lexical_candidate	candidate_only	pdf	pdf:page=80,section=word-list,target-printed-page=30
240 Vocabulary Words Kids Need to Know, Grade 1	scholastic-240-vocabulary-grade-1	two	two			Lesson 01 | printed page 6	80	registry:scholastic-240-vocabulary-grade-1		Candidate-only explicit source target; spelling, sense, proper-name and IELTS relevance review required before promotion.	lexical_candidate	candidate_only	pdf	pdf:page=80,section=word-list,target-printed-page=6
240 Vocabulary Words Kids Need to Know, Grade 1	scholastic-240-vocabulary-grade-1	apron	apron			Lesson 14 | printed page 45	80	registry:scholastic-240-vocabulary-grade-1		Candidate-only explicit source target; spelling, sense, proper-name and IELTS relevance review required before promotion.	lexical_candidate	candidate_only	pdf	pdf:page=80,section=word-list,target-printed-page=45
240 Vocabulary Words Kids Need to Know, Grade 1	scholastic-240-vocabulary-grade-1	dive	dive			Lesson 10 | printed page 33	80	registry:scholastic-240-vocabulary-grade-1		Candidate-only explicit source target; spelling, sense, proper-name and IELTS relevance review required before promotion.	lexical_candidate	candidate_only	pdf	pdf:page=80,section=word-list,target-printed-page=33
240 Vocabulary Words Kids Need to Know, Grade 1	scholastic-240-vocabulary-grade-1	hear	hear			Lesson 20 | printed page 63	80	registry:scholastic-240-vocabulary-grade-1		Candidate-only explicit source target; spelling, sense, proper-name and IELTS relevance review required before promotion.	lexical_candidate	candidate_only	pdf	pdf:page=80,section=word-list,target-printed-page=63
240 Vocabulary Words Kids Need to Know, Grade 1	scholastic-240-vocabulary-grade-1	onion	onion			Lesson 23 | printed page 72	80	registry:scholastic-240-vocabulary-grade-1		Candidate-only explicit source target; spelling, sense, proper-name and IELTS relevance review required before promotion.	lexical_candidate	candidate_only	pdf	pdf:page=80,section=word-list,target-printed-page=72
240 Vocabulary Words Kids Need to Know, Grade 1	scholastic-240-vocabulary-grade-1	skin	skin			Lesson 20 | printed page 63	80	registry:scholastic-240-vocabulary-grade-1		Candidate-only explicit source target; spelling, sense, proper-name and IELTS relevance review required before promotion.	lexical_candidate	candidate_only	pdf	pdf:page=80,section=word-list,target-printed-page=63
240 Vocabulary Words Kids Need to Know, Grade 1	scholastic-240-vocabulary-grade-1	arm	arm			Lesson 21 | printed page 66	80	registry:scholastic-240-vocabulary-grade-1		Candidate-only explicit source target; spelling, sense, proper-name and IELTS relevance review required before promotion.	lexical_candidate	candidate_only	pdf	pdf:page=80,section=word-list,target-printed-page=66
240 Vocabulary Words Kids Need to Know, Grade 1	scholastic-240-vocabulary-grade-1	dog	dog			Lesson 13 | printed page 42	80	registry:scholastic-240-vocabulary-grade-1		Candidate-only explicit source target; spelling, sense, proper-name and IELTS relevance review required before promotion.	lexical_candidate	candidate_only	pdf	pdf:page=80,section=word-list,target-printed-page=42
240 Vocabulary Words Kids Need to Know, Grade 1	scholastic-240-vocabulary-grade-1	hen	hen			Lesson 13 | printed page 42	80	registry:scholastic-240-vocabulary-grade-1		Candidate-only explicit source target; spelling, sense, proper-name and IELTS relevance review required before promotion.	lexical_candidate	candidate_only	pdf	pdf:page=80,section=word-list,target-printed-page=42
240 Vocabulary Words Kids Need to Know, Grade 1	scholastic-240-vocabulary-grade-1	orange	orange			Lesson 22 | printed page 69	80	registry:scholastic-240-vocabulary-grade-1		Candidate-only explicit source target; spelling, sense, proper-name and IELTS relevance review required before promotion.	lexical_candidate	candidate_only	pdf	pdf:page=80,section=word-list,target-printed-page=69
240 Vocabulary Words Kids Need to Know, Grade 1	scholastic-240-vocabulary-grade-1	skip	skip			Lesson 09 | printed page 30	80	registry:scholastic-240-vocabulary-grade-1		Candidate-only explicit source target; spelling, sense, proper-name and IELTS relevance review required before promotion.	lexical_candidate	candidate_only	pdf	pdf:page=80,section=word-list,target-printed-page=30
240 Vocabulary Words Kids Need to Know, Grade 1	scholastic-240-vocabulary-grade-1	under	under			Lesson 03 | printed page 12	80	registry:scholastic-240-vocabulary-grade-1		Candidate-only explicit source target; spelling, sense, proper-name and IELTS relevance review required before promotion.	lexical_candidate	candidate_only	pdf	pdf:page=80,section=word-list,target-printed-page=12
240 Vocabulary Words Kids Need to Know, Grade 1	scholastic-240-vocabulary-grade-1	around	around			Lesson 03 | printed page 12	80	registry:scholastic-240-vocabulary-grade-1		Candidate-only explicit source target; spelling, sense, proper-name and IELTS relevance review required before promotion.	lexical_candidate	candidate_only	pdf	pdf:page=80,section=word-list,target-printed-page=12
240 Vocabulary Words Kids Need to Know, Grade 1	scholastic-240-vocabulary-grade-1	doghouse	doghouse			Lesson 12 | printed page 39	80	registry:scholastic-240-vocabulary-grade-1		Candidate-only explicit source target; spelling, sense, proper-name and IELTS relevance review required before promotion.	lexical_candidate	candidate_only	pdf	pdf:page=80,section=word-list,target-printed-page=39
240 Vocabulary Words Kids Need to Know, Grade 1	scholastic-240-vocabulary-grade-1	hiss	hiss			Lesson 07 | printed page 24	80	registry:scholastic-240-vocabulary-grade-1		Candidate-only explicit source target; spelling, sense, proper-name and IELTS relevance review required before promotion.	lexical_candidate	candidate_only	pdf	pdf:page=80,section=word-list,target-printed-page=24
240 Vocabulary Words Kids Need to Know, Grade 1	scholastic-240-vocabulary-grade-1	oven	oven			Lesson 14 | printed page 45	80	registry:scholastic-240-vocabulary-grade-1		Candidate-only explicit source target; spelling, sense, proper-name and IELTS relevance review required before promotion.	lexical_candidate	candidate_only	pdf	pdf:page=80,section=word-list,target-printed-page=45
240 Vocabulary Words Kids Need to Know, Grade 1	scholastic-240-vocabulary-grade-1	sky	sky			Lesson 19 | printed page 60	80	registry:scholastic-240-vocabulary-grade-1		Candidate-only explicit source target; spelling, sense, proper-name and IELTS relevance review required before promotion.	lexical_candidate	candidate_only	pdf	pdf:page=80,section=word-list,target-printed-page=60
240 Vocabulary Words Kids Need to Know, Grade 1	scholastic-240-vocabulary-grade-1	up	up			Lesson 03 | printed page 12	80	registry:scholastic-240-vocabulary-grade-1		Candidate-only explicit source target; spelling, sense, proper-name and IELTS relevance review required before promotion.	lexical_candidate	candidate_only	pdf	pdf:page=80,section=word-list,target-printed-page=12
240 Vocabulary Words Kids Need to Know, Grade 1	scholastic-240-vocabulary-grade-1	ask	ask			Lesson 04 | printed page 15	80	registry:scholastic-240-vocabulary-grade-1		Candidate-only explicit source target; spelling, sense, proper-name and IELTS relevance review required before promotion.	lexical_candidate	candidate_only	pdf	pdf:page=80,section=word-list,target-printed-page=15
240 Vocabulary Words Kids Need to Know, Grade 1	scholastic-240-vocabulary-grade-1	down	down			Lesson 03 | printed page 12	80	registry:scholastic-240-vocabulary-grade-1		Candidate-only explicit source target; spelling, sense, proper-name and IELTS relevance review required before promotion.	lexical_candidate	candidate_only	pdf	pdf:page=80,section=word-list,target-printed-page=12
240 Vocabulary Words Kids Need to Know, Grade 1	scholastic-240-vocabulary-grade-1	honk	honk			Lesson 07 | printed page 24	80	registry:scholastic-240-vocabulary-grade-1		Candidate-only explicit source target; spelling, sense, proper-name and IELTS relevance review required before promotion.	lexical_candidate	candidate_only	pdf	pdf:page=80,section=word-list,target-printed-page=24
240 Vocabulary Words Kids Need to Know, Grade 1	scholastic-240-vocabulary-grade-1	over	over			Lesson 03 | printed page 12	80	registry:scholastic-240-vocabulary-grade-1		Candidate-only explicit source target; spelling, sense, proper-name and IELTS relevance review required before promotion.	lexical_candidate	candidate_only	pdf	pdf:page=80,section=word-list,target-printed-page=12
240 Vocabulary Words Kids Need to Know, Grade 1	scholastic-240-vocabulary-grade-1	slide	slide			Lesson 10 | printed page 33	80	registry:scholastic-240-vocabulary-grade-1		Candidate-only explicit source target; spelling, sense, proper-name and IELTS relevance review required before promotion.	lexical_candidate	candidate_only	pdf	pdf:page=80,section=word-list,target-printed-page=33
240 Vocabulary Words Kids Need to Know, Grade 1	scholastic-240-vocabulary-grade-1	duck	duck			Lesson 13 | printed page 42	80	registry:scholastic-240-vocabulary-grade-1		Candidate-only explicit source target; spelling, sense, proper-name and IELTS relevance review required before promotion.	lexical_candidate	candidate_only	pdf	pdf:page=80,section=word-list,target-printed-page=42
240 Vocabulary Words Kids Need to Know, Grade 1	scholastic-240-vocabulary-grade-1	hoot	hoot			Lesson 07 | printed page 24	80	registry:scholastic-240-vocabulary-grade-1		Candidate-only explicit source target; spelling, sense, proper-name and IELTS relevance review required before promotion.	lexical_candidate	candidate_only	pdf	pdf:page=80,section=word-list,target-printed-page=24
240 Vocabulary Words Kids Need to Know, Grade 1	scholastic-240-vocabulary-grade-1	slow	slow			Lesson 05 | printed page 18	80	registry:scholastic-240-vocabulary-grade-1		Candidate-only explicit source target; spelling, sense, proper-name and IELTS relevance review required before promotion.	lexical_candidate	candidate_only	pdf	pdf:page=80,section=word-list,target-printed-page=18
240 Vocabulary Words Kids Need to Know, Grade 1	scholastic-240-vocabulary-grade-1	walk	walk			Lesson 09 | printed page 30	80	registry:scholastic-240-vocabulary-grade-1		Candidate-only explicit source target; spelling, sense, proper-name and IELTS relevance review required before promotion.	lexical_candidate	candidate_only	pdf	pdf:page=80,section=word-list,target-printed-page=30
240 Vocabulary Words Kids Need to Know, Grade 1	scholastic-240-vocabulary-grade-1	baby	baby			Lesson 15 | printed page 48	80	registry:scholastic-240-vocabulary-grade-1		Candidate-only explicit source target; spelling, sense, proper-name and IELTS relevance review required before promotion.	lexical_candidate	candidate_only	pdf	pdf:page=80,section=word-list,target-printed-page=48
240 Vocabulary Words Kids Need to Know, Grade 1	scholastic-240-vocabulary-grade-1	duckling	duckling			Lesson 13 | printed page 42	80	registry:scholastic-240-vocabulary-grade-1		Candidate-only explicit source target; spelling, sense, proper-name and IELTS relevance review required before promotion.	lexical_candidate	candidate_only	pdf	pdf:page=80,section=word-list,target-printed-page=42
240 Vocabulary Words Kids Need to Know, Grade 1	scholastic-240-vocabulary-grade-1	hop	hop			Lesson 09 | printed page 30	80	registry:scholastic-240-vocabulary-grade-1		Candidate-only explicit source target; spelling, sense, proper-name and IELTS relevance review required before promotion.	lexical_candidate	candidate_only	pdf	pdf:page=80,section=word-list,target-printed-page=30
240 Vocabulary Words Kids Need to Know, Grade 1	scholastic-240-vocabulary-grade-1	pan	pan			Lesson 14 | printed page 45	80	registry:scholastic-240-vocabulary-grade-1		Candidate-only explicit source target; spelling, sense, proper-name and IELTS relevance review required before promotion.	lexical_candidate	candidate_only	pdf	pdf:page=80,section=word-list,target-printed-page=45
240 Vocabulary Words Kids Need to Know, Grade 1	scholastic-240-vocabulary-grade-1	small	small			Lesson 06 | printed page 21	80	registry:scholastic-240-vocabulary-grade-1		Candidate-only explicit source target; spelling, sense, proper-name and IELTS relevance review required before promotion.	lexical_candidate	candidate_only	pdf	pdf:page=80,section=word-list,target-printed-page=21
240 Vocabulary Words Kids Need to Know, Grade 1	scholastic-240-vocabulary-grade-1	water	water			Lesson 19 | printed page 60	80	registry:scholastic-240-vocabulary-grade-1		Candidate-only explicit source target; spelling, sense, proper-name and IELTS relevance review required before promotion.	lexical_candidate	candidate_only	pdf	pdf:page=80,section=word-list,target-printed-page=60
240 Vocabulary Words Kids Need to Know, Grade 1	scholastic-240-vocabulary-grade-1	backpack	backpack			Lesson 12 | printed page 39	80	registry:scholastic-240-vocabulary-grade-1		Candidate-only explicit source target; spelling, sense, proper-name and IELTS relevance review required before promotion.	lexical_candidate	candidate_only	pdf	pdf:page=80,section=word-list,target-printed-page=39
240 Vocabulary Words Kids Need to Know, Grade 1	scholastic-240-vocabulary-grade-1	horse	horse			Lesson 17 | printed page 54	80	registry:scholastic-240-vocabulary-grade-1		Candidate-only explicit source target; spelling, sense, proper-name and IELTS relevance review required before promotion.	lexical_candidate	candidate_only	pdf	pdf:page=80,section=word-list,target-printed-page=54
240 Vocabulary Words Kids Need to Know, Grade 1	scholastic-240-vocabulary-grade-1	paper	paper			Lesson 18 | printed page 57	80	registry:scholastic-240-vocabulary-grade-1		Candidate-only explicit source target; spelling, sense, proper-name and IELTS relevance review required before promotion.	lexical_candidate	candidate_only	pdf	pdf:page=80,section=word-list,target-printed-page=57
240 Vocabulary Words Kids Need to Know, Grade 1	scholastic-240-vocabulary-grade-1	smell	smell			Lesson 20 | printed page 63	80	registry:scholastic-240-vocabulary-grade-1		Candidate-only explicit source target; spelling, sense, proper-name and IELTS relevance review required before promotion.	lexical_candidate	candidate_only	pdf	pdf:page=80,section=word-list,target-printed-page=63
240 Vocabulary Words Kids Need to Know, Grade 1	scholastic-240-vocabulary-grade-1	bake	bake			Lesson 14 | printed page 45	80	registry:scholastic-240-vocabulary-grade-1		Candidate-only explicit source target; spelling, sense, proper-name and IELTS relevance review required before promotion.	lexical_candidate	candidate_only	pdf	pdf:page=80,section=word-list,target-printed-page=45
240 Vocabulary Words Kids Need to Know, Grade 1	scholastic-240-vocabulary-grade-1	ears	ears			Lesson 20 | printed page 63	80	registry:scholastic-240-vocabulary-grade-1		Candidate-only explicit source target; spelling, sense, proper-name and IELTS relevance review required before promotion.	lexical_candidate	candidate_only	pdf	pdf:page=80,section=word-list,target-printed-page=63
240 Vocabulary Words Kids Need to Know, Grade 1	scholastic-240-vocabulary-grade-1	hot	hot			Lesson 06 | printed page 21	80	registry:scholastic-240-vocabulary-grade-1		Candidate-only explicit source target; spelling, sense, proper-name and IELTS relevance review required before promotion.	lexical_candidate	candidate_only	pdf	pdf:page=80,section=word-list,target-printed-page=21
240 Vocabulary Words Kids Need to Know, Grade 1	scholastic-240-vocabulary-grade-1	peach	peach			Lesson 22 | printed page 69	80	registry:scholastic-240-vocabulary-grade-1		Candidate-only explicit source target; spelling, sense, proper-name and IELTS relevance review required before promotion.	lexical_candidate	candidate_only	pdf	pdf:page=80,section=word-list,target-printed-page=69
240 Vocabulary Words Kids Need to Know, Grade 1	scholastic-240-vocabulary-grade-1	smooth	smooth			Lesson 08 | printed page 27	80	registry:scholastic-240-vocabulary-grade-1		Candidate-only explicit source target; spelling, sense, proper-name and IELTS relevance review required before promotion.	lexical_candidate	candidate_only	pdf	pdf:page=80,section=word-list,target-printed-page=27
240 Vocabulary Words Kids Need to Know, Grade 1	scholastic-240-vocabulary-grade-1	banana	banana			Lesson 22 | printed page 69	80	registry:scholastic-240-vocabulary-grade-1		Candidate-only explicit source target; spelling, sense, proper-name and IELTS relevance review required before promotion.	lexical_candidate	candidate_only	pdf	pdf:page=80,section=word-list,target-printed-page=69
240 Vocabulary Words Kids Need to Know, Grade 1	scholastic-240-vocabulary-grade-1	egg	egg			Lesson 17 | printed page 54	80	registry:scholastic-240-vocabulary-grade-1		Candidate-only explicit source target; spelling, sense, proper-name and IELTS relevance review required before promotion.	lexical_candidate	candidate_only	pdf	pdf:page=80,section=word-list,target-printed-page=54
240 Vocabulary Words Kids Need to Know, Grade 1	scholastic-240-vocabulary-grade-1	how	how			Lesson 04 | printed page 15	80	registry:scholastic-240-vocabulary-grade-1		Candidate-only explicit source target; spelling, sense, proper-name and IELTS relevance review required before promotion.	lexical_candidate	candidate_only	pdf	pdf:page=80,section=word-list,target-printed-page=15
240 Vocabulary Words Kids Need to Know, Grade 1	scholastic-240-vocabulary-grade-1	peas	peas			Lesson 23 | printed page 72	80	registry:scholastic-240-vocabulary-grade-1		Candidate-only explicit source target; spelling, sense, proper-name and IELTS relevance review required before promotion.	lexical_candidate	candidate_only	pdf	pdf:page=80,section=word-list,target-printed-page=72
240 Vocabulary Words Kids Need to Know, Grade 1	scholastic-240-vocabulary-grade-1	snow	snow			Lesson 19 | printed page 60	80	registry:scholastic-240-vocabulary-grade-1		Candidate-only explicit source target; spelling, sense, proper-name and IELTS relevance review required before promotion.	lexical_candidate	candidate_only	pdf	pdf:page=80,section=word-list,target-printed-page=60
240 Vocabulary Words Kids Need to Know, Grade 1	scholastic-240-vocabulary-grade-1	what	what			Lesson 04 | printed page 15	80	registry:scholastic-240-vocabulary-grade-1		Candidate-only explicit source target; spelling, sense, proper-name and IELTS relevance review required before promotion.	lexical_candidate	candidate_only	pdf	pdf:page=80,section=word-list,target-printed-page=15
240 Vocabulary Words Kids Need to Know, Grade 1	scholastic-240-vocabulary-grade-1	barn	barn			Lesson 17 | printed page 54	80	registry:scholastic-240-vocabulary-grade-1		Candidate-only explicit source target; spelling, sense, proper-name and IELTS relevance review required before promotion.	lexical_candidate	candidate_only	pdf	pdf:page=80,section=word-list,target-printed-page=54
240 Vocabulary Words Kids Need to Know, Grade 1	scholastic-240-vocabulary-grade-1	eight	eight			Lesson 01 | printed page 6	80	registry:scholastic-240-vocabulary-grade-1		Candidate-only explicit source target; spelling, sense, proper-name and IELTS relevance review required before promotion.	lexical_candidate	candidate_only	pdf	pdf:page=80,section=word-list,target-printed-page=6
240 Vocabulary Words Kids Need to Know, Grade 1	scholastic-240-vocabulary-grade-1	pencil	pencil			Lesson 18 | printed page 57	80	registry:scholastic-240-vocabulary-grade-1		Candidate-only explicit source target; spelling, sense, proper-name and IELTS relevance review required before promotion.	lexical_candidate	candidate_only	pdf	pdf:page=80,section=word-list,target-printed-page=57
240 Vocabulary Words Kids Need to Know, Grade 1	scholastic-240-vocabulary-grade-1	so	so			Lesson 11 | printed page 36	80	registry:scholastic-240-vocabulary-grade-1		Candidate-only explicit source target; spelling, sense, proper-name and IELTS relevance review required before promotion.	lexical_candidate	candidate_only	pdf	pdf:page=80,section=word-list,target-printed-page=36
240 Vocabulary Words Kids Need to Know, Grade 1	scholastic-240-vocabulary-grade-1	when	when			Lesson 04 | printed page 15	80	registry:scholastic-240-vocabulary-grade-1		Candidate-only explicit source target; spelling, sense, proper-name and IELTS relevance review required before promotion.	lexical_candidate	candidate_only	pdf	pdf:page=80,section=word-list,target-printed-page=15
240 Vocabulary Words Kids Need to Know, Grade 1	scholastic-240-vocabulary-grade-1	bathrobe	bathrobe			Lesson 12 | printed page 39	80	registry:scholastic-240-vocabulary-grade-1		Candidate-only explicit source target; spelling, sense, proper-name and IELTS relevance review required before promotion.	lexical_candidate	candidate_only	pdf	pdf:page=80,section=word-list,target-printed-page=39
240 Vocabulary Words Kids Need to Know, Grade 1	scholastic-240-vocabulary-grade-1	elbow	elbow			Lesson 21 | printed page 66	80	registry:scholastic-240-vocabulary-grade-1		Candidate-only explicit source target; spelling, sense, proper-name and IELTS relevance review required before promotion.	lexical_candidate	candidate_only	pdf	pdf:page=80,section=word-list,target-printed-page=66
240 Vocabulary Words Kids Need to Know, Grade 1	scholastic-240-vocabulary-grade-1	into	into			Lesson 03 | printed page 12	80	registry:scholastic-240-vocabulary-grade-1		Candidate-only explicit source target; spelling, sense, proper-name and IELTS relevance review required before promotion.	lexical_candidate	candidate_only	pdf	pdf:page=80,section=word-list,target-printed-page=12
240 Vocabulary Words Kids Need to Know, Grade 1	scholastic-240-vocabulary-grade-1	pepper	pepper			Lesson 23 | printed page 72	80	registry:scholastic-240-vocabulary-grade-1		Candidate-only explicit source target; spelling, sense, proper-name and IELTS relevance review required before promotion.	lexical_candidate	candidate_only	pdf	pdf:page=80,section=word-list,target-printed-page=72
240 Vocabulary Words Kids Need to Know, Grade 1	scholastic-240-vocabulary-grade-1	soft	soft			Lesson 08 | printed page 27	80	registry:scholastic-240-vocabulary-grade-1		Candidate-only explicit source target; spelling, sense, proper-name and IELTS relevance review required before promotion.	lexical_candidate	candidate_only	pdf	pdf:page=80,section=word-list,target-printed-page=27
240 Vocabulary Words Kids Need to Know, Grade 1	scholastic-240-vocabulary-grade-1	where	where			Lesson 04 | printed page 15	80	registry:scholastic-240-vocabulary-grade-1		Candidate-only explicit source target; spelling, sense, proper-name and IELTS relevance review required before promotion.	lexical_candidate	candidate_only	pdf	pdf:page=80,section=word-list,target-printed-page=15
240 Vocabulary Words Kids Need to Know, Grade 1	scholastic-240-vocabulary-grade-1	bedroom	bedroom			Lesson 12 | printed page 39	80	registry:scholastic-240-vocabulary-grade-1		Candidate-only explicit source target; spelling, sense, proper-name and IELTS relevance review required before promotion.	lexical_candidate	candidate_only	pdf	pdf:page=80,section=word-list,target-printed-page=39
240 Vocabulary Words Kids Need to Know, Grade 1	scholastic-240-vocabulary-grade-1	eyes	eyes			Lesson 20 | printed page 63	80	registry:scholastic-240-vocabulary-grade-1		Candidate-only explicit source target; spelling, sense, proper-name and IELTS relevance review required before promotion.	lexical_candidate	candidate_only	pdf	pdf:page=80,section=word-list,target-printed-page=63
240 Vocabulary Words Kids Need to Know, Grade 1	scholastic-240-vocabulary-grade-1	pig	pig			Lesson 17 | printed page 54	80	registry:scholastic-240-vocabulary-grade-1		Candidate-only explicit source target; spelling, sense, proper-name and IELTS relevance review required before promotion.	lexical_candidate	candidate_only	pdf	pdf:page=80,section=word-list,target-printed-page=54
240 Vocabulary Words Kids Need to Know, Grade 1	scholastic-240-vocabulary-grade-1	son	son			Lesson 15 | printed page 48	80	registry:scholastic-240-vocabulary-grade-1		Candidate-only explicit source target; spelling, sense, proper-name and IELTS relevance review required before promotion.	lexical_candidate	candidate_only	pdf	pdf:page=80,section=word-list,target-printed-page=48
240 Vocabulary Words Kids Need to Know, Grade 1	scholastic-240-vocabulary-grade-1	which	which			Lesson 04 | printed page 15	80	registry:scholastic-240-vocabulary-grade-1		Candidate-only explicit source target; spelling, sense, proper-name and IELTS relevance review required before promotion.	lexical_candidate	candidate_only	pdf	pdf:page=80,section=word-list,target-printed-page=15
240 Vocabulary Words Kids Need to Know, Grade 1	scholastic-240-vocabulary-grade-1	before	before			Lesson 03 | printed page 12	80	registry:scholastic-240-vocabulary-grade-1		Candidate-only explicit source target; spelling, sense, proper-name and IELTS relevance review required before promotion.	lexical_candidate	candidate_only	pdf	pdf:page=80,section=word-list,target-printed-page=12
240 Vocabulary Words Kids Need to Know, Grade 1	scholastic-240-vocabulary-grade-1	jog	jog			Lesson 09 | printed page 30	80	registry:scholastic-240-vocabulary-grade-1		Candidate-only explicit source target; spelling, sense, proper-name and IELTS relevance review required before promotion.	lexical_candidate	candidate_only	pdf	pdf:page=80,section=word-list,target-printed-page=30
240 Vocabulary Words Kids Need to Know, Grade 1	scholastic-240-vocabulary-grade-1	pink	pink			Lesson 02 | printed page 9	80	registry:scholastic-240-vocabulary-grade-1		Candidate-only explicit source target; spelling, sense, proper-name and IELTS relevance review required before promotion.	lexical_candidate	candidate_only	pdf	pdf:page=80,section=word-list,target-printed-page=9
240 Vocabulary Words Kids Need to Know, Grade 1	scholastic-240-vocabulary-grade-1	spoon	spoon			Lesson 14 | printed page 45	80	registry:scholastic-240-vocabulary-grade-1		Candidate-only explicit source target; spelling, sense, proper-name and IELTS relevance review required before promotion.	lexical_candidate	candidate_only	pdf	pdf:page=80,section=word-list,target-printed-page=45
240 Vocabulary Words Kids Need to Know, Grade 1	scholastic-240-vocabulary-grade-1	white	white			Lesson 02 | printed page 9	80	registry:scholastic-240-vocabulary-grade-1		Candidate-only explicit source target; spelling, sense, proper-name and IELTS relevance review required before promotion.	lexical_candidate	candidate_only	pdf	pdf:page=80,section=word-list,target-printed-page=9
240 Vocabulary Words Kids Need to Know, Grade 1	scholastic-240-vocabulary-grade-1	big	big			Lesson 05 | printed page 18	80	registry:scholastic-240-vocabulary-grade-1		Candidate-only explicit source target; spelling, sense, proper-name and IELTS relevance review required before promotion.	lexical_candidate	candidate_only	pdf	pdf:page=80,section=word-list,target-printed-page=18
240 Vocabulary Words Kids Need to Know, Grade 1	scholastic-240-vocabulary-grade-1	family	family			Lesson 15 | printed page 48	80	registry:scholastic-240-vocabulary-grade-1		Candidate-only explicit source target; spelling, sense, proper-name and IELTS relevance review required before promotion.	lexical_candidate	candidate_only	pdf	pdf:page=80,section=word-list,target-printed-page=48
240 Vocabulary Words Kids Need to Know, Grade 1	scholastic-240-vocabulary-grade-1	jump	jump			Lesson 09 | printed page 30	80	registry:scholastic-240-vocabulary-grade-1		Candidate-only explicit source target; spelling, sense, proper-name and IELTS relevance review required before promotion.	lexical_candidate	candidate_only	pdf	pdf:page=80,section=word-list,target-printed-page=30
240 Vocabulary Words Kids Need to Know, Grade 1	scholastic-240-vocabulary-grade-1	plant	plant			Lesson 24 | printed page 75	80	registry:scholastic-240-vocabulary-grade-1		Candidate-only explicit source target; spelling, sense, proper-name and IELTS relevance review required before promotion.	lexical_candidate	candidate_only	pdf	pdf:page=80,section=word-list,target-printed-page=75
240 Vocabulary Words Kids Need to Know, Grade 1	scholastic-240-vocabulary-grade-1	stem	stem			Lesson 24 | printed page 75	80	registry:scholastic-240-vocabulary-grade-1		Candidate-only explicit source target; spelling, sense, proper-name and IELTS relevance review required before promotion.	lexical_candidate	candidate_only	pdf	pdf:page=80,section=word-list,target-printed-page=75
240 Vocabulary Words Kids Need to Know, Grade 1	scholastic-240-vocabulary-grade-1	who	who			Lesson 04 | printed page 15	80	registry:scholastic-240-vocabulary-grade-1		Candidate-only explicit source target; spelling, sense, proper-name and IELTS relevance review required before promotion.	lexical_candidate	candidate_only	pdf	pdf:page=80,section=word-list,target-printed-page=15
240 Vocabulary Words Kids Need to Know, Grade 1	scholastic-240-vocabulary-grade-1	black	black			Lesson 02 | printed page 9	80	registry:scholastic-240-vocabulary-grade-1		Candidate-only explicit source target; spelling, sense, proper-name and IELTS relevance review required before promotion.	lexical_candidate	candidate_only	pdf	pdf:page=80,section=word-list,target-printed-page=9
240 Vocabulary Words Kids Need to Know, Grade 1	scholastic-240-vocabulary-grade-1	farm	farm			Lesson 17 | printed page 54	80	registry:scholastic-240-vocabulary-grade-1		Candidate-only explicit source target; spelling, sense, proper-name and IELTS relevance review required before promotion.	lexical_candidate	candidate_only	pdf	pdf:page=80,section=word-list,target-printed-page=54
240 Vocabulary Words Kids Need to Know, Grade 1	scholastic-240-vocabulary-grade-1	plop	plop			Lesson 07 | printed page 24	80	registry:scholastic-240-vocabulary-grade-1		Candidate-only explicit source target; spelling, sense, proper-name and IELTS relevance review required before promotion.	lexical_candidate	candidate_only	pdf	pdf:page=80,section=word-list,target-printed-page=24
240 Vocabulary Words Kids Need to Know, Grade 1	scholastic-240-vocabulary-grade-1	sticky	sticky			Lesson 08 | printed page 27	80	registry:scholastic-240-vocabulary-grade-1		Candidate-only explicit source target; spelling, sense, proper-name and IELTS relevance review required before promotion.	lexical_candidate	candidate_only	pdf	pdf:page=80,section=word-list,target-printed-page=27
240 Vocabulary Words Kids Need to Know, Grade 1	scholastic-240-vocabulary-grade-1	why	why			Lesson 04 | printed page 15	80	registry:scholastic-240-vocabulary-grade-1		Candidate-only explicit source target; spelling, sense, proper-name and IELTS relevance review required before promotion.	lexical_candidate	candidate_only	pdf	pdf:page=80,section=word-list,target-printed-page=15
240 Vocabulary Words Kids Need to Know, Grade 1	scholastic-240-vocabulary-grade-1	blue	blue			Lesson 02 | printed page 9	80	registry:scholastic-240-vocabulary-grade-1		Candidate-only explicit source target; spelling, sense, proper-name and IELTS relevance review required before promotion.	lexical_candidate	candidate_only	pdf	pdf:page=80,section=word-list,target-printed-page=9
240 Vocabulary Words Kids Need to Know, Grade 1	scholastic-240-vocabulary-grade-1	farmer	farmer			Lesson 17 | printed page 54	80	registry:scholastic-240-vocabulary-grade-1		Candidate-only explicit source target; spelling, sense, proper-name and IELTS relevance review required before promotion.	lexical_candidate	candidate_only	pdf	pdf:page=80,section=word-list,target-printed-page=54
240 Vocabulary Words Kids Need to Know, Grade 1	scholastic-240-vocabulary-grade-1	kitten	kitten			Lesson 13 | printed page 42	80	registry:scholastic-240-vocabulary-grade-1		Candidate-only explicit source target; spelling, sense, proper-name and IELTS relevance review required before promotion.	lexical_candidate	candidate_only	pdf	pdf:page=80,section=word-list,target-printed-page=42
240 Vocabulary Words Kids Need to Know, Grade 1	scholastic-240-vocabulary-grade-1	plum	plum			Lesson 22 | printed page 69	80	registry:scholastic-240-vocabulary-grade-1		Candidate-only explicit source target; spelling, sense, proper-name and IELTS relevance review required before promotion.	lexical_candidate	candidate_only	pdf	pdf:page=80,section=word-list,target-printed-page=69
240 Vocabulary Words Kids Need to Know, Grade 1	scholastic-240-vocabulary-grade-1	stop	stop			Lesson 05 | printed page 18	80	registry:scholastic-240-vocabulary-grade-1		Candidate-only explicit source target; spelling, sense, proper-name and IELTS relevance review required before promotion.	lexical_candidate	candidate_only	pdf	pdf:page=80,section=word-list,target-printed-page=18
240 Vocabulary Words Kids Need to Know, Grade 1	scholastic-240-vocabulary-grade-1	wind	wind			Lesson 19 | printed page 60	80	registry:scholastic-240-vocabulary-grade-1		Candidate-only explicit source target; spelling, sense, proper-name and IELTS relevance review required before promotion.	lexical_candidate	candidate_only	pdf	pdf:page=80,section=word-list,target-printed-page=60
240 Vocabulary Words Kids Need to Know, Grade 1	scholastic-240-vocabulary-grade-1	book	book			Lesson 18 | printed page 57	80	registry:scholastic-240-vocabulary-grade-1		Candidate-only explicit source target; spelling, sense, proper-name and IELTS relevance review required before promotion.	lexical_candidate	candidate_only	pdf	pdf:page=80,section=word-list,target-printed-page=57
240 Vocabulary Words Kids Need to Know, Grade 1	scholastic-240-vocabulary-grade-1	fast	fast			Lesson 05 | printed page 18	80	registry:scholastic-240-vocabulary-grade-1		Candidate-only explicit source target; spelling, sense, proper-name and IELTS relevance review required before promotion.	lexical_candidate	candidate_only	pdf	pdf:page=80,section=word-list,target-printed-page=18
240 Vocabulary Words Kids Need to Know, Grade 1	scholastic-240-vocabulary-grade-1	knee	knee			Lesson 21 | printed page 66	80	registry:scholastic-240-vocabulary-grade-1		Candidate-only explicit source target; spelling, sense, proper-name and IELTS relevance review required before promotion.	lexical_candidate	candidate_only	pdf	pdf:page=80,section=word-list,target-printed-page=66
240 Vocabulary Words Kids Need to Know, Grade 1	scholastic-240-vocabulary-grade-1	pop	pop			Lesson 07 | printed page 24	80	registry:scholastic-240-vocabulary-grade-1		Candidate-only explicit source target; spelling, sense, proper-name and IELTS relevance review required before promotion.	lexical_candidate	candidate_only	pdf	pdf:page=80,section=word-list,target-printed-page=24
240 Vocabulary Words Kids Need to Know, Grade 1	scholastic-240-vocabulary-grade-1	storm	storm			Lesson 19 | printed page 60	80	registry:scholastic-240-vocabulary-grade-1		Candidate-only explicit source target; spelling, sense, proper-name and IELTS relevance review required before promotion.	lexical_candidate	candidate_only	pdf	pdf:page=80,section=word-list,target-printed-page=60
240 Vocabulary Words Kids Need to Know, Grade 1	scholastic-240-vocabulary-grade-1	write	write			Lesson 11 | printed page 36	80	registry:scholastic-240-vocabulary-grade-1		Candidate-only explicit source target; spelling, sense, proper-name and IELTS relevance review required before promotion.	lexical_candidate	candidate_only	pdf	pdf:page=80,section=word-list,target-printed-page=36
240 Vocabulary Words Kids Need to Know, Grade 1	scholastic-240-vocabulary-grade-1	bowl	bowl			Lesson 14 | printed page 45	80	registry:scholastic-240-vocabulary-grade-1		Candidate-only explicit source target; spelling, sense, proper-name and IELTS relevance review required before promotion.	lexical_candidate	candidate_only	pdf	pdf:page=80,section=word-list,target-printed-page=45
240 Vocabulary Words Kids Need to Know, Grade 1	scholastic-240-vocabulary-grade-1	father	father			Lesson 15 | printed page 48	80	registry:scholastic-240-vocabulary-grade-1		Candidate-only explicit source target; spelling, sense, proper-name and IELTS relevance review required before promotion.	lexical_candidate	candidate_only	pdf	pdf:page=80,section=word-list,target-printed-page=48
240 Vocabulary Words Kids Need to Know, Grade 1	scholastic-240-vocabulary-grade-1	potato	potato			Lesson 23 | printed page 72	80	registry:scholastic-240-vocabulary-grade-1		Candidate-only explicit source target; spelling, sense, proper-name and IELTS relevance review required before promotion.	lexical_candidate	candidate_only	pdf	pdf:page=80,section=word-list,target-printed-page=72
240 Vocabulary Words Kids Need to Know, Grade 1	scholastic-240-vocabulary-grade-1	boy	boy			Lesson 05 | printed page 18	80	registry:scholastic-240-vocabulary-grade-1		Candidate-only explicit source target; spelling, sense, proper-name and IELTS relevance review required before promotion.	lexical_candidate	candidate_only	pdf	pdf:page=80,section=word-list,target-printed-page=18
240 Vocabulary Words Kids Need to Know, Grade 1	scholastic-240-vocabulary-grade-1	finger	finger			Lesson 21 | printed page 66	80	registry:scholastic-240-vocabulary-grade-1		Candidate-only explicit source target; spelling, sense, proper-name and IELTS relevance review required before promotion.	lexical_candidate	candidate_only	pdf	pdf:page=80,section=word-list,target-printed-page=66
240 Vocabulary Words Kids Need to Know, Grade 1	scholastic-240-vocabulary-grade-1	large	large			Lesson 06 | printed page 21	80	registry:scholastic-240-vocabulary-grade-1		Candidate-only explicit source target; spelling, sense, proper-name and IELTS relevance review required before promotion.	lexical_candidate	candidate_only	pdf	pdf:page=80,section=word-list,target-printed-page=21
240 Vocabulary Words Kids Need to Know, Grade 1	scholastic-240-vocabulary-grade-1	pour	pour			Lesson 14 | printed page 45	80	registry:scholastic-240-vocabulary-grade-1		Candidate-only explicit source target; spelling, sense, proper-name and IELTS relevance review required before promotion.	lexical_candidate	candidate_only	pdf	pdf:page=80,section=word-list,target-printed-page=45
240 Vocabulary Words Kids Need to Know, Grade 1	scholastic-240-vocabulary-grade-1	yellow	yellow			Lesson 02 | printed page 9	80	registry:scholastic-240-vocabulary-grade-1		Candidate-only explicit source target; spelling, sense, proper-name and IELTS relevance review required before promotion.	lexical_candidate	candidate_only	pdf	pdf:page=80,section=word-list,target-printed-page=9
240 Vocabulary Words Kids Need to Know, Grade 1	scholastic-240-vocabulary-grade-1	branch	branch			Lesson 24 | printed page 75	80	registry:scholastic-240-vocabulary-grade-1		Candidate-only explicit source target; spelling, sense, proper-name and IELTS relevance review required before promotion.	lexical_candidate	candidate_only	pdf	pdf:page=80,section=word-list,target-printed-page=75
240 Vocabulary Words Kids Need to Know, Grade 1	scholastic-240-vocabulary-grade-1	five	five			Lesson 01 | printed page 6	80	registry:scholastic-240-vocabulary-grade-1		Candidate-only explicit source target; spelling, sense, proper-name and IELTS relevance review required before promotion.	lexical_candidate	candidate_only	pdf	pdf:page=80,section=word-list,target-printed-page=6
240 Vocabulary Words Kids Need to Know, Grade 1	scholastic-240-vocabulary-grade-1	leaf	leaf			Lesson 24 | printed page 75	80	registry:scholastic-240-vocabulary-grade-1		Candidate-only explicit source target; spelling, sense, proper-name and IELTS relevance review required before promotion.	lexical_candidate	candidate_only	pdf	pdf:page=80,section=word-list,target-printed-page=75
240 Vocabulary Words Kids Need to Know, Grade 1	scholastic-240-vocabulary-grade-1	pull	pull			Lesson 10 | printed page 33	80	registry:scholastic-240-vocabulary-grade-1		Candidate-only explicit source target; spelling, sense, proper-name and IELTS relevance review required before promotion.	lexical_candidate	candidate_only	pdf	pdf:page=80,section=word-list,target-printed-page=33
240 Vocabulary Words Kids Need to Know, Grade 1	scholastic-240-vocabulary-grade-1	student	student			Lesson 18 | printed page 57	80	registry:scholastic-240-vocabulary-grade-1		Candidate-only explicit source target; spelling, sense, proper-name and IELTS relevance review required before promotion.	lexical_candidate	candidate_only	pdf	pdf:page=80,section=word-list,target-printed-page=57
240 Vocabulary Words Kids Need to Know, Grade 1	scholastic-240-vocabulary-grade-1	yes	yes			Lesson 06 | printed page 21	80	registry:scholastic-240-vocabulary-grade-1		Candidate-only explicit source target; spelling, sense, proper-name and IELTS relevance review required before promotion.	lexical_candidate	candidate_only	pdf	pdf:page=80,section=word-list,target-printed-page=21
240 Vocabulary Words Kids Need to Know, Grade 1	scholastic-240-vocabulary-grade-1	brother	brother			Lesson 15 | printed page 48	80	registry:scholastic-240-vocabulary-grade-1		Candidate-only explicit source target; spelling, sense, proper-name and IELTS relevance review required before promotion.	lexical_candidate	candidate_only	pdf	pdf:page=80,section=word-list,target-printed-page=48
240 Vocabulary Words Kids Need to Know, Grade 1	scholastic-240-vocabulary-grade-1	lap	lap			Lesson 10 | printed page 33	80	registry:scholastic-240-vocabulary-grade-1		Candidate-only explicit source target; spelling, sense, proper-name and IELTS relevance review required before promotion.	lexical_candidate	candidate_only	pdf	pdf:page=80,section=word-list,target-printed-page=33
240 Vocabulary Words Kids Need to Know, Grade 1	scholastic-240-vocabulary-grade-1	leg	leg			Lesson 21 | printed page 66	80	registry:scholastic-240-vocabulary-grade-1		Candidate-only explicit source target; spelling, sense, proper-name and IELTS relevance review required before promotion.	lexical_candidate	candidate_only	pdf	pdf:page=80,section=word-list,target-printed-page=66
240 Vocabulary Words Kids Need to Know, Grade 1	scholastic-240-vocabulary-grade-1	puppy	puppy			Lesson 13 | printed page 42	80	registry:scholastic-240-vocabulary-grade-1		Candidate-only explicit source target; spelling, sense, proper-name and IELTS relevance review required before promotion.	lexical_candidate	candidate_only	pdf	pdf:page=80,section=word-list,target-printed-page=42
240 Vocabulary Words Kids Need to Know, Grade 1	scholastic-240-vocabulary-grade-1	sun	sun			Lesson 19 | printed page 60	80	registry:scholastic-240-vocabulary-grade-1		Candidate-only explicit source target; spelling, sense, proper-name and IELTS relevance review required before promotion.	lexical_candidate	candidate_only	pdf	pdf:page=80,section=word-list,target-printed-page=60
240 Vocabulary Words Kids Need to Know, Grade 1	scholastic-240-vocabulary-grade-1	yesterday	yesterday			Lesson 16 | printed page 51	80	registry:scholastic-240-vocabulary-grade-1		Candidate-only explicit source target; spelling, sense, proper-name and IELTS relevance review required before promotion.	lexical_candidate	candidate_only	pdf	pdf:page=80,section=word-list,target-printed-page=51
240 Vocabulary Words Kids Need to Know, Grade 1	scholastic-240-vocabulary-grade-1	brown	brown			Lesson 02 | printed page 9	80	registry:scholastic-240-vocabulary-grade-1		Candidate-only explicit source target; spelling, sense, proper-name and IELTS relevance review required before promotion.	lexical_candidate	candidate_only	pdf	pdf:page=80,section=word-list,target-printed-page=9
240 Vocabulary Words Kids Need to Know, Grade 1	scholastic-240-vocabulary-grade-1	flashlight	flashlight			Lesson 12 | printed page 39	80	registry:scholastic-240-vocabulary-grade-1		Candidate-only explicit source target; spelling, sense, proper-name and IELTS relevance review required before promotion.	lexical_candidate	candidate_only	pdf	pdf:page=80,section=word-list,target-printed-page=39
240 Vocabulary Words Kids Need to Know, Grade 1	scholastic-240-vocabulary-grade-1	lemon	lemon			Lesson 22 | printed page 69	80	registry:scholastic-240-vocabulary-grade-1		Candidate-only explicit source target; spelling, sense, proper-name and IELTS relevance review required before promotion.	lexical_candidate	candidate_only	pdf	pdf:page=80,section=word-list,target-printed-page=69
240 Vocabulary Words Kids Need to Know, Grade 1	scholastic-240-vocabulary-grade-1	purple	purple			Lesson 02 | printed page 9	80	registry:scholastic-240-vocabulary-grade-1		Candidate-only explicit source target; spelling, sense, proper-name and IELTS relevance review required before promotion.	lexical_candidate	candidate_only	pdf	pdf:page=80,section=word-list,target-printed-page=9
240 Vocabulary Words Kids Need to Know, Grade 1	scholastic-240-vocabulary-grade-1	sunrise	sunrise			Lesson 16 | printed page 51	80	registry:scholastic-240-vocabulary-grade-1		Candidate-only explicit source target; spelling, sense, proper-name and IELTS relevance review required before promotion.	lexical_candidate	candidate_only	pdf	pdf:page=80,section=word-list,target-printed-page=51
240 Vocabulary Words Kids Need to Know, Grade 1	scholastic-240-vocabulary-grade-1	bud	bud			Lesson 24 | printed page 75	80	registry:scholastic-240-vocabulary-grade-1		Candidate-only explicit source target; spelling, sense, proper-name and IELTS relevance review required before promotion.	lexical_candidate	candidate_only	pdf	pdf:page=80,section=word-list,target-printed-page=75
240 Vocabulary Words Kids Need to Know, Grade 1	scholastic-240-vocabulary-grade-1	flour	flour			Lesson 14 | printed page 45	80	registry:scholastic-240-vocabulary-grade-1		Candidate-only explicit source target; spelling, sense, proper-name and IELTS relevance review required before promotion.	lexical_candidate	candidate_only	pdf	pdf:page=80,section=word-list,target-printed-page=45
240 Vocabulary Words Kids Need to Know, Grade 1	scholastic-240-vocabulary-grade-1	lettuce	lettuce			Lesson 23 | printed page 72	80	registry:scholastic-240-vocabulary-grade-1		Candidate-only explicit source target; spelling, sense, proper-name and IELTS relevance review required before promotion.	lexical_candidate	candidate_only	pdf	pdf:page=80,section=word-list,target-printed-page=72
240 Vocabulary Words Kids Need to Know, Grade 1	scholastic-240-vocabulary-grade-1	push	push			Lesson 10 | printed page 33	80	registry:scholastic-240-vocabulary-grade-1		Candidate-only explicit source target; spelling, sense, proper-name and IELTS relevance review required before promotion.	lexical_candidate	candidate_only	pdf	pdf:page=80,section=word-list,target-printed-page=33
240 Vocabulary Words Kids Need to Know, Grade 1	scholastic-240-vocabulary-grade-1	sunset	sunset			Lesson 16 | printed page 51	80	registry:scholastic-240-vocabulary-grade-1		Candidate-only explicit source target; spelling, sense, proper-name and IELTS relevance review required before promotion.	lexical_candidate	candidate_only	pdf	pdf:page=80,section=word-list,target-printed-page=51
240 Vocabulary Words Kids Need to Know, Grade 1	scholastic-240-vocabulary-grade-1	zoom	zoom			Lesson 07 | printed page 24	80	registry:scholastic-240-vocabulary-grade-1		Candidate-only explicit source target; spelling, sense, proper-name and IELTS relevance review required before promotion.	lexical_candidate	candidate_only	pdf	pdf:page=80,section=word-list,target-printed-page=24
240 Vocabulary Words Kids Need to Know, Grade 1	scholastic-240-vocabulary-grade-1	bumpy	bumpy			Lesson 08 | printed page 27	80	registry:scholastic-240-vocabulary-grade-1		Candidate-only explicit source target; spelling, sense, proper-name and IELTS relevance review required before promotion.	lexical_candidate	candidate_only	pdf	pdf:page=80,section=word-list,target-printed-page=27
240 Vocabulary Words Kids Need to Know, Grade 1	scholastic-240-vocabulary-grade-1	flower	flower			Lesson 24 | printed page 75	80	registry:scholastic-240-vocabulary-grade-1		Candidate-only explicit source target; spelling, sense, proper-name and IELTS relevance review required before promotion.	lexical_candidate	candidate_only	pdf	pdf:page=80,section=word-list,target-printed-page=75
240 Vocabulary Words Kids Need to Know, Grade 1	scholastic-240-vocabulary-grade-1	lightning	lightning			Lesson 19 | printed page 60	80	registry:scholastic-240-vocabulary-grade-1		Candidate-only explicit source target; spelling, sense, proper-name and IELTS relevance review required before promotion.	lexical_candidate	candidate_only	pdf	pdf:page=80,section=word-list,target-printed-page=60
240 Vocabulary Words Kids Need to Know, Grade 1	scholastic-240-vocabulary-grade-1	sway	sway			Lesson 10 | printed page 33	80	registry:scholastic-240-vocabulary-grade-1		Candidate-only explicit source target; spelling, sense, proper-name and IELTS relevance review required before promotion.	lexical_candidate	candidate_only	pdf	pdf:page=80,section=word-list,target-printed-page=33
240 Vocabulary Words Kids Need to Know, Grade 1	scholastic-240-vocabulary-grade-1	buy	buy			Lesson 11 | printed page 36	80	registry:scholastic-240-vocabulary-grade-1		Candidate-only explicit source target; spelling, sense, proper-name and IELTS relevance review required before promotion.	lexical_candidate	candidate_only	pdf	pdf:page=80,section=word-list,target-printed-page=36
240 Vocabulary Words Kids Need to Know, Grade 1	scholastic-240-vocabulary-grade-1	fluffy	fluffy			Lesson 08 | printed page 27	80	registry:scholastic-240-vocabulary-grade-1		Candidate-only explicit source target; spelling, sense, proper-name and IELTS relevance review required before promotion.	lexical_candidate	candidate_only	pdf	pdf:page=80,section=word-list,target-printed-page=27
240 Vocabulary Words Kids Need to Know, Grade 1	scholastic-240-vocabulary-grade-1	little	little			Lesson 05 | printed page 18	80	registry:scholastic-240-vocabulary-grade-1		Candidate-only explicit source target; spelling, sense, proper-name and IELTS relevance review required before promotion.	lexical_candidate	candidate_only	pdf	pdf:page=80,section=word-list,target-printed-page=18
240 Vocabulary Words Kids Need to Know, Grade 1	scholastic-240-vocabulary-grade-1	question	question			Lesson 04 | printed page 15	80	registry:scholastic-240-vocabulary-grade-1		Candidate-only explicit source target; spelling, sense, proper-name and IELTS relevance review required before promotion.	lexical_candidate	candidate_only	pdf	pdf:page=80,section=word-list,target-printed-page=15
240 Vocabulary Words Kids Need to Know, Grade 1	scholastic-240-vocabulary-grade-1	swim	swim			Lesson 09 | printed page 30	80	registry:scholastic-240-vocabulary-grade-1		Candidate-only explicit source target; spelling, sense, proper-name and IELTS relevance review required before promotion.	lexical_candidate	candidate_only	pdf	pdf:page=80,section=word-list,target-printed-page=30
240 Vocabulary Words Kids Need to Know, Grade 1	scholastic-240-vocabulary-grade-1	by	by			Lesson 11 | printed page 36	80	registry:scholastic-240-vocabulary-grade-1		Candidate-only explicit source target; spelling, sense, proper-name and IELTS relevance review required before promotion.	lexical_candidate	candidate_only	pdf	pdf:page=80,section=word-list,target-printed-page=36
240 Vocabulary Words Kids Need to Know, Grade 1	scholastic-240-vocabulary-grade-1	fly	fly			Lesson 09 | printed page 30	80	registry:scholastic-240-vocabulary-grade-1		Candidate-only explicit source target; spelling, sense, proper-name and IELTS relevance review required before promotion.	lexical_candidate	candidate_only	pdf	pdf:page=80,section=word-list,target-printed-page=30
240 Vocabulary Words Kids Need to Know, Grade 1	scholastic-240-vocabulary-grade-1	loop	loop			Lesson 10 | printed page 33	80	registry:scholastic-240-vocabulary-grade-1		Candidate-only explicit source target; spelling, sense, proper-name and IELTS relevance review required before promotion.	lexical_candidate	candidate_only	pdf	pdf:page=80,section=word-list,target-printed-page=33
240 Vocabulary Words Kids Need to Know, Grade 1	scholastic-240-vocabulary-grade-1	swing	swing			Lesson 10 | printed page 33	80	registry:scholastic-240-vocabulary-grade-1		Candidate-only explicit source target; spelling, sense, proper-name and IELTS relevance review required before promotion.	lexical_candidate	candidate_only	pdf	pdf:page=80,section=word-list,target-printed-page=33
240 Vocabulary Words Kids Need to Know, Grade 1	scholastic-240-vocabulary-grade-1	foot	foot			Lesson 21 | printed page 66	80	registry:scholastic-240-vocabulary-grade-1		Candidate-only explicit source target; spelling, sense, proper-name and IELTS relevance review required before promotion.	lexical_candidate	candidate_only	pdf	pdf:page=80,section=word-list,target-printed-page=66
240 Vocabulary Words Kids Need to Know, Grade 1	scholastic-240-vocabulary-grade-1	rain	rain			Lesson 19 | printed page 60	80	registry:scholastic-240-vocabulary-grade-1		Candidate-only explicit source target; spelling, sense, proper-name and IELTS relevance review required before promotion.	lexical_candidate	candidate_only	pdf	pdf:page=80,section=word-list,target-printed-page=60
240 Vocabulary Words Kids Need to Know, Grade 1	scholastic-240-vocabulary-grade-1	carrot	carrot			Lesson 23 | printed page 72	80	registry:scholastic-240-vocabulary-grade-1		Candidate-only explicit source target; spelling, sense, proper-name and IELTS relevance review required before promotion.	lexical_candidate	candidate_only	pdf	pdf:page=80,section=word-list,target-printed-page=72
240 Vocabulary Words Kids Need to Know, Grade 1	scholastic-240-vocabulary-grade-1	four	four			Lesson 01 | printed page 6	80	registry:scholastic-240-vocabulary-grade-1		Candidate-only explicit source target; spelling, sense, proper-name and IELTS relevance review required before promotion.	lexical_candidate	candidate_only	pdf	pdf:page=80,section=word-list,target-printed-page=6
240 Vocabulary Words Kids Need to Know, Grade 1	scholastic-240-vocabulary-grade-1	mailbox	mailbox			Lesson 12 | printed page 39	80	registry:scholastic-240-vocabulary-grade-1		Candidate-only explicit source target; spelling, sense, proper-name and IELTS relevance review required before promotion.	lexical_candidate	candidate_only	pdf	pdf:page=80,section=word-list,target-printed-page=39
240 Vocabulary Words Kids Need to Know, Grade 1	scholastic-240-vocabulary-grade-1	raincoat	raincoat			Lesson 12 | printed page 39	80	registry:scholastic-240-vocabulary-grade-1		Candidate-only explicit source target; spelling, sense, proper-name and IELTS relevance review required before promotion.	lexical_candidate	candidate_only	pdf	pdf:page=80,section=word-list,target-printed-page=39
240 Vocabulary Words Kids Need to Know, Grade 1	scholastic-240-vocabulary-grade-1	tadpole	tadpole			Lesson 13 | printed page 42	80	registry:scholastic-240-vocabulary-grade-1		Candidate-only explicit source target; spelling, sense, proper-name and IELTS relevance review required before promotion.	lexical_candidate	candidate_only	pdf	pdf:page=80,section=word-list,target-printed-page=42
240 Vocabulary Words Kids Need to Know, Grade 1	scholastic-240-vocabulary-grade-1	cat	cat			Lesson 13 | printed page 42	80	registry:scholastic-240-vocabulary-grade-1		Candidate-only explicit source target; spelling, sense, proper-name and IELTS relevance review required before promotion.	lexical_candidate	candidate_only	pdf	pdf:page=80,section=word-list,target-printed-page=42
240 Vocabulary Words Kids Need to Know, Grade 1	scholastic-240-vocabulary-grade-1	friend	friend			Lesson 18 | printed page 57	80	registry:scholastic-240-vocabulary-grade-1		Candidate-only explicit source target; spelling, sense, proper-name and IELTS relevance review required before promotion.	lexical_candidate	candidate_only	pdf	pdf:page=80,section=word-list,target-printed-page=57
240 Vocabulary Words Kids Need to Know, Grade 1	scholastic-240-vocabulary-grade-1	meat	meat			Lesson 11 | printed page 36	80	registry:scholastic-240-vocabulary-grade-1		Candidate-only explicit source target; spelling, sense, proper-name and IELTS relevance review required before promotion.	lexical_candidate	candidate_only	pdf	pdf:page=80,section=word-list,target-printed-page=36
240 Vocabulary Words Kids Need to Know, Grade 1	scholastic-240-vocabulary-grade-1	recipe	recipe			Lesson 14 | printed page 45	80	registry:scholastic-240-vocabulary-grade-1		Candidate-only explicit source target; spelling, sense, proper-name and IELTS relevance review required before promotion.	lexical_candidate	candidate_only	pdf	pdf:page=80,section=word-list,target-printed-page=45
240 Vocabulary Words Kids Need to Know, Grade 1	scholastic-240-vocabulary-grade-1	take	take			Lesson 05 | printed page 18	80	registry:scholastic-240-vocabulary-grade-1		Candidate-only explicit source target; spelling, sense, proper-name and IELTS relevance review required before promotion.	lexical_candidate	candidate_only	pdf	pdf:page=80,section=word-list,target-printed-page=18
240 Vocabulary Words Kids Need to Know, Grade 1	scholastic-240-vocabulary-grade-1	celery	celery			Lesson 23 | printed page 72	80	registry:scholastic-240-vocabulary-grade-1		Candidate-only explicit source target; spelling, sense, proper-name and IELTS relevance review required before promotion.	lexical_candidate	candidate_only	pdf	pdf:page=80,section=word-list,target-printed-page=72
240 Vocabulary Words Kids Need to Know, Grade 1	scholastic-240-vocabulary-grade-1	frog	frog			Lesson 13 | printed page 42	80	registry:scholastic-240-vocabulary-grade-1		Candidate-only explicit source target; spelling, sense, proper-name and IELTS relevance review required before promotion.	lexical_candidate	candidate_only	pdf	pdf:page=80,section=word-list,target-printed-page=42
240 Vocabulary Words Kids Need to Know, Grade 1	scholastic-240-vocabulary-grade-1	meet	meet			Lesson 11 | printed page 36	80	registry:scholastic-240-vocabulary-grade-1		Candidate-only explicit source target; spelling, sense, proper-name and IELTS relevance review required before promotion.	lexical_candidate	candidate_only	pdf	pdf:page=80,section=word-list,target-printed-page=36
240 Vocabulary Words Kids Need to Know, Grade 1	scholastic-240-vocabulary-grade-1	red	red			Lesson 02 | printed page 9	80	registry:scholastic-240-vocabulary-grade-1		Candidate-only explicit source target; spelling, sense, proper-name and IELTS relevance review required before promotion.	lexical_candidate	candidate_only	pdf	pdf:page=80,section=word-list,target-printed-page=9
240 Vocabulary Words Kids Need to Know, Grade 1	scholastic-240-vocabulary-grade-1	tap	tap			Lesson 10 | printed page 33	80	registry:scholastic-240-vocabulary-grade-1		Candidate-only explicit source target; spelling, sense, proper-name and IELTS relevance review required before promotion.	lexical_candidate	candidate_only	pdf	pdf:page=80,section=word-list,target-printed-page=33
240 Vocabulary Words Kids Need to Know, Grade 1	scholastic-240-vocabulary-grade-1	chair	chair			Lesson 18 | printed page 57	80	registry:scholastic-240-vocabulary-grade-1		Candidate-only explicit source target; spelling, sense, proper-name and IELTS relevance review required before promotion.	lexical_candidate	candidate_only	pdf	pdf:page=80,section=word-list,target-printed-page=57
240 Vocabulary Words Kids Need to Know, Grade 1	scholastic-240-vocabulary-grade-1	fuzzy	fuzzy			Lesson 08 | printed page 27	80	registry:scholastic-240-vocabulary-grade-1		Candidate-only explicit source target; spelling, sense, proper-name and IELTS relevance review required before promotion.	lexical_candidate	candidate_only	pdf	pdf:page=80,section=word-list,target-printed-page=27
240 Vocabulary Words Kids Need to Know, Grade 1	scholastic-240-vocabulary-grade-1	meow	meow			Lesson 07 | printed page 24	80	registry:scholastic-240-vocabulary-grade-1		Candidate-only explicit source target; spelling, sense, proper-name and IELTS relevance review required before promotion.	lexical_candidate	candidate_only	pdf	pdf:page=80,section=word-list,target-printed-page=24
240 Vocabulary Words Kids Need to Know, Grade 1	scholastic-240-vocabulary-grade-1	ride	ride			Lesson 09 | printed page 30	80	registry:scholastic-240-vocabulary-grade-1		Candidate-only explicit source target; spelling, sense, proper-name and IELTS relevance review required before promotion.	lexical_candidate	candidate_only	pdf	pdf:page=80,section=word-list,target-printed-page=30
240 Vocabulary Words Kids Need to Know, Grade 1	scholastic-240-vocabulary-grade-1	taste	taste			Lesson 20 | printed page 63	80	registry:scholastic-240-vocabulary-grade-1		Candidate-only explicit source target; spelling, sense, proper-name and IELTS relevance review required before promotion.	lexical_candidate	candidate_only	pdf	pdf:page=80,section=word-list,target-printed-page=63
240 Vocabulary Words Kids Need to Know, Grade 1	scholastic-240-vocabulary-grade-1	cherry	cherry			Lesson 22 | printed page 69	80	registry:scholastic-240-vocabulary-grade-1		Candidate-only explicit source target; spelling, sense, proper-name and IELTS relevance review required before promotion.	lexical_candidate	candidate_only	pdf	pdf:page=80,section=word-list,target-printed-page=69
240 Vocabulary Words Kids Need to Know, Grade 1	scholastic-240-vocabulary-grade-1	midnight	midnight			Lesson 16 | printed page 51	80	registry:scholastic-240-vocabulary-grade-1		Candidate-only explicit source target; spelling, sense, proper-name and IELTS relevance review required before promotion.	lexical_candidate	candidate_only	pdf	pdf:page=80,section=word-list,target-printed-page=51
240 Vocabulary Words Kids Need to Know, Grade 1	scholastic-240-vocabulary-grade-1	right	right			Lesson 11 | printed page 36	80	registry:scholastic-240-vocabulary-grade-1		Candidate-only explicit source target; spelling, sense, proper-name and IELTS relevance review required before promotion.	lexical_candidate	candidate_only	pdf	pdf:page=80,section=word-list,target-printed-page=36
240 Vocabulary Words Kids Need to Know, Grade 1	scholastic-240-vocabulary-grade-1	teacher	teacher			Lesson 18 | printed page 57	80	registry:scholastic-240-vocabulary-grade-1		Candidate-only explicit source target; spelling, sense, proper-name and IELTS relevance review required before promotion.	lexical_candidate	candidate_only	pdf	pdf:page=80,section=word-list,target-printed-page=57
240 Vocabulary Words Kids Need to Know, Grade 1	scholastic-240-vocabulary-grade-1	chest	chest			Lesson 21 | printed page 66	80	registry:scholastic-240-vocabulary-grade-1		Candidate-only explicit source target; spelling, sense, proper-name and IELTS relevance review required before promotion.	lexical_candidate	candidate_only	pdf	pdf:page=80,section=word-list,target-printed-page=66
240 Vocabulary Words Kids Need to Know, Grade 1	scholastic-240-vocabulary-grade-1	girl	girl			Lesson 05 | printed page 18	80	registry:scholastic-240-vocabulary-grade-1		Candidate-only explicit source target; spelling, sense, proper-name and IELTS relevance review required before promotion.	lexical_candidate	candidate_only	pdf	pdf:page=80,section=word-list,target-printed-page=18
240 Vocabulary Words Kids Need to Know, Grade 1	scholastic-240-vocabulary-grade-1	milk	milk			Lesson 17 | printed page 54	80	registry:scholastic-240-vocabulary-grade-1		Candidate-only explicit source target; spelling, sense, proper-name and IELTS relevance review required before promotion.	lexical_candidate	candidate_only	pdf	pdf:page=80,section=word-list,target-printed-page=54
240 Vocabulary Words Kids Need to Know, Grade 1	scholastic-240-vocabulary-grade-1	roar	roar			Lesson 07 | printed page 24	80	registry:scholastic-240-vocabulary-grade-1		Candidate-only explicit source target; spelling, sense, proper-name and IELTS relevance review required before promotion.	lexical_candidate	candidate_only	pdf	pdf:page=80,section=word-list,target-printed-page=24
240 Vocabulary Words Kids Need to Know, Grade 1	scholastic-240-vocabulary-grade-1	ten	ten			Lesson 01 | printed page 6	80	registry:scholastic-240-vocabulary-grade-1		Candidate-only explicit source target; spelling, sense, proper-name and IELTS relevance review required before promotion.	lexical_candidate	candidate_only	pdf	pdf:page=80,section=word-list,target-printed-page=6
240 Vocabulary Words Kids Need to Know, Grade 1	scholastic-240-vocabulary-grade-1	chick	chick			Lesson 13 | printed page 42	80	registry:scholastic-240-vocabulary-grade-1		Candidate-only explicit source target; spelling, sense, proper-name and IELTS relevance review required before promotion.	lexical_candidate	candidate_only	pdf	pdf:page=80,section=word-list,target-printed-page=42
240 Vocabulary Words Kids Need to Know, Grade 1	scholastic-240-vocabulary-grade-1	give	give			Lesson 05 | printed page 18	80	registry:scholastic-240-vocabulary-grade-1		Candidate-only explicit source target; spelling, sense, proper-name and IELTS relevance review required before promotion.	lexical_candidate	candidate_only	pdf	pdf:page=80,section=word-list,target-printed-page=18
240 Vocabulary Words Kids Need to Know, Grade 1	scholastic-240-vocabulary-grade-1	mix	mix			Lesson 14 | printed page 45	80	registry:scholastic-240-vocabulary-grade-1		Candidate-only explicit source target; spelling, sense, proper-name and IELTS relevance review required before promotion.	lexical_candidate	candidate_only	pdf	pdf:page=80,section=word-list,target-printed-page=45
240 Vocabulary Words Kids Need to Know, Grade 1	scholastic-240-vocabulary-grade-1	roots	roots			Lesson 24 | printed page 75	80	registry:scholastic-240-vocabulary-grade-1		Candidate-only explicit source target; spelling, sense, proper-name and IELTS relevance review required before promotion.	lexical_candidate	candidate_only	pdf	pdf:page=80,section=word-list,target-printed-page=75
240 Vocabulary Words Kids Need to Know, Grade 1	scholastic-240-vocabulary-grade-1	their	their			Lesson 11 | printed page 36	80	registry:scholastic-240-vocabulary-grade-1		Candidate-only explicit source target; spelling, sense, proper-name and IELTS relevance review required before promotion.	lexical_candidate	candidate_only	pdf	pdf:page=80,section=word-list,target-printed-page=36
240 Vocabulary Words Kids Need to Know, Grade 1	scholastic-240-vocabulary-grade-1	chicken	chicken			Lesson 17 | printed page 54	80	registry:scholastic-240-vocabulary-grade-1		Candidate-only explicit source target; spelling, sense, proper-name and IELTS relevance review required before promotion.	lexical_candidate	candidate_only	pdf	pdf:page=80,section=word-list,target-printed-page=54
240 Vocabulary Words Kids Need to Know, Grade 1	scholastic-240-vocabulary-grade-1	glad	glad			Lesson 06 | printed page 21	80	registry:scholastic-240-vocabulary-grade-1		Candidate-only explicit source target; spelling, sense, proper-name and IELTS relevance review required before promotion.	lexical_candidate	candidate_only	pdf	pdf:page=80,section=word-list,target-printed-page=21
240 Vocabulary Words Kids Need to Know, Grade 1	scholastic-240-vocabulary-grade-1	morning	morning			Lesson 16 | printed page 51	80	registry:scholastic-240-vocabulary-grade-1		Candidate-only explicit source target; spelling, sense, proper-name and IELTS relevance review required before promotion.	lexical_candidate	candidate_only	pdf	pdf:page=80,section=word-list,target-printed-page=51
240 Vocabulary Words Kids Need to Know, Grade 1	scholastic-240-vocabulary-grade-1	run	run			Lesson 09 | printed page 30	80	registry:scholastic-240-vocabulary-grade-1		Candidate-only explicit source target; spelling, sense, proper-name and IELTS relevance review required before promotion.	lexical_candidate	candidate_only	pdf	pdf:page=80,section=word-list,target-printed-page=30
240 Vocabulary Words Kids Need to Know, Grade 1	scholastic-240-vocabulary-grade-1	there	there			Lesson 11 | printed page 36	80	registry:scholastic-240-vocabulary-grade-1		Candidate-only explicit source target; spelling, sense, proper-name and IELTS relevance review required before promotion.	lexical_candidate	candidate_only	pdf	pdf:page=80,section=word-list,target-printed-page=36
240 Vocabulary Words Kids Need to Know, Grade 1	scholastic-240-vocabulary-grade-1	child	child			Lesson 06 | printed page 21	80	registry:scholastic-240-vocabulary-grade-1		Candidate-only explicit source target; spelling, sense, proper-name and IELTS relevance review required before promotion.	lexical_candidate	candidate_only	pdf	pdf:page=80,section=word-list,target-printed-page=21
240 Vocabulary Words Kids Need to Know, Grade 1	scholastic-240-vocabulary-grade-1	go	go			Lesson 05 | printed page 18	80	registry:scholastic-240-vocabulary-grade-1		Candidate-only explicit source target; spelling, sense, proper-name and IELTS relevance review required before promotion.	lexical_candidate	candidate_only	pdf	pdf:page=80,section=word-list,target-printed-page=18
240 Vocabulary Words Kids Need to Know, Grade 1	scholastic-240-vocabulary-grade-1	mother	mother			Lesson 15 | printed page 48	80	registry:scholastic-240-vocabulary-grade-1		Candidate-only explicit source target; spelling, sense, proper-name and IELTS relevance review required before promotion.	lexical_candidate	candidate_only	pdf	pdf:page=80,section=word-list,target-printed-page=48
240 Vocabulary Words Kids Need to Know, Grade 1	scholastic-240-vocabulary-grade-1	thick	thick			Lesson 08 | printed page 27	80	registry:scholastic-240-vocabulary-grade-1		Candidate-only explicit source target; spelling, sense, proper-name and IELTS relevance review required before promotion.	lexical_candidate	candidate_only	pdf	pdf:page=80,section=word-list,target-printed-page=27
240 Vocabulary Words Kids Need to Know, Grade 1	scholastic-240-vocabulary-grade-1	cloud	cloud			Lesson 19 | printed page 60	80	registry:scholastic-240-vocabulary-grade-1		Candidate-only explicit source target; spelling, sense, proper-name and IELTS relevance review required before promotion.	lexical_candidate	candidate_only	pdf	pdf:page=80,section=word-list,target-printed-page=60
240 Vocabulary Words Kids Need to Know, Grade 1	scholastic-240-vocabulary-grade-1	grandma	grandma			Lesson 15 | printed page 48	80	registry:scholastic-240-vocabulary-grade-1		Candidate-only explicit source target; spelling, sense, proper-name and IELTS relevance review required before promotion.	lexical_candidate	candidate_only	pdf	pdf:page=80,section=word-list,target-printed-page=48
240 Vocabulary Words Kids Need to Know, Grade 1	scholastic-240-vocabulary-grade-1	mushroom	mushroom			Lesson 23 | printed page 72	80	registry:scholastic-240-vocabulary-grade-1		Candidate-only explicit source target; spelling, sense, proper-name and IELTS relevance review required before promotion.	lexical_candidate	candidate_only	pdf	pdf:page=80,section=word-list,target-printed-page=72
240 Vocabulary Words Kids Need to Know, Grade 1	scholastic-240-vocabulary-grade-1	sad	sad			Lesson 06 | printed page 21	80	registry:scholastic-240-vocabulary-grade-1		Candidate-only explicit source target; spelling, sense, proper-name and IELTS relevance review required before promotion.	lexical_candidate	candidate_only	pdf	pdf:page=80,section=word-list,target-printed-page=21
240 Vocabulary Words Kids Need to Know, Grade 1	scholastic-240-vocabulary-grade-1	thin	thin			Lesson 08 | printed page 27	80	registry:scholastic-240-vocabulary-grade-1		Candidate-only explicit source target; spelling, sense, proper-name and IELTS relevance review required before promotion.	lexical_candidate	candidate_only	pdf	pdf:page=80,section=word-list,target-printed-page=27
240 Vocabulary Words Kids Need to Know, Grade 1	scholastic-240-vocabulary-grade-1	cold	cold			Lesson 06 | printed page 21	80	registry:scholastic-240-vocabulary-grade-1		Candidate-only explicit source target; spelling, sense, proper-name and IELTS relevance review required before promotion.	lexical_candidate	candidate_only	pdf	pdf:page=80,section=word-list,target-printed-page=21
240 Vocabulary Words Kids Need to Know, Grade 1	scholastic-240-vocabulary-grade-1	grandpa	grandpa			Lesson 15 | printed page 48	80	registry:scholastic-240-vocabulary-grade-1		Candidate-only explicit source target; spelling, sense, proper-name and IELTS relevance review required before promotion.	lexical_candidate	candidate_only	pdf	pdf:page=80,section=word-list,target-printed-page=48
240 Vocabulary Words Kids Need to Know, Grade 1	scholastic-240-vocabulary-grade-1	sailboat	sailboat			Lesson 12 | printed page 39	80	registry:scholastic-240-vocabulary-grade-1		Candidate-only explicit source target; spelling, sense, proper-name and IELTS relevance review required before promotion.	lexical_candidate	candidate_only	pdf	pdf:page=80,section=word-list,target-printed-page=39
240 Vocabulary Words Kids Need to Know, Grade 1	scholastic-240-vocabulary-grade-1	three	three			Lesson 01 | printed page 6	80	registry:scholastic-240-vocabulary-grade-1		Candidate-only explicit source target; spelling, sense, proper-name and IELTS relevance review required before promotion.	lexical_candidate	candidate_only	pdf	pdf:page=80,section=word-list,target-printed-page=6
240 Vocabulary Words Kids Need to Know, Grade 1	scholastic-240-vocabulary-grade-1	computer	computer			Lesson 18 | printed page 57	80	registry:scholastic-240-vocabulary-grade-1		Candidate-only explicit source target; spelling, sense, proper-name and IELTS relevance review required before promotion.	lexical_candidate	candidate_only	pdf	pdf:page=80,section=word-list,target-printed-page=57
240 Vocabulary Words Kids Need to Know, Grade 1	scholastic-240-vocabulary-grade-1	grape	grape			Lesson 22 | printed page 69	80	registry:scholastic-240-vocabulary-grade-1		Candidate-only explicit source target; spelling, sense, proper-name and IELTS relevance review required before promotion.	lexical_candidate	candidate_only	pdf	pdf:page=80,section=word-list,target-printed-page=69
240 Vocabulary Words Kids Need to Know, Grade 1	scholastic-240-vocabulary-grade-1	night	night			Lesson 16 | printed page 51	80	registry:scholastic-240-vocabulary-grade-1		Candidate-only explicit source target; spelling, sense, proper-name and IELTS relevance review required before promotion.	lexical_candidate	candidate_only	pdf	pdf:page=80,section=word-list,target-printed-page=51
240 Vocabulary Words Kids Need to Know, Grade 1	scholastic-240-vocabulary-grade-1	seashell	seashell			Lesson 12 | printed page 39	80	registry:scholastic-240-vocabulary-grade-1		Candidate-only explicit source target; spelling, sense, proper-name and IELTS relevance review required before promotion.	lexical_candidate	candidate_only	pdf	pdf:page=80,section=word-list,target-printed-page=39
240 Vocabulary Words Kids Need to Know, Grade 1	scholastic-240-vocabulary-grade-1	thud	thud			Lesson 07 | printed page 24	80	registry:scholastic-240-vocabulary-grade-1		Candidate-only explicit source target; spelling, sense, proper-name and IELTS relevance review required before promotion.	lexical_candidate	candidate_only	pdf	pdf:page=80,section=word-list,target-printed-page=24
240 Vocabulary Words Kids Need to Know, Grade 1	scholastic-240-vocabulary-grade-1	cow	cow			Lesson 17 | printed page 54	80	registry:scholastic-240-vocabulary-grade-1		Candidate-only explicit source target; spelling, sense, proper-name and IELTS relevance review required before promotion.	lexical_candidate	candidate_only	pdf	pdf:page=80,section=word-list,target-printed-page=54
240 Vocabulary Words Kids Need to Know, Grade 1	scholastic-240-vocabulary-grade-1	green	green			Lesson 02 | printed page 9	80	registry:scholastic-240-vocabulary-grade-1		Candidate-only explicit source target; spelling, sense, proper-name and IELTS relevance review required before promotion.	lexical_candidate	candidate_only	pdf	pdf:page=80,section=word-list,target-printed-page=9
240 Vocabulary Words Kids Need to Know, Grade 1	scholastic-240-vocabulary-grade-1	nine	nine			Lesson 01 | printed page 6	80	registry:scholastic-240-vocabulary-grade-1		Candidate-only explicit source target; spelling, sense, proper-name and IELTS relevance review required before promotion.	lexical_candidate	candidate_only	pdf	pdf:page=80,section=word-list,target-printed-page=6
240 Vocabulary Words Kids Need to Know, Grade 1	scholastic-240-vocabulary-grade-1	see	see			Lesson 20 | printed page 63	80	registry:scholastic-240-vocabulary-grade-1		Candidate-only explicit source target; spelling, sense, proper-name and IELTS relevance review required before promotion.	lexical_candidate	candidate_only	pdf	pdf:page=80,section=word-list,target-printed-page=63
240 Vocabulary Words Kids Need to Know, Grade 1	scholastic-240-vocabulary-grade-1	thunder	thunder			Lesson 19 | printed page 60	80	registry:scholastic-240-vocabulary-grade-1		Candidate-only explicit source target; spelling, sense, proper-name and IELTS relevance review required before promotion.	lexical_candidate	candidate_only	pdf	pdf:page=80,section=word-list,target-printed-page=60
240 Vocabulary Words Kids Need to Know, Grade 1	scholastic-240-vocabulary-grade-1	crayon	crayon			Lesson 18 | printed page 57	80	registry:scholastic-240-vocabulary-grade-1		Candidate-only explicit source target; spelling, sense, proper-name and IELTS relevance review required before promotion.	lexical_candidate	candidate_only	pdf	pdf:page=80,section=word-list,target-printed-page=57
240 Vocabulary Words Kids Need to Know, Grade 1	scholastic-240-vocabulary-grade-1	no	no			Lesson 06 | printed page 21	80	registry:scholastic-240-vocabulary-grade-1		Candidate-only explicit source target; spelling, sense, proper-name and IELTS relevance review required before promotion.	lexical_candidate	candidate_only	pdf	pdf:page=80,section=word-list,target-printed-page=21
240 Vocabulary Words Kids Need to Know, Grade 1	scholastic-240-vocabulary-grade-1	seed	seed			Lesson 24 | printed page 75	80	registry:scholastic-240-vocabulary-grade-1		Candidate-only explicit source target; spelling, sense, proper-name and IELTS relevance review required before promotion.	lexical_candidate	candidate_only	pdf	pdf:page=80,section=word-list,target-printed-page=75
240 Vocabulary Words Kids Need to Know, Grade 1	scholastic-240-vocabulary-grade-1	today	today			Lesson 16 | printed page 51	80	registry:scholastic-240-vocabulary-grade-1		Candidate-only explicit source target; spelling, sense, proper-name and IELTS relevance review required before promotion.	lexical_candidate	candidate_only	pdf	pdf:page=80,section=word-list,target-printed-page=51
240 Vocabulary Words Kids Need to Know, Grade 1	scholastic-240-vocabulary-grade-1	crunch	crunch			Lesson 07 | printed page 24	80	registry:scholastic-240-vocabulary-grade-1		Candidate-only explicit source target; spelling, sense, proper-name and IELTS relevance review required before promotion.	lexical_candidate	candidate_only	pdf	pdf:page=80,section=word-list,target-printed-page=24
240 Vocabulary Words Kids Need to Know, Grade 1	scholastic-240-vocabulary-grade-1	noon	noon			Lesson 16 | printed page 51	80	registry:scholastic-240-vocabulary-grade-1		Candidate-only explicit source target; spelling, sense, proper-name and IELTS relevance review required before promotion.	lexical_candidate	candidate_only	pdf	pdf:page=80,section=word-list,target-printed-page=51
240 Vocabulary Words Kids Need to Know, Grade 1	scholastic-240-vocabulary-grade-1	seven	seven			Lesson 01 | printed page 6	80	registry:scholastic-240-vocabulary-grade-1		Candidate-only explicit source target; spelling, sense, proper-name and IELTS relevance review required before promotion.	lexical_candidate	candidate_only	pdf	pdf:page=80,section=word-list,target-printed-page=6
240 Vocabulary Words Kids Need to Know, Grade 1	scholastic-240-vocabulary-grade-1	toe	toe			Lesson 21 | printed page 66	80	registry:scholastic-240-vocabulary-grade-1		Candidate-only explicit source target; spelling, sense, proper-name and IELTS relevance review required before promotion.	lexical_candidate	candidate_only	pdf	pdf:page=80,section=word-list,target-printed-page=66
240 Vocabulary Words Kids Need to Know, Grade 1	scholastic-240-vocabulary-grade-1	cupcake	cupcake			Lesson 12 | printed page 39	80	registry:scholastic-240-vocabulary-grade-1		Candidate-only explicit source target; spelling, sense, proper-name and IELTS relevance review required before promotion.	lexical_candidate	candidate_only	pdf	pdf:page=80,section=word-list,target-printed-page=39
240 Vocabulary Words Kids Need to Know, Grade 1	scholastic-240-vocabulary-grade-1	grown-up	grown-up			Lesson 06 | printed page 21	80	registry:scholastic-240-vocabulary-grade-1		Candidate-only explicit source target; spelling, sense, proper-name and IELTS relevance review required before promotion.	lexical_candidate	candidate_only	pdf	pdf:page=80,section=word-list,target-printed-page=21
240 Vocabulary Words Kids Need to Know, Grade 1	scholastic-240-vocabulary-grade-1	nose	nose			Lesson 20 | printed page 63	80	registry:scholastic-240-vocabulary-grade-1		Candidate-only explicit source target; spelling, sense, proper-name and IELTS relevance review required before promotion.	lexical_candidate	candidate_only	pdf	pdf:page=80,section=word-list,target-printed-page=63
240 Vocabulary Words Kids Need to Know, Grade 1	scholastic-240-vocabulary-grade-1	sew	sew			Lesson 11 | printed page 36	80	registry:scholastic-240-vocabulary-grade-1		Candidate-only explicit source target; spelling, sense, proper-name and IELTS relevance review required before promotion.	lexical_candidate	candidate_only	pdf	pdf:page=80,section=word-list,target-printed-page=36
240 Vocabulary Words Kids Need to Know, Grade 1	scholastic-240-vocabulary-grade-1	tongue	tongue			Lesson 20 | printed page 63	80	registry:scholastic-240-vocabulary-grade-1		Candidate-only explicit source target; spelling, sense, proper-name and IELTS relevance review required before promotion.	lexical_candidate	candidate_only	pdf	pdf:page=80,section=word-list,target-printed-page=63
240 Vocabulary Words Kids Need to Know, Grade 1	scholastic-240-vocabulary-grade-1	orange	orange			Lesson 02 | printed page 9	80	registry:scholastic-240-vocabulary-grade-1		Candidate-only explicit source target; spelling, sense, proper-name and IELTS relevance review required before promotion.	lexical_candidate	candidate_only	pdf	pdf:page=80,section=word-list,target-printed-page=9
240 Vocabulary Words Kids Need to Know, Grade 1	scholastic-240-vocabulary-grade-1	strawberry	strawberry			Lesson 22 | printed page 69	80	registry:scholastic-240-vocabulary-grade-1		Candidate-only explicit source target; spelling, sense, proper-name and IELTS relevance review required before promotion.	lexical_candidate	candidate_only	pdf	pdf:page=80,section=word-list,target-printed-page=69
240 Vocabulary Words Kids Need to Know, Grade 1	scholastic-240-vocabulary-grade-1	watermelon	watermelon			Lesson 22 | printed page 69	80	registry:scholastic-240-vocabulary-grade-1		Candidate-only explicit source target; spelling, sense, proper-name and IELTS relevance review required before promotion.	lexical_candidate	candidate_only	pdf	pdf:page=80,section=word-list,target-printed-page=69
240 Vocabulary Words Kids Need to Know, Grade 1	scholastic-240-vocabulary-grade-1	green beans	green beans			Lesson 23 | printed page 72	80	registry:scholastic-240-vocabulary-grade-1		Candidate-only explicit source target; spelling, sense, proper-name and IELTS relevance review required before promotion.	lexical_candidate	candidate_only	pdf	pdf:page=80,section=word-list,target-printed-page=72
240 Vocabulary Words Kids Need to Know, Grade 3	scholastic-240-vocabulary-grade-3	cub	cub			Lesson 16 | printed page 51	80	registry:scholastic-240-vocabulary-grade-3		Candidate-only explicit source target; spelling, sense, proper-name and IELTS relevance review required before promotion.	lexical_candidate	candidate_only	pdf	pdf:page=80,section=word-list,target-printed-page=51
240 Vocabulary Words Kids Need to Know, Grade 3	scholastic-240-vocabulary-grade-3	hum	hum			Lesson 19 | printed page 60	80	registry:scholastic-240-vocabulary-grade-3		Candidate-only explicit source target; spelling, sense, proper-name and IELTS relevance review required before promotion.	lexical_candidate	candidate_only	pdf	pdf:page=80,section=word-list,target-printed-page=60
240 Vocabulary Words Kids Need to Know, Grade 3	scholastic-240-vocabulary-grade-3	orbit	orbit			Lesson 03 | printed page 12	80	registry:scholastic-240-vocabulary-grade-3		Candidate-only explicit source target; spelling, sense, proper-name and IELTS relevance review required before promotion.	lexical_candidate	candidate_only	pdf	pdf:page=80,section=word-list,target-printed-page=12
240 Vocabulary Words Kids Need to Know, Grade 3	scholastic-240-vocabulary-grade-3	shriek	shriek			Lesson 12 | printed page 39	80	registry:scholastic-240-vocabulary-grade-3		Candidate-only explicit source target; spelling, sense, proper-name and IELTS relevance review required before promotion.	lexical_candidate	candidate_only	pdf	pdf:page=80,section=word-list,target-printed-page=39
240 Vocabulary Words Kids Need to Know, Grade 3	scholastic-240-vocabulary-grade-3	cygnet	cygnet			Lesson 16 | printed page 51	80	registry:scholastic-240-vocabulary-grade-3		Candidate-only explicit source target; spelling, sense, proper-name and IELTS relevance review required before promotion.	lexical_candidate	candidate_only	pdf	pdf:page=80,section=word-list,target-printed-page=51
240 Vocabulary Words Kids Need to Know, Grade 3	scholastic-240-vocabulary-grade-3	overcast	overcast			Lesson 03 | printed page 12	80	registry:scholastic-240-vocabulary-grade-3		Candidate-only explicit source target; spelling, sense, proper-name and IELTS relevance review required before promotion.	lexical_candidate	candidate_only	pdf	pdf:page=80,section=word-list,target-printed-page=12
240 Vocabulary Words Kids Need to Know, Grade 3	scholastic-240-vocabulary-grade-3	sizzle	sizzle			Lesson 19 | printed page 60	80	registry:scholastic-240-vocabulary-grade-3		Candidate-only explicit source target; spelling, sense, proper-name and IELTS relevance review required before promotion.	lexical_candidate	candidate_only	pdf	pdf:page=80,section=word-list,target-printed-page=60
240 Vocabulary Words Kids Need to Know, Grade 3	scholastic-240-vocabulary-grade-3	absent	absent			Lesson 01 | printed page 6	80	registry:scholastic-240-vocabulary-grade-3		Candidate-only explicit source target; spelling, sense, proper-name and IELTS relevance review required before promotion.	lexical_candidate	candidate_only	pdf	pdf:page=80,section=word-list,target-printed-page=6
240 Vocabulary Words Kids Need to Know, Grade 3	scholastic-240-vocabulary-grade-3	ill	ill			Lesson 02 | printed page 9	80	registry:scholastic-240-vocabulary-grade-3		Candidate-only explicit source target; spelling, sense, proper-name and IELTS relevance review required before promotion.	lexical_candidate	candidate_only	pdf	pdf:page=80,section=word-list,target-printed-page=9
240 Vocabulary Words Kids Need to Know, Grade 3	scholastic-240-vocabulary-grade-3	oxen	oxen			Lesson 11 | printed page 36	80	registry:scholastic-240-vocabulary-grade-3		Candidate-only explicit source target; spelling, sense, proper-name and IELTS relevance review required before promotion.	lexical_candidate	candidate_only	pdf	pdf:page=80,section=word-list,target-printed-page=36
240 Vocabulary Words Kids Need to Know, Grade 3	scholastic-240-vocabulary-grade-3	sketches	sketches			Lesson 11 | printed page 36	80	registry:scholastic-240-vocabulary-grade-3		Candidate-only explicit source target; spelling, sense, proper-name and IELTS relevance review required before promotion.	lexical_candidate	candidate_only	pdf	pdf:page=80,section=word-list,target-printed-page=36
240 Vocabulary Words Kids Need to Know, Grade 3	scholastic-240-vocabulary-grade-3	adult	adult			Lesson 04 | printed page 15	80	registry:scholastic-240-vocabulary-grade-3		Candidate-only explicit source target; spelling, sense, proper-name and IELTS relevance review required before promotion.	lexical_candidate	candidate_only	pdf	pdf:page=80,section=word-list,target-printed-page=15
240 Vocabulary Words Kids Need to Know, Grade 3	scholastic-240-vocabulary-grade-3	darkness	darkness			Lesson 23 | printed page 72	80	registry:scholastic-240-vocabulary-grade-3		Candidate-only explicit source target; spelling, sense, proper-name and IELTS relevance review required before promotion.	lexical_candidate	candidate_only	pdf	pdf:page=80,section=word-list,target-printed-page=72
240 Vocabulary Words Kids Need to Know, Grade 3	scholastic-240-vocabulary-grade-3	inactive	inactive			Lesson 22 | printed page 69	80	registry:scholastic-240-vocabulary-grade-3		Candidate-only explicit source target; spelling, sense, proper-name and IELTS relevance review required before promotion.	lexical_candidate	candidate_only	pdf	pdf:page=80,section=word-list,target-printed-page=69
240 Vocabulary Words Kids Need to Know, Grade 3	scholastic-240-vocabulary-grade-3	sloppy	sloppy			Lesson 05 | printed page 18	80	registry:scholastic-240-vocabulary-grade-3		Candidate-only explicit source target; spelling, sense, proper-name and IELTS relevance review required before promotion.	lexical_candidate	candidate_only	pdf	pdf:page=80,section=word-list,target-printed-page=18
240 Vocabulary Words Kids Need to Know, Grade 3	scholastic-240-vocabulary-grade-3	amazement	amazement			Lesson 23 | printed page 72	80	registry:scholastic-240-vocabulary-grade-3		Candidate-only explicit source target; spelling, sense, proper-name and IELTS relevance review required before promotion.	lexical_candidate	candidate_only	pdf	pdf:page=80,section=word-list,target-printed-page=72
240 Vocabulary Words Kids Need to Know, Grade 3	scholastic-240-vocabulary-grade-3	deck	deck			Lesson 17 | printed page 54	80	registry:scholastic-240-vocabulary-grade-3		Candidate-only explicit source target; spelling, sense, proper-name and IELTS relevance review required before promotion.	lexical_candidate	candidate_only	pdf	pdf:page=80,section=word-list,target-printed-page=54
240 Vocabulary Words Kids Need to Know, Grade 3	scholastic-240-vocabulary-grade-3	indirect	indirect			Lesson 21 | printed page 66	80	registry:scholastic-240-vocabulary-grade-3		Candidate-only explicit source target; spelling, sense, proper-name and IELTS relevance review required before promotion.	lexical_candidate	candidate_only	pdf	pdf:page=80,section=word-list,target-printed-page=66
240 Vocabulary Words Kids Need to Know, Grade 3	scholastic-240-vocabulary-grade-3	pain	pain			Lesson 04 | printed page 15	80	registry:scholastic-240-vocabulary-grade-3		Candidate-only explicit source target; spelling, sense, proper-name and IELTS relevance review required before promotion.	lexical_candidate	candidate_only	pdf	pdf:page=80,section=word-list,target-printed-page=15
240 Vocabulary Words Kids Need to Know, Grade 3	scholastic-240-vocabulary-grade-3	slosh	slosh			Lesson 03 | printed page 12	80	registry:scholastic-240-vocabulary-grade-3		Candidate-only explicit source target; spelling, sense, proper-name and IELTS relevance review required before promotion.	lexical_candidate	candidate_only	pdf	pdf:page=80,section=word-list,target-printed-page=12
240 Vocabulary Words Kids Need to Know, Grade 3	scholastic-240-vocabulary-grade-3	annual	annual			Lesson 01 | printed page 6	80	registry:scholastic-240-vocabulary-grade-3		Candidate-only explicit source target; spelling, sense, proper-name and IELTS relevance review required before promotion.	lexical_candidate	candidate_only	pdf	pdf:page=80,section=word-list,target-printed-page=6
240 Vocabulary Words Kids Need to Know, Grade 3	scholastic-240-vocabulary-grade-3	deep	deep			Lesson 04 | printed page 15	80	registry:scholastic-240-vocabulary-grade-3		Candidate-only explicit source target; spelling, sense, proper-name and IELTS relevance review required before promotion.	lexical_candidate	candidate_only	pdf	pdf:page=80,section=word-list,target-printed-page=15
240 Vocabulary Words Kids Need to Know, Grade 3	scholastic-240-vocabulary-grade-3	infant	infant			Lesson 04 | printed page 15	80	registry:scholastic-240-vocabulary-grade-3		Candidate-only explicit source target; spelling, sense, proper-name and IELTS relevance review required before promotion.	lexical_candidate	candidate_only	pdf	pdf:page=80,section=word-list,target-printed-page=15
240 Vocabulary Words Kids Need to Know, Grade 3	scholastic-240-vocabulary-grade-3	palace	palace			Lesson 20 | printed page 63	80	registry:scholastic-240-vocabulary-grade-3		Candidate-only explicit source target; spelling, sense, proper-name and IELTS relevance review required before promotion.	lexical_candidate	candidate_only	pdf	pdf:page=80,section=word-list,target-printed-page=63
240 Vocabulary Words Kids Need to Know, Grade 3	scholastic-240-vocabulary-grade-3	slumber	slumber			Lesson 02 | printed page 9	80	registry:scholastic-240-vocabulary-grade-3		Candidate-only explicit source target; spelling, sense, proper-name and IELTS relevance review required before promotion.	lexical_candidate	candidate_only	pdf	pdf:page=80,section=word-list,target-printed-page=9
240 Vocabulary Words Kids Need to Know, Grade 3	scholastic-240-vocabulary-grade-3	ant	ant			Lesson 09 | printed page 30	80	registry:scholastic-240-vocabulary-grade-3		Candidate-only explicit source target; spelling, sense, proper-name and IELTS relevance review required before promotion.	lexical_candidate	candidate_only	pdf	pdf:page=80,section=word-list,target-printed-page=30
240 Vocabulary Words Kids Need to Know, Grade 3	scholastic-240-vocabulary-grade-3	dim	dim			Lesson 05 | printed page 18	80	registry:scholastic-240-vocabulary-grade-3		Candidate-only explicit source target; spelling, sense, proper-name and IELTS relevance review required before promotion.	lexical_candidate	candidate_only	pdf	pdf:page=80,section=word-list,target-printed-page=18
240 Vocabulary Words Kids Need to Know, Grade 3	scholastic-240-vocabulary-grade-3	informal	informal			Lesson 21 | printed page 66	80	registry:scholastic-240-vocabulary-grade-3		Candidate-only explicit source target; spelling, sense, proper-name and IELTS relevance review required before promotion.	lexical_candidate	candidate_only	pdf	pdf:page=80,section=word-list,target-printed-page=66
240 Vocabulary Words Kids Need to Know, Grade 3	scholastic-240-vocabulary-grade-3	patio	patio			Lesson 14 | printed page 45	80	registry:scholastic-240-vocabulary-grade-3		Candidate-only explicit source target; spelling, sense, proper-name and IELTS relevance review required before promotion.	lexical_candidate	candidate_only	pdf	pdf:page=80,section=word-list,target-printed-page=45
240 Vocabulary Words Kids Need to Know, Grade 3	scholastic-240-vocabulary-grade-3	spaceship	spaceship			Lesson 07 | printed page 24	80	registry:scholastic-240-vocabulary-grade-3		Candidate-only explicit source target; spelling, sense, proper-name and IELTS relevance review required before promotion.	lexical_candidate	candidate_only	pdf	pdf:page=80,section=word-list,target-printed-page=24
240 Vocabulary Words Kids Need to Know, Grade 3	scholastic-240-vocabulary-grade-3	applesauce	applesauce			Lesson 07 | printed page 24	80	registry:scholastic-240-vocabulary-grade-3		Candidate-only explicit source target; spelling, sense, proper-name and IELTS relevance review required before promotion.	lexical_candidate	candidate_only	pdf	pdf:page=80,section=word-list,target-printed-page=24
240 Vocabulary Words Kids Need to Know, Grade 3	scholastic-240-vocabulary-grade-3	dinghy	dinghy			Lesson 13 | printed page 42	80	registry:scholastic-240-vocabulary-grade-3		Candidate-only explicit source target; spelling, sense, proper-name and IELTS relevance review required before promotion.	lexical_candidate	candidate_only	pdf	pdf:page=80,section=word-list,target-printed-page=42
240 Vocabulary Words Kids Need to Know, Grade 3	scholastic-240-vocabulary-grade-3	invisible	invisible			Lesson 22 | printed page 69	80	registry:scholastic-240-vocabulary-grade-3		Candidate-only explicit source target; spelling, sense, proper-name and IELTS relevance review required before promotion.	lexical_candidate	candidate_only	pdf	pdf:page=80,section=word-list,target-printed-page=69
240 Vocabulary Words Kids Need to Know, Grade 3	scholastic-240-vocabulary-grade-3	pause	pause			Lesson 08 | printed page 27	80	registry:scholastic-240-vocabulary-grade-3		Candidate-only explicit source target; spelling, sense, proper-name and IELTS relevance review required before promotion.	lexical_candidate	candidate_only	pdf	pdf:page=80,section=word-list,target-printed-page=27
240 Vocabulary Words Kids Need to Know, Grade 3	scholastic-240-vocabulary-grade-3	springboard	springboard			Lesson 06 | printed page 21	80	registry:scholastic-240-vocabulary-grade-3		Candidate-only explicit source target; spelling, sense, proper-name and IELTS relevance review required before promotion.	lexical_candidate	candidate_only	pdf	pdf:page=80,section=word-list,target-printed-page=21
240 Vocabulary Words Kids Need to Know, Grade 3	scholastic-240-vocabulary-grade-3	distantly	distantly			Lesson 23 | printed page 72	80	registry:scholastic-240-vocabulary-grade-3		Candidate-only explicit source target; spelling, sense, proper-name and IELTS relevance review required before promotion.	lexical_candidate	candidate_only	pdf	pdf:page=80,section=word-list,target-printed-page=72
240 Vocabulary Words Kids Need to Know, Grade 3	scholastic-240-vocabulary-grade-3	paws	paws			Lesson 08 | printed page 27	80	registry:scholastic-240-vocabulary-grade-3		Candidate-only explicit source target; spelling, sense, proper-name and IELTS relevance review required before promotion.	lexical_candidate	candidate_only	pdf	pdf:page=80,section=word-list,target-printed-page=27
240 Vocabulary Words Kids Need to Know, Grade 3	scholastic-240-vocabulary-grade-3	squash	squash			Lesson 13 | printed page 42	80	registry:scholastic-240-vocabulary-grade-3		Candidate-only explicit source target; spelling, sense, proper-name and IELTS relevance review required before promotion.	lexical_candidate	candidate_only	pdf	pdf:page=80,section=word-list,target-printed-page=42
240 Vocabulary Words Kids Need to Know, Grade 3	scholastic-240-vocabulary-grade-3	dove	dove			Lesson 10 | printed page 33	80	registry:scholastic-240-vocabulary-grade-3		Candidate-only explicit source target; spelling, sense, proper-name and IELTS relevance review required before promotion.	lexical_candidate	candidate_only	pdf	pdf:page=80,section=word-list,target-printed-page=33
240 Vocabulary Words Kids Need to Know, Grade 3	scholastic-240-vocabulary-grade-3	joey	joey			Lesson 16 | printed page 51	80	registry:scholastic-240-vocabulary-grade-3		Candidate-only explicit source target; spelling, sense, proper-name and IELTS relevance review required before promotion.	lexical_candidate	candidate_only	pdf	pdf:page=80,section=word-list,target-printed-page=51
240 Vocabulary Words Kids Need to Know, Grade 3	scholastic-240-vocabulary-grade-3	peak	peak			Lesson 09 | printed page 30	80	registry:scholastic-240-vocabulary-grade-3		Candidate-only explicit source target; spelling, sense, proper-name and IELTS relevance review required before promotion.	lexical_candidate	candidate_only	pdf	pdf:page=80,section=word-list,target-printed-page=30
240 Vocabulary Words Kids Need to Know, Grade 3	scholastic-240-vocabulary-grade-3	stake	stake			Lesson 09 | printed page 30	80	registry:scholastic-240-vocabulary-grade-3		Candidate-only explicit source target; spelling, sense, proper-name and IELTS relevance review required before promotion.	lexical_candidate	candidate_only	pdf	pdf:page=80,section=word-list,target-printed-page=30
240 Vocabulary Words Kids Need to Know, Grade 3	scholastic-240-vocabulary-grade-3	assist	assist			Lesson 03 | printed page 12	80	registry:scholastic-240-vocabulary-grade-3		Candidate-only explicit source target; spelling, sense, proper-name and IELTS relevance review required before promotion.	lexical_candidate	candidate_only	pdf	pdf:page=80,section=word-list,target-printed-page=12
240 Vocabulary Words Kids Need to Know, Grade 3	scholastic-240-vocabulary-grade-3	dove	dove			Lesson 10 | printed page 33	80	registry:scholastic-240-vocabulary-grade-3		Candidate-only explicit source target; spelling, sense, proper-name and IELTS relevance review required before promotion.	lexical_candidate	candidate_only	pdf	pdf:page=80,section=word-list,target-printed-page=33
240 Vocabulary Words Kids Need to Know, Grade 3	scholastic-240-vocabulary-grade-3	pecan	pecan			Lesson 13 | printed page 42	80	registry:scholastic-240-vocabulary-grade-3		Candidate-only explicit source target; spelling, sense, proper-name and IELTS relevance review required before promotion.	lexical_candidate	candidate_only	pdf	pdf:page=80,section=word-list,target-printed-page=42
240 Vocabulary Words Kids Need to Know, Grade 3	scholastic-240-vocabulary-grade-3	stalk	stalk			Lesson 02 | printed page 9	80	registry:scholastic-240-vocabulary-grade-3		Candidate-only explicit source target; spelling, sense, proper-name and IELTS relevance review required before promotion.	lexical_candidate	candidate_only	pdf	pdf:page=80,section=word-list,target-printed-page=9
240 Vocabulary Words Kids Need to Know, Grade 3	scholastic-240-vocabulary-grade-3	atlas	atlas			Lesson 20 | printed page 63	80	registry:scholastic-240-vocabulary-grade-3		Candidate-only explicit source target; spelling, sense, proper-name and IELTS relevance review required before promotion.	lexical_candidate	candidate_only	pdf	pdf:page=80,section=word-list,target-printed-page=63
240 Vocabulary Words Kids Need to Know, Grade 3	scholastic-240-vocabulary-grade-3	drowsy	drowsy			Lesson 01 | printed page 6	80	registry:scholastic-240-vocabulary-grade-3		Candidate-only explicit source target; spelling, sense, proper-name and IELTS relevance review required before promotion.	lexical_candidate	candidate_only	pdf	pdf:page=80,section=word-list,target-printed-page=6
240 Vocabulary Words Kids Need to Know, Grade 3	scholastic-240-vocabulary-grade-3	kayak	kayak			Lesson 17 | printed page 54	80	registry:scholastic-240-vocabulary-grade-3		Candidate-only explicit source target; spelling, sense, proper-name and IELTS relevance review required before promotion.	lexical_candidate	candidate_only	pdf	pdf:page=80,section=word-list,target-printed-page=54
240 Vocabulary Words Kids Need to Know, Grade 3	scholastic-240-vocabulary-grade-3	peek	peek			Lesson 09 | printed page 30	80	registry:scholastic-240-vocabulary-grade-3		Candidate-only explicit source target; spelling, sense, proper-name and IELTS relevance review required before promotion.	lexical_candidate	candidate_only	pdf	pdf:page=80,section=word-list,target-printed-page=30
240 Vocabulary Words Kids Need to Know, Grade 3	scholastic-240-vocabulary-grade-3	steak	steak			Lesson 09 | printed page 30	80	registry:scholastic-240-vocabulary-grade-3		Candidate-only explicit source target; spelling, sense, proper-name and IELTS relevance review required before promotion.	lexical_candidate	candidate_only	pdf	pdf:page=80,section=word-list,target-printed-page=30
240 Vocabulary Words Kids Need to Know, Grade 3	scholastic-240-vocabulary-grade-3	attic	attic			Lesson 05 | printed page 18	80	registry:scholastic-240-vocabulary-grade-3		Candidate-only explicit source target; spelling, sense, proper-name and IELTS relevance review required before promotion.	lexical_candidate	candidate_only	pdf	pdf:page=80,section=word-list,target-printed-page=18
240 Vocabulary Words Kids Need to Know, Grade 3	scholastic-240-vocabulary-grade-3	drum	drum			Lesson 14 | printed page 45	80	registry:scholastic-240-vocabulary-grade-3		Candidate-only explicit source target; spelling, sense, proper-name and IELTS relevance review required before promotion.	lexical_candidate	candidate_only	pdf	pdf:page=80,section=word-list,target-printed-page=45
240 Vocabulary Words Kids Need to Know, Grade 3	scholastic-240-vocabulary-grade-3	keel	keel			Lesson 17 | printed page 54	80	registry:scholastic-240-vocabulary-grade-3		Candidate-only explicit source target; spelling, sense, proper-name and IELTS relevance review required before promotion.	lexical_candidate	candidate_only	pdf	pdf:page=80,section=word-list,target-printed-page=54
240 Vocabulary Words Kids Need to Know, Grade 3	scholastic-240-vocabulary-grade-3	performer	performer			Lesson 24 | printed page 75	80	registry:scholastic-240-vocabulary-grade-3		Candidate-only explicit source target; spelling, sense, proper-name and IELTS relevance review required before promotion.	lexical_candidate	candidate_only	pdf	pdf:page=80,section=word-list,target-printed-page=75
240 Vocabulary Words Kids Need to Know, Grade 3	scholastic-240-vocabulary-grade-3	sturdy	sturdy			Lesson 01 | printed page 6	80	registry:scholastic-240-vocabulary-grade-3		Candidate-only explicit source target; spelling, sense, proper-name and IELTS relevance review required before promotion.	lexical_candidate	candidate_only	pdf	pdf:page=80,section=word-list,target-printed-page=6
240 Vocabulary Words Kids Need to Know, Grade 3	scholastic-240-vocabulary-grade-3	aunt	aunt			Lesson 09 | printed page 30	80	registry:scholastic-240-vocabulary-grade-3		Candidate-only explicit source target; spelling, sense, proper-name and IELTS relevance review required before promotion.	lexical_candidate	candidate_only	pdf	pdf:page=80,section=word-list,target-printed-page=30
240 Vocabulary Words Kids Need to Know, Grade 3	scholastic-240-vocabulary-grade-3	keyboard	keyboard			Lesson 06 | printed page 21	80	registry:scholastic-240-vocabulary-grade-3		Candidate-only explicit source target; spelling, sense, proper-name and IELTS relevance review required before promotion.	lexical_candidate	candidate_only	pdf	pdf:page=80,section=word-list,target-printed-page=21
240 Vocabulary Words Kids Need to Know, Grade 3	scholastic-240-vocabulary-grade-3	piglet	piglet			Lesson 16 | printed page 51	80	registry:scholastic-240-vocabulary-grade-3		Candidate-only explicit source target; spelling, sense, proper-name and IELTS relevance review required before promotion.	lexical_candidate	candidate_only	pdf	pdf:page=80,section=word-list,target-printed-page=51
240 Vocabulary Words Kids Need to Know, Grade 3	scholastic-240-vocabulary-grade-3	sub	sub			Lesson 15 | printed page 48	80	registry:scholastic-240-vocabulary-grade-3		Candidate-only explicit source target; spelling, sense, proper-name and IELTS relevance review required before promotion.	lexical_candidate	candidate_only	pdf	pdf:page=80,section=word-list,target-printed-page=48
240 Vocabulary Words Kids Need to Know, Grade 3	scholastic-240-vocabulary-grade-3	auto	auto			Lesson 15 | printed page 48	80	registry:scholastic-240-vocabulary-grade-3		Candidate-only explicit source target; spelling, sense, proper-name and IELTS relevance review required before promotion.	lexical_candidate	candidate_only	pdf	pdf:page=80,section=word-list,target-printed-page=48
240 Vocabulary Words Kids Need to Know, Grade 3	scholastic-240-vocabulary-grade-3	echoes	echoes			Lesson 11 | printed page 36	80	registry:scholastic-240-vocabulary-grade-3		Candidate-only explicit source target; spelling, sense, proper-name and IELTS relevance review required before promotion.	lexical_candidate	candidate_only	pdf	pdf:page=80,section=word-list,target-printed-page=36
240 Vocabulary Words Kids Need to Know, Grade 3	scholastic-240-vocabulary-grade-3	kid	kid			Lesson 16 | printed page 51	80	registry:scholastic-240-vocabulary-grade-3		Candidate-only explicit source target; spelling, sense, proper-name and IELTS relevance review required before promotion.	lexical_candidate	candidate_only	pdf	pdf:page=80,section=word-list,target-printed-page=51
240 Vocabulary Words Kids Need to Know, Grade 3	scholastic-240-vocabulary-grade-3	pizza	pizza			Lesson 14 | printed page 45	80	registry:scholastic-240-vocabulary-grade-3		Candidate-only explicit source target; spelling, sense, proper-name and IELTS relevance review required before promotion.	lexical_candidate	candidate_only	pdf	pdf:page=80,section=word-list,target-printed-page=45
240 Vocabulary Words Kids Need to Know, Grade 3	scholastic-240-vocabulary-grade-3	submarine	submarine			Lesson 22 | printed page 69	80	registry:scholastic-240-vocabulary-grade-3		Candidate-only explicit source target; spelling, sense, proper-name and IELTS relevance review required before promotion.	lexical_candidate	candidate_only	pdf	pdf:page=80,section=word-list,target-printed-page=69
240 Vocabulary Words Kids Need to Know, Grade 3	scholastic-240-vocabulary-grade-3	awareness	awareness			Lesson 24 | printed page 75	80	registry:scholastic-240-vocabulary-grade-3		Candidate-only explicit source target; spelling, sense, proper-name and IELTS relevance review required before promotion.	lexical_candidate	candidate_only	pdf	pdf:page=80,section=word-list,target-printed-page=75
240 Vocabulary Words Kids Need to Know, Grade 3	scholastic-240-vocabulary-grade-3	exam	exam			Lesson 15 | printed page 48	80	registry:scholastic-240-vocabulary-grade-3		Candidate-only explicit source target; spelling, sense, proper-name and IELTS relevance review required before promotion.	lexical_candidate	candidate_only	pdf	pdf:page=80,section=word-list,target-printed-page=48
240 Vocabulary Words Kids Need to Know, Grade 3	scholastic-240-vocabulary-grade-3	plaza	plaza			Lesson 14 | printed page 45	80	registry:scholastic-240-vocabulary-grade-3		Candidate-only explicit source target; spelling, sense, proper-name and IELTS relevance review required before promotion.	lexical_candidate	candidate_only	pdf	pdf:page=80,section=word-list,target-printed-page=45
240 Vocabulary Words Kids Need to Know, Grade 3	scholastic-240-vocabulary-grade-3	subnormal	subnormal			Lesson 22 | printed page 69	80	registry:scholastic-240-vocabulary-grade-3		Candidate-only explicit source target; spelling, sense, proper-name and IELTS relevance review required before promotion.	lexical_candidate	candidate_only	pdf	pdf:page=80,section=word-list,target-printed-page=69
240 Vocabulary Words Kids Need to Know, Grade 3	scholastic-240-vocabulary-grade-3	eyelid	eyelid			Lesson 06 | printed page 21	80	registry:scholastic-240-vocabulary-grade-3		Candidate-only explicit source target; spelling, sense, proper-name and IELTS relevance review required before promotion.	lexical_candidate	candidate_only	pdf	pdf:page=80,section=word-list,target-printed-page=21
240 Vocabulary Words Kids Need to Know, Grade 3	scholastic-240-vocabulary-grade-3	plea	plea			Lesson 12 | printed page 39	80	registry:scholastic-240-vocabulary-grade-3		Candidate-only explicit source target; spelling, sense, proper-name and IELTS relevance review required before promotion.	lexical_candidate	candidate_only	pdf	pdf:page=80,section=word-list,target-printed-page=39
240 Vocabulary Words Kids Need to Know, Grade 3	scholastic-240-vocabulary-grade-3	subtitle	subtitle			Lesson 21 | printed page 66	80	registry:scholastic-240-vocabulary-grade-3		Candidate-only explicit source target; spelling, sense, proper-name and IELTS relevance review required before promotion.	lexical_candidate	candidate_only	pdf	pdf:page=80,section=word-list,target-printed-page=66
240 Vocabulary Words Kids Need to Know, Grade 3	scholastic-240-vocabulary-grade-3	ballet	ballet			Lesson 14 | printed page 45	80	registry:scholastic-240-vocabulary-grade-3		Candidate-only explicit source target; spelling, sense, proper-name and IELTS relevance review required before promotion.	lexical_candidate	candidate_only	pdf	pdf:page=80,section=word-list,target-printed-page=45
240 Vocabulary Words Kids Need to Know, Grade 3	scholastic-240-vocabulary-grade-3	kit	kit			Lesson 16 | printed page 51	80	registry:scholastic-240-vocabulary-grade-3		Candidate-only explicit source target; spelling, sense, proper-name and IELTS relevance review required before promotion.	lexical_candidate	candidate_only	pdf	pdf:page=80,section=word-list,target-printed-page=51
240 Vocabulary Words Kids Need to Know, Grade 3	scholastic-240-vocabulary-grade-3	pleasure	pleasure			Lesson 04 | printed page 15	80	registry:scholastic-240-vocabulary-grade-3		Candidate-only explicit source target; spelling, sense, proper-name and IELTS relevance review required before promotion.	lexical_candidate	candidate_only	pdf	pdf:page=80,section=word-list,target-printed-page=15
240 Vocabulary Words Kids Need to Know, Grade 3	scholastic-240-vocabulary-grade-3	subtotal	subtotal			Lesson 21 | printed page 66	80	registry:scholastic-240-vocabulary-grade-3		Candidate-only explicit source target; spelling, sense, proper-name and IELTS relevance review required before promotion.	lexical_candidate	candidate_only	pdf	pdf:page=80,section=word-list,target-printed-page=66
240 Vocabulary Words Kids Need to Know, Grade 3	scholastic-240-vocabulary-grade-3	banner	banner			Lesson 02 | printed page 9	80	registry:scholastic-240-vocabulary-grade-3		Candidate-only explicit source target; spelling, sense, proper-name and IELTS relevance review required before promotion.	lexical_candidate	candidate_only	pdf	pdf:page=80,section=word-list,target-printed-page=9
240 Vocabulary Words Kids Need to Know, Grade 3	scholastic-240-vocabulary-grade-3	fawn	fawn			Lesson 16 | printed page 51	80	registry:scholastic-240-vocabulary-grade-3		Candidate-only explicit source target; spelling, sense, proper-name and IELTS relevance review required before promotion.	lexical_candidate	candidate_only	pdf	pdf:page=80,section=word-list,target-printed-page=51
240 Vocabulary Words Kids Need to Know, Grade 3	scholastic-240-vocabulary-grade-3	plentiful	plentiful			Lesson 23 | printed page 72	80	registry:scholastic-240-vocabulary-grade-3		Candidate-only explicit source target; spelling, sense, proper-name and IELTS relevance review required before promotion.	lexical_candidate	candidate_only	pdf	pdf:page=80,section=word-list,target-printed-page=72
240 Vocabulary Words Kids Need to Know, Grade 3	scholastic-240-vocabulary-grade-3	beehive	beehive			Lesson 07 | printed page 24	80	registry:scholastic-240-vocabulary-grade-3		Candidate-only explicit source target; spelling, sense, proper-name and IELTS relevance review required before promotion.	lexical_candidate	candidate_only	pdf	pdf:page=80,section=word-list,target-printed-page=24
240 Vocabulary Words Kids Need to Know, Grade 3	scholastic-240-vocabulary-grade-3	feeble	feeble			Lesson 01 | printed page 6	80	registry:scholastic-240-vocabulary-grade-3		Candidate-only explicit source target; spelling, sense, proper-name and IELTS relevance review required before promotion.	lexical_candidate	candidate_only	pdf	pdf:page=80,section=word-list,target-printed-page=6
240 Vocabulary Words Kids Need to Know, Grade 3	scholastic-240-vocabulary-grade-3	lab	lab			Lesson 15 | printed page 48	80	registry:scholastic-240-vocabulary-grade-3		Candidate-only explicit source target; spelling, sense, proper-name and IELTS relevance review required before promotion.	lexical_candidate	candidate_only	pdf	pdf:page=80,section=word-list,target-printed-page=48
240 Vocabulary Words Kids Need to Know, Grade 3	scholastic-240-vocabulary-grade-3	prank	prank			Lesson 01 | printed page 6	80	registry:scholastic-240-vocabulary-grade-3		Candidate-only explicit source target; spelling, sense, proper-name and IELTS relevance review required before promotion.	lexical_candidate	candidate_only	pdf	pdf:page=80,section=word-list,target-printed-page=6
240 Vocabulary Words Kids Need to Know, Grade 3	scholastic-240-vocabulary-grade-3	tactful	tactful			Lesson 24 | printed page 75	80	registry:scholastic-240-vocabulary-grade-3		Candidate-only explicit source target; spelling, sense, proper-name and IELTS relevance review required before promotion.	lexical_candidate	candidate_only	pdf	pdf:page=80,section=word-list,target-printed-page=75
240 Vocabulary Words Kids Need to Know, Grade 3	scholastic-240-vocabulary-grade-3	berry	berry			Lesson 08 | printed page 27	80	registry:scholastic-240-vocabulary-grade-3		Candidate-only explicit source target; spelling, sense, proper-name and IELTS relevance review required before promotion.	lexical_candidate	candidate_only	pdf	pdf:page=80,section=word-list,target-printed-page=27
240 Vocabulary Words Kids Need to Know, Grade 3	scholastic-240-vocabulary-grade-3	feet	feet			Lesson 11 | printed page 36	80	registry:scholastic-240-vocabulary-grade-3		Candidate-only explicit source target; spelling, sense, proper-name and IELTS relevance review required before promotion.	lexical_candidate	candidate_only	pdf	pdf:page=80,section=word-list,target-printed-page=36
240 Vocabulary Words Kids Need to Know, Grade 3	scholastic-240-vocabulary-grade-3	laziness	laziness			Lesson 24 | printed page 75	80	registry:scholastic-240-vocabulary-grade-3		Candidate-only explicit source target; spelling, sense, proper-name and IELTS relevance review required before promotion.	lexical_candidate	candidate_only	pdf	pdf:page=80,section=word-list,target-printed-page=75
240 Vocabulary Words Kids Need to Know, Grade 3	scholastic-240-vocabulary-grade-3	pretzel	pretzel			Lesson 13 | printed page 42	80	registry:scholastic-240-vocabulary-grade-3		Candidate-only explicit source target; spelling, sense, proper-name and IELTS relevance review required before promotion.	lexical_candidate	candidate_only	pdf	pdf:page=80,section=word-list,target-printed-page=42
240 Vocabulary Words Kids Need to Know, Grade 3	scholastic-240-vocabulary-grade-3	task	task			Lesson 03 | printed page 12	80	registry:scholastic-240-vocabulary-grade-3		Candidate-only explicit source target; spelling, sense, proper-name and IELTS relevance review required before promotion.	lexical_candidate	candidate_only	pdf	pdf:page=80,section=word-list,target-printed-page=12
240 Vocabulary Words Kids Need to Know, Grade 3	scholastic-240-vocabulary-grade-3	bike	bike			Lesson 15 | printed page 48	80	registry:scholastic-240-vocabulary-grade-3		Candidate-only explicit source target; spelling, sense, proper-name and IELTS relevance review required before promotion.	lexical_candidate	candidate_only	pdf	pdf:page=80,section=word-list,target-printed-page=48
240 Vocabulary Words Kids Need to Know, Grade 3	scholastic-240-vocabulary-grade-3	fern	fern			Lesson 12 | printed page 39	80	registry:scholastic-240-vocabulary-grade-3		Candidate-only explicit source target; spelling, sense, proper-name and IELTS relevance review required before promotion.	lexical_candidate	candidate_only	pdf	pdf:page=80,section=word-list,target-printed-page=39
240 Vocabulary Words Kids Need to Know, Grade 3	scholastic-240-vocabulary-grade-3	lead	lead			Lesson 10 | printed page 33	80	registry:scholastic-240-vocabulary-grade-3		Candidate-only explicit source target; spelling, sense, proper-name and IELTS relevance review required before promotion.	lexical_candidate	candidate_only	pdf	pdf:page=80,section=word-list,target-printed-page=33
240 Vocabulary Words Kids Need to Know, Grade 3	scholastic-240-vocabulary-grade-3	principal	principal			Lesson 08 | printed page 27	80	registry:scholastic-240-vocabulary-grade-3		Candidate-only explicit source target; spelling, sense, proper-name and IELTS relevance review required before promotion.	lexical_candidate	candidate_only	pdf	pdf:page=80,section=word-list,target-printed-page=27
240 Vocabulary Words Kids Need to Know, Grade 3	scholastic-240-vocabulary-grade-3	teddy bear	teddy bear			Lesson 20 | printed page 63	80	registry:scholastic-240-vocabulary-grade-3		Candidate-only explicit source target; spelling, sense, proper-name and IELTS relevance review required before promotion.	lexical_candidate	candidate_only	pdf	pdf:page=80,section=word-list,target-printed-page=63
240 Vocabulary Words Kids Need to Know, Grade 3	scholastic-240-vocabulary-grade-3	birdbath	birdbath			Lesson 06 | printed page 21	80	registry:scholastic-240-vocabulary-grade-3		Candidate-only explicit source target; spelling, sense, proper-name and IELTS relevance review required before promotion.	lexical_candidate	candidate_only	pdf	pdf:page=80,section=word-list,target-printed-page=21
240 Vocabulary Words Kids Need to Know, Grade 3	scholastic-240-vocabulary-grade-3	fir	fir			Lesson 08 | printed page 27	80	registry:scholastic-240-vocabulary-grade-3		Candidate-only explicit source target; spelling, sense, proper-name and IELTS relevance review required before promotion.	lexical_candidate	candidate_only	pdf	pdf:page=80,section=word-list,target-printed-page=27
240 Vocabulary Words Kids Need to Know, Grade 3	scholastic-240-vocabulary-grade-3	lead	lead			Lesson 10 | printed page 33	80	registry:scholastic-240-vocabulary-grade-3		Candidate-only explicit source target; spelling, sense, proper-name and IELTS relevance review required before promotion.	lexical_candidate	candidate_only	pdf	pdf:page=80,section=word-list,target-printed-page=33
240 Vocabulary Words Kids Need to Know, Grade 3	scholastic-240-vocabulary-grade-3	principle	principle			Lesson 08 | printed page 27	80	registry:scholastic-240-vocabulary-grade-3		Candidate-only explicit source target; spelling, sense, proper-name and IELTS relevance review required before promotion.	lexical_candidate	candidate_only	pdf	pdf:page=80,section=word-list,target-printed-page=27
240 Vocabulary Words Kids Need to Know, Grade 3	scholastic-240-vocabulary-grade-3	threw	threw			Lesson 09 | printed page 30	80	registry:scholastic-240-vocabulary-grade-3		Candidate-only explicit source target; spelling, sense, proper-name and IELTS relevance review required before promotion.	lexical_candidate	candidate_only	pdf	pdf:page=80,section=word-list,target-printed-page=30
240 Vocabulary Words Kids Need to Know, Grade 3	scholastic-240-vocabulary-grade-3	bleat	bleat			Lesson 19 | printed page 60	80	registry:scholastic-240-vocabulary-grade-3		Candidate-only explicit source target; spelling, sense, proper-name and IELTS relevance review required before promotion.	lexical_candidate	candidate_only	pdf	pdf:page=80,section=word-list,target-printed-page=60
240 Vocabulary Words Kids Need to Know, Grade 3	scholastic-240-vocabulary-grade-3	flexible	flexible			Lesson 04 | printed page 15	80	registry:scholastic-240-vocabulary-grade-3		Candidate-only explicit source target; spelling, sense, proper-name and IELTS relevance review required before promotion.	lexical_candidate	candidate_only	pdf	pdf:page=80,section=word-list,target-printed-page=15
240 Vocabulary Words Kids Need to Know, Grade 3	scholastic-240-vocabulary-grade-3	lend	lend			Lesson 05 | printed page 18	80	registry:scholastic-240-vocabulary-grade-3		Candidate-only explicit source target; spelling, sense, proper-name and IELTS relevance review required before promotion.	lexical_candidate	candidate_only	pdf	pdf:page=80,section=word-list,target-printed-page=18
240 Vocabulary Words Kids Need to Know, Grade 3	scholastic-240-vocabulary-grade-3	purchase	purchase			Lesson 01 | printed page 6	80	registry:scholastic-240-vocabulary-grade-3		Candidate-only explicit source target; spelling, sense, proper-name and IELTS relevance review required before promotion.	lexical_candidate	candidate_only	pdf	pdf:page=80,section=word-list,target-printed-page=6
240 Vocabulary Words Kids Need to Know, Grade 3	scholastic-240-vocabulary-grade-3	through	through			Lesson 09 | printed page 30	80	registry:scholastic-240-vocabulary-grade-3		Candidate-only explicit source target; spelling, sense, proper-name and IELTS relevance review required before promotion.	lexical_candidate	candidate_only	pdf	pdf:page=80,section=word-list,target-printed-page=30
240 Vocabulary Words Kids Need to Know, Grade 3	scholastic-240-vocabulary-grade-3	boom	boom			Lesson 19 | printed page 60	80	registry:scholastic-240-vocabulary-grade-3		Candidate-only explicit source target; spelling, sense, proper-name and IELTS relevance review required before promotion.	lexical_candidate	candidate_only	pdf	pdf:page=80,section=word-list,target-printed-page=60
240 Vocabulary Words Kids Need to Know, Grade 3	scholastic-240-vocabulary-grade-3	foal	foal			Lesson 16 | printed page 51	80	registry:scholastic-240-vocabulary-grade-3		Candidate-only explicit source target; spelling, sense, proper-name and IELTS relevance review required before promotion.	lexical_candidate	candidate_only	pdf	pdf:page=80,section=word-list,target-printed-page=51
240 Vocabulary Words Kids Need to Know, Grade 3	scholastic-240-vocabulary-grade-3	limb	limb			Lesson 12 | printed page 39	80	registry:scholastic-240-vocabulary-grade-3		Candidate-only explicit source target; spelling, sense, proper-name and IELTS relevance review required before promotion.	lexical_candidate	candidate_only	pdf	pdf:page=80,section=word-list,target-printed-page=39
240 Vocabulary Words Kids Need to Know, Grade 3	scholastic-240-vocabulary-grade-3	purr	purr			Lesson 19 | printed page 60	80	registry:scholastic-240-vocabulary-grade-3		Candidate-only explicit source target; spelling, sense, proper-name and IELTS relevance review required before promotion.	lexical_candidate	candidate_only	pdf	pdf:page=80,section=word-list,target-printed-page=60
240 Vocabulary Words Kids Need to Know, Grade 3	scholastic-240-vocabulary-grade-3	tidy	tidy			Lesson 05 | printed page 18	80	registry:scholastic-240-vocabulary-grade-3		Candidate-only explicit source target; spelling, sense, proper-name and IELTS relevance review required before promotion.	lexical_candidate	candidate_only	pdf	pdf:page=80,section=word-list,target-printed-page=18
240 Vocabulary Words Kids Need to Know, Grade 3	scholastic-240-vocabulary-grade-3	borrow	borrow			Lesson 05 | printed page 18	80	registry:scholastic-240-vocabulary-grade-3		Candidate-only explicit source target; spelling, sense, proper-name and IELTS relevance review required before promotion.	lexical_candidate	candidate_only	pdf	pdf:page=80,section=word-list,target-printed-page=18
240 Vocabulary Words Kids Need to Know, Grade 3	scholastic-240-vocabulary-grade-3	foe	foe			Lesson 01 | printed page 6	80	registry:scholastic-240-vocabulary-grade-3		Candidate-only explicit source target; spelling, sense, proper-name and IELTS relevance review required before promotion.	lexical_candidate	candidate_only	pdf	pdf:page=80,section=word-list,target-printed-page=6
240 Vocabulary Words Kids Need to Know, Grade 3	scholastic-240-vocabulary-grade-3	live	live			Lesson 10 | printed page 33	80	registry:scholastic-240-vocabulary-grade-3		Candidate-only explicit source target; spelling, sense, proper-name and IELTS relevance review required before promotion.	lexical_candidate	candidate_only	pdf	pdf:page=80,section=word-list,target-printed-page=33
240 Vocabulary Words Kids Need to Know, Grade 3	scholastic-240-vocabulary-grade-3	trainer	trainer			Lesson 24 | printed page 75	80	registry:scholastic-240-vocabulary-grade-3		Candidate-only explicit source target; spelling, sense, proper-name and IELTS relevance review required before promotion.	lexical_candidate	candidate_only	pdf	pdf:page=80,section=word-list,target-printed-page=75
240 Vocabulary Words Kids Need to Know, Grade 3	scholastic-240-vocabulary-grade-3	boss	boss			Lesson 14 | printed page 45	80	registry:scholastic-240-vocabulary-grade-3		Candidate-only explicit source target; spelling, sense, proper-name and IELTS relevance review required before promotion.	lexical_candidate	candidate_only	pdf	pdf:page=80,section=word-list,target-printed-page=45
240 Vocabulary Words Kids Need to Know, Grade 3	scholastic-240-vocabulary-grade-3	forgiveness	forgiveness			Lesson 23 | printed page 72	80	registry:scholastic-240-vocabulary-grade-3		Candidate-only explicit source target; spelling, sense, proper-name and IELTS relevance review required before promotion.	lexical_candidate	candidate_only	pdf	pdf:page=80,section=word-list,target-printed-page=72
240 Vocabulary Words Kids Need to Know, Grade 3	scholastic-240-vocabulary-grade-3	live	live			Lesson 10 | printed page 33	80	registry:scholastic-240-vocabulary-grade-3		Candidate-only explicit source target; spelling, sense, proper-name and IELTS relevance review required before promotion.	lexical_candidate	candidate_only	pdf	pdf:page=80,section=word-list,target-printed-page=33
240 Vocabulary Words Kids Need to Know, Grade 3	scholastic-240-vocabulary-grade-3	quietly	quietly			Lesson 24 | printed page 75	80	registry:scholastic-240-vocabulary-grade-3		Candidate-only explicit source target; spelling, sense, proper-name and IELTS relevance review required before promotion.	lexical_candidate	candidate_only	pdf	pdf:page=80,section=word-list,target-printed-page=75
240 Vocabulary Words Kids Need to Know, Grade 3	scholastic-240-vocabulary-grade-3	transform	transform			Lesson 18 | printed page 57	80	registry:scholastic-240-vocabulary-grade-3		Candidate-only explicit source target; spelling, sense, proper-name and IELTS relevance review required before promotion.	lexical_candidate	candidate_only	pdf	pdf:page=80,section=word-list,target-printed-page=57
240 Vocabulary Words Kids Need to Know, Grade 3	scholastic-240-vocabulary-grade-3	bothersome	bothersome			Lesson 03 | printed page 12	80	registry:scholastic-240-vocabulary-grade-3		Candidate-only explicit source target; spelling, sense, proper-name and IELTS relevance review required before promotion.	lexical_candidate	candidate_only	pdf	pdf:page=80,section=word-list,target-printed-page=12
240 Vocabulary Words Kids Need to Know, Grade 3	scholastic-240-vocabulary-grade-3	format	format			Lesson 18 | printed page 57	80	registry:scholastic-240-vocabulary-grade-3		Candidate-only explicit source target; spelling, sense, proper-name and IELTS relevance review required before promotion.	lexical_candidate	candidate_only	pdf	pdf:page=80,section=word-list,target-printed-page=57
240 Vocabulary Words Kids Need to Know, Grade 3	scholastic-240-vocabulary-grade-3	loft	loft			Lesson 13 | printed page 42	80	registry:scholastic-240-vocabulary-grade-3		Candidate-only explicit source target; spelling, sense, proper-name and IELTS relevance review required before promotion.	lexical_candidate	candidate_only	pdf	pdf:page=80,section=word-list,target-printed-page=42
240 Vocabulary Words Kids Need to Know, Grade 3	scholastic-240-vocabulary-grade-3	trim	trim			Lesson 12 | printed page 39	80	registry:scholastic-240-vocabulary-grade-3		Candidate-only explicit source target; spelling, sense, proper-name and IELTS relevance review required before promotion.	lexical_candidate	candidate_only	pdf	pdf:page=80,section=word-list,target-printed-page=39
240 Vocabulary Words Kids Need to Know, Grade 3	scholastic-240-vocabulary-grade-3	bravo	bravo			Lesson 14 | printed page 45	80	registry:scholastic-240-vocabulary-grade-3		Candidate-only explicit source target; spelling, sense, proper-name and IELTS relevance review required before promotion.	lexical_candidate	candidate_only	pdf	pdf:page=80,section=word-list,target-printed-page=45
240 Vocabulary Words Kids Need to Know, Grade 3	scholastic-240-vocabulary-grade-3	formula	formula			Lesson 18 | printed page 57	80	registry:scholastic-240-vocabulary-grade-3		Candidate-only explicit source target; spelling, sense, proper-name and IELTS relevance review required before promotion.	lexical_candidate	candidate_only	pdf	pdf:page=80,section=word-list,target-printed-page=57
240 Vocabulary Words Kids Need to Know, Grade 3	scholastic-240-vocabulary-grade-3	loyal	loyal			Lesson 02 | printed page 9	80	registry:scholastic-240-vocabulary-grade-3		Candidate-only explicit source target; spelling, sense, proper-name and IELTS relevance review required before promotion.	lexical_candidate	candidate_only	pdf	pdf:page=80,section=word-list,target-printed-page=9
240 Vocabulary Words Kids Need to Know, Grade 3	scholastic-240-vocabulary-grade-3	railroad	railroad			Lesson 07 | printed page 24	80	registry:scholastic-240-vocabulary-grade-3		Candidate-only explicit source target; spelling, sense, proper-name and IELTS relevance review required before promotion.	lexical_candidate	candidate_only	pdf	pdf:page=80,section=word-list,target-printed-page=24
240 Vocabulary Words Kids Need to Know, Grade 3	scholastic-240-vocabulary-grade-3	turtleneck	turtleneck			Lesson 07 | printed page 24	80	registry:scholastic-240-vocabulary-grade-3		Candidate-only explicit source target; spelling, sense, proper-name and IELTS relevance review required before promotion.	lexical_candidate	candidate_only	pdf	pdf:page=80,section=word-list,target-printed-page=24
240 Vocabulary Words Kids Need to Know, Grade 3	scholastic-240-vocabulary-grade-3	break	break			Lesson 04 | printed page 15	80	registry:scholastic-240-vocabulary-grade-3		Candidate-only explicit source target; spelling, sense, proper-name and IELTS relevance review required before promotion.	lexical_candidate	candidate_only	pdf	pdf:page=80,section=word-list,target-printed-page=15
240 Vocabulary Words Kids Need to Know, Grade 3	scholastic-240-vocabulary-grade-3	frayed	frayed			Lesson 03 | printed page 12	80	registry:scholastic-240-vocabulary-grade-3		Candidate-only explicit source target; spelling, sense, proper-name and IELTS relevance review required before promotion.	lexical_candidate	candidate_only	pdf	pdf:page=80,section=word-list,target-printed-page=12
240 Vocabulary Words Kids Need to Know, Grade 3	scholastic-240-vocabulary-grade-3	lunchtime	lunchtime			Lesson 06 | printed page 21	80	registry:scholastic-240-vocabulary-grade-3		Candidate-only explicit source target; spelling, sense, proper-name and IELTS relevance review required before promotion.	lexical_candidate	candidate_only	pdf	pdf:page=80,section=word-list,target-printed-page=21
240 Vocabulary Words Kids Need to Know, Grade 3	scholastic-240-vocabulary-grade-3	rainbow	rainbow			Lesson 06 | printed page 21	80	registry:scholastic-240-vocabulary-grade-3		Candidate-only explicit source target; spelling, sense, proper-name and IELTS relevance review required before promotion.	lexical_candidate	candidate_only	pdf	pdf:page=80,section=word-list,target-printed-page=21
240 Vocabulary Words Kids Need to Know, Grade 3	scholastic-240-vocabulary-grade-3	bright	bright			Lesson 05 | printed page 18	80	registry:scholastic-240-vocabulary-grade-3		Candidate-only explicit source target; spelling, sense, proper-name and IELTS relevance review required before promotion.	lexical_candidate	candidate_only	pdf	pdf:page=80,section=word-list,target-printed-page=18
240 Vocabulary Words Kids Need to Know, Grade 3	scholastic-240-vocabulary-grade-3	freighter	freighter			Lesson 17 | printed page 54	80	registry:scholastic-240-vocabulary-grade-3		Candidate-only explicit source target; spelling, sense, proper-name and IELTS relevance review required before promotion.	lexical_candidate	candidate_only	pdf	pdf:page=80,section=word-list,target-printed-page=54
240 Vocabulary Words Kids Need to Know, Grade 3	scholastic-240-vocabulary-grade-3	lurk	lurk			Lesson 03 | printed page 12	80	registry:scholastic-240-vocabulary-grade-3		Candidate-only explicit source target; spelling, sense, proper-name and IELTS relevance review required before promotion.	lexical_candidate	candidate_only	pdf	pdf:page=80,section=word-list,target-printed-page=12
240 Vocabulary Words Kids Need to Know, Grade 3	scholastic-240-vocabulary-grade-3	rancher	rancher			Lesson 23 | printed page 72	80	registry:scholastic-240-vocabulary-grade-3		Candidate-only explicit source target; spelling, sense, proper-name and IELTS relevance review required before promotion.	lexical_candidate	candidate_only	pdf	pdf:page=80,section=word-list,target-printed-page=72
240 Vocabulary Words Kids Need to Know, Grade 3	scholastic-240-vocabulary-grade-3	uncover	uncover			Lesson 22 | printed page 69	80	registry:scholastic-240-vocabulary-grade-3		Candidate-only explicit source target; spelling, sense, proper-name and IELTS relevance review required before promotion.	lexical_candidate	candidate_only	pdf	pdf:page=80,section=word-list,target-printed-page=69
240 Vocabulary Words Kids Need to Know, Grade 3	scholastic-240-vocabulary-grade-3	bungalow	bungalow			Lesson 13 | printed page 42	80	registry:scholastic-240-vocabulary-grade-3		Candidate-only explicit source target; spelling, sense, proper-name and IELTS relevance review required before promotion.	lexical_candidate	candidate_only	pdf	pdf:page=80,section=word-list,target-printed-page=42
240 Vocabulary Words Kids Need to Know, Grade 3	scholastic-240-vocabulary-grade-3	frightful	frightful			Lesson 24 | printed page 75	80	registry:scholastic-240-vocabulary-grade-3		Candidate-only explicit source target; spelling, sense, proper-name and IELTS relevance review required before promotion.	lexical_candidate	candidate_only	pdf	pdf:page=80,section=word-list,target-printed-page=75
240 Vocabulary Words Kids Need to Know, Grade 3	scholastic-240-vocabulary-grade-3	rapidly	rapidly			Lesson 23 | printed page 72	80	registry:scholastic-240-vocabulary-grade-3		Candidate-only explicit source target; spelling, sense, proper-name and IELTS relevance review required before promotion.	lexical_candidate	candidate_only	pdf	pdf:page=80,section=word-list,target-printed-page=72
240 Vocabulary Words Kids Need to Know, Grade 3	scholastic-240-vocabulary-grade-3	uneasy	uneasy			Lesson 22 | printed page 69	80	registry:scholastic-240-vocabulary-grade-3		Candidate-only explicit source target; spelling, sense, proper-name and IELTS relevance review required before promotion.	lexical_candidate	candidate_only	pdf	pdf:page=80,section=word-list,target-printed-page=69
240 Vocabulary Words Kids Need to Know, Grade 3	scholastic-240-vocabulary-grade-3	bury	bury			Lesson 08 | printed page 27	80	registry:scholastic-240-vocabulary-grade-3		Candidate-only explicit source target; spelling, sense, proper-name and IELTS relevance review required before promotion.	lexical_candidate	candidate_only	pdf	pdf:page=80,section=word-list,target-printed-page=27
240 Vocabulary Words Kids Need to Know, Grade 3	scholastic-240-vocabulary-grade-3	fur	fur			Lesson 08 | printed page 27	80	registry:scholastic-240-vocabulary-grade-3		Candidate-only explicit source target; spelling, sense, proper-name and IELTS relevance review required before promotion.	lexical_candidate	candidate_only	pdf	pdf:page=80,section=word-list,target-printed-page=27
240 Vocabulary Words Kids Need to Know, Grade 3	scholastic-240-vocabulary-grade-3	mammoth	mammoth			Lesson 03 | printed page 12	80	registry:scholastic-240-vocabulary-grade-3		Candidate-only explicit source target; spelling, sense, proper-name and IELTS relevance review required before promotion.	lexical_candidate	candidate_only	pdf	pdf:page=80,section=word-list,target-printed-page=12
240 Vocabulary Words Kids Need to Know, Grade 3	scholastic-240-vocabulary-grade-3	rattle	rattle			Lesson 19 | printed page 60	80	registry:scholastic-240-vocabulary-grade-3		Candidate-only explicit source target; spelling, sense, proper-name and IELTS relevance review required before promotion.	lexical_candidate	candidate_only	pdf	pdf:page=80,section=word-list,target-printed-page=60
240 Vocabulary Words Kids Need to Know, Grade 3	scholastic-240-vocabulary-grade-3	unequal	unequal			Lesson 21 | printed page 66	80	registry:scholastic-240-vocabulary-grade-3		Candidate-only explicit source target; spelling, sense, proper-name and IELTS relevance review required before promotion.	lexical_candidate	candidate_only	pdf	pdf:page=80,section=word-list,target-printed-page=66
240 Vocabulary Words Kids Need to Know, Grade 3	scholastic-240-vocabulary-grade-3	bus	bus			Lesson 15 | printed page 48	80	registry:scholastic-240-vocabulary-grade-3		Candidate-only explicit source target; spelling, sense, proper-name and IELTS relevance review required before promotion.	lexical_candidate	candidate_only	pdf	pdf:page=80,section=word-list,target-printed-page=48
240 Vocabulary Words Kids Need to Know, Grade 3	scholastic-240-vocabulary-grade-3	furious	furious			Lesson 03 | printed page 12	80	registry:scholastic-240-vocabulary-grade-3		Candidate-only explicit source target; spelling, sense, proper-name and IELTS relevance review required before promotion.	lexical_candidate	candidate_only	pdf	pdf:page=80,section=word-list,target-printed-page=12
240 Vocabulary Words Kids Need to Know, Grade 3	scholastic-240-vocabulary-grade-3	marina	marina			Lesson 17 | printed page 54	80	registry:scholastic-240-vocabulary-grade-3		Candidate-only explicit source target; spelling, sense, proper-name and IELTS relevance review required before promotion.	lexical_candidate	candidate_only	pdf	pdf:page=80,section=word-list,target-printed-page=54
240 Vocabulary Words Kids Need to Know, Grade 3	scholastic-240-vocabulary-grade-3	recall	recall			Lesson 22 | printed page 69	80	registry:scholastic-240-vocabulary-grade-3		Candidate-only explicit source target; spelling, sense, proper-name and IELTS relevance review required before promotion.	lexical_candidate	candidate_only	pdf	pdf:page=80,section=word-list,target-printed-page=69
240 Vocabulary Words Kids Need to Know, Grade 3	scholastic-240-vocabulary-grade-3	unfold	unfold			Lesson 21 | printed page 66	80	registry:scholastic-240-vocabulary-grade-3		Candidate-only explicit source target; spelling, sense, proper-name and IELTS relevance review required before promotion.	lexical_candidate	candidate_only	pdf	pdf:page=80,section=word-list,target-printed-page=66
240 Vocabulary Words Kids Need to Know, Grade 3	scholastic-240-vocabulary-grade-3	buzz	buzz			Lesson 19 | printed page 60	80	registry:scholastic-240-vocabulary-grade-3		Candidate-only explicit source target; spelling, sense, proper-name and IELTS relevance review required before promotion.	lexical_candidate	candidate_only	pdf	pdf:page=80,section=word-list,target-printed-page=60
240 Vocabulary Words Kids Need to Know, Grade 3	scholastic-240-vocabulary-grade-3	mast	mast			Lesson 17 | printed page 54	80	registry:scholastic-240-vocabulary-grade-3		Candidate-only explicit source target; spelling, sense, proper-name and IELTS relevance review required before promotion.	lexical_candidate	candidate_only	pdf	pdf:page=80,section=word-list,target-printed-page=54
240 Vocabulary Words Kids Need to Know, Grade 3	scholastic-240-vocabulary-grade-3	recently	recently			Lesson 24 | printed page 75	80	registry:scholastic-240-vocabulary-grade-3		Candidate-only explicit source target; spelling, sense, proper-name and IELTS relevance review required before promotion.	lexical_candidate	candidate_only	pdf	pdf:page=80,section=word-list,target-printed-page=75
240 Vocabulary Words Kids Need to Know, Grade 3	scholastic-240-vocabulary-grade-3	uniform	uniform			Lesson 18 | printed page 57	80	registry:scholastic-240-vocabulary-grade-3		Candidate-only explicit source target; spelling, sense, proper-name and IELTS relevance review required before promotion.	lexical_candidate	candidate_only	pdf	pdf:page=80,section=word-list,target-printed-page=57
240 Vocabulary Words Kids Need to Know, Grade 3	scholastic-240-vocabulary-grade-3	galley	galley			Lesson 17 | printed page 54	80	registry:scholastic-240-vocabulary-grade-3		Candidate-only explicit source target; spelling, sense, proper-name and IELTS relevance review required before promotion.	lexical_candidate	candidate_only	pdf	pdf:page=80,section=word-list,target-printed-page=54
240 Vocabulary Words Kids Need to Know, Grade 3	scholastic-240-vocabulary-grade-3	math	math			Lesson 15 | printed page 48	80	registry:scholastic-240-vocabulary-grade-3		Candidate-only explicit source target; spelling, sense, proper-name and IELTS relevance review required before promotion.	lexical_candidate	candidate_only	pdf	pdf:page=80,section=word-list,target-printed-page=48
240 Vocabulary Words Kids Need to Know, Grade 3	scholastic-240-vocabulary-grade-3	record	record			Lesson 10 | printed page 33	80	registry:scholastic-240-vocabulary-grade-3		Candidate-only explicit source target; spelling, sense, proper-name and IELTS relevance review required before promotion.	lexical_candidate	candidate_only	pdf	pdf:page=80,section=word-list,target-printed-page=33
240 Vocabulary Words Kids Need to Know, Grade 3	scholastic-240-vocabulary-grade-3	calf	calf			Lesson 16 | printed page 51	80	registry:scholastic-240-vocabulary-grade-3		Candidate-only explicit source target; spelling, sense, proper-name and IELTS relevance review required before promotion.	lexical_candidate	candidate_only	pdf	pdf:page=80,section=word-list,target-printed-page=51
240 Vocabulary Words Kids Need to Know, Grade 3	scholastic-240-vocabulary-grade-3	garage	garage			Lesson 14 | printed page 45	80	registry:scholastic-240-vocabulary-grade-3		Candidate-only explicit source target; spelling, sense, proper-name and IELTS relevance review required before promotion.	lexical_candidate	candidate_only	pdf	pdf:page=80,section=word-list,target-printed-page=45
240 Vocabulary Words Kids Need to Know, Grade 3	scholastic-240-vocabulary-grade-3	meadow	meadow			Lesson 02 | printed page 9	80	registry:scholastic-240-vocabulary-grade-3		Candidate-only explicit source target; spelling, sense, proper-name and IELTS relevance review required before promotion.	lexical_candidate	candidate_only	pdf	pdf:page=80,section=word-list,target-printed-page=9
240 Vocabulary Words Kids Need to Know, Grade 3	scholastic-240-vocabulary-grade-3	record	record			Lesson 10 | printed page 33	80	registry:scholastic-240-vocabulary-grade-3		Candidate-only explicit source target; spelling, sense, proper-name and IELTS relevance review required before promotion.	lexical_candidate	candidate_only	pdf	pdf:page=80,section=word-list,target-printed-page=33
240 Vocabulary Words Kids Need to Know, Grade 3	scholastic-240-vocabulary-grade-3	vacant	vacant			Lesson 02 | printed page 9	80	registry:scholastic-240-vocabulary-grade-3		Candidate-only explicit source target; spelling, sense, proper-name and IELTS relevance review required before promotion.	lexical_candidate	candidate_only	pdf	pdf:page=80,section=word-list,target-printed-page=9
240 Vocabulary Words Kids Need to Know, Grade 3	scholastic-240-vocabulary-grade-3	capital	capital			Lesson 20 | printed page 63	80	registry:scholastic-240-vocabulary-grade-3		Candidate-only explicit source target; spelling, sense, proper-name and IELTS relevance review required before promotion.	lexical_candidate	candidate_only	pdf	pdf:page=80,section=word-list,target-printed-page=63
240 Vocabulary Words Kids Need to Know, Grade 3	scholastic-240-vocabulary-grade-3	geese	geese			Lesson 11 | printed page 36	80	registry:scholastic-240-vocabulary-grade-3		Candidate-only explicit source target; spelling, sense, proper-name and IELTS relevance review required before promotion.	lexical_candidate	candidate_only	pdf	pdf:page=80,section=word-list,target-printed-page=36
240 Vocabulary Words Kids Need to Know, Grade 3	scholastic-240-vocabulary-grade-3	menu	menu			Lesson 14 | printed page 45	80	registry:scholastic-240-vocabulary-grade-3		Candidate-only explicit source target; spelling, sense, proper-name and IELTS relevance review required before promotion.	lexical_candidate	candidate_only	pdf	pdf:page=80,section=word-list,target-printed-page=45
240 Vocabulary Words Kids Need to Know, Grade 3	scholastic-240-vocabulary-grade-3	recount	recount			Lesson 21 | printed page 66	80	registry:scholastic-240-vocabulary-grade-3		Candidate-only explicit source target; spelling, sense, proper-name and IELTS relevance review required before promotion.	lexical_candidate	candidate_only	pdf	pdf:page=80,section=word-list,target-printed-page=66
240 Vocabulary Words Kids Need to Know, Grade 3	scholastic-240-vocabulary-grade-3	vandal	vandal			Lesson 20 | printed page 63	80	registry:scholastic-240-vocabulary-grade-3		Candidate-only explicit source target; spelling, sense, proper-name and IELTS relevance review required before promotion.	lexical_candidate	candidate_only	pdf	pdf:page=80,section=word-list,target-printed-page=63
240 Vocabulary Words Kids Need to Know, Grade 3	scholastic-240-vocabulary-grade-3	catcher	catcher			Lesson 23 | printed page 72	80	registry:scholastic-240-vocabulary-grade-3		Candidate-only explicit source target; spelling, sense, proper-name and IELTS relevance review required before promotion.	lexical_candidate	candidate_only	pdf	pdf:page=80,section=word-list,target-printed-page=72
240 Vocabulary Words Kids Need to Know, Grade 3	scholastic-240-vocabulary-grade-3	glee	glee			Lesson 12 | printed page 39	80	registry:scholastic-240-vocabulary-grade-3		Candidate-only explicit source target; spelling, sense, proper-name and IELTS relevance review required before promotion.	lexical_candidate	candidate_only	pdf	pdf:page=80,section=word-list,target-printed-page=39
240 Vocabulary Words Kids Need to Know, Grade 3	scholastic-240-vocabulary-grade-3	mice	mice			Lesson 11 | printed page 36	80	registry:scholastic-240-vocabulary-grade-3		Candidate-only explicit source target; spelling, sense, proper-name and IELTS relevance review required before promotion.	lexical_candidate	candidate_only	pdf	pdf:page=80,section=word-list,target-printed-page=36
240 Vocabulary Words Kids Need to Know, Grade 3	scholastic-240-vocabulary-grade-3	reform	reform			Lesson 18 | printed page 57	80	registry:scholastic-240-vocabulary-grade-3		Candidate-only explicit source target; spelling, sense, proper-name and IELTS relevance review required before promotion.	lexical_candidate	candidate_only	pdf	pdf:page=80,section=word-list,target-printed-page=57
240 Vocabulary Words Kids Need to Know, Grade 3	scholastic-240-vocabulary-grade-3	vast	vast			Lesson 01 | printed page 6	80	registry:scholastic-240-vocabulary-grade-3		Candidate-only explicit source target; spelling, sense, proper-name and IELTS relevance review required before promotion.	lexical_candidate	candidate_only	pdf	pdf:page=80,section=word-list,target-printed-page=6
240 Vocabulary Words Kids Need to Know, Grade 3	scholastic-240-vocabulary-grade-3	catfish	catfish			Lesson 06 | printed page 21	80	registry:scholastic-240-vocabulary-grade-3		Candidate-only explicit source target; spelling, sense, proper-name and IELTS relevance review required before promotion.	lexical_candidate	candidate_only	pdf	pdf:page=80,section=word-list,target-printed-page=21
240 Vocabulary Words Kids Need to Know, Grade 3	scholastic-240-vocabulary-grade-3	gosling	gosling			Lesson 16 | printed page 51	80	registry:scholastic-240-vocabulary-grade-3		Candidate-only explicit source target; spelling, sense, proper-name and IELTS relevance review required before promotion.	lexical_candidate	candidate_only	pdf	pdf:page=80,section=word-list,target-printed-page=51
240 Vocabulary Words Kids Need to Know, Grade 3	scholastic-240-vocabulary-grade-3	misbehave	misbehave			Lesson 21 | printed page 66	80	registry:scholastic-240-vocabulary-grade-3		Candidate-only explicit source target; spelling, sense, proper-name and IELTS relevance review required before promotion.	lexical_candidate	candidate_only	pdf	pdf:page=80,section=word-list,target-printed-page=66
240 Vocabulary Words Kids Need to Know, Grade 3	scholastic-240-vocabulary-grade-3	renew	renew			Lesson 22 | printed page 69	80	registry:scholastic-240-vocabulary-grade-3		Candidate-only explicit source target; spelling, sense, proper-name and IELTS relevance review required before promotion.	lexical_candidate	candidate_only	pdf	pdf:page=80,section=word-list,target-printed-page=69
240 Vocabulary Words Kids Need to Know, Grade 3	scholastic-240-vocabulary-grade-3	voyage	voyage			Lesson 02 | printed page 9	80	registry:scholastic-240-vocabulary-grade-3		Candidate-only explicit source target; spelling, sense, proper-name and IELTS relevance review required before promotion.	lexical_candidate	candidate_only	pdf	pdf:page=80,section=word-list,target-printed-page=9
240 Vocabulary Words Kids Need to Know, Grade 3	scholastic-240-vocabulary-grade-3	cellar	cellar			Lesson 05 | printed page 18	80	registry:scholastic-240-vocabulary-grade-3		Candidate-only explicit source target; spelling, sense, proper-name and IELTS relevance review required before promotion.	lexical_candidate	candidate_only	pdf	pdf:page=80,section=word-list,target-printed-page=18
240 Vocabulary Words Kids Need to Know, Grade 3	scholastic-240-vocabulary-grade-3	government	government			Lesson 23 | printed page 72	80	registry:scholastic-240-vocabulary-grade-3		Candidate-only explicit source target; spelling, sense, proper-name and IELTS relevance review required before promotion.	lexical_candidate	candidate_only	pdf	pdf:page=80,section=word-list,target-printed-page=72
240 Vocabulary Words Kids Need to Know, Grade 3	scholastic-240-vocabulary-grade-3	mislead	mislead			Lesson 22 | printed page 69	80	registry:scholastic-240-vocabulary-grade-3		Candidate-only explicit source target; spelling, sense, proper-name and IELTS relevance review required before promotion.	lexical_candidate	candidate_only	pdf	pdf:page=80,section=word-list,target-printed-page=69
240 Vocabulary Words Kids Need to Know, Grade 3	scholastic-240-vocabulary-grade-3	repair	repair			Lesson 04 | printed page 15	80	registry:scholastic-240-vocabulary-grade-3		Candidate-only explicit source target; spelling, sense, proper-name and IELTS relevance review required before promotion.	lexical_candidate	candidate_only	pdf	pdf:page=80,section=word-list,target-printed-page=15
240 Vocabulary Words Kids Need to Know, Grade 3	scholastic-240-vocabulary-grade-3	cereal	cereal			Lesson 20 | printed page 63	80	registry:scholastic-240-vocabulary-grade-3		Candidate-only explicit source target; spelling, sense, proper-name and IELTS relevance review required before promotion.	lexical_candidate	candidate_only	pdf	pdf:page=80,section=word-list,target-printed-page=63
240 Vocabulary Words Kids Need to Know, Grade 3	scholastic-240-vocabulary-grade-3	graceful	graceful			Lesson 23 | printed page 72	80	registry:scholastic-240-vocabulary-grade-3		Candidate-only explicit source target; spelling, sense, proper-name and IELTS relevance review required before promotion.	lexical_candidate	candidate_only	pdf	pdf:page=80,section=word-list,target-printed-page=72
240 Vocabulary Words Kids Need to Know, Grade 3	scholastic-240-vocabulary-grade-3	misplace	misplace			Lesson 22 | printed page 69	80	registry:scholastic-240-vocabulary-grade-3		Candidate-only explicit source target; spelling, sense, proper-name and IELTS relevance review required before promotion.	lexical_candidate	candidate_only	pdf	pdf:page=80,section=word-list,target-printed-page=69
240 Vocabulary Words Kids Need to Know, Grade 3	scholastic-240-vocabulary-grade-3	reply	reply			Lesson 01 | printed page 6	80	registry:scholastic-240-vocabulary-grade-3		Candidate-only explicit source target; spelling, sense, proper-name and IELTS relevance review required before promotion.	lexical_candidate	candidate_only	pdf	pdf:page=80,section=word-list,target-printed-page=6
240 Vocabulary Words Kids Need to Know, Grade 3	scholastic-240-vocabulary-grade-3	wail	wail			Lesson 08 | printed page 27	80	registry:scholastic-240-vocabulary-grade-3		Candidate-only explicit source target; spelling, sense, proper-name and IELTS relevance review required before promotion.	lexical_candidate	candidate_only	pdf	pdf:page=80,section=word-list,target-printed-page=27
240 Vocabulary Words Kids Need to Know, Grade 3	scholastic-240-vocabulary-grade-3	chipmunk	chipmunk			Lesson 13 | printed page 42	80	registry:scholastic-240-vocabulary-grade-3		Candidate-only explicit source target; spelling, sense, proper-name and IELTS relevance review required before promotion.	lexical_candidate	candidate_only	pdf	pdf:page=80,section=word-list,target-printed-page=42
240 Vocabulary Words Kids Need to Know, Grade 3	scholastic-240-vocabulary-grade-3	gracious	gracious			Lesson 05 | printed page 18	80	registry:scholastic-240-vocabulary-grade-3		Candidate-only explicit source target; spelling, sense, proper-name and IELTS relevance review required before promotion.	lexical_candidate	candidate_only	pdf	pdf:page=80,section=word-list,target-printed-page=18
240 Vocabulary Words Kids Need to Know, Grade 3	scholastic-240-vocabulary-grade-3	mistrust	mistrust			Lesson 21 | printed page 66	80	registry:scholastic-240-vocabulary-grade-3		Candidate-only explicit source target; spelling, sense, proper-name and IELTS relevance review required before promotion.	lexical_candidate	candidate_only	pdf	pdf:page=80,section=word-list,target-printed-page=66
240 Vocabulary Words Kids Need to Know, Grade 3	scholastic-240-vocabulary-grade-3	review	review			Lesson 21 | printed page 66	80	registry:scholastic-240-vocabulary-grade-3		Candidate-only explicit source target; spelling, sense, proper-name and IELTS relevance review required before promotion.	lexical_candidate	candidate_only	pdf	pdf:page=80,section=word-list,target-printed-page=66
240 Vocabulary Words Kids Need to Know, Grade 3	scholastic-240-vocabulary-grade-3	waterfall	waterfall			Lesson 06 | printed page 21	80	registry:scholastic-240-vocabulary-grade-3		Candidate-only explicit source target; spelling, sense, proper-name and IELTS relevance review required before promotion.	lexical_candidate	candidate_only	pdf	pdf:page=80,section=word-list,target-printed-page=21
240 Vocabulary Words Kids Need to Know, Grade 3	scholastic-240-vocabulary-grade-3	clank	clank			Lesson 19 | printed page 60	80	registry:scholastic-240-vocabulary-grade-3		Candidate-only explicit source target; spelling, sense, proper-name and IELTS relevance review required before promotion.	lexical_candidate	candidate_only	pdf	pdf:page=80,section=word-list,target-printed-page=60
240 Vocabulary Words Kids Need to Know, Grade 3	scholastic-240-vocabulary-grade-3	mitt	mitt			Lesson 15 | printed page 48	80	registry:scholastic-240-vocabulary-grade-3		Candidate-only explicit source target; spelling, sense, proper-name and IELTS relevance review required before promotion.	lexical_candidate	candidate_only	pdf	pdf:page=80,section=word-list,target-printed-page=48
240 Vocabulary Words Kids Need to Know, Grade 3	scholastic-240-vocabulary-grade-3	rigid	rigid			Lesson 04 | printed page 15	80	registry:scholastic-240-vocabulary-grade-3		Candidate-only explicit source target; spelling, sense, proper-name and IELTS relevance review required before promotion.	lexical_candidate	candidate_only	pdf	pdf:page=80,section=word-list,target-printed-page=15
240 Vocabulary Words Kids Need to Know, Grade 3	scholastic-240-vocabulary-grade-3	watt	watt			Lesson 20 | printed page 63	80	registry:scholastic-240-vocabulary-grade-3		Candidate-only explicit source target; spelling, sense, proper-name and IELTS relevance review required before promotion.	lexical_candidate	candidate_only	pdf	pdf:page=80,section=word-list,target-printed-page=63
240 Vocabulary Words Kids Need to Know, Grade 3	scholastic-240-vocabulary-grade-3	coast	coast			Lesson 12 | printed page 39	80	registry:scholastic-240-vocabulary-grade-3		Candidate-only explicit source target; spelling, sense, proper-name and IELTS relevance review required before promotion.	lexical_candidate	candidate_only	pdf	pdf:page=80,section=word-list,target-printed-page=39
240 Vocabulary Words Kids Need to Know, Grade 3	scholastic-240-vocabulary-grade-3	moose	moose			Lesson 13 | printed page 42	80	registry:scholastic-240-vocabulary-grade-3		Candidate-only explicit source target; spelling, sense, proper-name and IELTS relevance review required before promotion.	lexical_candidate	candidate_only	pdf	pdf:page=80,section=word-list,target-printed-page=42
240 Vocabulary Words Kids Need to Know, Grade 3	scholastic-240-vocabulary-grade-3	ritzy	ritzy			Lesson 20 | printed page 63	80	registry:scholastic-240-vocabulary-grade-3		Candidate-only explicit source target; spelling, sense, proper-name and IELTS relevance review required before promotion.	lexical_candidate	candidate_only	pdf	pdf:page=80,section=word-list,target-printed-page=63
240 Vocabulary Words Kids Need to Know, Grade 3	scholastic-240-vocabulary-grade-3	whale	whale			Lesson 08 | printed page 27	80	registry:scholastic-240-vocabulary-grade-3		Candidate-only explicit source target; spelling, sense, proper-name and IELTS relevance review required before promotion.	lexical_candidate	candidate_only	pdf	pdf:page=80,section=word-list,target-printed-page=27
240 Vocabulary Words Kids Need to Know, Grade 3	scholastic-240-vocabulary-grade-3	conform	conform			Lesson 18 | printed page 57	80	registry:scholastic-240-vocabulary-grade-3		Candidate-only explicit source target; spelling, sense, proper-name and IELTS relevance review required before promotion.	lexical_candidate	candidate_only	pdf	pdf:page=80,section=word-list,target-printed-page=57
240 Vocabulary Words Kids Need to Know, Grade 3	scholastic-240-vocabulary-grade-3	murmur	murmur			Lesson 19 | printed page 60	80	registry:scholastic-240-vocabulary-grade-3		Candidate-only explicit source target; spelling, sense, proper-name and IELTS relevance review required before promotion.	lexical_candidate	candidate_only	pdf	pdf:page=80,section=word-list,target-printed-page=60
240 Vocabulary Words Kids Need to Know, Grade 3	scholastic-240-vocabulary-grade-3	rowboat	rowboat			Lesson 07 | printed page 24	80	registry:scholastic-240-vocabulary-grade-3		Candidate-only explicit source target; spelling, sense, proper-name and IELTS relevance review required before promotion.	lexical_candidate	candidate_only	pdf	pdf:page=80,section=word-list,target-printed-page=24
240 Vocabulary Words Kids Need to Know, Grade 3	scholastic-240-vocabulary-grade-3	wharf	wharf			Lesson 17 | printed page 54	80	registry:scholastic-240-vocabulary-grade-3		Candidate-only explicit source target; spelling, sense, proper-name and IELTS relevance review required before promotion.	lexical_candidate	candidate_only	pdf	pdf:page=80,section=word-list,target-printed-page=54
240 Vocabulary Words Kids Need to Know, Grade 3	scholastic-240-vocabulary-grade-3	hairbrush	hairbrush			Lesson 06 | printed page 21	80	registry:scholastic-240-vocabulary-grade-3		Candidate-only explicit source target; spelling, sense, proper-name and IELTS relevance review required before promotion.	lexical_candidate	candidate_only	pdf	pdf:page=80,section=word-list,target-printed-page=21
240 Vocabulary Words Kids Need to Know, Grade 3	scholastic-240-vocabulary-grade-3	muscle	muscle			Lesson 20 | printed page 63	80	registry:scholastic-240-vocabulary-grade-3		Candidate-only explicit source target; spelling, sense, proper-name and IELTS relevance review required before promotion.	lexical_candidate	candidate_only	pdf	pdf:page=80,section=word-list,target-printed-page=63
240 Vocabulary Words Kids Need to Know, Grade 3	scholastic-240-vocabulary-grade-3	rude	rude			Lesson 05 | printed page 18	80	registry:scholastic-240-vocabulary-grade-3		Candidate-only explicit source target; spelling, sense, proper-name and IELTS relevance review required before promotion.	lexical_candidate	candidate_only	pdf	pdf:page=80,section=word-list,target-printed-page=18
240 Vocabulary Words Kids Need to Know, Grade 3	scholastic-240-vocabulary-grade-3	wild	wild			Lesson 02 | printed page 9	80	registry:scholastic-240-vocabulary-grade-3		Candidate-only explicit source target; spelling, sense, proper-name and IELTS relevance review required before promotion.	lexical_candidate	candidate_only	pdf	pdf:page=80,section=word-list,target-printed-page=9
240 Vocabulary Words Kids Need to Know, Grade 3	scholastic-240-vocabulary-grade-3	halves	halves			Lesson 11 | printed page 36	80	registry:scholastic-240-vocabulary-grade-3		Candidate-only explicit source target; spelling, sense, proper-name and IELTS relevance review required before promotion.	lexical_candidate	candidate_only	pdf	pdf:page=80,section=word-list,target-printed-page=36
240 Vocabulary Words Kids Need to Know, Grade 3	scholastic-240-vocabulary-grade-3	mysteries	mysteries			Lesson 11 | printed page 36	80	registry:scholastic-240-vocabulary-grade-3		Candidate-only explicit source target; spelling, sense, proper-name and IELTS relevance review required before promotion.	lexical_candidate	candidate_only	pdf	pdf:page=80,section=word-list,target-printed-page=36
240 Vocabulary Words Kids Need to Know, Grade 3	scholastic-240-vocabulary-grade-3	wind	wind			Lesson 10 | printed page 33	80	registry:scholastic-240-vocabulary-grade-3		Candidate-only explicit source target; spelling, sense, proper-name and IELTS relevance review required before promotion.	lexical_candidate	candidate_only	pdf	pdf:page=80,section=word-list,target-printed-page=33
240 Vocabulary Words Kids Need to Know, Grade 3	scholastic-240-vocabulary-grade-3	cookie	cookie			Lesson 14 | printed page 45	80	registry:scholastic-240-vocabulary-grade-3		Candidate-only explicit source target; spelling, sense, proper-name and IELTS relevance review required before promotion.	lexical_candidate	candidate_only	pdf	pdf:page=80,section=word-list,target-printed-page=45
240 Vocabulary Words Kids Need to Know, Grade 3	scholastic-240-vocabulary-grade-3	helm	helm			Lesson 17 | printed page 54	80	registry:scholastic-240-vocabulary-grade-3		Candidate-only explicit source target; spelling, sense, proper-name and IELTS relevance review required before promotion.	lexical_candidate	candidate_only	pdf	pdf:page=80,section=word-list,target-printed-page=54
240 Vocabulary Words Kids Need to Know, Grade 3	scholastic-240-vocabulary-grade-3	salt	salt			Lesson 20 | printed page 63	80	registry:scholastic-240-vocabulary-grade-3		Candidate-only explicit source target; spelling, sense, proper-name and IELTS relevance review required before promotion.	lexical_candidate	candidate_only	pdf	pdf:page=80,section=word-list,target-printed-page=63
240 Vocabulary Words Kids Need to Know, Grade 3	scholastic-240-vocabulary-grade-3	wind	wind			Lesson 10 | printed page 33	80	registry:scholastic-240-vocabulary-grade-3		Candidate-only explicit source target; spelling, sense, proper-name and IELTS relevance review required before promotion.	lexical_candidate	candidate_only	pdf	pdf:page=80,section=word-list,target-printed-page=33
240 Vocabulary Words Kids Need to Know, Grade 3	scholastic-240-vocabulary-grade-3	council	council			Lesson 09 | printed page 30	80	registry:scholastic-240-vocabulary-grade-3		Candidate-only explicit source target; spelling, sense, proper-name and IELTS relevance review required before promotion.	lexical_candidate	candidate_only	pdf	pdf:page=80,section=word-list,target-printed-page=30
240 Vocabulary Words Kids Need to Know, Grade 3	scholastic-240-vocabulary-grade-3	hillside	hillside			Lesson 07 | printed page 24	80	registry:scholastic-240-vocabulary-grade-3		Candidate-only explicit source target; spelling, sense, proper-name and IELTS relevance review required before promotion.	lexical_candidate	candidate_only	pdf	pdf:page=80,section=word-list,target-printed-page=24
240 Vocabulary Words Kids Need to Know, Grade 3	scholastic-240-vocabulary-grade-3	naval	naval			Lesson 18 | printed page 57	80	registry:scholastic-240-vocabulary-grade-3		Candidate-only explicit source target; spelling, sense, proper-name and IELTS relevance review required before promotion.	lexical_candidate	candidate_only	pdf	pdf:page=80,section=word-list,target-printed-page=57
240 Vocabulary Words Kids Need to Know, Grade 3	scholastic-240-vocabulary-grade-3	sandbox	sandbox			Lesson 07 | printed page 24	80	registry:scholastic-240-vocabulary-grade-3		Candidate-only explicit source target; spelling, sense, proper-name and IELTS relevance review required before promotion.	lexical_candidate	candidate_only	pdf	pdf:page=80,section=word-list,target-printed-page=24
240 Vocabulary Words Kids Need to Know, Grade 3	scholastic-240-vocabulary-grade-3	counsel	counsel			Lesson 09 | printed page 30	80	registry:scholastic-240-vocabulary-grade-3		Candidate-only explicit source target; spelling, sense, proper-name and IELTS relevance review required before promotion.	lexical_candidate	candidate_only	pdf	pdf:page=80,section=word-list,target-printed-page=30
240 Vocabulary Words Kids Need to Know, Grade 3	scholastic-240-vocabulary-grade-3	hippo	hippo			Lesson 15 | printed page 48	80	registry:scholastic-240-vocabulary-grade-3		Candidate-only explicit source target; spelling, sense, proper-name and IELTS relevance review required before promotion.	lexical_candidate	candidate_only	pdf	pdf:page=80,section=word-list,target-printed-page=48
240 Vocabulary Words Kids Need to Know, Grade 3	scholastic-240-vocabulary-grade-3	navigable	navigable			Lesson 18 | printed page 57	80	registry:scholastic-240-vocabulary-grade-3		Candidate-only explicit source target; spelling, sense, proper-name and IELTS relevance review required before promotion.	lexical_candidate	candidate_only	pdf	pdf:page=80,section=word-list,target-printed-page=57
240 Vocabulary Words Kids Need to Know, Grade 3	scholastic-240-vocabulary-grade-3	scorekeeper	scorekeeper			Lesson 06 | printed page 21	80	registry:scholastic-240-vocabulary-grade-3		Candidate-only explicit source target; spelling, sense, proper-name and IELTS relevance review required before promotion.	lexical_candidate	candidate_only	pdf	pdf:page=80,section=word-list,target-printed-page=21
240 Vocabulary Words Kids Need to Know, Grade 3	scholastic-240-vocabulary-grade-3	yearn	yearn			Lesson 12 | printed page 39	80	registry:scholastic-240-vocabulary-grade-3		Candidate-only explicit source target; spelling, sense, proper-name and IELTS relevance review required before promotion.	lexical_candidate	candidate_only	pdf	pdf:page=80,section=word-list,target-printed-page=39
240 Vocabulary Words Kids Need to Know, Grade 3	scholastic-240-vocabulary-grade-3	crash	crash			Lesson 19 | printed page 60	80	registry:scholastic-240-vocabulary-grade-3		Candidate-only explicit source target; spelling, sense, proper-name and IELTS relevance review required before promotion.	lexical_candidate	candidate_only	pdf	pdf:page=80,section=word-list,target-printed-page=60
240 Vocabulary Words Kids Need to Know, Grade 3	scholastic-240-vocabulary-grade-3	homework	homework			Lesson 07 | printed page 24	80	registry:scholastic-240-vocabulary-grade-3		Candidate-only explicit source target; spelling, sense, proper-name and IELTS relevance review required before promotion.	lexical_candidate	candidate_only	pdf	pdf:page=80,section=word-list,target-printed-page=24
240 Vocabulary Words Kids Need to Know, Grade 3	scholastic-240-vocabulary-grade-3	navigate	navigate			Lesson 18 | printed page 57	80	registry:scholastic-240-vocabulary-grade-3		Candidate-only explicit source target; spelling, sense, proper-name and IELTS relevance review required before promotion.	lexical_candidate	candidate_only	pdf	pdf:page=80,section=word-list,target-printed-page=57
240 Vocabulary Words Kids Need to Know, Grade 3	scholastic-240-vocabulary-grade-3	shallow	shallow			Lesson 04 | printed page 15	80	registry:scholastic-240-vocabulary-grade-3		Candidate-only explicit source target; spelling, sense, proper-name and IELTS relevance review required before promotion.	lexical_candidate	candidate_only	pdf	pdf:page=80,section=word-list,target-printed-page=15
240 Vocabulary Words Kids Need to Know, Grade 3	scholastic-240-vocabulary-grade-3	creek	creek			Lesson 12 | printed page 39	80	registry:scholastic-240-vocabulary-grade-3		Candidate-only explicit source target; spelling, sense, proper-name and IELTS relevance review required before promotion.	lexical_candidate	candidate_only	pdf	pdf:page=80,section=word-list,target-printed-page=39
240 Vocabulary Words Kids Need to Know, Grade 3	scholastic-240-vocabulary-grade-3	host	host			Lesson 12 | printed page 39	80	registry:scholastic-240-vocabulary-grade-3		Candidate-only explicit source target; spelling, sense, proper-name and IELTS relevance review required before promotion.	lexical_candidate	candidate_only	pdf	pdf:page=80,section=word-list,target-printed-page=39
240 Vocabulary Words Kids Need to Know, Grade 3	scholastic-240-vocabulary-grade-3	navy	navy			Lesson 18 | printed page 57	80	registry:scholastic-240-vocabulary-grade-3		Candidate-only explicit source target; spelling, sense, proper-name and IELTS relevance review required before promotion.	lexical_candidate	candidate_only	pdf	pdf:page=80,section=word-list,target-printed-page=57
240 Vocabulary Words Kids Need to Know, Grade 3	scholastic-240-vocabulary-grade-3	sheep	sheep			Lesson 11 | printed page 36	80	registry:scholastic-240-vocabulary-grade-3		Candidate-only explicit source target; spelling, sense, proper-name and IELTS relevance review required before promotion.	lexical_candidate	candidate_only	pdf	pdf:page=80,section=word-list,target-printed-page=36
240 Vocabulary Words Kids Need to Know, Grade 3	scholastic-240-vocabulary-grade-3	zoo	zoo			Lesson 15 | printed page 48	80	registry:scholastic-240-vocabulary-grade-3		Candidate-only explicit source target; spelling, sense, proper-name and IELTS relevance review required before promotion.	lexical_candidate	candidate_only	pdf	pdf:page=80,section=word-list,target-printed-page=48
240 Vocabulary Words Kids Need to Know, Grade 3	scholastic-240-vocabulary-grade-3	crosswalk	crosswalk			Lesson 07 | printed page 24	80	registry:scholastic-240-vocabulary-grade-3		Candidate-only explicit source target; spelling, sense, proper-name and IELTS relevance review required before promotion.	lexical_candidate	candidate_only	pdf	pdf:page=80,section=word-list,target-printed-page=24
240 Vocabulary Words Kids Need to Know, Grade 3	scholastic-240-vocabulary-grade-3	hull	hull			Lesson 17 | printed page 54	80	registry:scholastic-240-vocabulary-grade-3		Candidate-only explicit source target; spelling, sense, proper-name and IELTS relevance review required before promotion.	lexical_candidate	candidate_only	pdf	pdf:page=80,section=word-list,target-printed-page=54
240 Vocabulary Words Kids Need to Know, Grade 3	scholastic-240-vocabulary-grade-3	noodle	noodle			Lesson 13 | printed page 42	80	registry:scholastic-240-vocabulary-grade-3		Candidate-only explicit source target; spelling, sense, proper-name and IELTS relevance review required before promotion.	lexical_candidate	candidate_only	pdf	pdf:page=80,section=word-list,target-printed-page=42
240 Vocabulary Words Kids Need to Know, Grade 3	scholastic-240-vocabulary-grade-3	shiver	shiver			Lesson 02 | printed page 9	80	registry:scholastic-240-vocabulary-grade-3		Candidate-only explicit source target; spelling, sense, proper-name and IELTS relevance review required before promotion.	lexical_candidate	candidate_only	pdf	pdf:page=80,section=word-list,target-printed-page=9
240 Vocabulary Words Kids Need to Know, Grade 3	scholastic-240-vocabulary-grade-3	grandchildren	grandchildren			Lesson 11 | printed page 36	80	registry:scholastic-240-vocabulary-grade-3		Candidate-only explicit source target; spelling, sense, proper-name and IELTS relevance review required before promotion.	lexical_candidate	candidate_only	pdf	pdf:page=80,section=word-list,target-printed-page=36
240 Vocabulary Words Kids Need to Know, Grade 3	scholastic-240-vocabulary-grade-3	kindergarten	kindergarten			Lesson 13 | printed page 42	80	registry:scholastic-240-vocabulary-grade-3		Candidate-only explicit source target; spelling, sense, proper-name and IELTS relevance review required before promotion.	lexical_candidate	candidate_only	pdf	pdf:page=80,section=word-list,target-printed-page=42
240 Vocabulary Words Kids Need to Know, Grade 3	scholastic-240-vocabulary-grade-3	arrangement	arrangement			Lesson 24 | printed page 75	80	registry:scholastic-240-vocabulary-grade-3		Candidate-only explicit source target; spelling, sense, proper-name and IELTS relevance review required before promotion.	lexical_candidate	candidate_only	pdf	pdf:page=80,section=word-list,target-printed-page=75
240 Vocabulary Words Kids Need to Know, Grade 3	scholastic-240-vocabulary-grade-3	contentment	contentment			Lesson 24 | printed page 75	80	registry:scholastic-240-vocabulary-grade-3		Candidate-only explicit source target; spelling, sense, proper-name and IELTS relevance review required before promotion.	lexical_candidate	candidate_only	pdf	pdf:page=80,section=word-list,target-printed-page=75
240 Vocabulary Words Kids Need to Know, Grade 4	scholastic-240-vocabulary-grade-4	corps	corps			Lesson 15 | printed page 48	79	registry:scholastic-240-vocabulary-grade-4		Candidate-only explicit source target; spelling, sense, proper-name and IELTS relevance review required before promotion.	lexical_candidate	candidate_only	pdf	pdf:page=79,section=word-list,target-printed-page=48
240 Vocabulary Words Kids Need to Know, Grade 4	scholastic-240-vocabulary-grade-4	grouse	grouse			Lesson 07 | printed page 24	79	registry:scholastic-240-vocabulary-grade-4		Candidate-only explicit source target; spelling, sense, proper-name and IELTS relevance review required before promotion.	lexical_candidate	candidate_only	pdf	pdf:page=79,section=word-list,target-printed-page=24
240 Vocabulary Words Kids Need to Know, Grade 4	scholastic-240-vocabulary-grade-4	paddy	paddy			Lesson 10 | printed page 33	79	registry:scholastic-240-vocabulary-grade-4		Candidate-only explicit source target; spelling, sense, proper-name and IELTS relevance review required before promotion.	lexical_candidate	candidate_only	pdf	pdf:page=79,section=word-list,target-printed-page=33
240 Vocabulary Words Kids Need to Know, Grade 4	scholastic-240-vocabulary-grade-4	smog	smog			Lesson 12 | printed page 39	79	registry:scholastic-240-vocabulary-grade-4		Candidate-only explicit source target; spelling, sense, proper-name and IELTS relevance review required before promotion.	lexical_candidate	candidate_only	pdf	pdf:page=79,section=word-list,target-printed-page=39
240 Vocabulary Words Kids Need to Know, Grade 4	scholastic-240-vocabulary-grade-4	crop	crop			Lesson 20 | printed page 63	79	registry:scholastic-240-vocabulary-grade-4		Candidate-only explicit source target; spelling, sense, proper-name and IELTS relevance review required before promotion.	lexical_candidate	candidate_only	pdf	pdf:page=79,section=word-list,target-printed-page=63
240 Vocabulary Words Kids Need to Know, Grade 4	scholastic-240-vocabulary-grade-4	guppy	guppy			Lesson 08 | printed page 27	79	registry:scholastic-240-vocabulary-grade-4		Candidate-only explicit source target; spelling, sense, proper-name and IELTS relevance review required before promotion.	lexical_candidate	candidate_only	pdf	pdf:page=79,section=word-list,target-printed-page=27
240 Vocabulary Words Kids Need to Know, Grade 4	scholastic-240-vocabulary-grade-4	panic	panic			Lesson 19 | printed page 60	79	registry:scholastic-240-vocabulary-grade-4		Candidate-only explicit source target; spelling, sense, proper-name and IELTS relevance review required before promotion.	lexical_candidate	candidate_only	pdf	pdf:page=79,section=word-list,target-printed-page=60
240 Vocabulary Words Kids Need to Know, Grade 4	scholastic-240-vocabulary-grade-4	snare	snare			Lesson 04 | printed page 15	79	registry:scholastic-240-vocabulary-grade-4		Candidate-only explicit source target; spelling, sense, proper-name and IELTS relevance review required before promotion.	lexical_candidate	candidate_only	pdf	pdf:page=79,section=word-list,target-printed-page=15
240 Vocabulary Words Kids Need to Know, Grade 4	scholastic-240-vocabulary-grade-4	appear	appear			Lesson 03 | printed page 12	79	registry:scholastic-240-vocabulary-grade-4		Candidate-only explicit source target; spelling, sense, proper-name and IELTS relevance review required before promotion.	lexical_candidate	candidate_only	pdf	pdf:page=79,section=word-list,target-printed-page=12
240 Vocabulary Words Kids Need to Know, Grade 4	scholastic-240-vocabulary-grade-4	gym	gym			Lesson 11 | printed page 36	79	registry:scholastic-240-vocabulary-grade-4		Candidate-only explicit source target; spelling, sense, proper-name and IELTS relevance review required before promotion.	lexical_candidate	candidate_only	pdf	pdf:page=79,section=word-list,target-printed-page=36
240 Vocabulary Words Kids Need to Know, Grade 4	scholastic-240-vocabulary-grade-4	parallel	parallel			Lesson 13 | printed page 42	79	registry:scholastic-240-vocabulary-grade-4		Candidate-only explicit source target; spelling, sense, proper-name and IELTS relevance review required before promotion.	lexical_candidate	candidate_only	pdf	pdf:page=79,section=word-list,target-printed-page=42
240 Vocabulary Words Kids Need to Know, Grade 4	scholastic-240-vocabulary-grade-4	stallion	stallion			Lesson 14 | printed page 45	79	registry:scholastic-240-vocabulary-grade-4		Candidate-only explicit source target; spelling, sense, proper-name and IELTS relevance review required before promotion.	lexical_candidate	candidate_only	pdf	pdf:page=79,section=word-list,target-printed-page=45
240 Vocabulary Words Kids Need to Know, Grade 4	scholastic-240-vocabulary-grade-4	appoint	appoint			Lesson 01 | printed page 6	79	registry:scholastic-240-vocabulary-grade-4		Candidate-only explicit source target; spelling, sense, proper-name and IELTS relevance review required before promotion.	lexical_candidate	candidate_only	pdf	pdf:page=79,section=word-list,target-printed-page=6
240 Vocabulary Words Kids Need to Know, Grade 4	scholastic-240-vocabulary-grade-4	deli	deli			Lesson 11 | printed page 36	79	registry:scholastic-240-vocabulary-grade-4		Candidate-only explicit source target; spelling, sense, proper-name and IELTS relevance review required before promotion.	lexical_candidate	candidate_only	pdf	pdf:page=79,section=word-list,target-printed-page=36
240 Vocabulary Words Kids Need to Know, Grade 4	scholastic-240-vocabulary-grade-4	patio	patio			Lesson 09 | printed page 30	79	registry:scholastic-240-vocabulary-grade-4		Candidate-only explicit source target; spelling, sense, proper-name and IELTS relevance review required before promotion.	lexical_candidate	candidate_only	pdf	pdf:page=79,section=word-list,target-printed-page=30
240 Vocabulary Words Kids Need to Know, Grade 4	scholastic-240-vocabulary-grade-4	startle	startle			Lesson 01 | printed page 6	79	registry:scholastic-240-vocabulary-grade-4		Candidate-only explicit source target; spelling, sense, proper-name and IELTS relevance review required before promotion.	lexical_candidate	candidate_only	pdf	pdf:page=79,section=word-list,target-printed-page=6
240 Vocabulary Words Kids Need to Know, Grade 4	scholastic-240-vocabulary-grade-4	aquamarine	aquamarine			Lesson 16 | printed page 51	79	registry:scholastic-240-vocabulary-grade-4		Candidate-only explicit source target; spelling, sense, proper-name and IELTS relevance review required before promotion.	lexical_candidate	candidate_only	pdf	pdf:page=79,section=word-list,target-printed-page=51
240 Vocabulary Words Kids Need to Know, Grade 4	scholastic-240-vocabulary-grade-4	depot	depot			Lesson 10 | printed page 33	79	registry:scholastic-240-vocabulary-grade-4		Candidate-only explicit source target; spelling, sense, proper-name and IELTS relevance review required before promotion.	lexical_candidate	candidate_only	pdf	pdf:page=79,section=word-list,target-printed-page=33
240 Vocabulary Words Kids Need to Know, Grade 4	scholastic-240-vocabulary-grade-4	haphazard	haphazard			Lesson 04 | printed page 15	79	registry:scholastic-240-vocabulary-grade-4		Candidate-only explicit source target; spelling, sense, proper-name and IELTS relevance review required before promotion.	lexical_candidate	candidate_only	pdf	pdf:page=79,section=word-list,target-printed-page=15
240 Vocabulary Words Kids Need to Know, Grade 4	scholastic-240-vocabulary-grade-4	pen	pen			Lesson 14 | printed page 45	79	registry:scholastic-240-vocabulary-grade-4		Candidate-only explicit source target; spelling, sense, proper-name and IELTS relevance review required before promotion.	lexical_candidate	candidate_only	pdf	pdf:page=79,section=word-list,target-printed-page=45
240 Vocabulary Words Kids Need to Know, Grade 4	scholastic-240-vocabulary-grade-4	stringer	stringer			Lesson 20 | printed page 63	79	registry:scholastic-240-vocabulary-grade-4		Candidate-only explicit source target; spelling, sense, proper-name and IELTS relevance review required before promotion.	lexical_candidate	candidate_only	pdf	pdf:page=79,section=word-list,target-printed-page=63
240 Vocabulary Words Kids Need to Know, Grade 4	scholastic-240-vocabulary-grade-4	aquanaut	aquanaut			Lesson 16 | printed page 51	79	registry:scholastic-240-vocabulary-grade-4		Candidate-only explicit source target; spelling, sense, proper-name and IELTS relevance review required before promotion.	lexical_candidate	candidate_only	pdf	pdf:page=79,section=word-list,target-printed-page=51
240 Vocabulary Words Kids Need to Know, Grade 4	scholastic-240-vocabulary-grade-4	desert	desert			Lesson 07 | printed page 24	79	registry:scholastic-240-vocabulary-grade-4		Candidate-only explicit source target; spelling, sense, proper-name and IELTS relevance review required before promotion.	lexical_candidate	candidate_only	pdf	pdf:page=79,section=word-list,target-printed-page=24
240 Vocabulary Words Kids Need to Know, Grade 4	scholastic-240-vocabulary-grade-4	hatchback	hatchback			Lesson 18 | printed page 57	79	registry:scholastic-240-vocabulary-grade-4		Candidate-only explicit source target; spelling, sense, proper-name and IELTS relevance review required before promotion.	lexical_candidate	candidate_only	pdf	pdf:page=79,section=word-list,target-printed-page=57
240 Vocabulary Words Kids Need to Know, Grade 4	scholastic-240-vocabulary-grade-4	pentagon	pentagon			Lesson 13 | printed page 42	79	registry:scholastic-240-vocabulary-grade-4		Candidate-only explicit source target; spelling, sense, proper-name and IELTS relevance review required before promotion.	lexical_candidate	candidate_only	pdf	pdf:page=79,section=word-list,target-printed-page=42
240 Vocabulary Words Kids Need to Know, Grade 4	scholastic-240-vocabulary-grade-4	suburb	suburb			Lesson 18 | printed page 57	79	registry:scholastic-240-vocabulary-grade-4		Candidate-only explicit source target; spelling, sense, proper-name and IELTS relevance review required before promotion.	lexical_candidate	candidate_only	pdf	pdf:page=79,section=word-list,target-printed-page=57
240 Vocabulary Words Kids Need to Know, Grade 4	scholastic-240-vocabulary-grade-4	desert	desert			Lesson 07 | printed page 24	79	registry:scholastic-240-vocabulary-grade-4		Candidate-only explicit source target; spelling, sense, proper-name and IELTS relevance review required before promotion.	lexical_candidate	candidate_only	pdf	pdf:page=79,section=word-list,target-printed-page=24
240 Vocabulary Words Kids Need to Know, Grade 4	scholastic-240-vocabulary-grade-4	headline	headline			Lesson 20 | printed page 63	79	registry:scholastic-240-vocabulary-grade-4		Candidate-only explicit source target; spelling, sense, proper-name and IELTS relevance review required before promotion.	lexical_candidate	candidate_only	pdf	pdf:page=79,section=word-list,target-printed-page=63
240 Vocabulary Words Kids Need to Know, Grade 4	scholastic-240-vocabulary-grade-4	photocopier	photocopier			Lesson 17 | printed page 54	79	registry:scholastic-240-vocabulary-grade-4		Candidate-only explicit source target; spelling, sense, proper-name and IELTS relevance review required before promotion.	lexical_candidate	candidate_only	pdf	pdf:page=79,section=word-list,target-printed-page=54
240 Vocabulary Words Kids Need to Know, Grade 4	scholastic-240-vocabulary-grade-4	suite	suite			Lesson 06 | printed page 21	79	registry:scholastic-240-vocabulary-grade-4		Candidate-only explicit source target; spelling, sense, proper-name and IELTS relevance review required before promotion.	lexical_candidate	candidate_only	pdf	pdf:page=79,section=word-list,target-printed-page=21
240 Vocabulary Words Kids Need to Know, Grade 4	scholastic-240-vocabulary-grade-4	aquarium	aquarium			Lesson 16 | printed page 51	79	registry:scholastic-240-vocabulary-grade-4		Candidate-only explicit source target; spelling, sense, proper-name and IELTS relevance review required before promotion.	lexical_candidate	candidate_only	pdf	pdf:page=79,section=word-list,target-printed-page=51
240 Vocabulary Words Kids Need to Know, Grade 4	scholastic-240-vocabulary-grade-4	aquatic	aquatic			Lesson 16 | printed page 51	79	registry:scholastic-240-vocabulary-grade-4		Candidate-only explicit source target; spelling, sense, proper-name and IELTS relevance review required before promotion.	lexical_candidate	candidate_only	pdf	pdf:page=79,section=word-list,target-printed-page=51
240 Vocabulary Words Kids Need to Know, Grade 4	scholastic-240-vocabulary-grade-4	diagonal	diagonal			Lesson 13 | printed page 42	79	registry:scholastic-240-vocabulary-grade-4		Candidate-only explicit source target; spelling, sense, proper-name and IELTS relevance review required before promotion.	lexical_candidate	candidate_only	pdf	pdf:page=79,section=word-list,target-printed-page=42
240 Vocabulary Words Kids Need to Know, Grade 4	scholastic-240-vocabulary-grade-4	heliport	heliport			Lesson 12 | printed page 39	79	registry:scholastic-240-vocabulary-grade-4		Candidate-only explicit source target; spelling, sense, proper-name and IELTS relevance review required before promotion.	lexical_candidate	candidate_only	pdf	pdf:page=79,section=word-list,target-printed-page=39
240 Vocabulary Words Kids Need to Know, Grade 4	scholastic-240-vocabulary-grade-4	photogenic	photogenic			Lesson 17 | printed page 54	79	registry:scholastic-240-vocabulary-grade-4		Candidate-only explicit source target; spelling, sense, proper-name and IELTS relevance review required before promotion.	lexical_candidate	candidate_only	pdf	pdf:page=79,section=word-list,target-printed-page=54
240 Vocabulary Words Kids Need to Know, Grade 4	scholastic-240-vocabulary-grade-4	diameter	diameter			Lesson 13 | printed page 42	79	registry:scholastic-240-vocabulary-grade-4		Candidate-only explicit source target; spelling, sense, proper-name and IELTS relevance review required before promotion.	lexical_candidate	candidate_only	pdf	pdf:page=79,section=word-list,target-printed-page=42
240 Vocabulary Words Kids Need to Know, Grade 4	scholastic-240-vocabulary-grade-4	hobnob	hobnob			Lesson 21 | printed page 66	79	registry:scholastic-240-vocabulary-grade-4		Candidate-only explicit source target; spelling, sense, proper-name and IELTS relevance review required before promotion.	lexical_candidate	candidate_only	pdf	pdf:page=79,section=word-list,target-printed-page=66
240 Vocabulary Words Kids Need to Know, Grade 4	scholastic-240-vocabulary-grade-4	photograph	photograph			Lesson 17 | printed page 54	79	registry:scholastic-240-vocabulary-grade-4		Candidate-only explicit source target; spelling, sense, proper-name and IELTS relevance review required before promotion.	lexical_candidate	candidate_only	pdf	pdf:page=79,section=word-list,target-printed-page=54
240 Vocabulary Words Kids Need to Know, Grade 4	scholastic-240-vocabulary-grade-4	sunburn	sunburn			Lesson 05 | printed page 18	79	registry:scholastic-240-vocabulary-grade-4		Candidate-only explicit source target; spelling, sense, proper-name and IELTS relevance review required before promotion.	lexical_candidate	candidate_only	pdf	pdf:page=79,section=word-list,target-printed-page=18
240 Vocabulary Words Kids Need to Know, Grade 4	scholastic-240-vocabulary-grade-4	aqueduct	aqueduct			Lesson 16 | printed page 51	79	registry:scholastic-240-vocabulary-grade-4		Candidate-only explicit source target; spelling, sense, proper-name and IELTS relevance review required before promotion.	lexical_candidate	candidate_only	pdf	pdf:page=79,section=word-list,target-printed-page=51
240 Vocabulary Words Kids Need to Know, Grade 4	scholastic-240-vocabulary-grade-4	dillydally	dillydally			Lesson 21 | printed page 66	79	registry:scholastic-240-vocabulary-grade-4		Candidate-only explicit source target; spelling, sense, proper-name and IELTS relevance review required before promotion.	lexical_candidate	candidate_only	pdf	pdf:page=79,section=word-list,target-printed-page=66
240 Vocabulary Words Kids Need to Know, Grade 4	scholastic-240-vocabulary-grade-4	pineapple	pineapple			Lesson 19 | printed page 60	79	registry:scholastic-240-vocabulary-grade-4		Candidate-only explicit source target; spelling, sense, proper-name and IELTS relevance review required before promotion.	lexical_candidate	candidate_only	pdf	pdf:page=79,section=word-list,target-printed-page=60
240 Vocabulary Words Kids Need to Know, Grade 4	scholastic-240-vocabulary-grade-4	superhuman	superhuman			Lesson 22 | printed page 69	79	registry:scholastic-240-vocabulary-grade-4		Candidate-only explicit source target; spelling, sense, proper-name and IELTS relevance review required before promotion.	lexical_candidate	candidate_only	pdf	pdf:page=79,section=word-list,target-printed-page=69
240 Vocabulary Words Kids Need to Know, Grade 4	scholastic-240-vocabulary-grade-4	artifact	artifact			Lesson 15 | printed page 48	79	registry:scholastic-240-vocabulary-grade-4		Candidate-only explicit source target; spelling, sense, proper-name and IELTS relevance review required before promotion.	lexical_candidate	candidate_only	pdf	pdf:page=79,section=word-list,target-printed-page=48
240 Vocabulary Words Kids Need to Know, Grade 4	scholastic-240-vocabulary-grade-4	artisan	artisan			Lesson 15 | printed page 48	79	registry:scholastic-240-vocabulary-grade-4		Candidate-only explicit source target; spelling, sense, proper-name and IELTS relevance review required before promotion.	lexical_candidate	candidate_only	pdf	pdf:page=79,section=word-list,target-printed-page=48
240 Vocabulary Words Kids Need to Know, Grade 4	scholastic-240-vocabulary-grade-4	din	din			Lesson 02 | printed page 9	79	registry:scholastic-240-vocabulary-grade-4		Candidate-only explicit source target; spelling, sense, proper-name and IELTS relevance review required before promotion.	lexical_candidate	candidate_only	pdf	pdf:page=79,section=word-list,target-printed-page=9
240 Vocabulary Words Kids Need to Know, Grade 4	scholastic-240-vocabulary-grade-4	identical	identical			Lesson 03 | printed page 12	79	registry:scholastic-240-vocabulary-grade-4		Candidate-only explicit source target; spelling, sense, proper-name and IELTS relevance review required before promotion.	lexical_candidate	candidate_only	pdf	pdf:page=79,section=word-list,target-printed-page=12
240 Vocabulary Words Kids Need to Know, Grade 4	scholastic-240-vocabulary-grade-4	pledge	pledge			Lesson 01 | printed page 6	79	registry:scholastic-240-vocabulary-grade-4		Candidate-only explicit source target; spelling, sense, proper-name and IELTS relevance review required before promotion.	lexical_candidate	candidate_only	pdf	pdf:page=79,section=word-list,target-printed-page=6
240 Vocabulary Words Kids Need to Know, Grade 4	scholastic-240-vocabulary-grade-4	supermarket	supermarket			Lesson 22 | printed page 69	79	registry:scholastic-240-vocabulary-grade-4		Candidate-only explicit source target; spelling, sense, proper-name and IELTS relevance review required before promotion.	lexical_candidate	candidate_only	pdf	pdf:page=79,section=word-list,target-printed-page=69
240 Vocabulary Words Kids Need to Know, Grade 4	scholastic-240-vocabulary-grade-4	artist	artist			Lesson 15 | printed page 48	79	registry:scholastic-240-vocabulary-grade-4		Candidate-only explicit source target; spelling, sense, proper-name and IELTS relevance review required before promotion.	lexical_candidate	candidate_only	pdf	pdf:page=79,section=word-list,target-printed-page=48
240 Vocabulary Words Kids Need to Know, Grade 4	scholastic-240-vocabulary-grade-4	disco	disco			Lesson 11 | printed page 36	79	registry:scholastic-240-vocabulary-grade-4		Candidate-only explicit source target; spelling, sense, proper-name and IELTS relevance review required before promotion.	lexical_candidate	candidate_only	pdf	pdf:page=79,section=word-list,target-printed-page=36
240 Vocabulary Words Kids Need to Know, Grade 4	scholastic-240-vocabulary-grade-4	infomercial	infomercial			Lesson 18 | printed page 57	79	registry:scholastic-240-vocabulary-grade-4		Candidate-only explicit source target; spelling, sense, proper-name and IELTS relevance review required before promotion.	lexical_candidate	candidate_only	pdf	pdf:page=79,section=word-list,target-printed-page=57
240 Vocabulary Words Kids Need to Know, Grade 4	scholastic-240-vocabulary-grade-4	polliwog	polliwog			Lesson 21 | printed page 66	79	registry:scholastic-240-vocabulary-grade-4		Candidate-only explicit source target; spelling, sense, proper-name and IELTS relevance review required before promotion.	lexical_candidate	candidate_only	pdf	pdf:page=79,section=word-list,target-printed-page=66
240 Vocabulary Words Kids Need to Know, Grade 4	scholastic-240-vocabulary-grade-4	sweet	sweet			Lesson 06 | printed page 21	79	registry:scholastic-240-vocabulary-grade-4		Candidate-only explicit source target; spelling, sense, proper-name and IELTS relevance review required before promotion.	lexical_candidate	candidate_only	pdf	pdf:page=79,section=word-list,target-printed-page=21
240 Vocabulary Words Kids Need to Know, Grade 4	scholastic-240-vocabulary-grade-4	discontinue	discontinue			Lesson 04 | printed page 15	79	registry:scholastic-240-vocabulary-grade-4		Candidate-only explicit source target; spelling, sense, proper-name and IELTS relevance review required before promotion.	lexical_candidate	candidate_only	pdf	pdf:page=79,section=word-list,target-printed-page=15
240 Vocabulary Words Kids Need to Know, Grade 4	scholastic-240-vocabulary-grade-4	polygon	polygon			Lesson 13 | printed page 42	79	registry:scholastic-240-vocabulary-grade-4		Candidate-only explicit source target; spelling, sense, proper-name and IELTS relevance review required before promotion.	lexical_candidate	candidate_only	pdf	pdf:page=79,section=word-list,target-printed-page=42
240 Vocabulary Words Kids Need to Know, Grade 4	scholastic-240-vocabulary-grade-4	sweltering	sweltering			Lesson 01 | printed page 6	79	registry:scholastic-240-vocabulary-grade-4		Candidate-only explicit source target; spelling, sense, proper-name and IELTS relevance review required before promotion.	lexical_candidate	candidate_only	pdf	pdf:page=79,section=word-list,target-printed-page=6
240 Vocabulary Words Kids Need to Know, Grade 4	scholastic-240-vocabulary-grade-4	artistic	artistic			Lesson 15 | printed page 48	79	registry:scholastic-240-vocabulary-grade-4		Candidate-only explicit source target; spelling, sense, proper-name and IELTS relevance review required before promotion.	lexical_candidate	candidate_only	pdf	pdf:page=79,section=word-list,target-printed-page=48
240 Vocabulary Words Kids Need to Know, Grade 4	scholastic-240-vocabulary-grade-4	jazz	jazz			Lesson 18 | printed page 57	79	registry:scholastic-240-vocabulary-grade-4		Candidate-only explicit source target; spelling, sense, proper-name and IELTS relevance review required before promotion.	lexical_candidate	candidate_only	pdf	pdf:page=79,section=word-list,target-printed-page=57
240 Vocabulary Words Kids Need to Know, Grade 4	scholastic-240-vocabulary-grade-4	dishonest	dishonest			Lesson 22 | printed page 69	79	registry:scholastic-240-vocabulary-grade-4		Candidate-only explicit source target; spelling, sense, proper-name and IELTS relevance review required before promotion.	lexical_candidate	candidate_only	pdf	pdf:page=79,section=word-list,target-printed-page=69
240 Vocabulary Words Kids Need to Know, Grade 4	scholastic-240-vocabulary-grade-4	popcorn	popcorn			Lesson 19 | printed page 60	79	registry:scholastic-240-vocabulary-grade-4		Candidate-only explicit source target; spelling, sense, proper-name and IELTS relevance review required before promotion.	lexical_candidate	candidate_only	pdf	pdf:page=79,section=word-list,target-printed-page=60
240 Vocabulary Words Kids Need to Know, Grade 4	scholastic-240-vocabulary-grade-4	astronaut	astronaut			Lesson 18 | printed page 57	79	registry:scholastic-240-vocabulary-grade-4		Candidate-only explicit source target; spelling, sense, proper-name and IELTS relevance review required before promotion.	lexical_candidate	candidate_only	pdf	pdf:page=79,section=word-list,target-printed-page=57
240 Vocabulary Words Kids Need to Know, Grade 4	scholastic-240-vocabulary-grade-4	jeep	jeep			Lesson 19 | printed page 60	79	registry:scholastic-240-vocabulary-grade-4		Candidate-only explicit source target; spelling, sense, proper-name and IELTS relevance review required before promotion.	lexical_candidate	candidate_only	pdf	pdf:page=79,section=word-list,target-printed-page=60
240 Vocabulary Words Kids Need to Know, Grade 4	scholastic-240-vocabulary-grade-4	takeout	takeout			Lesson 18 | printed page 57	79	registry:scholastic-240-vocabulary-grade-4		Candidate-only explicit source target; spelling, sense, proper-name and IELTS relevance review required before promotion.	lexical_candidate	candidate_only	pdf	pdf:page=79,section=word-list,target-printed-page=57
240 Vocabulary Words Kids Need to Know, Grade 4	scholastic-240-vocabulary-grade-4	disperse	disperse			Lesson 04 | printed page 15	79	registry:scholastic-240-vocabulary-grade-4		Candidate-only explicit source target; spelling, sense, proper-name and IELTS relevance review required before promotion.	lexical_candidate	candidate_only	pdf	pdf:page=79,section=word-list,target-printed-page=15
240 Vocabulary Words Kids Need to Know, Grade 4	scholastic-240-vocabulary-grade-4	jittery	jittery			Lesson 01 | printed page 6	79	registry:scholastic-240-vocabulary-grade-4		Candidate-only explicit source target; spelling, sense, proper-name and IELTS relevance review required before promotion.	lexical_candidate	candidate_only	pdf	pdf:page=79,section=word-list,target-printed-page=6
240 Vocabulary Words Kids Need to Know, Grade 4	scholastic-240-vocabulary-grade-4	poppycock	poppycock			Lesson 21 | printed page 66	79	registry:scholastic-240-vocabulary-grade-4		Candidate-only explicit source target; spelling, sense, proper-name and IELTS relevance review required before promotion.	lexical_candidate	candidate_only	pdf	pdf:page=79,section=word-list,target-printed-page=66
240 Vocabulary Words Kids Need to Know, Grade 4	scholastic-240-vocabulary-grade-4	telecast	telecast			Lesson 12 | printed page 39	79	registry:scholastic-240-vocabulary-grade-4		Candidate-only explicit source target; spelling, sense, proper-name and IELTS relevance review required before promotion.	lexical_candidate	candidate_only	pdf	pdf:page=79,section=word-list,target-printed-page=39
240 Vocabulary Words Kids Need to Know, Grade 4	scholastic-240-vocabulary-grade-4	displease	displease			Lesson 22 | printed page 69	79	registry:scholastic-240-vocabulary-grade-4		Candidate-only explicit source target; spelling, sense, proper-name and IELTS relevance review required before promotion.	lexical_candidate	candidate_only	pdf	pdf:page=79,section=word-list,target-printed-page=69
240 Vocabulary Words Kids Need to Know, Grade 4	scholastic-240-vocabulary-grade-4	popular	popular			Lesson 15 | printed page 48	79	registry:scholastic-240-vocabulary-grade-4		Candidate-only explicit source target; spelling, sense, proper-name and IELTS relevance review required before promotion.	lexical_candidate	candidate_only	pdf	pdf:page=79,section=word-list,target-printed-page=48
240 Vocabulary Words Kids Need to Know, Grade 4	scholastic-240-vocabulary-grade-4	jovial	jovial			Lesson 08 | printed page 27	79	registry:scholastic-240-vocabulary-grade-4		Candidate-only explicit source target; spelling, sense, proper-name and IELTS relevance review required before promotion.	lexical_candidate	candidate_only	pdf	pdf:page=79,section=word-list,target-printed-page=27
240 Vocabulary Words Kids Need to Know, Grade 4	scholastic-240-vocabulary-grade-4	telephoto	telephoto			Lesson 17 | printed page 54	79	registry:scholastic-240-vocabulary-grade-4		Candidate-only explicit source target; spelling, sense, proper-name and IELTS relevance review required before promotion.	lexical_candidate	candidate_only	pdf	pdf:page=79,section=word-list,target-printed-page=54
240 Vocabulary Words Kids Need to Know, Grade 4	scholastic-240-vocabulary-grade-4	dissimilar	dissimilar			Lesson 03 | printed page 12	79	registry:scholastic-240-vocabulary-grade-4		Candidate-only explicit source target; spelling, sense, proper-name and IELTS relevance review required before promotion.	lexical_candidate	candidate_only	pdf	pdf:page=79,section=word-list,target-printed-page=12
240 Vocabulary Words Kids Need to Know, Grade 4	scholastic-240-vocabulary-grade-4	population	population			Lesson 15 | printed page 48	79	registry:scholastic-240-vocabulary-grade-4		Candidate-only explicit source target; spelling, sense, proper-name and IELTS relevance review required before promotion.	lexical_candidate	candidate_only	pdf	pdf:page=79,section=word-list,target-printed-page=48
240 Vocabulary Words Kids Need to Know, Grade 4	scholastic-240-vocabulary-grade-4	autograph	autograph			Lesson 17 | printed page 54	79	registry:scholastic-240-vocabulary-grade-4		Candidate-only explicit source target; spelling, sense, proper-name and IELTS relevance review required before promotion.	lexical_candidate	candidate_only	pdf	pdf:page=79,section=word-list,target-printed-page=54
240 Vocabulary Words Kids Need to Know, Grade 4	scholastic-240-vocabulary-grade-4	joyous	joyous			Lesson 24 | printed page 75	79	registry:scholastic-240-vocabulary-grade-4		Candidate-only explicit source target; spelling, sense, proper-name and IELTS relevance review required before promotion.	lexical_candidate	candidate_only	pdf	pdf:page=79,section=word-list,target-printed-page=75
240 Vocabulary Words Kids Need to Know, Grade 4	scholastic-240-vocabulary-grade-4	textbook	textbook			Lesson 05 | printed page 18	79	registry:scholastic-240-vocabulary-grade-4		Candidate-only explicit source target; spelling, sense, proper-name and IELTS relevance review required before promotion.	lexical_candidate	candidate_only	pdf	pdf:page=79,section=word-list,target-printed-page=18
240 Vocabulary Words Kids Need to Know, Grade 4	scholastic-240-vocabulary-grade-4	doe	doe			Lesson 14 | printed page 45	79	registry:scholastic-240-vocabulary-grade-4		Candidate-only explicit source target; spelling, sense, proper-name and IELTS relevance review required before promotion.	lexical_candidate	candidate_only	pdf	pdf:page=79,section=word-list,target-printed-page=45
240 Vocabulary Words Kids Need to Know, Grade 4	scholastic-240-vocabulary-grade-4	judo	judo			Lesson 10 | printed page 33	79	registry:scholastic-240-vocabulary-grade-4		Candidate-only explicit source target; spelling, sense, proper-name and IELTS relevance review required before promotion.	lexical_candidate	candidate_only	pdf	pdf:page=79,section=word-list,target-printed-page=33
240 Vocabulary Words Kids Need to Know, Grade 4	scholastic-240-vocabulary-grade-4	populous	populous			Lesson 15 | printed page 48	79	registry:scholastic-240-vocabulary-grade-4		Candidate-only explicit source target; spelling, sense, proper-name and IELTS relevance review required before promotion.	lexical_candidate	candidate_only	pdf	pdf:page=79,section=word-list,target-printed-page=48
240 Vocabulary Words Kids Need to Know, Grade 4	scholastic-240-vocabulary-grade-4	thaw	thaw			Lesson 02 | printed page 9	79	registry:scholastic-240-vocabulary-grade-4		Candidate-only explicit source target; spelling, sense, proper-name and IELTS relevance review required before promotion.	lexical_candidate	candidate_only	pdf	pdf:page=79,section=word-list,target-printed-page=9
240 Vocabulary Words Kids Need to Know, Grade 4	scholastic-240-vocabulary-grade-4	avocado	avocado			Lesson 09 | printed page 30	79	registry:scholastic-240-vocabulary-grade-4		Candidate-only explicit source target; spelling, sense, proper-name and IELTS relevance review required before promotion.	lexical_candidate	candidate_only	pdf	pdf:page=79,section=word-list,target-printed-page=30
240 Vocabulary Words Kids Need to Know, Grade 4	scholastic-240-vocabulary-grade-4	dorm	dorm			Lesson 11 | printed page 36	79	registry:scholastic-240-vocabulary-grade-4		Candidate-only explicit source target; spelling, sense, proper-name and IELTS relevance review required before promotion.	lexical_candidate	candidate_only	pdf	pdf:page=79,section=word-list,target-printed-page=36
240 Vocabulary Words Kids Need to Know, Grade 4	scholastic-240-vocabulary-grade-4	junkyard	junkyard			Lesson 05 | printed page 18	79	registry:scholastic-240-vocabulary-grade-4		Candidate-only explicit source target; spelling, sense, proper-name and IELTS relevance review required before promotion.	lexical_candidate	candidate_only	pdf	pdf:page=79,section=word-list,target-printed-page=18
240 Vocabulary Words Kids Need to Know, Grade 4	scholastic-240-vocabulary-grade-4	portable	portable			Lesson 16 | printed page 51	79	registry:scholastic-240-vocabulary-grade-4		Candidate-only explicit source target; spelling, sense, proper-name and IELTS relevance review required before promotion.	lexical_candidate	candidate_only	pdf	pdf:page=79,section=word-list,target-printed-page=51
240 Vocabulary Words Kids Need to Know, Grade 4	scholastic-240-vocabulary-grade-4	titanic	titanic			Lesson 08 | printed page 27	79	registry:scholastic-240-vocabulary-grade-4		Candidate-only explicit source target; spelling, sense, proper-name and IELTS relevance review required before promotion.	lexical_candidate	candidate_only	pdf	pdf:page=79,section=word-list,target-printed-page=27
240 Vocabulary Words Kids Need to Know, Grade 4	scholastic-240-vocabulary-grade-4	drape	drape			Lesson 11 | printed page 36	79	registry:scholastic-240-vocabulary-grade-4		Candidate-only explicit source target; spelling, sense, proper-name and IELTS relevance review required before promotion.	lexical_candidate	candidate_only	pdf	pdf:page=79,section=word-list,target-printed-page=36
240 Vocabulary Words Kids Need to Know, Grade 4	scholastic-240-vocabulary-grade-4	porter	porter			Lesson 16 | printed page 51	79	registry:scholastic-240-vocabulary-grade-4		Candidate-only explicit source target; spelling, sense, proper-name and IELTS relevance review required before promotion.	lexical_candidate	candidate_only	pdf	pdf:page=79,section=word-list,target-printed-page=51
240 Vocabulary Words Kids Need to Know, Grade 4	scholastic-240-vocabulary-grade-4	torrent	torrent			Lesson 04 | printed page 15	79	registry:scholastic-240-vocabulary-grade-4		Candidate-only explicit source target; spelling, sense, proper-name and IELTS relevance review required before promotion.	lexical_candidate	candidate_only	pdf	pdf:page=79,section=word-list,target-printed-page=15
240 Vocabulary Words Kids Need to Know, Grade 4	scholastic-240-vocabulary-grade-4	ballyhoo	ballyhoo			Lesson 21 | printed page 66	79	registry:scholastic-240-vocabulary-grade-4		Candidate-only explicit source target; spelling, sense, proper-name and IELTS relevance review required before promotion.	lexical_candidate	candidate_only	pdf	pdf:page=79,section=word-list,target-printed-page=66
240 Vocabulary Words Kids Need to Know, Grade 4	scholastic-240-vocabulary-grade-4	driftwood	driftwood			Lesson 05 | printed page 18	79	registry:scholastic-240-vocabulary-grade-4		Candidate-only explicit source target; spelling, sense, proper-name and IELTS relevance review required before promotion.	lexical_candidate	candidate_only	pdf	pdf:page=79,section=word-list,target-printed-page=18
240 Vocabulary Words Kids Need to Know, Grade 4	scholastic-240-vocabulary-grade-4	kinship	kinship			Lesson 24 | printed page 75	79	registry:scholastic-240-vocabulary-grade-4		Candidate-only explicit source target; spelling, sense, proper-name and IELTS relevance review required before promotion.	lexical_candidate	candidate_only	pdf	pdf:page=79,section=word-list,target-printed-page=75
240 Vocabulary Words Kids Need to Know, Grade 4	scholastic-240-vocabulary-grade-4	postdate	postdate			Lesson 23 | printed page 72	79	registry:scholastic-240-vocabulary-grade-4		Candidate-only explicit source target; spelling, sense, proper-name and IELTS relevance review required before promotion.	lexical_candidate	candidate_only	pdf	pdf:page=79,section=word-list,target-printed-page=72
240 Vocabulary Words Kids Need to Know, Grade 4	scholastic-240-vocabulary-grade-4	trampoline	trampoline			Lesson 10 | printed page 33	79	registry:scholastic-240-vocabulary-grade-4		Candidate-only explicit source target; spelling, sense, proper-name and IELTS relevance review required before promotion.	lexical_candidate	candidate_only	pdf	pdf:page=79,section=word-list,target-printed-page=33
240 Vocabulary Words Kids Need to Know, Grade 4	scholastic-240-vocabulary-grade-4	bamboozle	bamboozle			Lesson 21 | printed page 66	79	registry:scholastic-240-vocabulary-grade-4		Candidate-only explicit source target; spelling, sense, proper-name and IELTS relevance review required before promotion.	lexical_candidate	candidate_only	pdf	pdf:page=79,section=word-list,target-printed-page=66
240 Vocabulary Words Kids Need to Know, Grade 4	scholastic-240-vocabulary-grade-4	dummy	dummy			Lesson 20 | printed page 63	79	registry:scholastic-240-vocabulary-grade-4		Candidate-only explicit source target; spelling, sense, proper-name and IELTS relevance review required before promotion.	lexical_candidate	candidate_only	pdf	pdf:page=79,section=word-list,target-printed-page=63
240 Vocabulary Words Kids Need to Know, Grade 4	scholastic-240-vocabulary-grade-4	postscript	postscript			Lesson 23 | printed page 72	79	registry:scholastic-240-vocabulary-grade-4		Candidate-only explicit source target; spelling, sense, proper-name and IELTS relevance review required before promotion.	lexical_candidate	candidate_only	pdf	pdf:page=79,section=word-list,target-printed-page=72
240 Vocabulary Words Kids Need to Know, Grade 4	scholastic-240-vocabulary-grade-4	transcontinental bass	transcontinental bass			Lesson 07 | printed page 24	79	registry:scholastic-240-vocabulary-grade-4		Candidate-only explicit source target; spelling, sense, proper-name and IELTS relevance review required before promotion.	lexical_candidate	candidate_only	pdf	pdf:page=79,section=word-list,target-printed-page=24
240 Vocabulary Words Kids Need to Know, Grade 4	scholastic-240-vocabulary-grade-4	landmark	landmark			Lesson 05 | printed page 18	79	registry:scholastic-240-vocabulary-grade-4		Candidate-only explicit source target; spelling, sense, proper-name and IELTS relevance review required before promotion.	lexical_candidate	candidate_only	pdf	pdf:page=79,section=word-list,target-printed-page=18
240 Vocabulary Words Kids Need to Know, Grade 4	scholastic-240-vocabulary-grade-4	prehistoric	prehistoric			Lesson 22 | printed page 69	79	registry:scholastic-240-vocabulary-grade-4		Candidate-only explicit source target; spelling, sense, proper-name and IELTS relevance review required before promotion.	lexical_candidate	candidate_only	pdf	pdf:page=79,section=word-list,target-printed-page=69
240 Vocabulary Words Kids Need to Know, Grade 4	scholastic-240-vocabulary-grade-4	I eavesdrop	I eavesdrop			Lesson 19 | printed page 60	79	registry:scholastic-240-vocabulary-grade-4		Candidate-only explicit source target; spelling, sense, proper-name and IELTS relevance review required before promotion.	lexical_candidate	candidate_only	pdf	pdf:page=79,section=word-list,target-printed-page=60
240 Vocabulary Words Kids Need to Know, Grade 4	scholastic-240-vocabulary-grade-4	bass	bass			Lesson 07 | printed page 24	79	registry:scholastic-240-vocabulary-grade-4		Candidate-only explicit source target; spelling, sense, proper-name and IELTS relevance review required before promotion.	lexical_candidate	candidate_only	pdf	pdf:page=79,section=word-list,target-printed-page=24
240 Vocabulary Words Kids Need to Know, Grade 4	scholastic-240-vocabulary-grade-4	laptop	laptop			Lesson 18 | printed page 57	79	registry:scholastic-240-vocabulary-grade-4		Candidate-only explicit source target; spelling, sense, proper-name and IELTS relevance review required before promotion.	lexical_candidate	candidate_only	pdf	pdf:page=79,section=word-list,target-printed-page=57
240 Vocabulary Words Kids Need to Know, Grade 4	scholastic-240-vocabulary-grade-4	preview	preview			Lesson 22 | printed page 69	79	registry:scholastic-240-vocabulary-grade-4		Candidate-only explicit source target; spelling, sense, proper-name and IELTS relevance review required before promotion.	lexical_candidate	candidate_only	pdf	pdf:page=79,section=word-list,target-printed-page=69
240 Vocabulary Words Kids Need to Know, Grade 4	scholastic-240-vocabulary-grade-4	eerie	eerie			Lesson 02 | printed page 9	79	registry:scholastic-240-vocabulary-grade-4		Candidate-only explicit source target; spelling, sense, proper-name and IELTS relevance review required before promotion.	lexical_candidate	candidate_only	pdf	pdf:page=79,section=word-list,target-printed-page=9
240 Vocabulary Words Kids Need to Know, Grade 4	scholastic-240-vocabulary-grade-4	transplant	transplant			Lesson 23 | printed page 72	79	registry:scholastic-240-vocabulary-grade-4		Candidate-only explicit source target; spelling, sense, proper-name and IELTS relevance review required before promotion.	lexical_candidate	candidate_only	pdf	pdf:page=79,section=word-list,target-printed-page=72
240 Vocabulary Words Kids Need to Know, Grade 4	scholastic-240-vocabulary-grade-4	beanstalk	beanstalk			Lesson 05 | printed page 18	79	registry:scholastic-240-vocabulary-grade-4		Candidate-only explicit source target; spelling, sense, proper-name and IELTS relevance review required before promotion.	lexical_candidate	candidate_only	pdf	pdf:page=79,section=word-list,target-printed-page=18
240 Vocabulary Words Kids Need to Know, Grade 4	scholastic-240-vocabulary-grade-4	leadership	leadership			Lesson 24 | printed page 75	79	registry:scholastic-240-vocabulary-grade-4		Candidate-only explicit source target; spelling, sense, proper-name and IELTS relevance review required before promotion.	lexical_candidate	candidate_only	pdf	pdf:page=79,section=word-list,target-printed-page=75
240 Vocabulary Words Kids Need to Know, Grade 4	scholastic-240-vocabulary-grade-4	probability	probability			Lesson 13 | printed page 42	79	registry:scholastic-240-vocabulary-grade-4		Candidate-only explicit source target; spelling, sense, proper-name and IELTS relevance review required before promotion.	lexical_candidate	candidate_only	pdf	pdf:page=79,section=word-list,target-printed-page=42
240 Vocabulary Words Kids Need to Know, Grade 4	scholastic-240-vocabulary-grade-4	endanger	endanger			Lesson 23 | printed page 72	79	registry:scholastic-240-vocabulary-grade-4		Candidate-only explicit source target; spelling, sense, proper-name and IELTS relevance review required before promotion.	lexical_candidate	candidate_only	pdf	pdf:page=79,section=word-list,target-printed-page=72
240 Vocabulary Words Kids Need to Know, Grade 4	scholastic-240-vocabulary-grade-4	transport	transport			Lesson 16 | printed page 51	79	registry:scholastic-240-vocabulary-grade-4		Candidate-only explicit source target; spelling, sense, proper-name and IELTS relevance review required before promotion.	lexical_candidate	candidate_only	pdf	pdf:page=79,section=word-list,target-printed-page=51
240 Vocabulary Words Kids Need to Know, Grade 4	scholastic-240-vocabulary-grade-4	beat	beat			Lesson 20 | printed page 63	79	registry:scholastic-240-vocabulary-grade-4		Candidate-only explicit source target; spelling, sense, proper-name and IELTS relevance review required before promotion.	lexical_candidate	candidate_only	pdf	pdf:page=79,section=word-list,target-printed-page=63
240 Vocabulary Words Kids Need to Know, Grade 4	scholastic-240-vocabulary-grade-4	limerick	limerick			Lesson 08 | printed page 27	79	registry:scholastic-240-vocabulary-grade-4		Candidate-only explicit source target; spelling, sense, proper-name and IELTS relevance review required before promotion.	lexical_candidate	candidate_only	pdf	pdf:page=79,section=word-list,target-printed-page=27
240 Vocabulary Words Kids Need to Know, Grade 4	scholastic-240-vocabulary-grade-4	profitable	profitable			Lesson 24 | printed page 75	79	registry:scholastic-240-vocabulary-grade-4		Candidate-only explicit source target; spelling, sense, proper-name and IELTS relevance review required before promotion.	lexical_candidate	candidate_only	pdf	pdf:page=79,section=word-list,target-printed-page=75
240 Vocabulary Words Kids Need to Know, Grade 4	scholastic-240-vocabulary-grade-4	enlarge	enlarge			Lesson 03 | printed page 12	79	registry:scholastic-240-vocabulary-grade-4		Candidate-only explicit source target; spelling, sense, proper-name and IELTS relevance review required before promotion.	lexical_candidate	candidate_only	pdf	pdf:page=79,section=word-list,target-printed-page=12
240 Vocabulary Words Kids Need to Know, Grade 4	scholastic-240-vocabulary-grade-4	triangle	triangle			Lesson 13 | printed page 42	79	registry:scholastic-240-vocabulary-grade-4		Candidate-only explicit source target; spelling, sense, proper-name and IELTS relevance review required before promotion.	lexical_candidate	candidate_only	pdf	pdf:page=79,section=word-list,target-printed-page=42
240 Vocabulary Words Kids Need to Know, Grade 4	scholastic-240-vocabulary-grade-4	billy	billy			Lesson 14 | printed page 45	79	registry:scholastic-240-vocabulary-grade-4		Candidate-only explicit source target; spelling, sense, proper-name and IELTS relevance review required before promotion.	lexical_candidate	candidate_only	pdf	pdf:page=79,section=word-list,target-printed-page=45
240 Vocabulary Words Kids Need to Know, Grade 4	scholastic-240-vocabulary-grade-4	prune	prune			Lesson 07 | printed page 24	79	registry:scholastic-240-vocabulary-grade-4		Candidate-only explicit source target; spelling, sense, proper-name and IELTS relevance review required before promotion.	lexical_candidate	candidate_only	pdf	pdf:page=79,section=word-list,target-printed-page=24
240 Vocabulary Words Kids Need to Know, Grade 4	scholastic-240-vocabulary-grade-4	enrage	enrage			Lesson 23 | printed page 72	79	registry:scholastic-240-vocabulary-grade-4		Candidate-only explicit source target; spelling, sense, proper-name and IELTS relevance review required before promotion.	lexical_candidate	candidate_only	pdf	pdf:page=79,section=word-list,target-printed-page=72
240 Vocabulary Words Kids Need to Know, Grade 4	scholastic-240-vocabulary-grade-4	maintain	maintain			Lesson 04 | printed page 15	79	registry:scholastic-240-vocabulary-grade-4		Candidate-only explicit source target; spelling, sense, proper-name and IELTS relevance review required before promotion.	lexical_candidate	candidate_only	pdf	pdf:page=79,section=word-list,target-printed-page=15
240 Vocabulary Words Kids Need to Know, Grade 4	scholastic-240-vocabulary-grade-4	trickle	trickle			Lesson 04 | printed page 15	79	registry:scholastic-240-vocabulary-grade-4		Candidate-only explicit source target; spelling, sense, proper-name and IELTS relevance review required before promotion.	lexical_candidate	candidate_only	pdf	pdf:page=79,section=word-list,target-printed-page=15
240 Vocabulary Words Kids Need to Know, Grade 4	scholastic-240-vocabulary-grade-4	bleeds	bleeds			Lesson 20 | printed page 63	79	registry:scholastic-240-vocabulary-grade-4		Candidate-only explicit source target; spelling, sense, proper-name and IELTS relevance review required before promotion.	lexical_candidate	candidate_only	pdf	pdf:page=79,section=word-list,target-printed-page=63
240 Vocabulary Words Kids Need to Know, Grade 4	scholastic-240-vocabulary-grade-4	prune	prune			Lesson 07 | printed page 24	79	registry:scholastic-240-vocabulary-grade-4		Candidate-only explicit source target; spelling, sense, proper-name and IELTS relevance review required before promotion.	lexical_candidate	candidate_only	pdf	pdf:page=79,section=word-list,target-printed-page=24
240 Vocabulary Words Kids Need to Know, Grade 4	scholastic-240-vocabulary-grade-4	envious	envious			Lesson 24 | printed page 75	79	registry:scholastic-240-vocabulary-grade-4		Candidate-only explicit source target; spelling, sense, proper-name and IELTS relevance review required before promotion.	lexical_candidate	candidate_only	pdf	pdf:page=79,section=word-list,target-printed-page=75
240 Vocabulary Words Kids Need to Know, Grade 4	scholastic-240-vocabulary-grade-4	mare	mare			Lesson 14 | printed page 45	79	registry:scholastic-240-vocabulary-grade-4		Candidate-only explicit source target; spelling, sense, proper-name and IELTS relevance review required before promotion.	lexical_candidate	candidate_only	pdf	pdf:page=79,section=word-list,target-printed-page=45
240 Vocabulary Words Kids Need to Know, Grade 4	scholastic-240-vocabulary-grade-4	triumph	triumph			Lesson 01 | printed page 6	79	registry:scholastic-240-vocabulary-grade-4		Candidate-only explicit source target; spelling, sense, proper-name and IELTS relevance review required before promotion.	lexical_candidate	candidate_only	pdf	pdf:page=79,section=word-list,target-printed-page=6
240 Vocabulary Words Kids Need to Know, Grade 4	scholastic-240-vocabulary-grade-4	bloomers	bloomers			Lesson 08 | printed page 27	79	registry:scholastic-240-vocabulary-grade-4		Candidate-only explicit source target; spelling, sense, proper-name and IELTS relevance review required before promotion.	lexical_candidate	candidate_only	pdf	pdf:page=79,section=word-list,target-printed-page=27
240 Vocabulary Words Kids Need to Know, Grade 4	scholastic-240-vocabulary-grade-4	estimate	estimate			Lesson 13 | printed page 42	79	registry:scholastic-240-vocabulary-grade-4		Candidate-only explicit source target; spelling, sense, proper-name and IELTS relevance review required before promotion.	lexical_candidate	candidate_only	pdf	pdf:page=79,section=word-list,target-printed-page=42
240 Vocabulary Words Kids Need to Know, Grade 4	scholastic-240-vocabulary-grade-4	masthead	masthead			Lesson 20 | printed page 63	79	registry:scholastic-240-vocabulary-grade-4		Candidate-only explicit source target; spelling, sense, proper-name and IELTS relevance review required before promotion.	lexical_candidate	candidate_only	pdf	pdf:page=79,section=word-list,target-printed-page=63
240 Vocabulary Words Kids Need to Know, Grade 4	scholastic-240-vocabulary-grade-4	quicksand	quicksand			Lesson 05 | printed page 18	79	registry:scholastic-240-vocabulary-grade-4		Candidate-only explicit source target; spelling, sense, proper-name and IELTS relevance review required before promotion.	lexical_candidate	candidate_only	pdf	pdf:page=79,section=word-list,target-printed-page=18
240 Vocabulary Words Kids Need to Know, Grade 4	scholastic-240-vocabulary-grade-4	trophy	trophy			Lesson 02 | printed page 9	79	registry:scholastic-240-vocabulary-grade-4		Candidate-only explicit source target; spelling, sense, proper-name and IELTS relevance review required before promotion.	lexical_candidate	candidate_only	pdf	pdf:page=79,section=word-list,target-printed-page=9
240 Vocabulary Words Kids Need to Know, Grade 4	scholastic-240-vocabulary-grade-4	boar	boar			Lesson 06 | printed page 21	79	registry:scholastic-240-vocabulary-grade-4		Candidate-only explicit source target; spelling, sense, proper-name and IELTS relevance review required before promotion.	lexical_candidate	candidate_only	pdf	pdf:page=79,section=word-list,target-printed-page=21
240 Vocabulary Words Kids Need to Know, Grade 4	scholastic-240-vocabulary-grade-4	ewe	ewe			Lesson 14 | printed page 45	79	registry:scholastic-240-vocabulary-grade-4		Candidate-only explicit source target; spelling, sense, proper-name and IELTS relevance review required before promotion.	lexical_candidate	candidate_only	pdf	pdf:page=79,section=word-list,target-printed-page=45
240 Vocabulary Words Kids Need to Know, Grade 4	scholastic-240-vocabulary-grade-4	mayo	mayo			Lesson 11 | printed page 36	79	registry:scholastic-240-vocabulary-grade-4		Candidate-only explicit source target; spelling, sense, proper-name and IELTS relevance review required before promotion.	lexical_candidate	candidate_only	pdf	pdf:page=79,section=word-list,target-printed-page=36
240 Vocabulary Words Kids Need to Know, Grade 4	scholastic-240-vocabulary-grade-4	tweed	tweed			Lesson 08 | printed page 27	79	registry:scholastic-240-vocabulary-grade-4		Candidate-only explicit source target; spelling, sense, proper-name and IELTS relevance review required before promotion.	lexical_candidate	candidate_only	pdf	pdf:page=79,section=word-list,target-printed-page=27
240 Vocabulary Words Kids Need to Know, Grade 4	scholastic-240-vocabulary-grade-4	bolder	bolder			Lesson 06 | printed page 21	79	registry:scholastic-240-vocabulary-grade-4		Candidate-only explicit source target; spelling, sense, proper-name and IELTS relevance review required before promotion.	lexical_candidate	candidate_only	pdf	pdf:page=79,section=word-list,target-printed-page=21
240 Vocabulary Words Kids Need to Know, Grade 4	scholastic-240-vocabulary-grade-4	excited	excited			Lesson 03 | printed page 12	79	registry:scholastic-240-vocabulary-grade-4		Candidate-only explicit source target; spelling, sense, proper-name and IELTS relevance review required before promotion.	lexical_candidate	candidate_only	pdf	pdf:page=79,section=word-list,target-printed-page=12
240 Vocabulary Words Kids Need to Know, Grade 4	scholastic-240-vocabulary-grade-4	metal	metal			Lesson 06 | printed page 21	79	registry:scholastic-240-vocabulary-grade-4		Candidate-only explicit source target; spelling, sense, proper-name and IELTS relevance review required before promotion.	lexical_candidate	candidate_only	pdf	pdf:page=79,section=word-list,target-printed-page=21
240 Vocabulary Words Kids Need to Know, Grade 4	scholastic-240-vocabulary-grade-4	ram	ram			Lesson 14 | printed page 45	79	registry:scholastic-240-vocabulary-grade-4		Candidate-only explicit source target; spelling, sense, proper-name and IELTS relevance review required before promotion.	lexical_candidate	candidate_only	pdf	pdf:page=79,section=word-list,target-printed-page=45
240 Vocabulary Words Kids Need to Know, Grade 4	scholastic-240-vocabulary-grade-4	twirl	twirl			Lesson 12 | printed page 39	79	registry:scholastic-240-vocabulary-grade-4		Candidate-only explicit source target; spelling, sense, proper-name and IELTS relevance review required before promotion.	lexical_candidate	candidate_only	pdf	pdf:page=79,section=word-list,target-printed-page=39
240 Vocabulary Words Kids Need to Know, Grade 4	scholastic-240-vocabulary-grade-4	bonkers	bonkers			Lesson 21 | printed page 66	79	registry:scholastic-240-vocabulary-grade-4		Candidate-only explicit source target; spelling, sense, proper-name and IELTS relevance review required before promotion.	lexical_candidate	candidate_only	pdf	pdf:page=79,section=word-list,target-printed-page=66
240 Vocabulary Words Kids Need to Know, Grade 4	scholastic-240-vocabulary-grade-4	methodical	methodical			Lesson 04 | printed page 15	79	registry:scholastic-240-vocabulary-grade-4		Candidate-only explicit source target; spelling, sense, proper-name and IELTS relevance review required before promotion.	lexical_candidate	candidate_only	pdf	pdf:page=79,section=word-list,target-printed-page=15
240 Vocabulary Words Kids Need to Know, Grade 4	scholastic-240-vocabulary-grade-4	ravioli	ravioli			Lesson 10 | printed page 33	79	registry:scholastic-240-vocabulary-grade-4		Candidate-only explicit source target; spelling, sense, proper-name and IELTS relevance review required before promotion.	lexical_candidate	candidate_only	pdf	pdf:page=79,section=word-list,target-printed-page=33
240 Vocabulary Words Kids Need to Know, Grade 4	scholastic-240-vocabulary-grade-4	typo	typo			Lesson 20 | printed page 63	79	registry:scholastic-240-vocabulary-grade-4		Candidate-only explicit source target; spelling, sense, proper-name and IELTS relevance review required before promotion.	lexical_candidate	candidate_only	pdf	pdf:page=79,section=word-list,target-printed-page=63
240 Vocabulary Words Kids Need to Know, Grade 4	scholastic-240-vocabulary-grade-4	bore	bore			Lesson 06 | printed page 21	79	registry:scholastic-240-vocabulary-grade-4		Candidate-only explicit source target; spelling, sense, proper-name and IELTS relevance review required before promotion.	lexical_candidate	candidate_only	pdf	pdf:page=79,section=word-list,target-printed-page=21
240 Vocabulary Words Kids Need to Know, Grade 4	scholastic-240-vocabulary-grade-4	Ferris wheel	Ferris wheel			Lesson 08 | printed page 27	79	registry:scholastic-240-vocabulary-grade-4		Candidate-only explicit source target; spelling, sense, proper-name and IELTS relevance review required before promotion.	lexical_candidate	candidate_only	pdf	pdf:page=79,section=word-list,target-printed-page=27
240 Vocabulary Words Kids Need to Know, Grade 4	scholastic-240-vocabulary-grade-4	mettle	mettle			Lesson 06 | printed page 21	79	registry:scholastic-240-vocabulary-grade-4		Candidate-only explicit source target; spelling, sense, proper-name and IELTS relevance review required before promotion.	lexical_candidate	candidate_only	pdf	pdf:page=79,section=word-list,target-printed-page=21
240 Vocabulary Words Kids Need to Know, Grade 4	scholastic-240-vocabulary-grade-4	reduce	reduce			Lesson 03 | printed page 12	79	registry:scholastic-240-vocabulary-grade-4		Candidate-only explicit source target; spelling, sense, proper-name and IELTS relevance review required before promotion.	lexical_candidate	candidate_only	pdf	pdf:page=79,section=word-list,target-printed-page=12
240 Vocabulary Words Kids Need to Know, Grade 4	scholastic-240-vocabulary-grade-4	boulder	boulder			Lesson 06 | printed page 21	79	registry:scholastic-240-vocabulary-grade-4		Candidate-only explicit source target; spelling, sense, proper-name and IELTS relevance review required before promotion.	lexical_candidate	candidate_only	pdf	pdf:page=79,section=word-list,target-printed-page=21
240 Vocabulary Words Kids Need to Know, Grade 4	scholastic-240-vocabulary-grade-4	flashy	flashy			Lesson 19 | printed page 60	79	registry:scholastic-240-vocabulary-grade-4		Candidate-only explicit source target; spelling, sense, proper-name and IELTS relevance review required before promotion.	lexical_candidate	candidate_only	pdf	pdf:page=79,section=word-list,target-printed-page=60
240 Vocabulary Words Kids Need to Know, Grade 4	scholastic-240-vocabulary-grade-4	monorail	monorail			Lesson 18 | printed page 57	79	registry:scholastic-240-vocabulary-grade-4		Candidate-only explicit source target; spelling, sense, proper-name and IELTS relevance review required before promotion.	lexical_candidate	candidate_only	pdf	pdf:page=79,section=word-list,target-printed-page=57
240 Vocabulary Words Kids Need to Know, Grade 4	scholastic-240-vocabulary-grade-4	release	release			Lesson 04 | printed page 15	79	registry:scholastic-240-vocabulary-grade-4		Candidate-only explicit source target; spelling, sense, proper-name and IELTS relevance review required before promotion.	lexical_candidate	candidate_only	pdf	pdf:page=79,section=word-list,target-printed-page=15
240 Vocabulary Words Kids Need to Know, Grade 4	scholastic-240-vocabulary-grade-4	umbrella	umbrella			Lesson 10 | printed page 33	79	registry:scholastic-240-vocabulary-grade-4		Candidate-only explicit source target; spelling, sense, proper-name and IELTS relevance review required before promotion.	lexical_candidate	candidate_only	pdf	pdf:page=79,section=word-list,target-printed-page=33
240 Vocabulary Words Kids Need to Know, Grade 4	scholastic-240-vocabulary-grade-4	braille	braille			Lesson 08 | printed page 27	79	registry:scholastic-240-vocabulary-grade-4		Candidate-only explicit source target; spelling, sense, proper-name and IELTS relevance review required before promotion.	lexical_candidate	candidate_only	pdf	pdf:page=79,section=word-list,target-printed-page=27
240 Vocabulary Words Kids Need to Know, Grade 4	scholastic-240-vocabulary-grade-4	flu	flu			Lesson 11 | printed page 36	79	registry:scholastic-240-vocabulary-grade-4		Candidate-only explicit source target; spelling, sense, proper-name and IELTS relevance review required before promotion.	lexical_candidate	candidate_only	pdf	pdf:page=79,section=word-list,target-printed-page=36
240 Vocabulary Words Kids Need to Know, Grade 4	scholastic-240-vocabulary-grade-4	moped	moped			Lesson 12 | printed page 39	79	registry:scholastic-240-vocabulary-grade-4		Candidate-only explicit source target; spelling, sense, proper-name and IELTS relevance review required before promotion.	lexical_candidate	candidate_only	pdf	pdf:page=79,section=word-list,target-printed-page=39
240 Vocabulary Words Kids Need to Know, Grade 4	scholastic-240-vocabulary-grade-4	unfurl	unfurl			Lesson 02 | printed page 9	79	registry:scholastic-240-vocabulary-grade-4		Candidate-only explicit source target; spelling, sense, proper-name and IELTS relevance review required before promotion.	lexical_candidate	candidate_only	pdf	pdf:page=79,section=word-list,target-printed-page=9
240 Vocabulary Words Kids Need to Know, Grade 4	scholastic-240-vocabulary-grade-4	brotherhood	brotherhood			Lesson 24 | printed page 75	79	registry:scholastic-240-vocabulary-grade-4		Candidate-only explicit source target; spelling, sense, proper-name and IELTS relevance review required before promotion.	lexical_candidate	candidate_only	pdf	pdf:page=79,section=word-list,target-printed-page=75
240 Vocabulary Words Kids Need to Know, Grade 4	scholastic-240-vocabulary-grade-4	foreign	foreign			Lesson 03 | printed page 12	79	registry:scholastic-240-vocabulary-grade-4		Candidate-only explicit source target; spelling, sense, proper-name and IELTS relevance review required before promotion.	lexical_candidate	candidate_only	pdf	pdf:page=79,section=word-list,target-printed-page=12
240 Vocabulary Words Kids Need to Know, Grade 4	scholastic-240-vocabulary-grade-4	motel	motel			Lesson 12 | printed page 39	79	registry:scholastic-240-vocabulary-grade-4		Candidate-only explicit source target; spelling, sense, proper-name and IELTS relevance review required before promotion.	lexical_candidate	candidate_only	pdf	pdf:page=79,section=word-list,target-printed-page=39
240 Vocabulary Words Kids Need to Know, Grade 4	scholastic-240-vocabulary-grade-4	report	report			Lesson 16 | printed page 51	79	registry:scholastic-240-vocabulary-grade-4		Candidate-only explicit source target; spelling, sense, proper-name and IELTS relevance review required before promotion.	lexical_candidate	candidate_only	pdf	pdf:page=79,section=word-list,target-printed-page=51
240 Vocabulary Words Kids Need to Know, Grade 4	scholastic-240-vocabulary-grade-4	unicorn	unicorn			Lesson 22 | printed page 69	79	registry:scholastic-240-vocabulary-grade-4		Candidate-only explicit source target; spelling, sense, proper-name and IELTS relevance review required before promotion.	lexical_candidate	candidate_only	pdf	pdf:page=79,section=word-list,target-printed-page=69
240 Vocabulary Words Kids Need to Know, Grade 4	scholastic-240-vocabulary-grade-4	brunch	brunch			Lesson 12 | printed page 39	79	registry:scholastic-240-vocabulary-grade-4		Candidate-only explicit source target; spelling, sense, proper-name and IELTS relevance review required before promotion.	lexical_candidate	candidate_only	pdf	pdf:page=79,section=word-list,target-printed-page=39
240 Vocabulary Words Kids Need to Know, Grade 4	scholastic-240-vocabulary-grade-4	frailty	frailty			Lesson 24 | printed page 75	79	registry:scholastic-240-vocabulary-grade-4		Candidate-only explicit source target; spelling, sense, proper-name and IELTS relevance review required before promotion.	lexical_candidate	candidate_only	pdf	pdf:page=79,section=word-list,target-printed-page=75
240 Vocabulary Words Kids Need to Know, Grade 4	scholastic-240-vocabulary-grade-4	multicolored	multicolored			Lesson 23 | printed page 72	79	registry:scholastic-240-vocabulary-grade-4		Candidate-only explicit source target; spelling, sense, proper-name and IELTS relevance review required before promotion.	lexical_candidate	candidate_only	pdf	pdf:page=79,section=word-list,target-printed-page=72
240 Vocabulary Words Kids Need to Know, Grade 4	scholastic-240-vocabulary-grade-4	rodeo	rodeo			Lesson 09 | printed page 30	79	registry:scholastic-240-vocabulary-grade-4		Candidate-only explicit source target; spelling, sense, proper-name and IELTS relevance review required before promotion.	lexical_candidate	candidate_only	pdf	pdf:page=79,section=word-list,target-printed-page=30
240 Vocabulary Words Kids Need to Know, Grade 4	scholastic-240-vocabulary-grade-4	unicycle	unicycle			Lesson 22 | printed page 69	79	registry:scholastic-240-vocabulary-grade-4		Candidate-only explicit source target; spelling, sense, proper-name and IELTS relevance review required before promotion.	lexical_candidate	candidate_only	pdf	pdf:page=79,section=word-list,target-printed-page=69
240 Vocabulary Words Kids Need to Know, Grade 4	scholastic-240-vocabulary-grade-4	buck	buck			Lesson 14 | printed page 45	79	registry:scholastic-240-vocabulary-grade-4		Candidate-only explicit source target; spelling, sense, proper-name and IELTS relevance review required before promotion.	lexical_candidate	candidate_only	pdf	pdf:page=79,section=word-list,target-printed-page=45
240 Vocabulary Words Kids Need to Know, Grade 4	scholastic-240-vocabulary-grade-4	fret	fret			Lesson 02 | printed page 9	79	registry:scholastic-240-vocabulary-grade-4		Candidate-only explicit source target; spelling, sense, proper-name and IELTS relevance review required before promotion.	lexical_candidate	candidate_only	pdf	pdf:page=79,section=word-list,target-printed-page=9
240 Vocabulary Words Kids Need to Know, Grade 4	scholastic-240-vocabulary-grade-4	romp	romp			Lesson 01 | printed page 6	79	registry:scholastic-240-vocabulary-grade-4		Candidate-only explicit source target; spelling, sense, proper-name and IELTS relevance review required before promotion.	lexical_candidate	candidate_only	pdf	pdf:page=79,section=word-list,target-printed-page=6
240 Vocabulary Words Kids Need to Know, Grade 4	scholastic-240-vocabulary-grade-4	vain	vain			Lesson 06 | printed page 21	79	registry:scholastic-240-vocabulary-grade-4		Candidate-only explicit source target; spelling, sense, proper-name and IELTS relevance review required before promotion.	lexical_candidate	candidate_only	pdf	pdf:page=79,section=word-list,target-printed-page=21
240 Vocabulary Words Kids Need to Know, Grade 4	scholastic-240-vocabulary-grade-4	caboose	caboose			Lesson 09 | printed page 30	79	registry:scholastic-240-vocabulary-grade-4		Candidate-only explicit source target; spelling, sense, proper-name and IELTS relevance review required before promotion.	lexical_candidate	candidate_only	pdf	pdf:page=79,section=word-list,target-printed-page=30
240 Vocabulary Words Kids Need to Know, Grade 4	scholastic-240-vocabulary-grade-4	funny bone	funny bone			Lesson 19 | printed page 60	79	registry:scholastic-240-vocabulary-grade-4		Candidate-only explicit source target; spelling, sense, proper-name and IELTS relevance review required before promotion.	lexical_candidate	candidate_only	pdf	pdf:page=79,section=word-list,target-printed-page=60
240 Vocabulary Words Kids Need to Know, Grade 4	scholastic-240-vocabulary-grade-4	royalty	royalty			Lesson 24 | printed page 75	79	registry:scholastic-240-vocabulary-grade-4		Candidate-only explicit source target; spelling, sense, proper-name and IELTS relevance review required before promotion.	lexical_candidate	candidate_only	pdf	pdf:page=79,section=word-list,target-printed-page=75
240 Vocabulary Words Kids Need to Know, Grade 4	scholastic-240-vocabulary-grade-4	vandalism	vandalism			Lesson 19 | printed page 60	79	registry:scholastic-240-vocabulary-grade-4		Candidate-only explicit source target; spelling, sense, proper-name and IELTS relevance review required before promotion.	lexical_candidate	candidate_only	pdf	pdf:page=79,section=word-list,target-printed-page=60
240 Vocabulary Words Kids Need to Know, Grade 4	scholastic-240-vocabulary-grade-4	calm	calm			Lesson 03 | printed page 12	79	registry:scholastic-240-vocabulary-grade-4		Candidate-only explicit source target; spelling, sense, proper-name and IELTS relevance review required before promotion.	lexical_candidate	candidate_only	pdf	pdf:page=79,section=word-list,target-printed-page=12
240 Vocabulary Words Kids Need to Know, Grade 4	scholastic-240-vocabulary-grade-4	futon	futon			Lesson 10 | printed page 33	79	registry:scholastic-240-vocabulary-grade-4		Candidate-only explicit source target; spelling, sense, proper-name and IELTS relevance review required before promotion.	lexical_candidate	candidate_only	pdf	pdf:page=79,section=word-list,target-printed-page=33
240 Vocabulary Words Kids Need to Know, Grade 4	scholastic-240-vocabulary-grade-4	mustang	mustang			Lesson 09 | printed page 30	79	registry:scholastic-240-vocabulary-grade-4		Candidate-only explicit source target; spelling, sense, proper-name and IELTS relevance review required before promotion.	lexical_candidate	candidate_only	pdf	pdf:page=79,section=word-list,target-printed-page=30
240 Vocabulary Words Kids Need to Know, Grade 4	scholastic-240-vocabulary-grade-4	vanish	vanish			Lesson 03 | printed page 12	79	registry:scholastic-240-vocabulary-grade-4		Candidate-only explicit source target; spelling, sense, proper-name and IELTS relevance review required before promotion.	lexical_candidate	candidate_only	pdf	pdf:page=79,section=word-list,target-printed-page=12
240 Vocabulary Words Kids Need to Know, Grade 4	scholastic-240-vocabulary-grade-4	sandwich	sandwich			Lesson 08 | printed page 27	79	registry:scholastic-240-vocabulary-grade-4		Candidate-only explicit source target; spelling, sense, proper-name and IELTS relevance review required before promotion.	lexical_candidate	candidate_only	pdf	pdf:page=79,section=word-list,target-printed-page=27
240 Vocabulary Words Kids Need to Know, Grade 4	scholastic-240-vocabulary-grade-4	cardboard	cardboard			Lesson 05 | printed page 18	79	registry:scholastic-240-vocabulary-grade-4		Candidate-only explicit source target; spelling, sense, proper-name and IELTS relevance review required before promotion.	lexical_candidate	candidate_only	pdf	pdf:page=79,section=word-list,target-printed-page=18
240 Vocabulary Words Kids Need to Know, Grade 4	scholastic-240-vocabulary-grade-4	gargantuan	gargantuan			Lesson 19 | printed page 60	79	registry:scholastic-240-vocabulary-grade-4		Candidate-only explicit source target; spelling, sense, proper-name and IELTS relevance review required before promotion.	lexical_candidate	candidate_only	pdf	pdf:page=79,section=word-list,target-printed-page=60
240 Vocabulary Words Kids Need to Know, Grade 4	scholastic-240-vocabulary-grade-4	nanny	nanny			Lesson 14 | printed page 45	79	registry:scholastic-240-vocabulary-grade-4		Candidate-only explicit source target; spelling, sense, proper-name and IELTS relevance review required before promotion.	lexical_candidate	candidate_only	pdf	pdf:page=79,section=word-list,target-printed-page=45
240 Vocabulary Words Kids Need to Know, Grade 4	scholastic-240-vocabulary-grade-4	saxophone	saxophone			Lesson 08 | printed page 27	79	registry:scholastic-240-vocabulary-grade-4		Candidate-only explicit source target; spelling, sense, proper-name and IELTS relevance review required before promotion.	lexical_candidate	candidate_only	pdf	pdf:page=79,section=word-list,target-printed-page=27
240 Vocabulary Words Kids Need to Know, Grade 4	scholastic-240-vocabulary-grade-4	vast	vast			Lesson 02 | printed page 9	79	registry:scholastic-240-vocabulary-grade-4		Candidate-only explicit source target; spelling, sense, proper-name and IELTS relevance review required before promotion.	lexical_candidate	candidate_only	pdf	pdf:page=79,section=word-list,target-printed-page=9
240 Vocabulary Words Kids Need to Know, Grade 4	scholastic-240-vocabulary-grade-4	cheeseburger	cheeseburger			Lesson 12 | printed page 39	79	registry:scholastic-240-vocabulary-grade-4		Candidate-only explicit source target; spelling, sense, proper-name and IELTS relevance review required before promotion.	lexical_candidate	candidate_only	pdf	pdf:page=79,section=word-list,target-printed-page=39
240 Vocabulary Words Kids Need to Know, Grade 4	scholastic-240-vocabulary-grade-4	garment	garment			Lesson 02 | printed page 9	79	registry:scholastic-240-vocabulary-grade-4		Candidate-only explicit source target; spelling, sense, proper-name and IELTS relevance review required before promotion.	lexical_candidate	candidate_only	pdf	pdf:page=79,section=word-list,target-printed-page=9
240 Vocabulary Words Kids Need to Know, Grade 4	scholastic-240-vocabulary-grade-4	native	native			Lesson 03 | printed page 12	79	registry:scholastic-240-vocabulary-grade-4		Candidate-only explicit source target; spelling, sense, proper-name and IELTS relevance review required before promotion.	lexical_candidate	candidate_only	pdf	pdf:page=79,section=word-list,target-printed-page=12
240 Vocabulary Words Kids Need to Know, Grade 4	scholastic-240-vocabulary-grade-4	scalawag	scalawag			Lesson 21 | printed page 66	79	registry:scholastic-240-vocabulary-grade-4		Candidate-only explicit source target; spelling, sense, proper-name and IELTS relevance review required before promotion.	lexical_candidate	candidate_only	pdf	pdf:page=79,section=word-list,target-printed-page=66
240 Vocabulary Words Kids Need to Know, Grade 4	scholastic-240-vocabulary-grade-4	vein	vein			Lesson 06 | printed page 21	79	registry:scholastic-240-vocabulary-grade-4		Candidate-only explicit source target; spelling, sense, proper-name and IELTS relevance review required before promotion.	lexical_candidate	candidate_only	pdf	pdf:page=79,section=word-list,target-printed-page=21
240 Vocabulary Words Kids Need to Know, Grade 4	scholastic-240-vocabulary-grade-4	chide	chide			Lesson 02 | printed page 9	79	registry:scholastic-240-vocabulary-grade-4		Candidate-only explicit source target; spelling, sense, proper-name and IELTS relevance review required before promotion.	lexical_candidate	candidate_only	pdf	pdf:page=79,section=word-list,target-printed-page=9
240 Vocabulary Words Kids Need to Know, Grade 4	scholastic-240-vocabulary-grade-4	gas	gas			Lesson 11 | printed page 36	79	registry:scholastic-240-vocabulary-grade-4		Candidate-only explicit source target; spelling, sense, proper-name and IELTS relevance review required before promotion.	lexical_candidate	candidate_only	pdf	pdf:page=79,section=word-list,target-printed-page=36
240 Vocabulary Words Kids Need to Know, Grade 4	scholastic-240-vocabulary-grade-4	scoop	scoop			Lesson 20 | printed page 63	79	registry:scholastic-240-vocabulary-grade-4		Candidate-only explicit source target; spelling, sense, proper-name and IELTS relevance review required before promotion.	lexical_candidate	candidate_only	pdf	pdf:page=79,section=word-list,target-printed-page=63
240 Vocabulary Words Kids Need to Know, Grade 4	scholastic-240-vocabulary-grade-4	vessel	vessel			Lesson 01 | printed page 6	79	registry:scholastic-240-vocabulary-grade-4		Candidate-only explicit source target; spelling, sense, proper-name and IELTS relevance review required before promotion.	lexical_candidate	candidate_only	pdf	pdf:page=79,section=word-list,target-printed-page=6
240 Vocabulary Words Kids Need to Know, Grade 4	scholastic-240-vocabulary-grade-4	china	china			Lesson 19 | printed page 60	79	registry:scholastic-240-vocabulary-grade-4		Candidate-only explicit source target; spelling, sense, proper-name and IELTS relevance review required before promotion.	lexical_candidate	candidate_only	pdf	pdf:page=79,section=word-list,target-printed-page=60
240 Vocabulary Words Kids Need to Know, Grade 4	scholastic-240-vocabulary-grade-4	geography	geography			Lesson 17 | printed page 54	79	registry:scholastic-240-vocabulary-grade-4		Candidate-only explicit source target; spelling, sense, proper-name and IELTS relevance review required before promotion.	lexical_candidate	candidate_only	pdf	pdf:page=79,section=word-list,target-printed-page=54
240 Vocabulary Words Kids Need to Know, Grade 4	scholastic-240-vocabulary-grade-4	semicircle	semicircle			Lesson 22 | printed page 69	79	registry:scholastic-240-vocabulary-grade-4		Candidate-only explicit source target; spelling, sense, proper-name and IELTS relevance review required before promotion.	lexical_candidate	candidate_only	pdf	pdf:page=79,section=word-list,target-printed-page=69
240 Vocabulary Words Kids Need to Know, Grade 4	scholastic-240-vocabulary-grade-4	vet	vet			Lesson 11 | printed page 36	79	registry:scholastic-240-vocabulary-grade-4		Candidate-only explicit source target; spelling, sense, proper-name and IELTS relevance review required before promotion.	lexical_candidate	candidate_only	pdf	pdf:page=79,section=word-list,target-printed-page=36
240 Vocabulary Words Kids Need to Know, Grade 4	scholastic-240-vocabulary-grade-4	chortle	chortle			Lesson 12 | printed page 39	79	registry:scholastic-240-vocabulary-grade-4		Candidate-only explicit source target; spelling, sense, proper-name and IELTS relevance review required before promotion.	lexical_candidate	candidate_only	pdf	pdf:page=79,section=word-list,target-printed-page=39
240 Vocabulary Words Kids Need to Know, Grade 4	scholastic-240-vocabulary-grade-4	geology	geology			Lesson 17 | printed page 54	79	registry:scholastic-240-vocabulary-grade-4		Candidate-only explicit source target; spelling, sense, proper-name and IELTS relevance review required before promotion.	lexical_candidate	candidate_only	pdf	pdf:page=79,section=word-list,target-printed-page=54
240 Vocabulary Words Kids Need to Know, Grade 4	scholastic-240-vocabulary-grade-4	nimble	nimble			Lesson 02 | printed page 9	79	registry:scholastic-240-vocabulary-grade-4		Candidate-only explicit source target; spelling, sense, proper-name and IELTS relevance review required before promotion.	lexical_candidate	candidate_only	pdf	pdf:page=79,section=word-list,target-printed-page=9
240 Vocabulary Words Kids Need to Know, Grade 4	scholastic-240-vocabulary-grade-4	semiprecious	semiprecious			Lesson 22 | printed page 69	79	registry:scholastic-240-vocabulary-grade-4		Candidate-only explicit source target; spelling, sense, proper-name and IELTS relevance review required before promotion.	lexical_candidate	candidate_only	pdf	pdf:page=79,section=word-list,target-printed-page=69
240 Vocabulary Words Kids Need to Know, Grade 4	scholastic-240-vocabulary-grade-4	cob	cob			Lesson 14 | printed page 45	79	registry:scholastic-240-vocabulary-grade-4		Candidate-only explicit source target; spelling, sense, proper-name and IELTS relevance review required before promotion.	lexical_candidate	candidate_only	pdf	pdf:page=79,section=word-list,target-printed-page=45
240 Vocabulary Words Kids Need to Know, Grade 4	scholastic-240-vocabulary-grade-4	waffle	waffle			Lesson 09 | printed page 30	79	registry:scholastic-240-vocabulary-grade-4		Candidate-only explicit source target; spelling, sense, proper-name and IELTS relevance review required before promotion.	lexical_candidate	candidate_only	pdf	pdf:page=79,section=word-list,target-printed-page=30
240 Vocabulary Words Kids Need to Know, Grade 4	scholastic-240-vocabulary-grade-4	geometry	geometry			Lesson 17 | printed page 54	79	registry:scholastic-240-vocabulary-grade-4		Candidate-only explicit source target; spelling, sense, proper-name and IELTS relevance review required before promotion.	lexical_candidate	candidate_only	pdf	pdf:page=79,section=word-list,target-printed-page=54
240 Vocabulary Words Kids Need to Know, Grade 4	scholastic-240-vocabulary-grade-4	nonfiction	nonfiction			Lesson 23 | printed page 72	79	registry:scholastic-240-vocabulary-grade-4		Candidate-only explicit source target; spelling, sense, proper-name and IELTS relevance review required before promotion.	lexical_candidate	candidate_only	pdf	pdf:page=79,section=word-list,target-printed-page=72
240 Vocabulary Words Kids Need to Know, Grade 4	scholastic-240-vocabulary-grade-4	sewer	sewer			Lesson 07 | printed page 24	79	registry:scholastic-240-vocabulary-grade-4		Candidate-only explicit source target; spelling, sense, proper-name and IELTS relevance review required before promotion.	lexical_candidate	candidate_only	pdf	pdf:page=79,section=word-list,target-printed-page=24
240 Vocabulary Words Kids Need to Know, Grade 4	scholastic-240-vocabulary-grade-4	collect	collect			Lesson 04 | printed page 15	79	registry:scholastic-240-vocabulary-grade-4		Candidate-only explicit source target; spelling, sense, proper-name and IELTS relevance review required before promotion.	lexical_candidate	candidate_only	pdf	pdf:page=79,section=word-list,target-printed-page=15
240 Vocabulary Words Kids Need to Know, Grade 4	scholastic-240-vocabulary-grade-4	waterfront	waterfront			Lesson 05 | printed page 18	79	registry:scholastic-240-vocabulary-grade-4		Candidate-only explicit source target; spelling, sense, proper-name and IELTS relevance review required before promotion.	lexical_candidate	candidate_only	pdf	pdf:page=79,section=word-list,target-printed-page=18
240 Vocabulary Words Kids Need to Know, Grade 4	scholastic-240-vocabulary-grade-4	gingerbread	gingerbread			Lesson 05 | printed page 18	79	registry:scholastic-240-vocabulary-grade-4		Candidate-only explicit source target; spelling, sense, proper-name and IELTS relevance review required before promotion.	lexical_candidate	candidate_only	pdf	pdf:page=79,section=word-list,target-printed-page=18
240 Vocabulary Words Kids Need to Know, Grade 4	scholastic-240-vocabulary-grade-4	nonstop	nonstop			Lesson 23 | printed page 72	79	registry:scholastic-240-vocabulary-grade-4		Candidate-only explicit source target; spelling, sense, proper-name and IELTS relevance review required before promotion.	lexical_candidate	candidate_only	pdf	pdf:page=79,section=word-list,target-printed-page=72
240 Vocabulary Words Kids Need to Know, Grade 4	scholastic-240-vocabulary-grade-4	sewer	sewer			Lesson 07 | printed page 24	79	registry:scholastic-240-vocabulary-grade-4		Candidate-only explicit source target; spelling, sense, proper-name and IELTS relevance review required before promotion.	lexical_candidate	candidate_only	pdf	pdf:page=79,section=word-list,target-printed-page=24
240 Vocabulary Words Kids Need to Know, Grade 4	scholastic-240-vocabulary-grade-4	comport	comport			Lesson 16 | printed page 51	79	registry:scholastic-240-vocabulary-grade-4		Candidate-only explicit source target; spelling, sense, proper-name and IELTS relevance review required before promotion.	lexical_candidate	candidate_only	pdf	pdf:page=79,section=word-list,target-printed-page=51
240 Vocabulary Words Kids Need to Know, Grade 4	scholastic-240-vocabulary-grade-4	widow	widow			Lesson 20 | printed page 63	79	registry:scholastic-240-vocabulary-grade-4		Candidate-only explicit source target; spelling, sense, proper-name and IELTS relevance review required before promotion.	lexical_candidate	candidate_only	pdf	pdf:page=79,section=word-list,target-printed-page=63
240 Vocabulary Words Kids Need to Know, Grade 4	scholastic-240-vocabulary-grade-4	glee	glee			Lesson 01 | printed page 6	79	registry:scholastic-240-vocabulary-grade-4		Candidate-only explicit source target; spelling, sense, proper-name and IELTS relevance review required before promotion.	lexical_candidate	candidate_only	pdf	pdf:page=79,section=word-list,target-printed-page=6
240 Vocabulary Words Kids Need to Know, Grade 4	scholastic-240-vocabulary-grade-4	nylon	nylon			Lesson 18 | printed page 57	79	registry:scholastic-240-vocabulary-grade-4		Candidate-only explicit source target; spelling, sense, proper-name and IELTS relevance review required before promotion.	lexical_candidate	candidate_only	pdf	pdf:page=79,section=word-list,target-printed-page=57
240 Vocabulary Words Kids Need to Know, Grade 4	scholastic-240-vocabulary-grade-4	ski	ski			Lesson 09 | printed page 30	79	registry:scholastic-240-vocabulary-grade-4		Candidate-only explicit source target; spelling, sense, proper-name and IELTS relevance review required before promotion.	lexical_candidate	candidate_only	pdf	pdf:page=79,section=word-list,target-printed-page=30
240 Vocabulary Words Kids Need to Know, Grade 4	scholastic-240-vocabulary-grade-4	condo	condo			Lesson 11 | printed page 36	79	registry:scholastic-240-vocabulary-grade-4		Candidate-only explicit source target; spelling, sense, proper-name and IELTS relevance review required before promotion.	lexical_candidate	candidate_only	pdf	pdf:page=79,section=word-list,target-printed-page=36
240 Vocabulary Words Kids Need to Know, Grade 4	scholastic-240-vocabulary-grade-4	skull	skull			Lesson 09 | printed page 30	79	registry:scholastic-240-vocabulary-grade-4		Candidate-only explicit source target; spelling, sense, proper-name and IELTS relevance review required before promotion.	lexical_candidate	candidate_only	pdf	pdf:page=79,section=word-list,target-printed-page=30
240 Vocabulary Words Kids Need to Know, Grade 4	scholastic-240-vocabulary-grade-4	congruent	congruent			Lesson 13 | printed page 42	79	registry:scholastic-240-vocabulary-grade-4		Candidate-only explicit source target; spelling, sense, proper-name and IELTS relevance review required before promotion.	lexical_candidate	candidate_only	pdf	pdf:page=79,section=word-list,target-printed-page=42
240 Vocabulary Words Kids Need to Know, Grade 4	scholastic-240-vocabulary-grade-4	yacht	yacht			Lesson 09 | printed page 30	79	registry:scholastic-240-vocabulary-grade-4		Candidate-only explicit source target; spelling, sense, proper-name and IELTS relevance review required before promotion.	lexical_candidate	candidate_only	pdf	pdf:page=79,section=word-list,target-printed-page=30
240 Vocabulary Words Kids Need to Know, Grade 4	scholastic-240-vocabulary-grade-4	octagon	octagon			Lesson 13 | printed page 42	79	registry:scholastic-240-vocabulary-grade-4		Candidate-only explicit source target; spelling, sense, proper-name and IELTS relevance review required before promotion.	lexical_candidate	candidate_only	pdf	pdf:page=79,section=word-list,target-printed-page=42
240 Vocabulary Words Kids Need to Know, Grade 4	scholastic-240-vocabulary-grade-4	skyscraper	skyscraper			Lesson 18 | printed page 57	79	registry:scholastic-240-vocabulary-grade-4		Candidate-only explicit source target; spelling, sense, proper-name and IELTS relevance review required before promotion.	lexical_candidate	candidate_only	pdf	pdf:page=79,section=word-list,target-printed-page=57
240 Vocabulary Words Kids Need to Know, Grade 4	scholastic-240-vocabulary-grade-4	corduroy	corduroy			Lesson 10 | printed page 33	79	registry:scholastic-240-vocabulary-grade-4		Candidate-only explicit source target; spelling, sense, proper-name and IELTS relevance review required before promotion.	lexical_candidate	candidate_only	pdf	pdf:page=79,section=word-list,target-printed-page=33
240 Vocabulary Words Kids Need to Know, Grade 4	scholastic-240-vocabulary-grade-4	corporal	corporal			Lesson 15 | printed page 48	79	registry:scholastic-240-vocabulary-grade-4		Candidate-only explicit source target; spelling, sense, proper-name and IELTS relevance review required before promotion.	lexical_candidate	candidate_only	pdf	pdf:page=79,section=word-list,target-printed-page=48
240 Vocabulary Words Kids Need to Know, Grade 4	scholastic-240-vocabulary-grade-4	gong	gong			Lesson 10 | printed page 33	79	registry:scholastic-240-vocabulary-grade-4		Candidate-only explicit source target; spelling, sense, proper-name and IELTS relevance review required before promotion.	lexical_candidate	candidate_only	pdf	pdf:page=79,section=word-list,target-printed-page=33
240 Vocabulary Words Kids Need to Know, Grade 4	scholastic-240-vocabulary-grade-4	opera	opera			Lesson 10 | printed page 33	79	registry:scholastic-240-vocabulary-grade-4		Candidate-only explicit source target; spelling, sense, proper-name and IELTS relevance review required before promotion.	lexical_candidate	candidate_only	pdf	pdf:page=79,section=word-list,target-printed-page=33
240 Vocabulary Words Kids Need to Know, Grade 4	scholastic-240-vocabulary-grade-4	sleigh	sleigh			Lesson 09 | printed page 30	79	registry:scholastic-240-vocabulary-grade-4		Candidate-only explicit source target; spelling, sense, proper-name and IELTS relevance review required before promotion.	lexical_candidate	candidate_only	pdf	pdf:page=79,section=word-list,target-printed-page=30
240 Vocabulary Words Kids Need to Know, Grade 4	scholastic-240-vocabulary-grade-4	grief	grief			Lesson 01 | printed page 6	79	registry:scholastic-240-vocabulary-grade-4		Candidate-only explicit source target; spelling, sense, proper-name and IELTS relevance review required before promotion.	lexical_candidate	candidate_only	pdf	pdf:page=79,section=word-list,target-printed-page=6
240 Vocabulary Words Kids Need to Know, Grade 4	scholastic-240-vocabulary-grade-4	slugabed	slugabed			Lesson 21 | printed page 66	79	registry:scholastic-240-vocabulary-grade-4		Candidate-only explicit source target; spelling, sense, proper-name and IELTS relevance review required before promotion.	lexical_candidate	candidate_only	pdf	pdf:page=79,section=word-list,target-printed-page=66
240 Vocabulary Words Kids Need to Know, Grade 4	scholastic-240-vocabulary-grade-4	corporation	corporation			Lesson 15 | printed page 48	79	registry:scholastic-240-vocabulary-grade-4		Candidate-only explicit source target; spelling, sense, proper-name and IELTS relevance review required before promotion.	lexical_candidate	candidate_only	pdf	pdf:page=79,section=word-list,target-printed-page=48
240 Vocabulary Words Kids Need to Know, Grade 4	scholastic-240-vocabulary-grade-4	grouse	grouse			Lesson 07 | printed page 24	79	registry:scholastic-240-vocabulary-grade-4		Candidate-only explicit source target; spelling, sense, proper-name and IELTS relevance review required before promotion.	lexical_candidate	candidate_only	pdf	pdf:page=79,section=word-list,target-printed-page=24
240 Vocabulary Words Kids Need to Know, Grade 4	scholastic-240-vocabulary-grade-4	smash	smash			Lesson 12 | printed page 39	79	registry:scholastic-240-vocabulary-grade-4		Candidate-only explicit source target; spelling, sense, proper-name and IELTS relevance review required before promotion.	lexical_candidate	candidate_only	pdf	pdf:page=79,section=word-list,target-printed-page=39
240 Vocabulary Words Kids Need to Know, Grade 4	scholastic-240-vocabulary-grade-4	autobiography	autobiography			Lesson 17 | printed page 54	79	registry:scholastic-240-vocabulary-grade-4		Candidate-only explicit source target; spelling, sense, proper-name and IELTS relevance review required before promotion.	lexical_candidate	candidate_only	pdf	pdf:page=79,section=word-list,target-printed-page=54
240 Vocabulary Words Kids Need to Know, Grade 4	scholastic-240-vocabulary-grade-4	automatic	automatic			Lesson 17 | printed page 54	79	registry:scholastic-240-vocabulary-grade-4		Candidate-only explicit source target; spelling, sense, proper-name and IELTS relevance review required before promotion.	lexical_candidate	candidate_only	pdf	pdf:page=79,section=word-list,target-printed-page=54
240 Vocabulary Words Kids Need to Know, Grade 4	scholastic-240-vocabulary-grade-4	gobbledygook	gobbledygook			Lesson 21 | printed page 66	79	registry:scholastic-240-vocabulary-grade-4		Candidate-only explicit source target; spelling, sense, proper-name and IELTS relevance review required before promotion.	lexical_candidate	candidate_only	pdf	pdf:page=79,section=word-list,target-printed-page=66
240 Vocabulary Words Kids Need to Know, Grade 4	scholastic-240-vocabulary-grade-4	multipurpose	multipurpose			Lesson 23 | printed page 72	79	registry:scholastic-240-vocabulary-grade-4		Candidate-only explicit source target; spelling, sense, proper-name and IELTS relevance review required before promotion.	lexical_candidate	candidate_only	pdf	pdf:page=79,section=word-list,target-printed-page=72
240 Vocabulary Words Kids Need to Know, Grade 4	scholastic-240-vocabulary-grade-4	transcontinental	transcontinental			Lesson 23 | printed page 72	79	registry:scholastic-240-vocabulary-grade-4		Candidate-only explicit source target; spelling, sense, proper-name and IELTS relevance review required before promotion.	lexical_candidate	candidate_only	pdf	pdf:page=79,section=word-list,target-printed-page=72
240 Vocabulary Words Kids Need to Know, Grade 4	scholastic-240-vocabulary-grade-4	neighborhood	neighborhood			Lesson 24 | printed page 75	79	registry:scholastic-240-vocabulary-grade-4		Candidate-only explicit source target; spelling, sense, proper-name and IELTS relevance review required before promotion.	lexical_candidate	candidate_only	pdf	pdf:page=79,section=word-list,target-printed-page=75
240 Vocabulary Words Kids Need to Know, Grade 4	scholastic-240-vocabulary-grade-4	remarkable	remarkable			Lesson 24 | printed page 75	79	registry:scholastic-240-vocabulary-grade-4		Candidate-only explicit source target; spelling, sense, proper-name and IELTS relevance review required before promotion.	lexical_candidate	candidate_only	pdf	pdf:page=79,section=word-list,target-printed-page=75
