source	registry_source_id	raw_term	headword	pos	cefr	topic_or_section	pdf_page	source_ref	definition	notes	source_role	corpus_policy	source_format	locator
Scholastic Success with Vocabulary, Grade 1	scholastic-success-vocabulary-grade-1	Monday	Monday			Days of the week | explicit lexical targets	2	registry:scholastic-success-vocabulary-grade-1		Explicit printed word-bank, list, chart or label form only; lemma, sense and IELTS relevance require editorial review.	lexical_candidate	candidate_only	pdf	pdf:explicit-lexical-targets;pdf_page=2;section=explicit_color_key
Scholastic Success with Vocabulary, Grade 1	scholastic-success-vocabulary-grade-1	Tuesday	Tuesday			Days of the week | explicit lexical targets	2	registry:scholastic-success-vocabulary-grade-1		Explicit printed word-bank, list, chart or label form only; lemma, sense and IELTS relevance require editorial review.	lexical_candidate	candidate_only	pdf	pdf:explicit-lexical-targets;pdf_page=2;section=explicit_color_key
Scholastic Success with Vocabulary, Grade 1	scholastic-success-vocabulary-grade-1	Wednesday	Wednesday			Days of the week | explicit lexical targets	2	registry:scholastic-success-vocabulary-grade-1		Explicit printed word-bank, list, chart or label form only; lemma, sense and IELTS relevance require editorial review.	lexical_candidate	candidate_only	pdf	pdf:explicit-lexical-targets;pdf_page=2;section=explicit_color_key
Scholastic Success with Vocabulary, Grade 1	scholastic-success-vocabulary-grade-1	Thursday	Thursday			Days of the week | explicit lexical targets	2	registry:scholastic-success-vocabulary-grade-1		Explicit printed word-bank, list, chart or label form only; lemma, sense and IELTS relevance require editorial review.	lexical_candidate	candidate_only	pdf	pdf:explicit-lexical-targets;pdf_page=2;section=explicit_color_key
Scholastic Success with Vocabulary, Grade 1	scholastic-success-vocabulary-grade-1	Friday	Friday			Days of the week | explicit lexical targets	2	registry:scholastic-success-vocabulary-grade-1		Explicit printed word-bank, list, chart or label form only; lemma, sense and IELTS relevance require editorial review.	lexical_candidate	candidate_only	pdf	pdf:explicit-lexical-targets;pdf_page=2;section=explicit_color_key
Scholastic Success with Vocabulary, Grade 1	scholastic-success-vocabulary-grade-1	Saturday	Saturday			Days of the week | explicit lexical targets	2	registry:scholastic-success-vocabulary-grade-1		Explicit printed word-bank, list, chart or label form only; lemma, sense and IELTS relevance require editorial review.	lexical_candidate	candidate_only	pdf	pdf:explicit-lexical-targets;pdf_page=2;section=explicit_color_key
Scholastic Success with Vocabulary, Grade 1	scholastic-success-vocabulary-grade-1	Sunday	Sunday			Days of the week | explicit lexical targets	2	registry:scholastic-success-vocabulary-grade-1		Explicit printed word-bank, list, chart or label form only; lemma, sense and IELTS relevance require editorial review.	lexical_candidate	candidate_only	pdf	pdf:explicit-lexical-targets;pdf_page=2;section=explicit_color_key
Scholastic Success with Vocabulary, Grade 1	scholastic-success-vocabulary-grade-1	January	January			Months of the year | explicit lexical targets	4	registry:scholastic-success-vocabulary-grade-1		Explicit printed word-bank, list, chart or label form only; lemma, sense and IELTS relevance require editorial review.	lexical_candidate	candidate_only	pdf	pdf:explicit-lexical-targets;pdf_page=4;section=explicit_month_chart
Scholastic Success with Vocabulary, Grade 1	scholastic-success-vocabulary-grade-1	February	February			Months of the year | explicit lexical targets	4	registry:scholastic-success-vocabulary-grade-1		Explicit printed word-bank, list, chart or label form only; lemma, sense and IELTS relevance require editorial review.	lexical_candidate	candidate_only	pdf	pdf:explicit-lexical-targets;pdf_page=4;section=explicit_month_chart
Scholastic Success with Vocabulary, Grade 1	scholastic-success-vocabulary-grade-1	March	March			Months of the year | explicit lexical targets	4	registry:scholastic-success-vocabulary-grade-1		Explicit printed word-bank, list, chart or label form only; lemma, sense and IELTS relevance require editorial review.	lexical_candidate	candidate_only	pdf	pdf:explicit-lexical-targets;pdf_page=4;section=explicit_month_chart
Scholastic Success with Vocabulary, Grade 1	scholastic-success-vocabulary-grade-1	April	April			Months of the year | explicit lexical targets	4	registry:scholastic-success-vocabulary-grade-1		Explicit printed word-bank, list, chart or label form only; lemma, sense and IELTS relevance require editorial review.	lexical_candidate	candidate_only	pdf	pdf:explicit-lexical-targets;pdf_page=4;section=explicit_month_chart
Scholastic Success with Vocabulary, Grade 1	scholastic-success-vocabulary-grade-1	May	May			Months of the year | explicit lexical targets	4	registry:scholastic-success-vocabulary-grade-1		Explicit printed word-bank, list, chart or label form only; lemma, sense and IELTS relevance require editorial review.	lexical_candidate	candidate_only	pdf	pdf:explicit-lexical-targets;pdf_page=4;section=explicit_month_chart
Scholastic Success with Vocabulary, Grade 1	scholastic-success-vocabulary-grade-1	June	June			Months of the year | explicit lexical targets	4	registry:scholastic-success-vocabulary-grade-1		Explicit printed word-bank, list, chart or label form only; lemma, sense and IELTS relevance require editorial review.	lexical_candidate	candidate_only	pdf	pdf:explicit-lexical-targets;pdf_page=4;section=explicit_month_chart
Scholastic Success with Vocabulary, Grade 1	scholastic-success-vocabulary-grade-1	July	July			Months of the year | explicit lexical targets	4	registry:scholastic-success-vocabulary-grade-1		Explicit printed word-bank, list, chart or label form only; lemma, sense and IELTS relevance require editorial review.	lexical_candidate	candidate_only	pdf	pdf:explicit-lexical-targets;pdf_page=4;section=explicit_month_chart
Scholastic Success with Vocabulary, Grade 1	scholastic-success-vocabulary-grade-1	August	August			Months of the year | explicit lexical targets	4	registry:scholastic-success-vocabulary-grade-1		Explicit printed word-bank, list, chart or label form only; lemma, sense and IELTS relevance require editorial review.	lexical_candidate	candidate_only	pdf	pdf:explicit-lexical-targets;pdf_page=4;section=explicit_month_chart
Scholastic Success with Vocabulary, Grade 1	scholastic-success-vocabulary-grade-1	September	September			Months of the year | explicit lexical targets	4	registry:scholastic-success-vocabulary-grade-1		Explicit printed word-bank, list, chart or label form only; lemma, sense and IELTS relevance require editorial review.	lexical_candidate	candidate_only	pdf	pdf:explicit-lexical-targets;pdf_page=4;section=explicit_month_chart
Scholastic Success with Vocabulary, Grade 1	scholastic-success-vocabulary-grade-1	October	October			Months of the year | explicit lexical targets	4	registry:scholastic-success-vocabulary-grade-1		Explicit printed word-bank, list, chart or label form only; lemma, sense and IELTS relevance require editorial review.	lexical_candidate	candidate_only	pdf	pdf:explicit-lexical-targets;pdf_page=4;section=explicit_month_chart
Scholastic Success with Vocabulary, Grade 1	scholastic-success-vocabulary-grade-1	November	November			Months of the year | explicit lexical targets	4	registry:scholastic-success-vocabulary-grade-1		Explicit printed word-bank, list, chart or label form only; lemma, sense and IELTS relevance require editorial review.	lexical_candidate	candidate_only	pdf	pdf:explicit-lexical-targets;pdf_page=4;section=explicit_month_chart
Scholastic Success with Vocabulary, Grade 1	scholastic-success-vocabulary-grade-1	December	December			Months of the year | explicit lexical targets	4	registry:scholastic-success-vocabulary-grade-1		Explicit printed word-bank, list, chart or label form only; lemma, sense and IELTS relevance require editorial review.	lexical_candidate	candidate_only	pdf	pdf:explicit-lexical-targets;pdf_page=4;section=explicit_month_chart
Scholastic Success with Vocabulary, Grade 1	scholastic-success-vocabulary-grade-1	diamond	diamond	noun		Geometric shapes | explicit lexical targets	16	registry:scholastic-success-vocabulary-grade-1		Explicit printed word-bank, list, chart or label form only; lemma, sense and IELTS relevance require editorial review.	lexical_candidate	candidate_only	pdf	pdf:explicit-lexical-targets;pdf_page=16;section=explicit_shape_list
Scholastic Success with Vocabulary, Grade 1	scholastic-success-vocabulary-grade-1	square	square	noun		Geometric shapes | explicit lexical targets	16	registry:scholastic-success-vocabulary-grade-1		Explicit printed word-bank, list, chart or label form only; lemma, sense and IELTS relevance require editorial review.	lexical_candidate	candidate_only	pdf	pdf:explicit-lexical-targets;pdf_page=16;section=explicit_shape_list
Scholastic Success with Vocabulary, Grade 1	scholastic-success-vocabulary-grade-1	octagon	octagon	noun		Geometric shapes | explicit lexical targets	16	registry:scholastic-success-vocabulary-grade-1		Explicit printed word-bank, list, chart or label form only; lemma, sense and IELTS relevance require editorial review.	lexical_candidate	candidate_only	pdf	pdf:explicit-lexical-targets;pdf_page=16;section=explicit_shape_list
Scholastic Success with Vocabulary, Grade 1	scholastic-success-vocabulary-grade-1	triangle	triangle	noun		Geometric shapes | explicit lexical targets	16	registry:scholastic-success-vocabulary-grade-1		Explicit printed word-bank, list, chart or label form only; lemma, sense and IELTS relevance require editorial review.	lexical_candidate	candidate_only	pdf	pdf:explicit-lexical-targets;pdf_page=16;section=explicit_shape_list
Scholastic Success with Vocabulary, Grade 1	scholastic-success-vocabulary-grade-1	rectangle	rectangle	noun		Geometric shapes | explicit lexical targets	16	registry:scholastic-success-vocabulary-grade-1		Explicit printed word-bank, list, chart or label form only; lemma, sense and IELTS relevance require editorial review.	lexical_candidate	candidate_only	pdf	pdf:explicit-lexical-targets;pdf_page=16;section=explicit_shape_list
Scholastic Success with Vocabulary, Grade 1	scholastic-success-vocabulary-grade-1	circle	circle	noun		Geometric shapes | explicit lexical targets	16	registry:scholastic-success-vocabulary-grade-1		Explicit printed word-bank, list, chart or label form only; lemma, sense and IELTS relevance require editorial review.	lexical_candidate	candidate_only	pdf	pdf:explicit-lexical-targets;pdf_page=16;section=explicit_shape_list
Scholastic Success with Vocabulary, Grade 1	scholastic-success-vocabulary-grade-1	meter	meter	noun		Metric measurement | explicit lexical targets	22	registry:scholastic-success-vocabulary-grade-1		Explicit printed word-bank, list, chart or label form only; lemma, sense and IELTS relevance require editorial review.	lexical_candidate	candidate_only	pdf	pdf:explicit-lexical-targets;pdf_page=22;section=explicit_unit_list
Scholastic Success with Vocabulary, Grade 1	scholastic-success-vocabulary-grade-1	centimeter	centimeter	noun		Metric measurement | explicit lexical targets	22	registry:scholastic-success-vocabulary-grade-1		Explicit printed word-bank, list, chart or label form only; lemma, sense and IELTS relevance require editorial review.	lexical_candidate	candidate_only	pdf	pdf:explicit-lexical-targets;pdf_page=22;section=explicit_unit_list
Scholastic Success with Vocabulary, Grade 1	scholastic-success-vocabulary-grade-1	kilometer	kilometer	noun		Metric measurement | explicit lexical targets	22	registry:scholastic-success-vocabulary-grade-1		Explicit printed word-bank, list, chart or label form only; lemma, sense and IELTS relevance require editorial review.	lexical_candidate	candidate_only	pdf	pdf:explicit-lexical-targets;pdf_page=22;section=explicit_unit_list
Scholastic Success with Vocabulary, Grade 1	scholastic-success-vocabulary-grade-1	decimeter	decimeter	noun		Metric measurement | explicit lexical targets	22	registry:scholastic-success-vocabulary-grade-1		Explicit printed word-bank, list, chart or label form only; lemma, sense and IELTS relevance require editorial review.	lexical_candidate	candidate_only	pdf	pdf:explicit-lexical-targets;pdf_page=22;section=explicit_unit_list
Scholastic Success with Vocabulary, Grade 1	scholastic-success-vocabulary-grade-1	spring	spring	noun		Seasons | explicit lexical targets	24	registry:scholastic-success-vocabulary-grade-1		Explicit printed word-bank, list, chart or label form only; lemma, sense and IELTS relevance require editorial review.	lexical_candidate	candidate_only	pdf	pdf:explicit-lexical-targets;pdf_page=24;section=explicit_diagram_labels
Scholastic Success with Vocabulary, Grade 1	scholastic-success-vocabulary-grade-1	summer	summer	noun		Seasons | explicit lexical targets	24	registry:scholastic-success-vocabulary-grade-1		Explicit printed word-bank, list, chart or label form only; lemma, sense and IELTS relevance require editorial review.	lexical_candidate	candidate_only	pdf	pdf:explicit-lexical-targets;pdf_page=24;section=explicit_diagram_labels
Scholastic Success with Vocabulary, Grade 1	scholastic-success-vocabulary-grade-1	fall	fall	noun		Seasons | explicit lexical targets	24	registry:scholastic-success-vocabulary-grade-1		Explicit printed word-bank, list, chart or label form only; lemma, sense and IELTS relevance require editorial review.	lexical_candidate	candidate_only	pdf	pdf:explicit-lexical-targets;pdf_page=24;section=explicit_diagram_labels
Scholastic Success with Vocabulary, Grade 1	scholastic-success-vocabulary-grade-1	winter	winter	noun		Seasons | explicit lexical targets	24	registry:scholastic-success-vocabulary-grade-1		Explicit printed word-bank, list, chart or label form only; lemma, sense and IELTS relevance require editorial review.	lexical_candidate	candidate_only	pdf	pdf:explicit-lexical-targets;pdf_page=24;section=explicit_diagram_labels
Scholastic Success with Vocabulary, Grade 1	scholastic-success-vocabulary-grade-1	penguin	penguin	noun		Animals | explicit lexical targets	30	registry:scholastic-success-vocabulary-grade-1		Explicit printed word-bank, list, chart or label form only; lemma, sense and IELTS relevance require editorial review.	lexical_candidate	candidate_only	pdf	pdf:explicit-lexical-targets;pdf_page=30;section=explicit_crossword_bank
Scholastic Success with Vocabulary, Grade 1	scholastic-success-vocabulary-grade-1	dolphin	dolphin	noun		Animals | explicit lexical targets	30	registry:scholastic-success-vocabulary-grade-1		Explicit printed word-bank, list, chart or label form only; lemma, sense and IELTS relevance require editorial review.	lexical_candidate	candidate_only	pdf	pdf:explicit-lexical-targets;pdf_page=30;section=explicit_crossword_bank
Scholastic Success with Vocabulary, Grade 1	scholastic-success-vocabulary-grade-1	alligator	alligator	noun		Animals | explicit lexical targets	30	registry:scholastic-success-vocabulary-grade-1		Explicit printed word-bank, list, chart or label form only; lemma, sense and IELTS relevance require editorial review.	lexical_candidate	candidate_only	pdf	pdf:explicit-lexical-targets;pdf_page=30;section=explicit_crossword_bank
Scholastic Success with Vocabulary, Grade 1	scholastic-success-vocabulary-grade-1	lion	lion	noun		Animals | explicit lexical targets	30	registry:scholastic-success-vocabulary-grade-1		Explicit printed word-bank, list, chart or label form only; lemma, sense and IELTS relevance require editorial review.	lexical_candidate	candidate_only	pdf	pdf:explicit-lexical-targets;pdf_page=30;section=explicit_crossword_bank
Scholastic Success with Vocabulary, Grade 1	scholastic-success-vocabulary-grade-1	octopus	octopus	noun		Animals | explicit lexical targets	30	registry:scholastic-success-vocabulary-grade-1		Explicit printed word-bank, list, chart or label form only; lemma, sense and IELTS relevance require editorial review.	lexical_candidate	candidate_only	pdf	pdf:explicit-lexical-targets;pdf_page=30;section=explicit_crossword_bank
Scholastic Success with Vocabulary, Grade 1	scholastic-success-vocabulary-grade-1	bear	bear	noun		Animals | explicit lexical targets	30	registry:scholastic-success-vocabulary-grade-1		Explicit printed word-bank, list, chart or label form only; lemma, sense and IELTS relevance require editorial review.	lexical_candidate	candidate_only	pdf	pdf:explicit-lexical-targets;pdf_page=30;section=explicit_crossword_bank
Scholastic Success with Vocabulary, Grade 1	scholastic-success-vocabulary-grade-1	pig	pig	noun		Animals | explicit lexical targets	30	registry:scholastic-success-vocabulary-grade-1		Explicit printed word-bank, list, chart or label form only; lemma, sense and IELTS relevance require editorial review.	lexical_candidate	candidate_only	pdf	pdf:explicit-lexical-targets;pdf_page=30;section=explicit_crossword_bank
Scholastic Success with Vocabulary, Grade 1	scholastic-success-vocabulary-grade-1	leg	leg	noun		Insects | explicit lexical targets	32	registry:scholastic-success-vocabulary-grade-1		Explicit printed word-bank, list, chart or label form only; lemma, sense and IELTS relevance require editorial review.	lexical_candidate	candidate_only	pdf	pdf:explicit-lexical-targets;pdf_page=32;section=explicit_word_box
Scholastic Success with Vocabulary, Grade 1	scholastic-success-vocabulary-grade-1	antenna	antenna	noun		Insects | explicit lexical targets	32	registry:scholastic-success-vocabulary-grade-1		Explicit printed word-bank, list, chart or label form only; lemma, sense and IELTS relevance require editorial review.	lexical_candidate	candidate_only	pdf	pdf:explicit-lexical-targets;pdf_page=32;section=explicit_word_box
Scholastic Success with Vocabulary, Grade 1	scholastic-success-vocabulary-grade-1	wing	wing	noun		Insects | explicit lexical targets	32	registry:scholastic-success-vocabulary-grade-1		Explicit printed word-bank, list, chart or label form only; lemma, sense and IELTS relevance require editorial review.	lexical_candidate	candidate_only	pdf	pdf:explicit-lexical-targets;pdf_page=32;section=explicit_word_box
Scholastic Success with Vocabulary, Grade 1	scholastic-success-vocabulary-grade-1	head	head	noun		Insects | explicit lexical targets	32	registry:scholastic-success-vocabulary-grade-1		Explicit printed word-bank, list, chart or label form only; lemma, sense and IELTS relevance require editorial review.	lexical_candidate	candidate_only	pdf	pdf:explicit-lexical-targets;pdf_page=32;section=explicit_word_box
Scholastic Success with Vocabulary, Grade 1	scholastic-success-vocabulary-grade-1	abdomen	abdomen	noun		Insects | explicit lexical targets	32	registry:scholastic-success-vocabulary-grade-1		Explicit printed word-bank, list, chart or label form only; lemma, sense and IELTS relevance require editorial review.	lexical_candidate	candidate_only	pdf	pdf:explicit-lexical-targets;pdf_page=32;section=explicit_word_box
Scholastic Success with Vocabulary, Grade 1	scholastic-success-vocabulary-grade-1	thorax	thorax	noun		Insects | explicit lexical targets	32	registry:scholastic-success-vocabulary-grade-1		Explicit printed word-bank, list, chart or label form only; lemma, sense and IELTS relevance require editorial review.	lexical_candidate	candidate_only	pdf	pdf:explicit-lexical-targets;pdf_page=32;section=explicit_word_box
Scholastic Success with Vocabulary, Grade 1	scholastic-success-vocabulary-grade-1	bus driver	bus driver	noun		Community helpers | explicit lexical targets	40	registry:scholastic-success-vocabulary-grade-1		Explicit printed word-bank, list, chart or label form only; lemma, sense and IELTS relevance require editorial review.	lexical_candidate	candidate_only	pdf	pdf:explicit-lexical-targets;pdf_page=40;section=explicit_word_bank
Scholastic Success with Vocabulary, Grade 1	scholastic-success-vocabulary-grade-1	doctor	doctor	noun		Community helpers | explicit lexical targets	40	registry:scholastic-success-vocabulary-grade-1		Explicit printed word-bank, list, chart or label form only; lemma, sense and IELTS relevance require editorial review.	lexical_candidate	candidate_only	pdf	pdf:explicit-lexical-targets;pdf_page=40;section=explicit_word_bank
Scholastic Success with Vocabulary, Grade 1	scholastic-success-vocabulary-grade-1	dentist	dentist	noun		Community helpers | explicit lexical targets	40	registry:scholastic-success-vocabulary-grade-1		Explicit printed word-bank, list, chart or label form only; lemma, sense and IELTS relevance require editorial review.	lexical_candidate	candidate_only	pdf	pdf:explicit-lexical-targets;pdf_page=40;section=explicit_word_bank
Scholastic Success with Vocabulary, Grade 1	scholastic-success-vocabulary-grade-1	librarian	librarian	noun		Community helpers | explicit lexical targets	40	registry:scholastic-success-vocabulary-grade-1		Explicit printed word-bank, list, chart or label form only; lemma, sense and IELTS relevance require editorial review.	lexical_candidate	candidate_only	pdf	pdf:explicit-lexical-targets;pdf_page=40;section=explicit_word_bank
Scholastic Success with Vocabulary, Grade 1	scholastic-success-vocabulary-grade-1	firefighter	firefighter	noun		Community helpers | explicit lexical targets	40	registry:scholastic-success-vocabulary-grade-1		Explicit printed word-bank, list, chart or label form only; lemma, sense and IELTS relevance require editorial review.	lexical_candidate	candidate_only	pdf	pdf:explicit-lexical-targets;pdf_page=40;section=explicit_word_bank
Scholastic Success with Vocabulary, Grade 1	scholastic-success-vocabulary-grade-1	teacher	teacher	noun		Community helpers | explicit lexical targets	40	registry:scholastic-success-vocabulary-grade-1		Explicit printed word-bank, list, chart or label form only; lemma, sense and IELTS relevance require editorial review.	lexical_candidate	candidate_only	pdf	pdf:explicit-lexical-targets;pdf_page=40;section=explicit_word_bank
Scholastic Success with Vocabulary, Grade 1	scholastic-success-vocabulary-grade-1	canoe	canoe	noun		Transportation | explicit lexical targets	42	registry:scholastic-success-vocabulary-grade-1		Explicit printed word-bank, list, chart or label form only; lemma, sense and IELTS relevance require editorial review.	lexical_candidate	candidate_only	pdf	pdf:explicit-lexical-targets;pdf_page=42;section=explicit_picture_labels
Scholastic Success with Vocabulary, Grade 1	scholastic-success-vocabulary-grade-1	airplane	airplane	noun		Transportation | explicit lexical targets	42	registry:scholastic-success-vocabulary-grade-1		Explicit printed word-bank, list, chart or label form only; lemma, sense and IELTS relevance require editorial review.	lexical_candidate	candidate_only	pdf	pdf:explicit-lexical-targets;pdf_page=42;section=explicit_picture_labels
Scholastic Success with Vocabulary, Grade 1	scholastic-success-vocabulary-grade-1	train	train	noun		Transportation | explicit lexical targets	42	registry:scholastic-success-vocabulary-grade-1		Explicit printed word-bank, list, chart or label form only; lemma, sense and IELTS relevance require editorial review.	lexical_candidate	candidate_only	pdf	pdf:explicit-lexical-targets;pdf_page=42;section=explicit_picture_labels
Scholastic Success with Vocabulary, Grade 1	scholastic-success-vocabulary-grade-1	sailboat	sailboat	noun		Transportation | explicit lexical targets	42	registry:scholastic-success-vocabulary-grade-1		Explicit printed word-bank, list, chart or label form only; lemma, sense and IELTS relevance require editorial review.	lexical_candidate	candidate_only	pdf	pdf:explicit-lexical-targets;pdf_page=42;section=explicit_picture_labels
Scholastic Success with Vocabulary, Grade 1	scholastic-success-vocabulary-grade-1	helicopter	helicopter	noun		Transportation | explicit lexical targets	42	registry:scholastic-success-vocabulary-grade-1		Explicit printed word-bank, list, chart or label form only; lemma, sense and IELTS relevance require editorial review.	lexical_candidate	candidate_only	pdf	pdf:explicit-lexical-targets;pdf_page=42;section=explicit_picture_labels
Scholastic Success with Vocabulary, Grade 1	scholastic-success-vocabulary-grade-1	van	van	noun		Transportation | explicit lexical targets	42	registry:scholastic-success-vocabulary-grade-1		Explicit printed word-bank, list, chart or label form only; lemma, sense and IELTS relevance require editorial review.	lexical_candidate	candidate_only	pdf	pdf:explicit-lexical-targets;pdf_page=42;section=explicit_picture_labels
Scholastic Success with Vocabulary, Grade 1	scholastic-success-vocabulary-grade-1	truck	truck	noun		Transportation | explicit lexical targets	42	registry:scholastic-success-vocabulary-grade-1		Explicit printed word-bank, list, chart or label form only; lemma, sense and IELTS relevance require editorial review.	lexical_candidate	candidate_only	pdf	pdf:explicit-lexical-targets;pdf_page=42;section=explicit_picture_labels
Scholastic Success with Vocabulary, Grade 1	scholastic-success-vocabulary-grade-1	car	car	noun		Transportation | explicit lexical targets	42	registry:scholastic-success-vocabulary-grade-1		Explicit printed word-bank, list, chart or label form only; lemma, sense and IELTS relevance require editorial review.	lexical_candidate	candidate_only	pdf	pdf:explicit-lexical-targets;pdf_page=42;section=explicit_picture_labels
Scholastic Success with Vocabulary, Grade 1	scholastic-success-vocabulary-grade-1	bus	bus	noun		Transportation | explicit lexical targets	42	registry:scholastic-success-vocabulary-grade-1		Explicit printed word-bank, list, chart or label form only; lemma, sense and IELTS relevance require editorial review.	lexical_candidate	candidate_only	pdf	pdf:explicit-lexical-targets;pdf_page=42;section=explicit_picture_labels
Scholastic Success with Vocabulary, Grade 1	scholastic-success-vocabulary-grade-1	bike	bike	noun		Transportation | explicit lexical targets	42	registry:scholastic-success-vocabulary-grade-1		Explicit printed word-bank, list, chart or label form only; lemma, sense and IELTS relevance require editorial review.	lexical_candidate	candidate_only	pdf	pdf:explicit-lexical-targets;pdf_page=42;section=explicit_picture_labels
Scholastic Success with Vocabulary, Grade 1	scholastic-success-vocabulary-grade-1	ship	ship	noun		Transportation | explicit lexical targets	42	registry:scholastic-success-vocabulary-grade-1		Explicit printed word-bank, list, chart or label form only; lemma, sense and IELTS relevance require editorial review.	lexical_candidate	candidate_only	pdf	pdf:explicit-lexical-targets;pdf_page=42;section=explicit_picture_labels
Scholastic Success with Vocabulary, Grade 1	scholastic-success-vocabulary-grade-1	north	north			Directional words | explicit lexical targets	46	registry:scholastic-success-vocabulary-grade-1		Explicit printed word-bank, list, chart or label form only; lemma, sense and IELTS relevance require editorial review.	lexical_candidate	candidate_only	pdf	pdf:explicit-lexical-targets;pdf_page=46;section=explicit_map_key
Scholastic Success with Vocabulary, Grade 1	scholastic-success-vocabulary-grade-1	south	south			Directional words | explicit lexical targets	46	registry:scholastic-success-vocabulary-grade-1		Explicit printed word-bank, list, chart or label form only; lemma, sense and IELTS relevance require editorial review.	lexical_candidate	candidate_only	pdf	pdf:explicit-lexical-targets;pdf_page=46;section=explicit_map_key
Scholastic Success with Vocabulary, Grade 1	scholastic-success-vocabulary-grade-1	east	east			Directional words | explicit lexical targets	46	registry:scholastic-success-vocabulary-grade-1		Explicit printed word-bank, list, chart or label form only; lemma, sense and IELTS relevance require editorial review.	lexical_candidate	candidate_only	pdf	pdf:explicit-lexical-targets;pdf_page=46;section=explicit_map_key
Scholastic Success with Vocabulary, Grade 1	scholastic-success-vocabulary-grade-1	west	west			Directional words | explicit lexical targets	46	registry:scholastic-success-vocabulary-grade-1		Explicit printed word-bank, list, chart or label form only; lemma, sense and IELTS relevance require editorial review.	lexical_candidate	candidate_only	pdf	pdf:explicit-lexical-targets;pdf_page=46;section=explicit_map_key
Scholastic Success with Vocabulary, Grade 1	scholastic-success-vocabulary-grade-1	quarter	quarter	noun		Economics | explicit lexical targets	48	registry:scholastic-success-vocabulary-grade-1		Explicit printed word-bank, list, chart or label form only; lemma, sense and IELTS relevance require editorial review.	lexical_candidate	candidate_only	pdf	pdf:explicit-lexical-targets;pdf_page=48;section=explicit_word_bank
Scholastic Success with Vocabulary, Grade 1	scholastic-success-vocabulary-grade-1	penny	penny	noun		Economics | explicit lexical targets	48	registry:scholastic-success-vocabulary-grade-1		Explicit printed word-bank, list, chart or label form only; lemma, sense and IELTS relevance require editorial review.	lexical_candidate	candidate_only	pdf	pdf:explicit-lexical-targets;pdf_page=48;section=explicit_word_bank
Scholastic Success with Vocabulary, Grade 1	scholastic-success-vocabulary-grade-1	nickel	nickel	noun		Economics | explicit lexical targets	48	registry:scholastic-success-vocabulary-grade-1		Explicit printed word-bank, list, chart or label form only; lemma, sense and IELTS relevance require editorial review.	lexical_candidate	candidate_only	pdf	pdf:explicit-lexical-targets;pdf_page=48;section=explicit_word_bank
Scholastic Success with Vocabulary, Grade 1	scholastic-success-vocabulary-grade-1	dime	dime	noun		Economics | explicit lexical targets	48	registry:scholastic-success-vocabulary-grade-1		Explicit printed word-bank, list, chart or label form only; lemma, sense and IELTS relevance require editorial review.	lexical_candidate	candidate_only	pdf	pdf:explicit-lexical-targets;pdf_page=48;section=explicit_word_bank
Scholastic Success with Vocabulary, Grade 1	scholastic-success-vocabulary-grade-1	dollar	dollar	noun		Economics | explicit lexical targets	48	registry:scholastic-success-vocabulary-grade-1		Explicit printed word-bank, list, chart or label form only; lemma, sense and IELTS relevance require editorial review.	lexical_candidate	candidate_only	pdf	pdf:explicit-lexical-targets;pdf_page=48;section=explicit_word_bank
Scholastic Success with Vocabulary, Grade 1	scholastic-success-vocabulary-grade-1	polite	polite	adjective		Character traits | explicit lexical targets	52	registry:scholastic-success-vocabulary-grade-1		Explicit printed word-bank, list, chart or label form only; lemma, sense and IELTS relevance require editorial review.	lexical_candidate	candidate_only	pdf	pdf:explicit-lexical-targets;pdf_page=52;section=explicit_word_box
Scholastic Success with Vocabulary, Grade 1	scholastic-success-vocabulary-grade-1	cooperative	cooperative	adjective		Character traits | explicit lexical targets	52	registry:scholastic-success-vocabulary-grade-1		Explicit printed word-bank, list, chart or label form only; lemma, sense and IELTS relevance require editorial review.	lexical_candidate	candidate_only	pdf	pdf:explicit-lexical-targets;pdf_page=52;section=explicit_word_box
Scholastic Success with Vocabulary, Grade 1	scholastic-success-vocabulary-grade-1	helpful	helpful	adjective		Character traits | explicit lexical targets	52	registry:scholastic-success-vocabulary-grade-1		Explicit printed word-bank, list, chart or label form only; lemma, sense and IELTS relevance require editorial review.	lexical_candidate	candidate_only	pdf	pdf:explicit-lexical-targets;pdf_page=52;section=explicit_word_box
Scholastic Success with Vocabulary, Grade 1	scholastic-success-vocabulary-grade-1	honest	honest	adjective		Character traits | explicit lexical targets	52	registry:scholastic-success-vocabulary-grade-1		Explicit printed word-bank, list, chart or label form only; lemma, sense and IELTS relevance require editorial review.	lexical_candidate	candidate_only	pdf	pdf:explicit-lexical-targets;pdf_page=52;section=explicit_word_box
Scholastic Success with Vocabulary, Grade 1	scholastic-success-vocabulary-grade-1	responsible	responsible	adjective		Character traits | explicit lexical targets	52	registry:scholastic-success-vocabulary-grade-1		Explicit printed word-bank, list, chart or label form only; lemma, sense and IELTS relevance require editorial review.	lexical_candidate	candidate_only	pdf	pdf:explicit-lexical-targets;pdf_page=52;section=explicit_word_box
Scholastic Success with Vocabulary, Grade 1	scholastic-success-vocabulary-grade-1	kind	kind	adjective		Character traits | explicit lexical targets	52	registry:scholastic-success-vocabulary-grade-1		Explicit printed word-bank, list, chart or label form only; lemma, sense and IELTS relevance require editorial review.	lexical_candidate	candidate_only	pdf	pdf:explicit-lexical-targets;pdf_page=52;section=explicit_word_box
Scholastic Success with Vocabulary, Grade 1	scholastic-success-vocabulary-grade-1	bat	bat			Short-a words | explicit lexical targets	54	registry:scholastic-success-vocabulary-grade-1		Explicit printed word-bank, list, chart or label form only; lemma, sense and IELTS relevance require editorial review.	lexical_candidate	candidate_only	pdf	pdf:explicit-lexical-targets;pdf_page=54;section=explicit_word_bank
Scholastic Success with Vocabulary, Grade 1	scholastic-success-vocabulary-grade-1	bag	bag			Short-a words | explicit lexical targets	54	registry:scholastic-success-vocabulary-grade-1		Explicit printed word-bank, list, chart or label form only; lemma, sense and IELTS relevance require editorial review.	lexical_candidate	candidate_only	pdf	pdf:explicit-lexical-targets;pdf_page=54;section=explicit_word_bank
Scholastic Success with Vocabulary, Grade 1	scholastic-success-vocabulary-grade-1	black	black			Short-a words | explicit lexical targets	54	registry:scholastic-success-vocabulary-grade-1		Explicit printed word-bank, list, chart or label form only; lemma, sense and IELTS relevance require editorial review.	lexical_candidate	candidate_only	pdf	pdf:explicit-lexical-targets;pdf_page=54;section=explicit_word_bank
Scholastic Success with Vocabulary, Grade 1	scholastic-success-vocabulary-grade-1	cab	cab			Short-a words | explicit lexical targets	54	registry:scholastic-success-vocabulary-grade-1		Explicit printed word-bank, list, chart or label form only; lemma, sense and IELTS relevance require editorial review.	lexical_candidate	candidate_only	pdf	pdf:explicit-lexical-targets;pdf_page=54;section=explicit_word_bank
Scholastic Success with Vocabulary, Grade 1	scholastic-success-vocabulary-grade-1	calf	calf			Short-a words | explicit lexical targets	54	registry:scholastic-success-vocabulary-grade-1		Explicit printed word-bank, list, chart or label form only; lemma, sense and IELTS relevance require editorial review.	lexical_candidate	candidate_only	pdf	pdf:explicit-lexical-targets;pdf_page=54;section=explicit_word_bank
Scholastic Success with Vocabulary, Grade 1	scholastic-success-vocabulary-grade-1	cat	cat			Short-a words | explicit lexical targets	54	registry:scholastic-success-vocabulary-grade-1		Explicit printed word-bank, list, chart or label form only; lemma, sense and IELTS relevance require editorial review.	lexical_candidate	candidate_only	pdf	pdf:explicit-lexical-targets;pdf_page=54;section=explicit_word_bank
Scholastic Success with Vocabulary, Grade 1	scholastic-success-vocabulary-grade-1	glad	glad			Short-a words | explicit lexical targets	54	registry:scholastic-success-vocabulary-grade-1		Explicit printed word-bank, list, chart or label form only; lemma, sense and IELTS relevance require editorial review.	lexical_candidate	candidate_only	pdf	pdf:explicit-lexical-targets;pdf_page=54;section=explicit_word_bank
Scholastic Success with Vocabulary, Grade 1	scholastic-success-vocabulary-grade-1	hat	hat			Short-a words | explicit lexical targets	54	registry:scholastic-success-vocabulary-grade-1		Explicit printed word-bank, list, chart or label form only; lemma, sense and IELTS relevance require editorial review.	lexical_candidate	candidate_only	pdf	pdf:explicit-lexical-targets;pdf_page=54;section=explicit_word_bank
Scholastic Success with Vocabulary, Grade 1	scholastic-success-vocabulary-grade-1	lad	lad			Short-a words | explicit lexical targets	54	registry:scholastic-success-vocabulary-grade-1		Explicit printed word-bank, list, chart or label form only; lemma, sense and IELTS relevance require editorial review.	lexical_candidate	candidate_only	pdf	pdf:explicit-lexical-targets;pdf_page=54;section=explicit_word_bank
Scholastic Success with Vocabulary, Grade 1	scholastic-success-vocabulary-grade-1	snack	snack			Short-a words | explicit lexical targets	54	registry:scholastic-success-vocabulary-grade-1		Explicit printed word-bank, list, chart or label form only; lemma, sense and IELTS relevance require editorial review.	lexical_candidate	candidate_only	pdf	pdf:explicit-lexical-targets;pdf_page=54;section=explicit_word_bank
Scholastic Success with Vocabulary, Grade 1	scholastic-success-vocabulary-grade-1	boy	boy	noun		Nouns | explicit lexical targets	68	registry:scholastic-success-vocabulary-grade-1		Explicit printed word-bank, list, chart or label form only; lemma, sense and IELTS relevance require editorial review.	lexical_candidate	candidate_only	pdf	pdf:explicit-lexical-targets;pdf_page=68;section=explicit_sorting_targets
Scholastic Success with Vocabulary, Grade 1	scholastic-success-vocabulary-grade-1	school	school	noun		Nouns | explicit lexical targets	68	registry:scholastic-success-vocabulary-grade-1		Explicit printed word-bank, list, chart or label form only; lemma, sense and IELTS relevance require editorial review.	lexical_candidate	candidate_only	pdf	pdf:explicit-lexical-targets;pdf_page=68;section=explicit_sorting_targets
Scholastic Success with Vocabulary, Grade 1	scholastic-success-vocabulary-grade-1	banana	banana	noun		Nouns | explicit lexical targets	68	registry:scholastic-success-vocabulary-grade-1		Explicit printed word-bank, list, chart or label form only; lemma, sense and IELTS relevance require editorial review.	lexical_candidate	candidate_only	pdf	pdf:explicit-lexical-targets;pdf_page=68;section=explicit_sorting_targets
Scholastic Success with Vocabulary, Grade 1	scholastic-success-vocabulary-grade-1	restaurant	restaurant	noun		Nouns | explicit lexical targets	68	registry:scholastic-success-vocabulary-grade-1		Explicit printed word-bank, list, chart or label form only; lemma, sense and IELTS relevance require editorial review.	lexical_candidate	candidate_only	pdf	pdf:explicit-lexical-targets;pdf_page=68;section=explicit_sorting_targets
Scholastic Success with Vocabulary, Grade 1	scholastic-success-vocabulary-grade-1	envelope	envelope	noun		Nouns | explicit lexical targets	68	registry:scholastic-success-vocabulary-grade-1		Explicit printed word-bank, list, chart or label form only; lemma, sense and IELTS relevance require editorial review.	lexical_candidate	candidate_only	pdf	pdf:explicit-lexical-targets;pdf_page=68;section=explicit_sorting_targets
Scholastic Success with Vocabulary, Grade 1	scholastic-success-vocabulary-grade-1	library	library	noun		Nouns | explicit lexical targets	68	registry:scholastic-success-vocabulary-grade-1		Explicit printed word-bank, list, chart or label form only; lemma, sense and IELTS relevance require editorial review.	lexical_candidate	candidate_only	pdf	pdf:explicit-lexical-targets;pdf_page=68;section=explicit_sorting_targets
Scholastic Success with Vocabulary, Grade 1	scholastic-success-vocabulary-grade-1	desk	desk	noun		Nouns | explicit lexical targets	68	registry:scholastic-success-vocabulary-grade-1		Explicit printed word-bank, list, chart or label form only; lemma, sense and IELTS relevance require editorial review.	lexical_candidate	candidate_only	pdf	pdf:explicit-lexical-targets;pdf_page=68;section=explicit_sorting_targets
Scholastic Success with Vocabulary, Grade 1	scholastic-success-vocabulary-grade-1	lady	lady	noun		Nouns | explicit lexical targets	68	registry:scholastic-success-vocabulary-grade-1		Explicit printed word-bank, list, chart or label form only; lemma, sense and IELTS relevance require editorial review.	lexical_candidate	candidate_only	pdf	pdf:explicit-lexical-targets;pdf_page=68;section=explicit_sorting_targets
Scholastic Success with Vocabulary, Grade 1	scholastic-success-vocabulary-grade-1	store	store	noun		Nouns | explicit lexical targets	68	registry:scholastic-success-vocabulary-grade-1		Explicit printed word-bank, list, chart or label form only; lemma, sense and IELTS relevance require editorial review.	lexical_candidate	candidate_only	pdf	pdf:explicit-lexical-targets;pdf_page=68;section=explicit_sorting_targets
Scholastic Success with Vocabulary, Grade 1	scholastic-success-vocabulary-grade-1	box	box	noun		Nouns | explicit lexical targets	68	registry:scholastic-success-vocabulary-grade-1		Explicit printed word-bank, list, chart or label form only; lemma, sense and IELTS relevance require editorial review.	lexical_candidate	candidate_only	pdf	pdf:explicit-lexical-targets;pdf_page=68;section=explicit_sorting_targets
Scholastic Success with Vocabulary, Grade 1	scholastic-success-vocabulary-grade-1	nurse	nurse	noun		Nouns | explicit lexical targets	68	registry:scholastic-success-vocabulary-grade-1		Explicit printed word-bank, list, chart or label form only; lemma, sense and IELTS relevance require editorial review.	lexical_candidate	candidate_only	pdf	pdf:explicit-lexical-targets;pdf_page=68;section=explicit_sorting_targets
Scholastic Success with Vocabulary, Grade 1	scholastic-success-vocabulary-grade-1	post office	post office	noun		Nouns | explicit lexical targets	68	registry:scholastic-success-vocabulary-grade-1		Explicit printed word-bank, list, chart or label form only; lemma, sense and IELTS relevance require editorial review.	lexical_candidate	candidate_only	pdf	pdf:explicit-lexical-targets;pdf_page=68;section=explicit_sorting_targets
Scholastic Success with Vocabulary, Grade 1	scholastic-success-vocabulary-grade-1	toy	toy	noun		Nouns | explicit lexical targets	68	registry:scholastic-success-vocabulary-grade-1		Explicit printed word-bank, list, chart or label form only; lemma, sense and IELTS relevance require editorial review.	lexical_candidate	candidate_only	pdf	pdf:explicit-lexical-targets;pdf_page=68;section=explicit_sorting_targets
Scholastic Success with Vocabulary, Grade 1	scholastic-success-vocabulary-grade-1	hospital	hospital	noun		Nouns | explicit lexical targets	68	registry:scholastic-success-vocabulary-grade-1		Explicit printed word-bank, list, chart or label form only; lemma, sense and IELTS relevance require editorial review.	lexical_candidate	candidate_only	pdf	pdf:explicit-lexical-targets;pdf_page=68;section=explicit_sorting_targets
Scholastic Success with Vocabulary, Grade 1	scholastic-success-vocabulary-grade-1	shirt	shirt	noun		Nouns | explicit lexical targets	68	registry:scholastic-success-vocabulary-grade-1		Explicit printed word-bank, list, chart or label form only; lemma, sense and IELTS relevance require editorial review.	lexical_candidate	candidate_only	pdf	pdf:explicit-lexical-targets;pdf_page=68;section=explicit_sorting_targets
Scholastic Success with Vocabulary, Grade 1	scholastic-success-vocabulary-grade-1	clerk	clerk	noun		Nouns | explicit lexical targets	68	registry:scholastic-success-vocabulary-grade-1		Explicit printed word-bank, list, chart or label form only; lemma, sense and IELTS relevance require editorial review.	lexical_candidate	candidate_only	pdf	pdf:explicit-lexical-targets;pdf_page=68;section=explicit_sorting_targets
Scholastic Success with Vocabulary, Grade 1	scholastic-success-vocabulary-grade-1	vet	vet	noun		Nouns | explicit lexical targets	68	registry:scholastic-success-vocabulary-grade-1		Explicit printed word-bank, list, chart or label form only; lemma, sense and IELTS relevance require editorial review.	lexical_candidate	candidate_only	pdf	pdf:explicit-lexical-targets;pdf_page=68;section=explicit_sorting_targets
Scholastic Success with Vocabulary, Grade 1	scholastic-success-vocabulary-grade-1	theater	theater	noun		Nouns | explicit lexical targets	68	registry:scholastic-success-vocabulary-grade-1		Explicit printed word-bank, list, chart or label form only; lemma, sense and IELTS relevance require editorial review.	lexical_candidate	candidate_only	pdf	pdf:explicit-lexical-targets;pdf_page=68;section=explicit_sorting_targets
Scholastic Success with Vocabulary, Grade 1	scholastic-success-vocabulary-grade-1	book	book	noun		Nouns | explicit lexical targets	68	registry:scholastic-success-vocabulary-grade-1		Explicit printed word-bank, list, chart or label form only; lemma, sense and IELTS relevance require editorial review.	lexical_candidate	candidate_only	pdf	pdf:explicit-lexical-targets;pdf_page=68;section=explicit_sorting_targets
Scholastic Success with Vocabulary, Grade 1	scholastic-success-vocabulary-grade-1	bake	bake			Analogies | explicit lexical targets	82	registry:scholastic-success-vocabulary-grade-1		Explicit printed word-bank, list, chart or label form only; lemma, sense and IELTS relevance require editorial review.	lexical_candidate	candidate_only	pdf	pdf:explicit-lexical-targets;pdf_page=82;section=explicit_word_bank
Scholastic Success with Vocabulary, Grade 1	scholastic-success-vocabulary-grade-1	yellow	yellow			Analogies | explicit lexical targets	82	registry:scholastic-success-vocabulary-grade-1		Explicit printed word-bank, list, chart or label form only; lemma, sense and IELTS relevance require editorial review.	lexical_candidate	candidate_only	pdf	pdf:explicit-lexical-targets;pdf_page=82;section=explicit_word_bank
Scholastic Success with Vocabulary, Grade 1	scholastic-success-vocabulary-grade-1	hard	hard			Analogies | explicit lexical targets	82	registry:scholastic-success-vocabulary-grade-1		Explicit printed word-bank, list, chart or label form only; lemma, sense and IELTS relevance require editorial review.	lexical_candidate	candidate_only	pdf	pdf:explicit-lexical-targets;pdf_page=82;section=explicit_word_bank
Scholastic Success with Vocabulary, Grade 1	scholastic-success-vocabulary-grade-1	arm	arm			Analogies | explicit lexical targets	82	registry:scholastic-success-vocabulary-grade-1		Explicit printed word-bank, list, chart or label form only; lemma, sense and IELTS relevance require editorial review.	lexical_candidate	candidate_only	pdf	pdf:explicit-lexical-targets;pdf_page=82;section=explicit_word_bank
Scholastic Success with Vocabulary, Grade 1	scholastic-success-vocabulary-grade-1	driver	driver			Analogies | explicit lexical targets	82	registry:scholastic-success-vocabulary-grade-1		Explicit printed word-bank, list, chart or label form only; lemma, sense and IELTS relevance require editorial review.	lexical_candidate	candidate_only	pdf	pdf:explicit-lexical-targets;pdf_page=82;section=explicit_word_bank
Scholastic Success with Vocabulary, Grade 2	scholastic-success-vocabulary-grade-2	Monday	Monday			Days of the week | explicit lexical targets	2	registry:scholastic-success-vocabulary-grade-2		Explicit printed word-bank, list, chart or label form only; lemma, sense and IELTS relevance require editorial review.	lexical_candidate	candidate_only	pdf	pdf:explicit-lexical-targets;pdf_page=2;section=explicit_balloon_labels
Scholastic Success with Vocabulary, Grade 2	scholastic-success-vocabulary-grade-2	Tuesday	Tuesday			Days of the week | explicit lexical targets	2	registry:scholastic-success-vocabulary-grade-2		Explicit printed word-bank, list, chart or label form only; lemma, sense and IELTS relevance require editorial review.	lexical_candidate	candidate_only	pdf	pdf:explicit-lexical-targets;pdf_page=2;section=explicit_balloon_labels
Scholastic Success with Vocabulary, Grade 2	scholastic-success-vocabulary-grade-2	Thursday	Thursday			Days of the week | explicit lexical targets	2	registry:scholastic-success-vocabulary-grade-2		Explicit printed word-bank, list, chart or label form only; lemma, sense and IELTS relevance require editorial review.	lexical_candidate	candidate_only	pdf	pdf:explicit-lexical-targets;pdf_page=2;section=explicit_balloon_labels
Scholastic Success with Vocabulary, Grade 2	scholastic-success-vocabulary-grade-2	Friday	Friday			Days of the week | explicit lexical targets	2	registry:scholastic-success-vocabulary-grade-2		Explicit printed word-bank, list, chart or label form only; lemma, sense and IELTS relevance require editorial review.	lexical_candidate	candidate_only	pdf	pdf:explicit-lexical-targets;pdf_page=2;section=explicit_balloon_labels
Scholastic Success with Vocabulary, Grade 2	scholastic-success-vocabulary-grade-2	Saturday	Saturday			Days of the week | explicit lexical targets	2	registry:scholastic-success-vocabulary-grade-2		Explicit printed word-bank, list, chart or label form only; lemma, sense and IELTS relevance require editorial review.	lexical_candidate	candidate_only	pdf	pdf:explicit-lexical-targets;pdf_page=2;section=explicit_balloon_labels
Scholastic Success with Vocabulary, Grade 2	scholastic-success-vocabulary-grade-2	Sunday	Sunday			Days of the week | explicit lexical targets	2	registry:scholastic-success-vocabulary-grade-2		Explicit printed word-bank, list, chart or label form only; lemma, sense and IELTS relevance require editorial review.	lexical_candidate	candidate_only	pdf	pdf:explicit-lexical-targets;pdf_page=2;section=explicit_balloon_labels
Scholastic Success with Vocabulary, Grade 2	scholastic-success-vocabulary-grade-2	January	January			Months and holidays | explicit lexical targets	4	registry:scholastic-success-vocabulary-grade-2		Explicit printed word-bank, list, chart or label form only; lemma, sense and IELTS relevance require editorial review.	lexical_candidate	candidate_only	pdf	pdf:explicit-lexical-targets;pdf_page=4;section=explicit_month_grid
Scholastic Success with Vocabulary, Grade 2	scholastic-success-vocabulary-grade-2	February	February			Months and holidays | explicit lexical targets	4	registry:scholastic-success-vocabulary-grade-2		Explicit printed word-bank, list, chart or label form only; lemma, sense and IELTS relevance require editorial review.	lexical_candidate	candidate_only	pdf	pdf:explicit-lexical-targets;pdf_page=4;section=explicit_month_grid
Scholastic Success with Vocabulary, Grade 2	scholastic-success-vocabulary-grade-2	March	March			Months and holidays | explicit lexical targets	4	registry:scholastic-success-vocabulary-grade-2		Explicit printed word-bank, list, chart or label form only; lemma, sense and IELTS relevance require editorial review.	lexical_candidate	candidate_only	pdf	pdf:explicit-lexical-targets;pdf_page=4;section=explicit_month_grid
Scholastic Success with Vocabulary, Grade 2	scholastic-success-vocabulary-grade-2	April	April			Months and holidays | explicit lexical targets	4	registry:scholastic-success-vocabulary-grade-2		Explicit printed word-bank, list, chart or label form only; lemma, sense and IELTS relevance require editorial review.	lexical_candidate	candidate_only	pdf	pdf:explicit-lexical-targets;pdf_page=4;section=explicit_month_grid
Scholastic Success with Vocabulary, Grade 2	scholastic-success-vocabulary-grade-2	May	May			Months and holidays | explicit lexical targets	4	registry:scholastic-success-vocabulary-grade-2		Explicit printed word-bank, list, chart or label form only; lemma, sense and IELTS relevance require editorial review.	lexical_candidate	candidate_only	pdf	pdf:explicit-lexical-targets;pdf_page=4;section=explicit_month_grid
Scholastic Success with Vocabulary, Grade 2	scholastic-success-vocabulary-grade-2	June	June			Months and holidays | explicit lexical targets	4	registry:scholastic-success-vocabulary-grade-2		Explicit printed word-bank, list, chart or label form only; lemma, sense and IELTS relevance require editorial review.	lexical_candidate	candidate_only	pdf	pdf:explicit-lexical-targets;pdf_page=4;section=explicit_month_grid
Scholastic Success with Vocabulary, Grade 2	scholastic-success-vocabulary-grade-2	July	July			Months and holidays | explicit lexical targets	4	registry:scholastic-success-vocabulary-grade-2		Explicit printed word-bank, list, chart or label form only; lemma, sense and IELTS relevance require editorial review.	lexical_candidate	candidate_only	pdf	pdf:explicit-lexical-targets;pdf_page=4;section=explicit_month_grid
Scholastic Success with Vocabulary, Grade 2	scholastic-success-vocabulary-grade-2	August	August			Months and holidays | explicit lexical targets	4	registry:scholastic-success-vocabulary-grade-2		Explicit printed word-bank, list, chart or label form only; lemma, sense and IELTS relevance require editorial review.	lexical_candidate	candidate_only	pdf	pdf:explicit-lexical-targets;pdf_page=4;section=explicit_month_grid
Scholastic Success with Vocabulary, Grade 2	scholastic-success-vocabulary-grade-2	September	September			Months and holidays | explicit lexical targets	4	registry:scholastic-success-vocabulary-grade-2		Explicit printed word-bank, list, chart or label form only; lemma, sense and IELTS relevance require editorial review.	lexical_candidate	candidate_only	pdf	pdf:explicit-lexical-targets;pdf_page=4;section=explicit_month_grid
Scholastic Success with Vocabulary, Grade 2	scholastic-success-vocabulary-grade-2	October	October			Months and holidays | explicit lexical targets	4	registry:scholastic-success-vocabulary-grade-2		Explicit printed word-bank, list, chart or label form only; lemma, sense and IELTS relevance require editorial review.	lexical_candidate	candidate_only	pdf	pdf:explicit-lexical-targets;pdf_page=4;section=explicit_month_grid
Scholastic Success with Vocabulary, Grade 2	scholastic-success-vocabulary-grade-2	November	November			Months and holidays | explicit lexical targets	4	registry:scholastic-success-vocabulary-grade-2		Explicit printed word-bank, list, chart or label form only; lemma, sense and IELTS relevance require editorial review.	lexical_candidate	candidate_only	pdf	pdf:explicit-lexical-targets;pdf_page=4;section=explicit_month_grid
Scholastic Success with Vocabulary, Grade 2	scholastic-success-vocabulary-grade-2	December	December			Months and holidays | explicit lexical targets	4	registry:scholastic-success-vocabulary-grade-2		Explicit printed word-bank, list, chart or label form only; lemma, sense and IELTS relevance require editorial review.	lexical_candidate	candidate_only	pdf	pdf:explicit-lexical-targets;pdf_page=4;section=explicit_month_grid
Scholastic Success with Vocabulary, Grade 2	scholastic-success-vocabulary-grade-2	tall	tall			Antonyms | explicit lexical targets	8	registry:scholastic-success-vocabulary-grade-2		Explicit printed word-bank, list, chart or label form only; lemma, sense and IELTS relevance require editorial review.	lexical_candidate	candidate_only	pdf	pdf:explicit-lexical-targets;pdf_page=8;section=explicit_word_bank
Scholastic Success with Vocabulary, Grade 2	scholastic-success-vocabulary-grade-2	over	over			Antonyms | explicit lexical targets	8	registry:scholastic-success-vocabulary-grade-2		Explicit printed word-bank, list, chart or label form only; lemma, sense and IELTS relevance require editorial review.	lexical_candidate	candidate_only	pdf	pdf:explicit-lexical-targets;pdf_page=8;section=explicit_word_bank
Scholastic Success with Vocabulary, Grade 2	scholastic-success-vocabulary-grade-2	smooth	smooth			Antonyms | explicit lexical targets	8	registry:scholastic-success-vocabulary-grade-2		Explicit printed word-bank, list, chart or label form only; lemma, sense and IELTS relevance require editorial review.	lexical_candidate	candidate_only	pdf	pdf:explicit-lexical-targets;pdf_page=8;section=explicit_word_bank
Scholastic Success with Vocabulary, Grade 2	scholastic-success-vocabulary-grade-2	left	left			Antonyms | explicit lexical targets	8	registry:scholastic-success-vocabulary-grade-2		Explicit printed word-bank, list, chart or label form only; lemma, sense and IELTS relevance require editorial review.	lexical_candidate	candidate_only	pdf	pdf:explicit-lexical-targets;pdf_page=8;section=explicit_word_bank
Scholastic Success with Vocabulary, Grade 2	scholastic-success-vocabulary-grade-2	dirty	dirty			Antonyms | explicit lexical targets	8	registry:scholastic-success-vocabulary-grade-2		Explicit printed word-bank, list, chart or label form only; lemma, sense and IELTS relevance require editorial review.	lexical_candidate	candidate_only	pdf	pdf:explicit-lexical-targets;pdf_page=8;section=explicit_word_bank
Scholastic Success with Vocabulary, Grade 2	scholastic-success-vocabulary-grade-2	across	across			Antonyms | explicit lexical targets	8	registry:scholastic-success-vocabulary-grade-2		Explicit printed word-bank, list, chart or label form only; lemma, sense and IELTS relevance require editorial review.	lexical_candidate	candidate_only	pdf	pdf:explicit-lexical-targets;pdf_page=8;section=explicit_word_bank
Scholastic Success with Vocabulary, Grade 2	scholastic-success-vocabulary-grade-2	first	first			Antonyms | explicit lexical targets	8	registry:scholastic-success-vocabulary-grade-2		Explicit printed word-bank, list, chart or label form only; lemma, sense and IELTS relevance require editorial review.	lexical_candidate	candidate_only	pdf	pdf:explicit-lexical-targets;pdf_page=8;section=explicit_word_bank
Scholastic Success with Vocabulary, Grade 2	scholastic-success-vocabulary-grade-2	north	north			Antonyms | explicit lexical targets	8	registry:scholastic-success-vocabulary-grade-2		Explicit printed word-bank, list, chart or label form only; lemma, sense and IELTS relevance require editorial review.	lexical_candidate	candidate_only	pdf	pdf:explicit-lexical-targets;pdf_page=8;section=explicit_word_bank
Scholastic Success with Vocabulary, Grade 2	scholastic-success-vocabulary-grade-2	happy	happy			Antonyms | explicit lexical targets	8	registry:scholastic-success-vocabulary-grade-2		Explicit printed word-bank, list, chart or label form only; lemma, sense and IELTS relevance require editorial review.	lexical_candidate	candidate_only	pdf	pdf:explicit-lexical-targets;pdf_page=8;section=explicit_word_bank
Scholastic Success with Vocabulary, Grade 2	scholastic-success-vocabulary-grade-2	old	old			Antonyms | explicit lexical targets	8	registry:scholastic-success-vocabulary-grade-2		Explicit printed word-bank, list, chart or label form only; lemma, sense and IELTS relevance require editorial review.	lexical_candidate	candidate_only	pdf	pdf:explicit-lexical-targets;pdf_page=8;section=explicit_word_bank
Scholastic Success with Vocabulary, Grade 2	scholastic-success-vocabulary-grade-2	open	open			Antonyms | explicit lexical targets	8	registry:scholastic-success-vocabulary-grade-2		Explicit printed word-bank, list, chart or label form only; lemma, sense and IELTS relevance require editorial review.	lexical_candidate	candidate_only	pdf	pdf:explicit-lexical-targets;pdf_page=8;section=explicit_word_bank
Scholastic Success with Vocabulary, Grade 2	scholastic-success-vocabulary-grade-2	remember	remember			Antonyms | explicit lexical targets	8	registry:scholastic-success-vocabulary-grade-2		Explicit printed word-bank, list, chart or label form only; lemma, sense and IELTS relevance require editorial review.	lexical_candidate	candidate_only	pdf	pdf:explicit-lexical-targets;pdf_page=8;section=explicit_word_bank
Scholastic Success with Vocabulary, Grade 2	scholastic-success-vocabulary-grade-2	stop	stop			Antonyms | explicit lexical targets	8	registry:scholastic-success-vocabulary-grade-2		Explicit printed word-bank, list, chart or label form only; lemma, sense and IELTS relevance require editorial review.	lexical_candidate	candidate_only	pdf	pdf:explicit-lexical-targets;pdf_page=8;section=explicit_word_bank
Scholastic Success with Vocabulary, Grade 2	scholastic-success-vocabulary-grade-2	frown	frown			Antonyms | explicit lexical targets	8	registry:scholastic-success-vocabulary-grade-2		Explicit printed word-bank, list, chart or label form only; lemma, sense and IELTS relevance require editorial review.	lexical_candidate	candidate_only	pdf	pdf:explicit-lexical-targets;pdf_page=8;section=explicit_word_bank
Scholastic Success with Vocabulary, Grade 2	scholastic-success-vocabulary-grade-2	narrow	narrow			Antonyms | explicit lexical targets	8	registry:scholastic-success-vocabulary-grade-2		Explicit printed word-bank, list, chart or label form only; lemma, sense and IELTS relevance require editorial review.	lexical_candidate	candidate_only	pdf	pdf:explicit-lexical-targets;pdf_page=8;section=explicit_word_bank
Scholastic Success with Vocabulary, Grade 2	scholastic-success-vocabulary-grade-2	little	little			Antonyms | explicit lexical targets	8	registry:scholastic-success-vocabulary-grade-2		Explicit printed word-bank, list, chart or label form only; lemma, sense and IELTS relevance require editorial review.	lexical_candidate	candidate_only	pdf	pdf:explicit-lexical-targets;pdf_page=8;section=explicit_word_bank
Scholastic Success with Vocabulary, Grade 2	scholastic-success-vocabulary-grade-2	found	found			Antonyms | explicit lexical targets	8	registry:scholastic-success-vocabulary-grade-2		Explicit printed word-bank, list, chart or label form only; lemma, sense and IELTS relevance require editorial review.	lexical_candidate	candidate_only	pdf	pdf:explicit-lexical-targets;pdf_page=8;section=explicit_word_bank
Scholastic Success with Vocabulary, Grade 2	scholastic-success-vocabulary-grade-2	walk	walk			Compound words | explicit lexical targets	14	registry:scholastic-success-vocabulary-grade-2		Explicit printed word-bank, list, chart or label form only; lemma, sense and IELTS relevance require editorial review.	lexical_candidate	candidate_only	pdf	pdf:explicit-lexical-targets;pdf_page=14;section=explicit_word_bank
Scholastic Success with Vocabulary, Grade 2	scholastic-success-vocabulary-grade-2	finger	finger			Compound words | explicit lexical targets	14	registry:scholastic-success-vocabulary-grade-2		Explicit printed word-bank, list, chart or label form only; lemma, sense and IELTS relevance require editorial review.	lexical_candidate	candidate_only	pdf	pdf:explicit-lexical-targets;pdf_page=14;section=explicit_word_bank
Scholastic Success with Vocabulary, Grade 2	scholastic-success-vocabulary-grade-2	cake	cake			Compound words | explicit lexical targets	14	registry:scholastic-success-vocabulary-grade-2		Explicit printed word-bank, list, chart or label form only; lemma, sense and IELTS relevance require editorial review.	lexical_candidate	candidate_only	pdf	pdf:explicit-lexical-targets;pdf_page=14;section=explicit_word_bank
Scholastic Success with Vocabulary, Grade 2	scholastic-success-vocabulary-grade-2	farm	farm			Compound words | explicit lexical targets	14	registry:scholastic-success-vocabulary-grade-2		Explicit printed word-bank, list, chart or label form only; lemma, sense and IELTS relevance require editorial review.	lexical_candidate	candidate_only	pdf	pdf:explicit-lexical-targets;pdf_page=14;section=explicit_word_bank
Scholastic Success with Vocabulary, Grade 2	scholastic-success-vocabulary-grade-2	lid	lid			Compound words | explicit lexical targets	14	registry:scholastic-success-vocabulary-grade-2		Explicit printed word-bank, list, chart or label form only; lemma, sense and IELTS relevance require editorial review.	lexical_candidate	candidate_only	pdf	pdf:explicit-lexical-targets;pdf_page=14;section=explicit_word_bank
Scholastic Success with Vocabulary, Grade 2	scholastic-success-vocabulary-grade-2	knob	knob			Compound words | explicit lexical targets	14	registry:scholastic-success-vocabulary-grade-2		Explicit printed word-bank, list, chart or label form only; lemma, sense and IELTS relevance require editorial review.	lexical_candidate	candidate_only	pdf	pdf:explicit-lexical-targets;pdf_page=14;section=explicit_word_bank
Scholastic Success with Vocabulary, Grade 2	scholastic-success-vocabulary-grade-2	bath	bath			Compound words | explicit lexical targets	14	registry:scholastic-success-vocabulary-grade-2		Explicit printed word-bank, list, chart or label form only; lemma, sense and IELTS relevance require editorial review.	lexical_candidate	candidate_only	pdf	pdf:explicit-lexical-targets;pdf_page=14;section=explicit_word_bank
Scholastic Success with Vocabulary, Grade 2	scholastic-success-vocabulary-grade-2	brush	brush			Compound words | explicit lexical targets	14	registry:scholastic-success-vocabulary-grade-2		Explicit printed word-bank, list, chart or label form only; lemma, sense and IELTS relevance require editorial review.	lexical_candidate	candidate_only	pdf	pdf:explicit-lexical-targets;pdf_page=14;section=explicit_word_bank
Scholastic Success with Vocabulary, Grade 2	scholastic-success-vocabulary-grade-2	ball	ball			Compound words | explicit lexical targets	14	registry:scholastic-success-vocabulary-grade-2		Explicit printed word-bank, list, chart or label form only; lemma, sense and IELTS relevance require editorial review.	lexical_candidate	candidate_only	pdf	pdf:explicit-lexical-targets;pdf_page=14;section=explicit_word_bank
Scholastic Success with Vocabulary, Grade 2	scholastic-success-vocabulary-grade-2	plane	plane			Compound words | explicit lexical targets	14	registry:scholastic-success-vocabulary-grade-2		Explicit printed word-bank, list, chart or label form only; lemma, sense and IELTS relevance require editorial review.	lexical_candidate	candidate_only	pdf	pdf:explicit-lexical-targets;pdf_page=14;section=explicit_word_bank
Scholastic Success with Vocabulary, Grade 2	scholastic-success-vocabulary-grade-2	hive	hive			Compound words | explicit lexical targets	14	registry:scholastic-success-vocabulary-grade-2		Explicit printed word-bank, list, chart or label form only; lemma, sense and IELTS relevance require editorial review.	lexical_candidate	candidate_only	pdf	pdf:explicit-lexical-targets;pdf_page=14;section=explicit_word_bank
Scholastic Success with Vocabulary, Grade 2	scholastic-success-vocabulary-grade-2	flower	flower			Compound words | explicit lexical targets	14	registry:scholastic-success-vocabulary-grade-2		Explicit printed word-bank, list, chart or label form only; lemma, sense and IELTS relevance require editorial review.	lexical_candidate	candidate_only	pdf	pdf:explicit-lexical-targets;pdf_page=14;section=explicit_word_bank
Scholastic Success with Vocabulary, Grade 2	scholastic-success-vocabulary-grade-2	down	down			Compound words | explicit lexical targets	14	registry:scholastic-success-vocabulary-grade-2		Explicit printed word-bank, list, chart or label form only; lemma, sense and IELTS relevance require editorial review.	lexical_candidate	candidate_only	pdf	pdf:explicit-lexical-targets;pdf_page=14;section=explicit_word_bank
Scholastic Success with Vocabulary, Grade 2	scholastic-success-vocabulary-grade-2	shelf	shelf			Compound words | explicit lexical targets	14	registry:scholastic-success-vocabulary-grade-2		Explicit printed word-bank, list, chart or label form only; lemma, sense and IELTS relevance require editorial review.	lexical_candidate	candidate_only	pdf	pdf:explicit-lexical-targets;pdf_page=14;section=explicit_word_bank
Scholastic Success with Vocabulary, Grade 2	scholastic-success-vocabulary-grade-2	bed	bed			Compound words | explicit lexical targets	14	registry:scholastic-success-vocabulary-grade-2		Explicit printed word-bank, list, chart or label form only; lemma, sense and IELTS relevance require editorial review.	lexical_candidate	candidate_only	pdf	pdf:explicit-lexical-targets;pdf_page=14;section=explicit_word_bank
Scholastic Success with Vocabulary, Grade 2	scholastic-success-vocabulary-grade-2	ground	ground			Compound words | explicit lexical targets	14	registry:scholastic-success-vocabulary-grade-2		Explicit printed word-bank, list, chart or label form only; lemma, sense and IELTS relevance require editorial review.	lexical_candidate	candidate_only	pdf	pdf:explicit-lexical-targets;pdf_page=14;section=explicit_word_bank
Scholastic Success with Vocabulary, Grade 2	scholastic-success-vocabulary-grade-2	agree	agree			Context-clue targets | explicit lexical targets	22	registry:scholastic-success-vocabulary-grade-2		Explicit printed word-bank, list, chart or label form only; lemma, sense and IELTS relevance require editorial review.	lexical_candidate	candidate_only	pdf	pdf:explicit-lexical-targets;pdf_page=22;section=explicit_word_bank
Scholastic Success with Vocabulary, Grade 2	scholastic-success-vocabulary-grade-2	value	value			Context-clue targets | explicit lexical targets	22	registry:scholastic-success-vocabulary-grade-2		Explicit printed word-bank, list, chart or label form only; lemma, sense and IELTS relevance require editorial review.	lexical_candidate	candidate_only	pdf	pdf:explicit-lexical-targets;pdf_page=22;section=explicit_word_bank
Scholastic Success with Vocabulary, Grade 2	scholastic-success-vocabulary-grade-2	burst	burst			Context-clue targets | explicit lexical targets	22	registry:scholastic-success-vocabulary-grade-2		Explicit printed word-bank, list, chart or label form only; lemma, sense and IELTS relevance require editorial review.	lexical_candidate	candidate_only	pdf	pdf:explicit-lexical-targets;pdf_page=22;section=explicit_word_bank
Scholastic Success with Vocabulary, Grade 2	scholastic-success-vocabulary-grade-2	gain	gain			Context-clue targets | explicit lexical targets	22	registry:scholastic-success-vocabulary-grade-2		Explicit printed word-bank, list, chart or label form only; lemma, sense and IELTS relevance require editorial review.	lexical_candidate	candidate_only	pdf	pdf:explicit-lexical-targets;pdf_page=22;section=explicit_word_bank
Scholastic Success with Vocabulary, Grade 2	scholastic-success-vocabulary-grade-2	graph	graph			Context-clue targets | explicit lexical targets	22	registry:scholastic-success-vocabulary-grade-2		Explicit printed word-bank, list, chart or label form only; lemma, sense and IELTS relevance require editorial review.	lexical_candidate	candidate_only	pdf	pdf:explicit-lexical-targets;pdf_page=22;section=explicit_word_bank
Scholastic Success with Vocabulary, Grade 2	scholastic-success-vocabulary-grade-2	duty	duty			Context-clue targets | explicit lexical targets	22	registry:scholastic-success-vocabulary-grade-2		Explicit printed word-bank, list, chart or label form only; lemma, sense and IELTS relevance require editorial review.	lexical_candidate	candidate_only	pdf	pdf:explicit-lexical-targets;pdf_page=22;section=explicit_word_bank
Scholastic Success with Vocabulary, Grade 2	scholastic-success-vocabulary-grade-2	cure	cure			Context-clue targets | explicit lexical targets	22	registry:scholastic-success-vocabulary-grade-2		Explicit printed word-bank, list, chart or label form only; lemma, sense and IELTS relevance require editorial review.	lexical_candidate	candidate_only	pdf	pdf:explicit-lexical-targets;pdf_page=22;section=explicit_word_bank
Scholastic Success with Vocabulary, Grade 2	scholastic-success-vocabulary-grade-2	split	split			Context-clue targets | explicit lexical targets	22	registry:scholastic-success-vocabulary-grade-2		Explicit printed word-bank, list, chart or label form only; lemma, sense and IELTS relevance require editorial review.	lexical_candidate	candidate_only	pdf	pdf:explicit-lexical-targets;pdf_page=22;section=explicit_word_bank
Scholastic Success with Vocabulary, Grade 2	scholastic-success-vocabulary-grade-2	elect	elect			Context-clue targets | explicit lexical targets	22	registry:scholastic-success-vocabulary-grade-2		Explicit printed word-bank, list, chart or label form only; lemma, sense and IELTS relevance require editorial review.	lexical_candidate	candidate_only	pdf	pdf:explicit-lexical-targets;pdf_page=22;section=explicit_word_bank
Scholastic Success with Vocabulary, Grade 2	scholastic-success-vocabulary-grade-2	circle	circle	noun		Geometry vocabulary | explicit lexical targets	24	registry:scholastic-success-vocabulary-grade-2		Explicit printed word-bank, list, chart or label form only; lemma, sense and IELTS relevance require editorial review.	lexical_candidate	candidate_only	pdf	pdf:explicit-lexical-targets;pdf_page=24;section=explicit_word_box
Scholastic Success with Vocabulary, Grade 2	scholastic-success-vocabulary-grade-2	rectangle	rectangle	noun		Geometry vocabulary | explicit lexical targets	24	registry:scholastic-success-vocabulary-grade-2		Explicit printed word-bank, list, chart or label form only; lemma, sense and IELTS relevance require editorial review.	lexical_candidate	candidate_only	pdf	pdf:explicit-lexical-targets;pdf_page=24;section=explicit_word_box
Scholastic Success with Vocabulary, Grade 2	scholastic-success-vocabulary-grade-2	cylinder	cylinder	noun		Geometry vocabulary | explicit lexical targets	24	registry:scholastic-success-vocabulary-grade-2		Explicit printed word-bank, list, chart or label form only; lemma, sense and IELTS relevance require editorial review.	lexical_candidate	candidate_only	pdf	pdf:explicit-lexical-targets;pdf_page=24;section=explicit_word_box
Scholastic Success with Vocabulary, Grade 2	scholastic-success-vocabulary-grade-2	cube	cube	noun		Geometry vocabulary | explicit lexical targets	24	registry:scholastic-success-vocabulary-grade-2		Explicit printed word-bank, list, chart or label form only; lemma, sense and IELTS relevance require editorial review.	lexical_candidate	candidate_only	pdf	pdf:explicit-lexical-targets;pdf_page=24;section=explicit_word_box
Scholastic Success with Vocabulary, Grade 2	scholastic-success-vocabulary-grade-2	oval	oval	noun		Geometry vocabulary | explicit lexical targets	24	registry:scholastic-success-vocabulary-grade-2		Explicit printed word-bank, list, chart or label form only; lemma, sense and IELTS relevance require editorial review.	lexical_candidate	candidate_only	pdf	pdf:explicit-lexical-targets;pdf_page=24;section=explicit_word_box
Scholastic Success with Vocabulary, Grade 2	scholastic-success-vocabulary-grade-2	square	square	noun		Geometry vocabulary | explicit lexical targets	24	registry:scholastic-success-vocabulary-grade-2		Explicit printed word-bank, list, chart or label form only; lemma, sense and IELTS relevance require editorial review.	lexical_candidate	candidate_only	pdf	pdf:explicit-lexical-targets;pdf_page=24;section=explicit_word_box
Scholastic Success with Vocabulary, Grade 2	scholastic-success-vocabulary-grade-2	triangle	triangle	noun		Geometry vocabulary | explicit lexical targets	24	registry:scholastic-success-vocabulary-grade-2		Explicit printed word-bank, list, chart or label form only; lemma, sense and IELTS relevance require editorial review.	lexical_candidate	candidate_only	pdf	pdf:explicit-lexical-targets;pdf_page=24;section=explicit_word_box
Scholastic Success with Vocabulary, Grade 2	scholastic-success-vocabulary-grade-2	cone	cone	noun		Geometry vocabulary | explicit lexical targets	24	registry:scholastic-success-vocabulary-grade-2		Explicit printed word-bank, list, chart or label form only; lemma, sense and IELTS relevance require editorial review.	lexical_candidate	candidate_only	pdf	pdf:explicit-lexical-targets;pdf_page=24;section=explicit_word_box
Scholastic Success with Vocabulary, Grade 2	scholastic-success-vocabulary-grade-2	diamond	diamond	noun		Geometry vocabulary | explicit lexical targets	24	registry:scholastic-success-vocabulary-grade-2		Explicit printed word-bank, list, chart or label form only; lemma, sense and IELTS relevance require editorial review.	lexical_candidate	candidate_only	pdf	pdf:explicit-lexical-targets;pdf_page=24;section=explicit_word_box
Scholastic Success with Vocabulary, Grade 2	scholastic-success-vocabulary-grade-2	hexagon	hexagon	noun		Geometry vocabulary | explicit lexical targets	24	registry:scholastic-success-vocabulary-grade-2		Explicit printed word-bank, list, chart or label form only; lemma, sense and IELTS relevance require editorial review.	lexical_candidate	candidate_only	pdf	pdf:explicit-lexical-targets;pdf_page=24;section=explicit_word_box
Scholastic Success with Vocabulary, Grade 2	scholastic-success-vocabulary-grade-2	stinger	stinger	noun		Insect parts | explicit lexical targets	30	registry:scholastic-success-vocabulary-grade-2		Explicit printed word-bank, list, chart or label form only; lemma, sense and IELTS relevance require editorial review.	lexical_candidate	candidate_only	pdf	pdf:explicit-lexical-targets;pdf_page=30;section=explicit_word_box
Scholastic Success with Vocabulary, Grade 2	scholastic-success-vocabulary-grade-2	wings	wings	noun		Insect parts | explicit lexical targets	30	registry:scholastic-success-vocabulary-grade-2		Explicit printed word-bank, list, chart or label form only; lemma, sense and IELTS relevance require editorial review.	lexical_candidate	candidate_only	pdf	pdf:explicit-lexical-targets;pdf_page=30;section=explicit_word_box
Scholastic Success with Vocabulary, Grade 2	scholastic-success-vocabulary-grade-2	head	head	noun		Insect parts | explicit lexical targets	30	registry:scholastic-success-vocabulary-grade-2		Explicit printed word-bank, list, chart or label form only; lemma, sense and IELTS relevance require editorial review.	lexical_candidate	candidate_only	pdf	pdf:explicit-lexical-targets;pdf_page=30;section=explicit_word_box
Scholastic Success with Vocabulary, Grade 2	scholastic-success-vocabulary-grade-2	antennae	antennae	noun		Insect parts | explicit lexical targets	30	registry:scholastic-success-vocabulary-grade-2		Explicit printed word-bank, list, chart or label form only; lemma, sense and IELTS relevance require editorial review.	lexical_candidate	candidate_only	pdf	pdf:explicit-lexical-targets;pdf_page=30;section=explicit_word_box
Scholastic Success with Vocabulary, Grade 2	scholastic-success-vocabulary-grade-2	thorax	thorax	noun		Insect parts | explicit lexical targets	30	registry:scholastic-success-vocabulary-grade-2		Explicit printed word-bank, list, chart or label form only; lemma, sense and IELTS relevance require editorial review.	lexical_candidate	candidate_only	pdf	pdf:explicit-lexical-targets;pdf_page=30;section=explicit_word_box
Scholastic Success with Vocabulary, Grade 2	scholastic-success-vocabulary-grade-2	eyes	eyes	noun		Insect parts | explicit lexical targets	30	registry:scholastic-success-vocabulary-grade-2		Explicit printed word-bank, list, chart or label form only; lemma, sense and IELTS relevance require editorial review.	lexical_candidate	candidate_only	pdf	pdf:explicit-lexical-targets;pdf_page=30;section=explicit_word_box
Scholastic Success with Vocabulary, Grade 2	scholastic-success-vocabulary-grade-2	legs	legs	noun		Insect parts | explicit lexical targets	30	registry:scholastic-success-vocabulary-grade-2		Explicit printed word-bank, list, chart or label form only; lemma, sense and IELTS relevance require editorial review.	lexical_candidate	candidate_only	pdf	pdf:explicit-lexical-targets;pdf_page=30;section=explicit_word_box
Scholastic Success with Vocabulary, Grade 2	scholastic-success-vocabulary-grade-2	abdomen	abdomen	noun		Insect parts | explicit lexical targets	30	registry:scholastic-success-vocabulary-grade-2		Explicit printed word-bank, list, chart or label form only; lemma, sense and IELTS relevance require editorial review.	lexical_candidate	candidate_only	pdf	pdf:explicit-lexical-targets;pdf_page=30;section=explicit_word_box
Scholastic Success with Vocabulary, Grade 2	scholastic-success-vocabulary-grade-2	velociraptor	velociraptor	noun		Dinosaurs | explicit lexical targets	32	registry:scholastic-success-vocabulary-grade-2		Explicit printed word-bank, list, chart or label form only; lemma, sense and IELTS relevance require editorial review.	lexical_candidate	candidate_only	pdf	pdf:explicit-lexical-targets;pdf_page=32;section=explicit_dinosaur_list
Scholastic Success with Vocabulary, Grade 2	scholastic-success-vocabulary-grade-2	allosaurus	allosaurus	noun		Dinosaurs | explicit lexical targets	32	registry:scholastic-success-vocabulary-grade-2		Explicit printed word-bank, list, chart or label form only; lemma, sense and IELTS relevance require editorial review.	lexical_candidate	candidate_only	pdf	pdf:explicit-lexical-targets;pdf_page=32;section=explicit_dinosaur_list
Scholastic Success with Vocabulary, Grade 2	scholastic-success-vocabulary-grade-2	stegosaurus	stegosaurus	noun		Dinosaurs | explicit lexical targets	32	registry:scholastic-success-vocabulary-grade-2		Explicit printed word-bank, list, chart or label form only; lemma, sense and IELTS relevance require editorial review.	lexical_candidate	candidate_only	pdf	pdf:explicit-lexical-targets;pdf_page=32;section=explicit_dinosaur_list
Scholastic Success with Vocabulary, Grade 2	scholastic-success-vocabulary-grade-2	iguanodon	iguanodon	noun		Dinosaurs | explicit lexical targets	32	registry:scholastic-success-vocabulary-grade-2		Explicit printed word-bank, list, chart or label form only; lemma, sense and IELTS relevance require editorial review.	lexical_candidate	candidate_only	pdf	pdf:explicit-lexical-targets;pdf_page=32;section=explicit_dinosaur_list
Scholastic Success with Vocabulary, Grade 2	scholastic-success-vocabulary-grade-2	brachiosaurus	brachiosaurus	noun		Dinosaurs | explicit lexical targets	32	registry:scholastic-success-vocabulary-grade-2		Explicit printed word-bank, list, chart or label form only; lemma, sense and IELTS relevance require editorial review.	lexical_candidate	candidate_only	pdf	pdf:explicit-lexical-targets;pdf_page=32;section=explicit_dinosaur_list
Scholastic Success with Vocabulary, Grade 2	scholastic-success-vocabulary-grade-2	triceratops	triceratops	noun		Dinosaurs | explicit lexical targets	32	registry:scholastic-success-vocabulary-grade-2		Explicit printed word-bank, list, chart or label form only; lemma, sense and IELTS relevance require editorial review.	lexical_candidate	candidate_only	pdf	pdf:explicit-lexical-targets;pdf_page=32;section=explicit_dinosaur_list
Scholastic Success with Vocabulary, Grade 2	scholastic-success-vocabulary-grade-2	pteranodon	pteranodon	noun		Dinosaurs | explicit lexical targets	32	registry:scholastic-success-vocabulary-grade-2		Explicit printed word-bank, list, chart or label form only; lemma, sense and IELTS relevance require editorial review.	lexical_candidate	candidate_only	pdf	pdf:explicit-lexical-targets;pdf_page=32;section=explicit_dinosaur_list
Scholastic Success with Vocabulary, Grade 2	scholastic-success-vocabulary-grade-2	megalosaurus	megalosaurus	noun		Dinosaurs | explicit lexical targets	32	registry:scholastic-success-vocabulary-grade-2		Explicit printed word-bank, list, chart or label form only; lemma, sense and IELTS relevance require editorial review.	lexical_candidate	candidate_only	pdf	pdf:explicit-lexical-targets;pdf_page=32;section=explicit_dinosaur_list
Scholastic Success with Vocabulary, Grade 2	scholastic-success-vocabulary-grade-2	diplodocus	diplodocus	noun		Dinosaurs | explicit lexical targets	32	registry:scholastic-success-vocabulary-grade-2		Explicit printed word-bank, list, chart or label form only; lemma, sense and IELTS relevance require editorial review.	lexical_candidate	candidate_only	pdf	pdf:explicit-lexical-targets;pdf_page=32;section=explicit_dinosaur_list
Scholastic Success with Vocabulary, Grade 2	scholastic-success-vocabulary-grade-2	apatosaurus	apatosaurus	noun		Dinosaurs | explicit lexical targets	32	registry:scholastic-success-vocabulary-grade-2		Explicit printed word-bank, list, chart or label form only; lemma, sense and IELTS relevance require editorial review.	lexical_candidate	candidate_only	pdf	pdf:explicit-lexical-targets;pdf_page=32;section=explicit_dinosaur_list
Scholastic Success with Vocabulary, Grade 2	scholastic-success-vocabulary-grade-2	ovary	ovary	noun		Flower parts | explicit lexical targets	34	registry:scholastic-success-vocabulary-grade-2		Explicit printed word-bank, list, chart or label form only; lemma, sense and IELTS relevance require editorial review.	lexical_candidate	candidate_only	pdf	pdf:explicit-lexical-targets;pdf_page=34;section=explicit_word_box
Scholastic Success with Vocabulary, Grade 2	scholastic-success-vocabulary-grade-2	petals	petals	noun		Flower parts | explicit lexical targets	34	registry:scholastic-success-vocabulary-grade-2		Explicit printed word-bank, list, chart or label form only; lemma, sense and IELTS relevance require editorial review.	lexical_candidate	candidate_only	pdf	pdf:explicit-lexical-targets;pdf_page=34;section=explicit_word_box
Scholastic Success with Vocabulary, Grade 2	scholastic-success-vocabulary-grade-2	stigma	stigma	noun		Flower parts | explicit lexical targets	34	registry:scholastic-success-vocabulary-grade-2		Explicit printed word-bank, list, chart or label form only; lemma, sense and IELTS relevance require editorial review.	lexical_candidate	candidate_only	pdf	pdf:explicit-lexical-targets;pdf_page=34;section=explicit_word_box
Scholastic Success with Vocabulary, Grade 2	scholastic-success-vocabulary-grade-2	anthers	anthers	noun		Flower parts | explicit lexical targets	34	registry:scholastic-success-vocabulary-grade-2		Explicit printed word-bank, list, chart or label form only; lemma, sense and IELTS relevance require editorial review.	lexical_candidate	candidate_only	pdf	pdf:explicit-lexical-targets;pdf_page=34;section=explicit_word_box
Scholastic Success with Vocabulary, Grade 2	scholastic-success-vocabulary-grade-2	style	style	noun		Flower parts | explicit lexical targets	34	registry:scholastic-success-vocabulary-grade-2		Explicit printed word-bank, list, chart or label form only; lemma, sense and IELTS relevance require editorial review.	lexical_candidate	candidate_only	pdf	pdf:explicit-lexical-targets;pdf_page=34;section=explicit_word_box
Scholastic Success with Vocabulary, Grade 2	scholastic-success-vocabulary-grade-2	ocean	ocean	noun		Animal habitats | explicit lexical targets	50	registry:scholastic-success-vocabulary-grade-2		Explicit printed word-bank, list, chart or label form only; lemma, sense and IELTS relevance require editorial review.	lexical_candidate	candidate_only	pdf	pdf:explicit-lexical-targets;pdf_page=50;section=explicit_label_grid
Scholastic Success with Vocabulary, Grade 2	scholastic-success-vocabulary-grade-2	grasslands	grasslands	noun		Animal habitats | explicit lexical targets	50	registry:scholastic-success-vocabulary-grade-2		Explicit printed word-bank, list, chart or label form only; lemma, sense and IELTS relevance require editorial review.	lexical_candidate	candidate_only	pdf	pdf:explicit-lexical-targets;pdf_page=50;section=explicit_label_grid
Scholastic Success with Vocabulary, Grade 2	scholastic-success-vocabulary-grade-2	desert	desert	noun		Animal habitats | explicit lexical targets	50	registry:scholastic-success-vocabulary-grade-2		Explicit printed word-bank, list, chart or label form only; lemma, sense and IELTS relevance require editorial review.	lexical_candidate	candidate_only	pdf	pdf:explicit-lexical-targets;pdf_page=50;section=explicit_label_grid
Scholastic Success with Vocabulary, Grade 2	scholastic-success-vocabulary-grade-2	rain forest	rain forest	noun		Animal habitats | explicit lexical targets	50	registry:scholastic-success-vocabulary-grade-2		Explicit printed word-bank, list, chart or label form only; lemma, sense and IELTS relevance require editorial review.	lexical_candidate	candidate_only	pdf	pdf:explicit-lexical-targets;pdf_page=50;section=explicit_label_grid
Scholastic Success with Vocabulary, Grade 2	scholastic-success-vocabulary-grade-2	polar zones	polar zones	noun		Animal habitats | explicit lexical targets	50	registry:scholastic-success-vocabulary-grade-2		Explicit printed word-bank, list, chart or label form only; lemma, sense and IELTS relevance require editorial review.	lexical_candidate	candidate_only	pdf	pdf:explicit-lexical-targets;pdf_page=50;section=explicit_label_grid
Scholastic Success with Vocabulary, Grade 2	scholastic-success-vocabulary-grade-2	monkey	monkey	noun		Animal habitats | explicit lexical targets	50	registry:scholastic-success-vocabulary-grade-2		Explicit printed word-bank, list, chart or label form only; lemma, sense and IELTS relevance require editorial review.	lexical_candidate	candidate_only	pdf	pdf:explicit-lexical-targets;pdf_page=50;section=explicit_label_grid
Scholastic Success with Vocabulary, Grade 2	scholastic-success-vocabulary-grade-2	snake	snake	noun		Animal habitats | explicit lexical targets	50	registry:scholastic-success-vocabulary-grade-2		Explicit printed word-bank, list, chart or label form only; lemma, sense and IELTS relevance require editorial review.	lexical_candidate	candidate_only	pdf	pdf:explicit-lexical-targets;pdf_page=50;section=explicit_label_grid
Scholastic Success with Vocabulary, Grade 2	scholastic-success-vocabulary-grade-2	ape	ape	noun		Animal habitats | explicit lexical targets	50	registry:scholastic-success-vocabulary-grade-2		Explicit printed word-bank, list, chart or label form only; lemma, sense and IELTS relevance require editorial review.	lexical_candidate	candidate_only	pdf	pdf:explicit-lexical-targets;pdf_page=50;section=explicit_label_grid
Scholastic Success with Vocabulary, Grade 2	scholastic-success-vocabulary-grade-2	octopus	octopus	noun		Animal habitats | explicit lexical targets	50	registry:scholastic-success-vocabulary-grade-2		Explicit printed word-bank, list, chart or label form only; lemma, sense and IELTS relevance require editorial review.	lexical_candidate	candidate_only	pdf	pdf:explicit-lexical-targets;pdf_page=50;section=explicit_label_grid
Scholastic Success with Vocabulary, Grade 2	scholastic-success-vocabulary-grade-2	dolphin	dolphin	noun		Animal habitats | explicit lexical targets	50	registry:scholastic-success-vocabulary-grade-2		Explicit printed word-bank, list, chart or label form only; lemma, sense and IELTS relevance require editorial review.	lexical_candidate	candidate_only	pdf	pdf:explicit-lexical-targets;pdf_page=50;section=explicit_label_grid
Scholastic Success with Vocabulary, Grade 2	scholastic-success-vocabulary-grade-2	shark	shark	noun		Animal habitats | explicit lexical targets	50	registry:scholastic-success-vocabulary-grade-2		Explicit printed word-bank, list, chart or label form only; lemma, sense and IELTS relevance require editorial review.	lexical_candidate	candidate_only	pdf	pdf:explicit-lexical-targets;pdf_page=50;section=explicit_label_grid
Scholastic Success with Vocabulary, Grade 2	scholastic-success-vocabulary-grade-2	penguin	penguin	noun		Animal habitats | explicit lexical targets	50	registry:scholastic-success-vocabulary-grade-2		Explicit printed word-bank, list, chart or label form only; lemma, sense and IELTS relevance require editorial review.	lexical_candidate	candidate_only	pdf	pdf:explicit-lexical-targets;pdf_page=50;section=explicit_label_grid
Scholastic Success with Vocabulary, Grade 2	scholastic-success-vocabulary-grade-2	walrus	walrus	noun		Animal habitats | explicit lexical targets	50	registry:scholastic-success-vocabulary-grade-2		Explicit printed word-bank, list, chart or label form only; lemma, sense and IELTS relevance require editorial review.	lexical_candidate	candidate_only	pdf	pdf:explicit-lexical-targets;pdf_page=50;section=explicit_label_grid
Scholastic Success with Vocabulary, Grade 2	scholastic-success-vocabulary-grade-2	polar bear	polar bear	noun		Animal habitats | explicit lexical targets	50	registry:scholastic-success-vocabulary-grade-2		Explicit printed word-bank, list, chart or label form only; lemma, sense and IELTS relevance require editorial review.	lexical_candidate	candidate_only	pdf	pdf:explicit-lexical-targets;pdf_page=50;section=explicit_label_grid
Scholastic Success with Vocabulary, Grade 2	scholastic-success-vocabulary-grade-2	elephant	elephant	noun		Animal habitats | explicit lexical targets	50	registry:scholastic-success-vocabulary-grade-2		Explicit printed word-bank, list, chart or label form only; lemma, sense and IELTS relevance require editorial review.	lexical_candidate	candidate_only	pdf	pdf:explicit-lexical-targets;pdf_page=50;section=explicit_label_grid
Scholastic Success with Vocabulary, Grade 2	scholastic-success-vocabulary-grade-2	lion	lion	noun		Animal habitats | explicit lexical targets	50	registry:scholastic-success-vocabulary-grade-2		Explicit printed word-bank, list, chart or label form only; lemma, sense and IELTS relevance require editorial review.	lexical_candidate	candidate_only	pdf	pdf:explicit-lexical-targets;pdf_page=50;section=explicit_label_grid
Scholastic Success with Vocabulary, Grade 2	scholastic-success-vocabulary-grade-2	antelope	antelope	noun		Animal habitats | explicit lexical targets	50	registry:scholastic-success-vocabulary-grade-2		Explicit printed word-bank, list, chart or label form only; lemma, sense and IELTS relevance require editorial review.	lexical_candidate	candidate_only	pdf	pdf:explicit-lexical-targets;pdf_page=50;section=explicit_label_grid
Scholastic Success with Vocabulary, Grade 2	scholastic-success-vocabulary-grade-2	camel	camel	noun		Animal habitats | explicit lexical targets	50	registry:scholastic-success-vocabulary-grade-2		Explicit printed word-bank, list, chart or label form only; lemma, sense and IELTS relevance require editorial review.	lexical_candidate	candidate_only	pdf	pdf:explicit-lexical-targets;pdf_page=50;section=explicit_label_grid
Scholastic Success with Vocabulary, Grade 2	scholastic-success-vocabulary-grade-2	lizard	lizard	noun		Animal habitats | explicit lexical targets	50	registry:scholastic-success-vocabulary-grade-2		Explicit printed word-bank, list, chart or label form only; lemma, sense and IELTS relevance require editorial review.	lexical_candidate	candidate_only	pdf	pdf:explicit-lexical-targets;pdf_page=50;section=explicit_label_grid
Scholastic Success with Vocabulary, Grade 2	scholastic-success-vocabulary-grade-2	coyote	coyote	noun		Animal habitats | explicit lexical targets	50	registry:scholastic-success-vocabulary-grade-2		Explicit printed word-bank, list, chart or label form only; lemma, sense and IELTS relevance require editorial review.	lexical_candidate	candidate_only	pdf	pdf:explicit-lexical-targets;pdf_page=50;section=explicit_label_grid
Scholastic Success with Vocabulary, Grade 2	scholastic-success-vocabulary-grade-2	consumer	consumer	noun		Economics | explicit lexical targets	52	registry:scholastic-success-vocabulary-grade-2		Explicit printed word-bank, list, chart or label form only; lemma, sense and IELTS relevance require editorial review.	lexical_candidate	candidate_only	pdf	pdf:explicit-lexical-targets;pdf_page=52;section=explicit_term_column
Scholastic Success with Vocabulary, Grade 2	scholastic-success-vocabulary-grade-2	want	want	noun		Economics | explicit lexical targets	52	registry:scholastic-success-vocabulary-grade-2		Explicit printed word-bank, list, chart or label form only; lemma, sense and IELTS relevance require editorial review.	lexical_candidate	candidate_only	pdf	pdf:explicit-lexical-targets;pdf_page=52;section=explicit_term_column
Scholastic Success with Vocabulary, Grade 2	scholastic-success-vocabulary-grade-2	need	need	noun		Economics | explicit lexical targets	52	registry:scholastic-success-vocabulary-grade-2		Explicit printed word-bank, list, chart or label form only; lemma, sense and IELTS relevance require editorial review.	lexical_candidate	candidate_only	pdf	pdf:explicit-lexical-targets;pdf_page=52;section=explicit_term_column
Scholastic Success with Vocabulary, Grade 2	scholastic-success-vocabulary-grade-2	currency	currency	noun		Economics | explicit lexical targets	52	registry:scholastic-success-vocabulary-grade-2		Explicit printed word-bank, list, chart or label form only; lemma, sense and IELTS relevance require editorial review.	lexical_candidate	candidate_only	pdf	pdf:explicit-lexical-targets;pdf_page=52;section=explicit_term_column
Scholastic Success with Vocabulary, Grade 2	scholastic-success-vocabulary-grade-2	producer	producer	noun		Economics | explicit lexical targets	52	registry:scholastic-success-vocabulary-grade-2		Explicit printed word-bank, list, chart or label form only; lemma, sense and IELTS relevance require editorial review.	lexical_candidate	candidate_only	pdf	pdf:explicit-lexical-targets;pdf_page=52;section=explicit_term_column
Scholastic Success with Vocabulary, Grade 2	scholastic-success-vocabulary-grade-2	product	product	noun		Economics | explicit lexical targets	52	registry:scholastic-success-vocabulary-grade-2		Explicit printed word-bank, list, chart or label form only; lemma, sense and IELTS relevance require editorial review.	lexical_candidate	candidate_only	pdf	pdf:explicit-lexical-targets;pdf_page=52;section=explicit_term_column
Scholastic Success with Vocabulary, Grade 2	scholastic-success-vocabulary-grade-2	service	service	noun		Economics | explicit lexical targets	52	registry:scholastic-success-vocabulary-grade-2		Explicit printed word-bank, list, chart or label form only; lemma, sense and IELTS relevance require editorial review.	lexical_candidate	candidate_only	pdf	pdf:explicit-lexical-targets;pdf_page=52;section=explicit_term_column
Scholastic Success with Vocabulary, Grade 2	scholastic-success-vocabulary-grade-2	labor	labor	noun		Economics | explicit lexical targets	52	registry:scholastic-success-vocabulary-grade-2		Explicit printed word-bank, list, chart or label form only; lemma, sense and IELTS relevance require editorial review.	lexical_candidate	candidate_only	pdf	pdf:explicit-lexical-targets;pdf_page=52;section=explicit_term_column
Scholastic Success with Vocabulary, Grade 2	scholastic-success-vocabulary-grade-2	bank	bank	noun		Economics | explicit lexical targets	52	registry:scholastic-success-vocabulary-grade-2		Explicit printed word-bank, list, chart or label form only; lemma, sense and IELTS relevance require editorial review.	lexical_candidate	candidate_only	pdf	pdf:explicit-lexical-targets;pdf_page=52;section=explicit_term_column
Scholastic Success with Vocabulary, Grade 2	scholastic-success-vocabulary-grade-2	lonely	lonely	adjective		Emotions | explicit lexical targets	54	registry:scholastic-success-vocabulary-grade-2		Explicit printed word-bank, list, chart or label form only; lemma, sense and IELTS relevance require editorial review.	lexical_candidate	candidate_only	pdf	pdf:explicit-lexical-targets;pdf_page=54;section=explicit_word_box
Scholastic Success with Vocabulary, Grade 2	scholastic-success-vocabulary-grade-2	sad	sad	adjective		Emotions | explicit lexical targets	54	registry:scholastic-success-vocabulary-grade-2		Explicit printed word-bank, list, chart or label form only; lemma, sense and IELTS relevance require editorial review.	lexical_candidate	candidate_only	pdf	pdf:explicit-lexical-targets;pdf_page=54;section=explicit_word_box
Scholastic Success with Vocabulary, Grade 2	scholastic-success-vocabulary-grade-2	surprised	surprised	adjective		Emotions | explicit lexical targets	54	registry:scholastic-success-vocabulary-grade-2		Explicit printed word-bank, list, chart or label form only; lemma, sense and IELTS relevance require editorial review.	lexical_candidate	candidate_only	pdf	pdf:explicit-lexical-targets;pdf_page=54;section=explicit_word_box
Scholastic Success with Vocabulary, Grade 2	scholastic-success-vocabulary-grade-2	angry	angry	adjective		Emotions | explicit lexical targets	54	registry:scholastic-success-vocabulary-grade-2		Explicit printed word-bank, list, chart or label form only; lemma, sense and IELTS relevance require editorial review.	lexical_candidate	candidate_only	pdf	pdf:explicit-lexical-targets;pdf_page=54;section=explicit_word_box
Scholastic Success with Vocabulary, Grade 2	scholastic-success-vocabulary-grade-2	nervous	nervous	adjective		Emotions | explicit lexical targets	54	registry:scholastic-success-vocabulary-grade-2		Explicit printed word-bank, list, chart or label form only; lemma, sense and IELTS relevance require editorial review.	lexical_candidate	candidate_only	pdf	pdf:explicit-lexical-targets;pdf_page=54;section=explicit_word_box
Scholastic Success with Vocabulary, Grade 2	scholastic-success-vocabulary-grade-2	confused	confused	adjective		Emotions | explicit lexical targets	54	registry:scholastic-success-vocabulary-grade-2		Explicit printed word-bank, list, chart or label form only; lemma, sense and IELTS relevance require editorial review.	lexical_candidate	candidate_only	pdf	pdf:explicit-lexical-targets;pdf_page=54;section=explicit_word_box
Scholastic Success with Vocabulary, Grade 2	scholastic-success-vocabulary-grade-2	afraid	afraid	adjective		Emotions | explicit lexical targets	54	registry:scholastic-success-vocabulary-grade-2		Explicit printed word-bank, list, chart or label form only; lemma, sense and IELTS relevance require editorial review.	lexical_candidate	candidate_only	pdf	pdf:explicit-lexical-targets;pdf_page=54;section=explicit_word_box
Scholastic Success with Vocabulary, Grade 2	scholastic-success-vocabulary-grade-2	excited	excited	adjective		Emotions | explicit lexical targets	54	registry:scholastic-success-vocabulary-grade-2		Explicit printed word-bank, list, chart or label form only; lemma, sense and IELTS relevance require editorial review.	lexical_candidate	candidate_only	pdf	pdf:explicit-lexical-targets;pdf_page=54;section=explicit_word_box
Scholastic Success with Vocabulary, Grade 2	scholastic-success-vocabulary-grade-2	consideration	consideration	noun		Character traits | explicit lexical targets	56	registry:scholastic-success-vocabulary-grade-2		Explicit printed word-bank, list, chart or label form only; lemma, sense and IELTS relevance require editorial review.	lexical_candidate	candidate_only	pdf	pdf:explicit-lexical-targets;pdf_page=56;section=explicit_cap_labels
Scholastic Success with Vocabulary, Grade 2	scholastic-success-vocabulary-grade-2	cooperation	cooperation	noun		Character traits | explicit lexical targets	56	registry:scholastic-success-vocabulary-grade-2		Explicit printed word-bank, list, chart or label form only; lemma, sense and IELTS relevance require editorial review.	lexical_candidate	candidate_only	pdf	pdf:explicit-lexical-targets;pdf_page=56;section=explicit_cap_labels
Scholastic Success with Vocabulary, Grade 2	scholastic-success-vocabulary-grade-2	honesty	honesty	noun		Character traits | explicit lexical targets	56	registry:scholastic-success-vocabulary-grade-2		Explicit printed word-bank, list, chart or label form only; lemma, sense and IELTS relevance require editorial review.	lexical_candidate	candidate_only	pdf	pdf:explicit-lexical-targets;pdf_page=56;section=explicit_cap_labels
Scholastic Success with Vocabulary, Grade 2	scholastic-success-vocabulary-grade-2	responsibility	responsibility	noun		Character traits | explicit lexical targets	56	registry:scholastic-success-vocabulary-grade-2		Explicit printed word-bank, list, chart or label form only; lemma, sense and IELTS relevance require editorial review.	lexical_candidate	candidate_only	pdf	pdf:explicit-lexical-targets;pdf_page=56;section=explicit_cap_labels
Scholastic Success with Vocabulary, Grade 2	scholastic-success-vocabulary-grade-2	patience	patience	noun		Character traits | explicit lexical targets	56	registry:scholastic-success-vocabulary-grade-2		Explicit printed word-bank, list, chart or label form only; lemma, sense and IELTS relevance require editorial review.	lexical_candidate	candidate_only	pdf	pdf:explicit-lexical-targets;pdf_page=56;section=explicit_cap_labels
Scholastic Success with Vocabulary, Grade 2	scholastic-success-vocabulary-grade-2	dog	dog			Short-o words | explicit lexical targets	64	registry:scholastic-success-vocabulary-grade-2		Explicit printed word-bank, list, chart or label form only; lemma, sense and IELTS relevance require editorial review.	lexical_candidate	candidate_only	pdf	pdf:explicit-lexical-targets;pdf_page=64;section=explicit_hockey_puck_bank
Scholastic Success with Vocabulary, Grade 2	scholastic-success-vocabulary-grade-2	flock	flock			Short-o words | explicit lexical targets	64	registry:scholastic-success-vocabulary-grade-2		Explicit printed word-bank, list, chart or label form only; lemma, sense and IELTS relevance require editorial review.	lexical_candidate	candidate_only	pdf	pdf:explicit-lexical-targets;pdf_page=64;section=explicit_hockey_puck_bank
Scholastic Success with Vocabulary, Grade 2	scholastic-success-vocabulary-grade-2	hop	hop			Short-o words | explicit lexical targets	64	registry:scholastic-success-vocabulary-grade-2		Explicit printed word-bank, list, chart or label form only; lemma, sense and IELTS relevance require editorial review.	lexical_candidate	candidate_only	pdf	pdf:explicit-lexical-targets;pdf_page=64;section=explicit_hockey_puck_bank
Scholastic Success with Vocabulary, Grade 2	scholastic-success-vocabulary-grade-2	knot	knot			Short-o words | explicit lexical targets	64	registry:scholastic-success-vocabulary-grade-2		Explicit printed word-bank, list, chart or label form only; lemma, sense and IELTS relevance require editorial review.	lexical_candidate	candidate_only	pdf	pdf:explicit-lexical-targets;pdf_page=64;section=explicit_hockey_puck_bank
Scholastic Success with Vocabulary, Grade 2	scholastic-success-vocabulary-grade-2	hot	hot			Short-o words | explicit lexical targets	64	registry:scholastic-success-vocabulary-grade-2		Explicit printed word-bank, list, chart or label form only; lemma, sense and IELTS relevance require editorial review.	lexical_candidate	candidate_only	pdf	pdf:explicit-lexical-targets;pdf_page=64;section=explicit_hockey_puck_bank
Scholastic Success with Vocabulary, Grade 2	scholastic-success-vocabulary-grade-2	lock	lock			Short-o words | explicit lexical targets	64	registry:scholastic-success-vocabulary-grade-2		Explicit printed word-bank, list, chart or label form only; lemma, sense and IELTS relevance require editorial review.	lexical_candidate	candidate_only	pdf	pdf:explicit-lexical-targets;pdf_page=64;section=explicit_hockey_puck_bank
Scholastic Success with Vocabulary, Grade 2	scholastic-success-vocabulary-grade-2	frog	frog			Short-o words | explicit lexical targets	64	registry:scholastic-success-vocabulary-grade-2		Explicit printed word-bank, list, chart or label form only; lemma, sense and IELTS relevance require editorial review.	lexical_candidate	candidate_only	pdf	pdf:explicit-lexical-targets;pdf_page=64;section=explicit_hockey_puck_bank
Scholastic Success with Vocabulary, Grade 2	scholastic-success-vocabulary-grade-2	trot	trot			Short-o words | explicit lexical targets	64	registry:scholastic-success-vocabulary-grade-2		Explicit printed word-bank, list, chart or label form only; lemma, sense and IELTS relevance require editorial review.	lexical_candidate	candidate_only	pdf	pdf:explicit-lexical-targets;pdf_page=64;section=explicit_hockey_puck_bank
Scholastic Success with Vocabulary, Grade 2	scholastic-success-vocabulary-grade-2	crop	crop			Short-o words | explicit lexical targets	64	registry:scholastic-success-vocabulary-grade-2		Explicit printed word-bank, list, chart or label form only; lemma, sense and IELTS relevance require editorial review.	lexical_candidate	candidate_only	pdf	pdf:explicit-lexical-targets;pdf_page=64;section=explicit_hockey_puck_bank
Scholastic Success with Vocabulary, Grade 2	scholastic-success-vocabulary-grade-2	nut	nut			Short-u words | explicit lexical targets	66	registry:scholastic-success-vocabulary-grade-2		Explicit printed word-bank, list, chart or label form only; lemma, sense and IELTS relevance require editorial review.	lexical_candidate	candidate_only	pdf	pdf:explicit-lexical-targets;pdf_page=66;section=explicit_word_bank
Scholastic Success with Vocabulary, Grade 2	scholastic-success-vocabulary-grade-2	mutt	mutt			Short-u words | explicit lexical targets	66	registry:scholastic-success-vocabulary-grade-2		Explicit printed word-bank, list, chart or label form only; lemma, sense and IELTS relevance require editorial review.	lexical_candidate	candidate_only	pdf	pdf:explicit-lexical-targets;pdf_page=66;section=explicit_word_bank
Scholastic Success with Vocabulary, Grade 2	scholastic-success-vocabulary-grade-2	scrub	scrub			Short-u words | explicit lexical targets	66	registry:scholastic-success-vocabulary-grade-2		Explicit printed word-bank, list, chart or label form only; lemma, sense and IELTS relevance require editorial review.	lexical_candidate	candidate_only	pdf	pdf:explicit-lexical-targets;pdf_page=66;section=explicit_word_bank
Scholastic Success with Vocabulary, Grade 2	scholastic-success-vocabulary-grade-2	grudge	grudge			Short-u words | explicit lexical targets	66	registry:scholastic-success-vocabulary-grade-2		Explicit printed word-bank, list, chart or label form only; lemma, sense and IELTS relevance require editorial review.	lexical_candidate	candidate_only	pdf	pdf:explicit-lexical-targets;pdf_page=66;section=explicit_word_bank
Scholastic Success with Vocabulary, Grade 2	scholastic-success-vocabulary-grade-2	run	run			Short-u words | explicit lexical targets	66	registry:scholastic-success-vocabulary-grade-2		Explicit printed word-bank, list, chart or label form only; lemma, sense and IELTS relevance require editorial review.	lexical_candidate	candidate_only	pdf	pdf:explicit-lexical-targets;pdf_page=66;section=explicit_word_bank
Scholastic Success with Vocabulary, Grade 2	scholastic-success-vocabulary-grade-2	dull	dull			Short-u words | explicit lexical targets	66	registry:scholastic-success-vocabulary-grade-2		Explicit printed word-bank, list, chart or label form only; lemma, sense and IELTS relevance require editorial review.	lexical_candidate	candidate_only	pdf	pdf:explicit-lexical-targets;pdf_page=66;section=explicit_word_bank
Scholastic Success with Vocabulary, Grade 2	scholastic-success-vocabulary-grade-2	bus	bus			Short-u words | explicit lexical targets	66	registry:scholastic-success-vocabulary-grade-2		Explicit printed word-bank, list, chart or label form only; lemma, sense and IELTS relevance require editorial review.	lexical_candidate	candidate_only	pdf	pdf:explicit-lexical-targets;pdf_page=66;section=explicit_word_bank
Scholastic Success with Vocabulary, Grade 2	scholastic-success-vocabulary-grade-2	smudge	smudge			Short-u words | explicit lexical targets	66	registry:scholastic-success-vocabulary-grade-2		Explicit printed word-bank, list, chart or label form only; lemma, sense and IELTS relevance require editorial review.	lexical_candidate	candidate_only	pdf	pdf:explicit-lexical-targets;pdf_page=66;section=explicit_word_bank
Scholastic Success with Vocabulary, Grade 2	scholastic-success-vocabulary-grade-2	mud	mud			Short-u words | explicit lexical targets	66	registry:scholastic-success-vocabulary-grade-2		Explicit printed word-bank, list, chart or label form only; lemma, sense and IELTS relevance require editorial review.	lexical_candidate	candidate_only	pdf	pdf:explicit-lexical-targets;pdf_page=66;section=explicit_word_bank
Scholastic Success with Vocabulary, Grade 2	scholastic-success-vocabulary-grade-2	sun	sun			Short-u words | explicit lexical targets	66	registry:scholastic-success-vocabulary-grade-2		Explicit printed word-bank, list, chart or label form only; lemma, sense and IELTS relevance require editorial review.	lexical_candidate	candidate_only	pdf	pdf:explicit-lexical-targets;pdf_page=66;section=explicit_word_bank
Scholastic Success with Vocabulary, Grade 2	scholastic-success-vocabulary-grade-2	bulb	bulb			Short-u words | explicit lexical targets	66	registry:scholastic-success-vocabulary-grade-2		Explicit printed word-bank, list, chart or label form only; lemma, sense and IELTS relevance require editorial review.	lexical_candidate	candidate_only	pdf	pdf:explicit-lexical-targets;pdf_page=66;section=explicit_word_bank
Scholastic Success with Vocabulary, Grade 2	scholastic-success-vocabulary-grade-2	bug	bug			Short-u words | explicit lexical targets	66	registry:scholastic-success-vocabulary-grade-2		Explicit printed word-bank, list, chart or label form only; lemma, sense and IELTS relevance require editorial review.	lexical_candidate	candidate_only	pdf	pdf:explicit-lexical-targets;pdf_page=66;section=explicit_word_bank
Scholastic Success with Vocabulary, Grade 2	scholastic-success-vocabulary-grade-2	bubble	bubble			Short-u words | explicit lexical targets	66	registry:scholastic-success-vocabulary-grade-2		Explicit printed word-bank, list, chart or label form only; lemma, sense and IELTS relevance require editorial review.	lexical_candidate	candidate_only	pdf	pdf:explicit-lexical-targets;pdf_page=66;section=explicit_word_bank
Scholastic Success with Vocabulary, Grade 2	scholastic-success-vocabulary-grade-2	tub	tub			Short-u words | explicit lexical targets	66	registry:scholastic-success-vocabulary-grade-2		Explicit printed word-bank, list, chart or label form only; lemma, sense and IELTS relevance require editorial review.	lexical_candidate	candidate_only	pdf	pdf:explicit-lexical-targets;pdf_page=66;section=explicit_word_bank
Scholastic Success with Vocabulary, Grade 2	scholastic-success-vocabulary-grade-2	drug	drug			Short-u words | explicit lexical targets	66	registry:scholastic-success-vocabulary-grade-2		Explicit printed word-bank, list, chart or label form only; lemma, sense and IELTS relevance require editorial review.	lexical_candidate	candidate_only	pdf	pdf:explicit-lexical-targets;pdf_page=66;section=explicit_word_bank
Scholastic Success with Vocabulary, Grade 2	scholastic-success-vocabulary-grade-2	hotel	hotel	noun		Nouns | explicit lexical targets	70	registry:scholastic-success-vocabulary-grade-2		Explicit printed word-bank, list, chart or label form only; lemma, sense and IELTS relevance require editorial review.	lexical_candidate	candidate_only	pdf	pdf:explicit-lexical-targets;pdf_page=70;section=explicit_sorting_targets
Scholastic Success with Vocabulary, Grade 2	scholastic-success-vocabulary-grade-2	waiter	waiter	noun		Nouns | explicit lexical targets	70	registry:scholastic-success-vocabulary-grade-2		Explicit printed word-bank, list, chart or label form only; lemma, sense and IELTS relevance require editorial review.	lexical_candidate	candidate_only	pdf	pdf:explicit-lexical-targets;pdf_page=70;section=explicit_sorting_targets
Scholastic Success with Vocabulary, Grade 2	scholastic-success-vocabulary-grade-2	zoo	zoo	noun		Nouns | explicit lexical targets	70	registry:scholastic-success-vocabulary-grade-2		Explicit printed word-bank, list, chart or label form only; lemma, sense and IELTS relevance require editorial review.	lexical_candidate	candidate_only	pdf	pdf:explicit-lexical-targets;pdf_page=70;section=explicit_sorting_targets
Scholastic Success with Vocabulary, Grade 2	scholastic-success-vocabulary-grade-2	home	home	noun		Nouns | explicit lexical targets	70	registry:scholastic-success-vocabulary-grade-2		Explicit printed word-bank, list, chart or label form only; lemma, sense and IELTS relevance require editorial review.	lexical_candidate	candidate_only	pdf	pdf:explicit-lexical-targets;pdf_page=70;section=explicit_sorting_targets
Scholastic Success with Vocabulary, Grade 2	scholastic-success-vocabulary-grade-2	table	table	noun		Nouns | explicit lexical targets	70	registry:scholastic-success-vocabulary-grade-2		Explicit printed word-bank, list, chart or label form only; lemma, sense and IELTS relevance require editorial review.	lexical_candidate	candidate_only	pdf	pdf:explicit-lexical-targets;pdf_page=70;section=explicit_sorting_targets
Scholastic Success with Vocabulary, Grade 2	scholastic-success-vocabulary-grade-2	sister	sister	noun		Nouns | explicit lexical targets	70	registry:scholastic-success-vocabulary-grade-2		Explicit printed word-bank, list, chart or label form only; lemma, sense and IELTS relevance require editorial review.	lexical_candidate	candidate_only	pdf	pdf:explicit-lexical-targets;pdf_page=70;section=explicit_sorting_targets
Scholastic Success with Vocabulary, Grade 2	scholastic-success-vocabulary-grade-2	friend	friend	noun		Nouns | explicit lexical targets	70	registry:scholastic-success-vocabulary-grade-2		Explicit printed word-bank, list, chart or label form only; lemma, sense and IELTS relevance require editorial review.	lexical_candidate	candidate_only	pdf	pdf:explicit-lexical-targets;pdf_page=70;section=explicit_sorting_targets
Scholastic Success with Vocabulary, Grade 2	scholastic-success-vocabulary-grade-2	mother	mother	noun		Nouns | explicit lexical targets	70	registry:scholastic-success-vocabulary-grade-2		Explicit printed word-bank, list, chart or label form only; lemma, sense and IELTS relevance require editorial review.	lexical_candidate	candidate_only	pdf	pdf:explicit-lexical-targets;pdf_page=70;section=explicit_sorting_targets
Scholastic Success with Vocabulary, Grade 2	scholastic-success-vocabulary-grade-2	nurse	nurse	noun		Nouns | explicit lexical targets	70	registry:scholastic-success-vocabulary-grade-2		Explicit printed word-bank, list, chart or label form only; lemma, sense and IELTS relevance require editorial review.	lexical_candidate	candidate_only	pdf	pdf:explicit-lexical-targets;pdf_page=70;section=explicit_sorting_targets
Scholastic Success with Vocabulary, Grade 2	scholastic-success-vocabulary-grade-2	school	school	noun		Nouns | explicit lexical targets	70	registry:scholastic-success-vocabulary-grade-2		Explicit printed word-bank, list, chart or label form only; lemma, sense and IELTS relevance require editorial review.	lexical_candidate	candidate_only	pdf	pdf:explicit-lexical-targets;pdf_page=70;section=explicit_sorting_targets
Scholastic Success with Vocabulary, Grade 2	scholastic-success-vocabulary-grade-2	baseball	baseball	noun		Nouns | explicit lexical targets	70	registry:scholastic-success-vocabulary-grade-2		Explicit printed word-bank, list, chart or label form only; lemma, sense and IELTS relevance require editorial review.	lexical_candidate	candidate_only	pdf	pdf:explicit-lexical-targets;pdf_page=70;section=explicit_sorting_targets
Scholastic Success with Vocabulary, Grade 2	scholastic-success-vocabulary-grade-2	beach	beach	noun		Nouns | explicit lexical targets	70	registry:scholastic-success-vocabulary-grade-2		Explicit printed word-bank, list, chart or label form only; lemma, sense and IELTS relevance require editorial review.	lexical_candidate	candidate_only	pdf	pdf:explicit-lexical-targets;pdf_page=70;section=explicit_sorting_targets
Scholastic Success with Vocabulary, Grade 2	scholastic-success-vocabulary-grade-2	brother	brother	noun		Nouns | explicit lexical targets	70	registry:scholastic-success-vocabulary-grade-2		Explicit printed word-bank, list, chart or label form only; lemma, sense and IELTS relevance require editorial review.	lexical_candidate	candidate_only	pdf	pdf:explicit-lexical-targets;pdf_page=70;section=explicit_sorting_targets
Scholastic Success with Vocabulary, Grade 2	scholastic-success-vocabulary-grade-2	hat	hat	noun		Nouns | explicit lexical targets	70	registry:scholastic-success-vocabulary-grade-2		Explicit printed word-bank, list, chart or label form only; lemma, sense and IELTS relevance require editorial review.	lexical_candidate	candidate_only	pdf	pdf:explicit-lexical-targets;pdf_page=70;section=explicit_sorting_targets
Scholastic Success with Vocabulary, Grade 2	scholastic-success-vocabulary-grade-2	librarian	librarian	noun		Nouns | explicit lexical targets	70	registry:scholastic-success-vocabulary-grade-2		Explicit printed word-bank, list, chart or label form only; lemma, sense and IELTS relevance require editorial review.	lexical_candidate	candidate_only	pdf	pdf:explicit-lexical-targets;pdf_page=70;section=explicit_sorting_targets
Scholastic Success with Vocabulary, Grade 2	scholastic-success-vocabulary-grade-2	store	store	noun		Nouns | explicit lexical targets	70	registry:scholastic-success-vocabulary-grade-2		Explicit printed word-bank, list, chart or label form only; lemma, sense and IELTS relevance require editorial review.	lexical_candidate	candidate_only	pdf	pdf:explicit-lexical-targets;pdf_page=70;section=explicit_sorting_targets
Scholastic Success with Vocabulary, Grade 2	scholastic-success-vocabulary-grade-2	teacher	teacher	noun		Nouns | explicit lexical targets	70	registry:scholastic-success-vocabulary-grade-2		Explicit printed word-bank, list, chart or label form only; lemma, sense and IELTS relevance require editorial review.	lexical_candidate	candidate_only	pdf	pdf:explicit-lexical-targets;pdf_page=70;section=explicit_sorting_targets
Scholastic Success with Vocabulary, Grade 2	scholastic-success-vocabulary-grade-2	mom	mom	noun		Nouns | explicit lexical targets	70	registry:scholastic-success-vocabulary-grade-2		Explicit printed word-bank, list, chart or label form only; lemma, sense and IELTS relevance require editorial review.	lexical_candidate	candidate_only	pdf	pdf:explicit-lexical-targets;pdf_page=70;section=explicit_sorting_targets
Scholastic Success with Vocabulary, Grade 2	scholastic-success-vocabulary-grade-2	man	man	noun		Nouns | explicit lexical targets	70	registry:scholastic-success-vocabulary-grade-2		Explicit printed word-bank, list, chart or label form only; lemma, sense and IELTS relevance require editorial review.	lexical_candidate	candidate_only	pdf	pdf:explicit-lexical-targets;pdf_page=70;section=explicit_sorting_targets
Scholastic Success with Vocabulary, Grade 2	scholastic-success-vocabulary-grade-2	ballpark	ballpark	noun		Nouns | explicit lexical targets	70	registry:scholastic-success-vocabulary-grade-2		Explicit printed word-bank, list, chart or label form only; lemma, sense and IELTS relevance require editorial review.	lexical_candidate	candidate_only	pdf	pdf:explicit-lexical-targets;pdf_page=70;section=explicit_sorting_targets
Scholastic Success with Vocabulary, Grade 2	scholastic-success-vocabulary-grade-2	number	number			Analogies | explicit lexical targets	82	registry:scholastic-success-vocabulary-grade-2		Explicit printed word-bank, list, chart or label form only; lemma, sense and IELTS relevance require editorial review.	lexical_candidate	candidate_only	pdf	pdf:explicit-lexical-targets;pdf_page=82;section=explicit_snowflake_bank
Scholastic Success with Vocabulary, Grade 2	scholastic-success-vocabulary-grade-2	son	son			Analogies | explicit lexical targets	82	registry:scholastic-success-vocabulary-grade-2		Explicit printed word-bank, list, chart or label form only; lemma, sense and IELTS relevance require editorial review.	lexical_candidate	candidate_only	pdf	pdf:explicit-lexical-targets;pdf_page=82;section=explicit_snowflake_bank
Scholastic Success with Vocabulary, Grade 2	scholastic-success-vocabulary-grade-2	hour	hour			Analogies | explicit lexical targets	82	registry:scholastic-success-vocabulary-grade-2		Explicit printed word-bank, list, chart or label form only; lemma, sense and IELTS relevance require editorial review.	lexical_candidate	candidate_only	pdf	pdf:explicit-lexical-targets;pdf_page=82;section=explicit_snowflake_bank
Scholastic Success with Vocabulary, Grade 2	scholastic-success-vocabulary-grade-2	kick	kick			Analogies | explicit lexical targets	82	registry:scholastic-success-vocabulary-grade-2		Explicit printed word-bank, list, chart or label form only; lemma, sense and IELTS relevance require editorial review.	lexical_candidate	candidate_only	pdf	pdf:explicit-lexical-targets;pdf_page=82;section=explicit_snowflake_bank
Scholastic Success with Vocabulary, Grade 2	scholastic-success-vocabulary-grade-2	cup	cup			Analogies | explicit lexical targets	82	registry:scholastic-success-vocabulary-grade-2		Explicit printed word-bank, list, chart or label form only; lemma, sense and IELTS relevance require editorial review.	lexical_candidate	candidate_only	pdf	pdf:explicit-lexical-targets;pdf_page=82;section=explicit_snowflake_bank
Scholastic Success with Vocabulary, Grade 2	scholastic-success-vocabulary-grade-2	blow	blow			Analogies | explicit lexical targets	82	registry:scholastic-success-vocabulary-grade-2		Explicit printed word-bank, list, chart or label form only; lemma, sense and IELTS relevance require editorial review.	lexical_candidate	candidate_only	pdf	pdf:explicit-lexical-targets;pdf_page=82;section=explicit_snowflake_bank
Scholastic Success with Vocabulary, Grade 2	scholastic-success-vocabulary-grade-2	full	full			Analogies | explicit lexical targets	84	registry:scholastic-success-vocabulary-grade-2		Explicit printed word-bank, list, chart or label form only; lemma, sense and IELTS relevance require editorial review.	lexical_candidate	candidate_only	pdf	pdf:explicit-lexical-targets;pdf_page=84;section=explicit_cap_bank
Scholastic Success with Vocabulary, Grade 2	scholastic-success-vocabulary-grade-2	see	see			Analogies | explicit lexical targets	84	registry:scholastic-success-vocabulary-grade-2		Explicit printed word-bank, list, chart or label form only; lemma, sense and IELTS relevance require editorial review.	lexical_candidate	candidate_only	pdf	pdf:explicit-lexical-targets;pdf_page=84;section=explicit_cap_bank
Scholastic Success with Vocabulary, Grade 2	scholastic-success-vocabulary-grade-2	climb	climb			Analogies | explicit lexical targets	84	registry:scholastic-success-vocabulary-grade-2		Explicit printed word-bank, list, chart or label form only; lemma, sense and IELTS relevance require editorial review.	lexical_candidate	candidate_only	pdf	pdf:explicit-lexical-targets;pdf_page=84;section=explicit_cap_bank
Scholastic Success with Vocabulary, Grade 2	scholastic-success-vocabulary-grade-2	sour	sour			Analogies | explicit lexical targets	84	registry:scholastic-success-vocabulary-grade-2		Explicit printed word-bank, list, chart or label form only; lemma, sense and IELTS relevance require editorial review.	lexical_candidate	candidate_only	pdf	pdf:explicit-lexical-targets;pdf_page=84;section=explicit_cap_bank
Scholastic Success with Vocabulary, Grade 2	scholastic-success-vocabulary-grade-2	least	least			Analogies | explicit lexical targets	84	registry:scholastic-success-vocabulary-grade-2		Explicit printed word-bank, list, chart or label form only; lemma, sense and IELTS relevance require editorial review.	lexical_candidate	candidate_only	pdf	pdf:explicit-lexical-targets;pdf_page=84;section=explicit_cap_bank
Scholastic Success with Vocabulary, Grade 2	scholastic-success-vocabulary-grade-2	month	month			Analogies | explicit lexical targets	86	registry:scholastic-success-vocabulary-grade-2		Explicit printed word-bank, list, chart or label form only; lemma, sense and IELTS relevance require editorial review.	lexical_candidate	candidate_only	pdf	pdf:explicit-lexical-targets;pdf_page=86;section=explicit_apple_bank
Scholastic Success with Vocabulary, Grade 2	scholastic-success-vocabulary-grade-2	river	river			Analogies | explicit lexical targets	86	registry:scholastic-success-vocabulary-grade-2		Explicit printed word-bank, list, chart or label form only; lemma, sense and IELTS relevance require editorial review.	lexical_candidate	candidate_only	pdf	pdf:explicit-lexical-targets;pdf_page=86;section=explicit_apple_bank
Scholastic Success with Vocabulary, Grade 2	scholastic-success-vocabulary-grade-2	notes	notes			Analogies | explicit lexical targets	86	registry:scholastic-success-vocabulary-grade-2		Explicit printed word-bank, list, chart or label form only; lemma, sense and IELTS relevance require editorial review.	lexical_candidate	candidate_only	pdf	pdf:explicit-lexical-targets;pdf_page=86;section=explicit_apple_bank
Scholastic Success with Vocabulary, Grade 2	scholastic-success-vocabulary-grade-2	soft	soft			Analogies | explicit lexical targets	86	registry:scholastic-success-vocabulary-grade-2		Explicit printed word-bank, list, chart or label form only; lemma, sense and IELTS relevance require editorial review.	lexical_candidate	candidate_only	pdf	pdf:explicit-lexical-targets;pdf_page=86;section=explicit_apple_bank
Scholastic Success with Vocabulary, Grade 2	scholastic-success-vocabulary-grade-2	water	water			Analogies | explicit lexical targets	86	registry:scholastic-success-vocabulary-grade-2		Explicit printed word-bank, list, chart or label form only; lemma, sense and IELTS relevance require editorial review.	lexical_candidate	candidate_only	pdf	pdf:explicit-lexical-targets;pdf_page=86;section=explicit_apple_bank
Scholastic Success with Vocabulary, Grade 2	scholastic-success-vocabulary-grade-2	women	women			Analogies | explicit lexical targets	86	registry:scholastic-success-vocabulary-grade-2		Explicit printed word-bank, list, chart or label form only; lemma, sense and IELTS relevance require editorial review.	lexical_candidate	candidate_only	pdf	pdf:explicit-lexical-targets;pdf_page=86;section=explicit_apple_bank
Scholastic Success with Vocabulary, Grade 2	scholastic-success-vocabulary-grade-2	hard	hard			Analogies | explicit lexical targets	86	registry:scholastic-success-vocabulary-grade-2		Explicit printed word-bank, list, chart or label form only; lemma, sense and IELTS relevance require editorial review.	lexical_candidate	candidate_only	pdf	pdf:explicit-lexical-targets;pdf_page=86;section=explicit_apple_bank
Scholastic Success with Vocabulary, Grade 2	scholastic-success-vocabulary-grade-2	tame	tame			Analogies | explicit lexical targets	86	registry:scholastic-success-vocabulary-grade-2		Explicit printed word-bank, list, chart or label form only; lemma, sense and IELTS relevance require editorial review.	lexical_candidate	candidate_only	pdf	pdf:explicit-lexical-targets;pdf_page=86;section=explicit_apple_bank
Scholastic Success with Vocabulary, Grade 2	scholastic-success-vocabulary-grade-2	drove	drove			Analogies | explicit lexical targets	86	registry:scholastic-success-vocabulary-grade-2		Explicit printed word-bank, list, chart or label form only; lemma, sense and IELTS relevance require editorial review.	lexical_candidate	candidate_only	pdf	pdf:explicit-lexical-targets;pdf_page=86;section=explicit_apple_bank
Scholastic Success with Vocabulary, Grade 2	scholastic-success-vocabulary-grade-2	shut	shut			Analogies | explicit lexical targets	86	registry:scholastic-success-vocabulary-grade-2		Explicit printed word-bank, list, chart or label form only; lemma, sense and IELTS relevance require editorial review.	lexical_candidate	candidate_only	pdf	pdf:explicit-lexical-targets;pdf_page=86;section=explicit_apple_bank
Scholastic Success with Vocabulary, Grade 2	scholastic-success-vocabulary-grade-2	awake	awake			Analogies | explicit lexical targets	86	registry:scholastic-success-vocabulary-grade-2		Explicit printed word-bank, list, chart or label form only; lemma, sense and IELTS relevance require editorial review.	lexical_candidate	candidate_only	pdf	pdf:explicit-lexical-targets;pdf_page=86;section=explicit_apple_bank
Scholastic Success with Vocabulary, Grade 3	scholastic-success-vocabulary-grade-3	case	case			Homonyms | explicit lexical targets	6	registry:scholastic-success-vocabulary-grade-3		Explicit printed word-bank, list, chart or label form only; lemma, sense and IELTS relevance require editorial review.	lexical_candidate	candidate_only	pdf	pdf:explicit-lexical-targets;pdf_page=6;section=explicit_word_box
Scholastic Success with Vocabulary, Grade 3	scholastic-success-vocabulary-grade-3	sole	sole			Homonyms | explicit lexical targets	6	registry:scholastic-success-vocabulary-grade-3		Explicit printed word-bank, list, chart or label form only; lemma, sense and IELTS relevance require editorial review.	lexical_candidate	candidate_only	pdf	pdf:explicit-lexical-targets;pdf_page=6;section=explicit_word_box
Scholastic Success with Vocabulary, Grade 3	scholastic-success-vocabulary-grade-3	count	count			Homonyms | explicit lexical targets	6	registry:scholastic-success-vocabulary-grade-3		Explicit printed word-bank, list, chart or label form only; lemma, sense and IELTS relevance require editorial review.	lexical_candidate	candidate_only	pdf	pdf:explicit-lexical-targets;pdf_page=6;section=explicit_word_box
Scholastic Success with Vocabulary, Grade 3	scholastic-success-vocabulary-grade-3	band	band			Homonyms | explicit lexical targets	6	registry:scholastic-success-vocabulary-grade-3		Explicit printed word-bank, list, chart or label form only; lemma, sense and IELTS relevance require editorial review.	lexical_candidate	candidate_only	pdf	pdf:explicit-lexical-targets;pdf_page=6;section=explicit_word_box
Scholastic Success with Vocabulary, Grade 3	scholastic-success-vocabulary-grade-3	firm	firm			Homonyms | explicit lexical targets	6	registry:scholastic-success-vocabulary-grade-3		Explicit printed word-bank, list, chart or label form only; lemma, sense and IELTS relevance require editorial review.	lexical_candidate	candidate_only	pdf	pdf:explicit-lexical-targets;pdf_page=6;section=explicit_word_box
Scholastic Success with Vocabulary, Grade 3	scholastic-success-vocabulary-grade-3	giraffe	giraffe	noun		Science vocabulary | explicit lexical targets	8	registry:scholastic-success-vocabulary-grade-3		Explicit printed word-bank, list, chart or label form only; lemma, sense and IELTS relevance require editorial review.	lexical_candidate	candidate_only	pdf	pdf:explicit-lexical-targets;pdf_page=8;section=explicit_animal_bank
Scholastic Success with Vocabulary, Grade 3	scholastic-success-vocabulary-grade-3	ostrich	ostrich	noun		Science vocabulary | explicit lexical targets	8	registry:scholastic-success-vocabulary-grade-3		Explicit printed word-bank, list, chart or label form only; lemma, sense and IELTS relevance require editorial review.	lexical_candidate	candidate_only	pdf	pdf:explicit-lexical-targets;pdf_page=8;section=explicit_animal_bank
Scholastic Success with Vocabulary, Grade 3	scholastic-success-vocabulary-grade-3	Komodo dragon	Komodo dragon	noun		Science vocabulary | explicit lexical targets	8	registry:scholastic-success-vocabulary-grade-3		Explicit printed word-bank, list, chart or label form only; lemma, sense and IELTS relevance require editorial review.	lexical_candidate	candidate_only	pdf	pdf:explicit-lexical-targets;pdf_page=8;section=explicit_animal_bank
Scholastic Success with Vocabulary, Grade 3	scholastic-success-vocabulary-grade-3	hawk moth	hawk moth	noun		Science vocabulary | explicit lexical targets	8	registry:scholastic-success-vocabulary-grade-3		Explicit printed word-bank, list, chart or label form only; lemma, sense and IELTS relevance require editorial review.	lexical_candidate	candidate_only	pdf	pdf:explicit-lexical-targets;pdf_page=8;section=explicit_animal_bank
Scholastic Success with Vocabulary, Grade 3	scholastic-success-vocabulary-grade-3	sea horse	sea horse	noun		Science vocabulary | explicit lexical targets	8	registry:scholastic-success-vocabulary-grade-3		Explicit printed word-bank, list, chart or label form only; lemma, sense and IELTS relevance require editorial review.	lexical_candidate	candidate_only	pdf	pdf:explicit-lexical-targets;pdf_page=8;section=explicit_animal_bank
Scholastic Success with Vocabulary, Grade 3	scholastic-success-vocabulary-grade-3	blue whale	blue whale	noun		Science vocabulary | explicit lexical targets	8	registry:scholastic-success-vocabulary-grade-3		Explicit printed word-bank, list, chart or label form only; lemma, sense and IELTS relevance require editorial review.	lexical_candidate	candidate_only	pdf	pdf:explicit-lexical-targets;pdf_page=8;section=explicit_animal_bank
Scholastic Success with Vocabulary, Grade 3	scholastic-success-vocabulary-grade-3	cheetah	cheetah	noun		Science vocabulary | explicit lexical targets	8	registry:scholastic-success-vocabulary-grade-3		Explicit printed word-bank, list, chart or label form only; lemma, sense and IELTS relevance require editorial review.	lexical_candidate	candidate_only	pdf	pdf:explicit-lexical-targets;pdf_page=8;section=explicit_animal_bank
Scholastic Success with Vocabulary, Grade 3	scholastic-success-vocabulary-grade-3	Goliath birdeater	Goliath birdeater	noun		Science vocabulary | explicit lexical targets	8	registry:scholastic-success-vocabulary-grade-3		Explicit printed word-bank, list, chart or label form only; lemma, sense and IELTS relevance require editorial review.	lexical_candidate	candidate_only	pdf	pdf:explicit-lexical-targets;pdf_page=8;section=explicit_animal_bank
Scholastic Success with Vocabulary, Grade 3	scholastic-success-vocabulary-grade-3	sailfish	sailfish	noun		Science vocabulary | explicit lexical targets	8	registry:scholastic-success-vocabulary-grade-3		Explicit printed word-bank, list, chart or label form only; lemma, sense and IELTS relevance require editorial review.	lexical_candidate	candidate_only	pdf	pdf:explicit-lexical-targets;pdf_page=8;section=explicit_animal_bank
Scholastic Success with Vocabulary, Grade 3	scholastic-success-vocabulary-grade-3	sloth	sloth	noun		Science vocabulary | explicit lexical targets	8	registry:scholastic-success-vocabulary-grade-3		Explicit printed word-bank, list, chart or label form only; lemma, sense and IELTS relevance require editorial review.	lexical_candidate	candidate_only	pdf	pdf:explicit-lexical-targets;pdf_page=8;section=explicit_animal_bank
Scholastic Success with Vocabulary, Grade 3	scholastic-success-vocabulary-grade-3	tiny	tiny			Antonyms and -ous | explicit lexical targets	10	registry:scholastic-success-vocabulary-grade-3		Explicit printed word-bank, list, chart or label form only; lemma, sense and IELTS relevance require editorial review.	lexical_candidate	candidate_only	pdf	pdf:explicit-lexical-targets;pdf_page=10;section=explicit_word_box
Scholastic Success with Vocabulary, Grade 3	scholastic-success-vocabulary-grade-3	silly	silly			Antonyms and -ous | explicit lexical targets	10	registry:scholastic-success-vocabulary-grade-3		Explicit printed word-bank, list, chart or label form only; lemma, sense and IELTS relevance require editorial review.	lexical_candidate	candidate_only	pdf	pdf:explicit-lexical-targets;pdf_page=10;section=explicit_word_box
Scholastic Success with Vocabulary, Grade 3	scholastic-success-vocabulary-grade-3	unclear	unclear			Antonyms and -ous | explicit lexical targets	10	registry:scholastic-success-vocabulary-grade-3		Explicit printed word-bank, list, chart or label form only; lemma, sense and IELTS relevance require editorial review.	lexical_candidate	candidate_only	pdf	pdf:explicit-lexical-targets;pdf_page=10;section=explicit_word_box
Scholastic Success with Vocabulary, Grade 3	scholastic-success-vocabulary-grade-3	unknown	unknown			Antonyms and -ous | explicit lexical targets	10	registry:scholastic-success-vocabulary-grade-3		Explicit printed word-bank, list, chart or label form only; lemma, sense and IELTS relevance require editorial review.	lexical_candidate	candidate_only	pdf	pdf:explicit-lexical-targets;pdf_page=10;section=explicit_word_box
Scholastic Success with Vocabulary, Grade 3	scholastic-success-vocabulary-grade-3	stingy	stingy			Antonyms and -ous | explicit lexical targets	10	registry:scholastic-success-vocabulary-grade-3		Explicit printed word-bank, list, chart or label form only; lemma, sense and IELTS relevance require editorial review.	lexical_candidate	candidate_only	pdf	pdf:explicit-lexical-targets;pdf_page=10;section=explicit_word_box
Scholastic Success with Vocabulary, Grade 3	scholastic-success-vocabulary-grade-3	tasteless	tasteless			Antonyms and -ous | explicit lexical targets	10	registry:scholastic-success-vocabulary-grade-3		Explicit printed word-bank, list, chart or label form only; lemma, sense and IELTS relevance require editorial review.	lexical_candidate	candidate_only	pdf	pdf:explicit-lexical-targets;pdf_page=10;section=explicit_word_box
Scholastic Success with Vocabulary, Grade 3	scholastic-success-vocabulary-grade-3	calm	calm			Antonyms and -ous | explicit lexical targets	10	registry:scholastic-success-vocabulary-grade-3		Explicit printed word-bank, list, chart or label form only; lemma, sense and IELTS relevance require editorial review.	lexical_candidate	candidate_only	pdf	pdf:explicit-lexical-targets;pdf_page=10;section=explicit_word_box
Scholastic Success with Vocabulary, Grade 3	scholastic-success-vocabulary-grade-3	few	few			Antonyms and -ous | explicit lexical targets	10	registry:scholastic-success-vocabulary-grade-3		Explicit printed word-bank, list, chart or label form only; lemma, sense and IELTS relevance require editorial review.	lexical_candidate	candidate_only	pdf	pdf:explicit-lexical-targets;pdf_page=10;section=explicit_word_box
Scholastic Success with Vocabulary, Grade 3	scholastic-success-vocabulary-grade-3	rude	rude			Antonyms and -ous | explicit lexical targets	10	registry:scholastic-success-vocabulary-grade-3		Explicit printed word-bank, list, chart or label form only; lemma, sense and IELTS relevance require editorial review.	lexical_candidate	candidate_only	pdf	pdf:explicit-lexical-targets;pdf_page=10;section=explicit_word_box
Scholastic Success with Vocabulary, Grade 3	scholastic-success-vocabulary-grade-3	careless	careless			Antonyms and -ous | explicit lexical targets	10	registry:scholastic-success-vocabulary-grade-3		Explicit printed word-bank, list, chart or label form only; lemma, sense and IELTS relevance require editorial review.	lexical_candidate	candidate_only	pdf	pdf:explicit-lexical-targets;pdf_page=10;section=explicit_word_box
Scholastic Success with Vocabulary, Grade 3	scholastic-success-vocabulary-grade-3	safe	safe			Antonyms and -ous | explicit lexical targets	10	registry:scholastic-success-vocabulary-grade-3		Explicit printed word-bank, list, chart or label form only; lemma, sense and IELTS relevance require editorial review.	lexical_candidate	candidate_only	pdf	pdf:explicit-lexical-targets;pdf_page=10;section=explicit_word_box
Scholastic Success with Vocabulary, Grade 3	scholastic-success-vocabulary-grade-3	timid	timid			Antonyms and -ous | explicit lexical targets	10	registry:scholastic-success-vocabulary-grade-3		Explicit printed word-bank, list, chart or label form only; lemma, sense and IELTS relevance require editorial review.	lexical_candidate	candidate_only	pdf	pdf:explicit-lexical-targets;pdf_page=10;section=explicit_word_box
Scholastic Success with Vocabulary, Grade 3	scholastic-success-vocabulary-grade-3	adult	adult			Synonyms | explicit lexical targets	22	registry:scholastic-success-vocabulary-grade-3		Explicit printed word-bank, list, chart or label form only; lemma, sense and IELTS relevance require editorial review.	lexical_candidate	candidate_only	pdf	pdf:explicit-lexical-targets;pdf_page=22;section=explicit_group_targets
Scholastic Success with Vocabulary, Grade 3	scholastic-success-vocabulary-grade-3	grown-up	grown-up			Synonyms | explicit lexical targets	22	registry:scholastic-success-vocabulary-grade-3		Explicit printed word-bank, list, chart or label form only; lemma, sense and IELTS relevance require editorial review.	lexical_candidate	candidate_only	pdf	pdf:explicit-lexical-targets;pdf_page=22;section=explicit_group_targets
Scholastic Success with Vocabulary, Grade 3	scholastic-success-vocabulary-grade-3	young	young			Synonyms | explicit lexical targets	22	registry:scholastic-success-vocabulary-grade-3		Explicit printed word-bank, list, chart or label form only; lemma, sense and IELTS relevance require editorial review.	lexical_candidate	candidate_only	pdf	pdf:explicit-lexical-targets;pdf_page=22;section=explicit_group_targets
Scholastic Success with Vocabulary, Grade 3	scholastic-success-vocabulary-grade-3	mature	mature			Synonyms | explicit lexical targets	22	registry:scholastic-success-vocabulary-grade-3		Explicit printed word-bank, list, chart or label form only; lemma, sense and IELTS relevance require editorial review.	lexical_candidate	candidate_only	pdf	pdf:explicit-lexical-targets;pdf_page=22;section=explicit_group_targets
Scholastic Success with Vocabulary, Grade 3	scholastic-success-vocabulary-grade-3	necessary	necessary			Synonyms | explicit lexical targets	22	registry:scholastic-success-vocabulary-grade-3		Explicit printed word-bank, list, chart or label form only; lemma, sense and IELTS relevance require editorial review.	lexical_candidate	candidate_only	pdf	pdf:explicit-lexical-targets;pdf_page=22;section=explicit_group_targets
Scholastic Success with Vocabulary, Grade 3	scholastic-success-vocabulary-grade-3	powerful	powerful			Synonyms | explicit lexical targets	22	registry:scholastic-success-vocabulary-grade-3		Explicit printed word-bank, list, chart or label form only; lemma, sense and IELTS relevance require editorial review.	lexical_candidate	candidate_only	pdf	pdf:explicit-lexical-targets;pdf_page=22;section=explicit_group_targets
Scholastic Success with Vocabulary, Grade 3	scholastic-success-vocabulary-grade-3	important	important			Synonyms | explicit lexical targets	22	registry:scholastic-success-vocabulary-grade-3		Explicit printed word-bank, list, chart or label form only; lemma, sense and IELTS relevance require editorial review.	lexical_candidate	candidate_only	pdf	pdf:explicit-lexical-targets;pdf_page=22;section=explicit_group_targets
Scholastic Success with Vocabulary, Grade 3	scholastic-success-vocabulary-grade-3	required	required			Synonyms | explicit lexical targets	22	registry:scholastic-success-vocabulary-grade-3		Explicit printed word-bank, list, chart or label form only; lemma, sense and IELTS relevance require editorial review.	lexical_candidate	candidate_only	pdf	pdf:explicit-lexical-targets;pdf_page=22;section=explicit_group_targets
Scholastic Success with Vocabulary, Grade 3	scholastic-success-vocabulary-grade-3	slim	slim			Synonyms | explicit lexical targets	22	registry:scholastic-success-vocabulary-grade-3		Explicit printed word-bank, list, chart or label form only; lemma, sense and IELTS relevance require editorial review.	lexical_candidate	candidate_only	pdf	pdf:explicit-lexical-targets;pdf_page=22;section=explicit_group_targets
Scholastic Success with Vocabulary, Grade 3	scholastic-success-vocabulary-grade-3	slender	slender			Synonyms | explicit lexical targets	22	registry:scholastic-success-vocabulary-grade-3		Explicit printed word-bank, list, chart or label form only; lemma, sense and IELTS relevance require editorial review.	lexical_candidate	candidate_only	pdf	pdf:explicit-lexical-targets;pdf_page=22;section=explicit_group_targets
Scholastic Success with Vocabulary, Grade 3	scholastic-success-vocabulary-grade-3	skinny	skinny			Synonyms | explicit lexical targets	22	registry:scholastic-success-vocabulary-grade-3		Explicit printed word-bank, list, chart or label form only; lemma, sense and IELTS relevance require editorial review.	lexical_candidate	candidate_only	pdf	pdf:explicit-lexical-targets;pdf_page=22;section=explicit_group_targets
Scholastic Success with Vocabulary, Grade 3	scholastic-success-vocabulary-grade-3	smart	smart			Synonyms | explicit lexical targets	22	registry:scholastic-success-vocabulary-grade-3		Explicit printed word-bank, list, chart or label form only; lemma, sense and IELTS relevance require editorial review.	lexical_candidate	candidate_only	pdf	pdf:explicit-lexical-targets;pdf_page=22;section=explicit_group_targets
Scholastic Success with Vocabulary, Grade 3	scholastic-success-vocabulary-grade-3	chubby	chubby			Synonyms | explicit lexical targets	22	registry:scholastic-success-vocabulary-grade-3		Explicit printed word-bank, list, chart or label form only; lemma, sense and IELTS relevance require editorial review.	lexical_candidate	candidate_only	pdf	pdf:explicit-lexical-targets;pdf_page=22;section=explicit_group_targets
Scholastic Success with Vocabulary, Grade 3	scholastic-success-vocabulary-grade-3	plump	plump			Synonyms | explicit lexical targets	22	registry:scholastic-success-vocabulary-grade-3		Explicit printed word-bank, list, chart or label form only; lemma, sense and IELTS relevance require editorial review.	lexical_candidate	candidate_only	pdf	pdf:explicit-lexical-targets;pdf_page=22;section=explicit_group_targets
Scholastic Success with Vocabulary, Grade 3	scholastic-success-vocabulary-grade-3	thin	thin			Synonyms | explicit lexical targets	22	registry:scholastic-success-vocabulary-grade-3		Explicit printed word-bank, list, chart or label form only; lemma, sense and IELTS relevance require editorial review.	lexical_candidate	candidate_only	pdf	pdf:explicit-lexical-targets;pdf_page=22;section=explicit_group_targets
Scholastic Success with Vocabulary, Grade 3	scholastic-success-vocabulary-grade-3	fat	fat			Synonyms | explicit lexical targets	22	registry:scholastic-success-vocabulary-grade-3		Explicit printed word-bank, list, chart or label form only; lemma, sense and IELTS relevance require editorial review.	lexical_candidate	candidate_only	pdf	pdf:explicit-lexical-targets;pdf_page=22;section=explicit_group_targets
Scholastic Success with Vocabulary, Grade 3	scholastic-success-vocabulary-grade-3	pleasing	pleasing			Synonyms | explicit lexical targets	22	registry:scholastic-success-vocabulary-grade-3		Explicit printed word-bank, list, chart or label form only; lemma, sense and IELTS relevance require editorial review.	lexical_candidate	candidate_only	pdf	pdf:explicit-lexical-targets;pdf_page=22;section=explicit_group_targets
Scholastic Success with Vocabulary, Grade 3	scholastic-success-vocabulary-grade-3	agreeable	agreeable			Synonyms | explicit lexical targets	22	registry:scholastic-success-vocabulary-grade-3		Explicit printed word-bank, list, chart or label form only; lemma, sense and IELTS relevance require editorial review.	lexical_candidate	candidate_only	pdf	pdf:explicit-lexical-targets;pdf_page=22;section=explicit_group_targets
Scholastic Success with Vocabulary, Grade 3	scholastic-success-vocabulary-grade-3	lovely	lovely			Synonyms | explicit lexical targets	22	registry:scholastic-success-vocabulary-grade-3		Explicit printed word-bank, list, chart or label form only; lemma, sense and IELTS relevance require editorial review.	lexical_candidate	candidate_only	pdf	pdf:explicit-lexical-targets;pdf_page=22;section=explicit_group_targets
Scholastic Success with Vocabulary, Grade 3	scholastic-success-vocabulary-grade-3	full grown	full grown			Synonyms | explicit lexical targets	22	registry:scholastic-success-vocabulary-grade-3		Explicit printed word-bank, list, chart or label form only; lemma, sense and IELTS relevance require editorial review.	lexical_candidate	candidate_only	pdf	pdf:explicit-lexical-targets;pdf_page=22;section=explicit_group_targets
Scholastic Success with Vocabulary, Grade 3	scholastic-success-vocabulary-grade-3	empty	empty			Synonyms | explicit lexical targets	22	registry:scholastic-success-vocabulary-grade-3		Explicit printed word-bank, list, chart or label form only; lemma, sense and IELTS relevance require editorial review.	lexical_candidate	candidate_only	pdf	pdf:explicit-lexical-targets;pdf_page=22;section=explicit_group_targets
Scholastic Success with Vocabulary, Grade 3	scholastic-success-vocabulary-grade-3	huge	huge			Synonyms | explicit lexical targets	22	registry:scholastic-success-vocabulary-grade-3		Explicit printed word-bank, list, chart or label form only; lemma, sense and IELTS relevance require editorial review.	lexical_candidate	candidate_only	pdf	pdf:explicit-lexical-targets;pdf_page=22;section=explicit_group_targets
Scholastic Success with Vocabulary, Grade 3	scholastic-success-vocabulary-grade-3	gigantic	gigantic			Synonyms | explicit lexical targets	22	registry:scholastic-success-vocabulary-grade-3		Explicit printed word-bank, list, chart or label form only; lemma, sense and IELTS relevance require editorial review.	lexical_candidate	candidate_only	pdf	pdf:explicit-lexical-targets;pdf_page=22;section=explicit_group_targets
Scholastic Success with Vocabulary, Grade 3	scholastic-success-vocabulary-grade-3	vast	vast			Synonyms | explicit lexical targets	22	registry:scholastic-success-vocabulary-grade-3		Explicit printed word-bank, list, chart or label form only; lemma, sense and IELTS relevance require editorial review.	lexical_candidate	candidate_only	pdf	pdf:explicit-lexical-targets;pdf_page=22;section=explicit_group_targets
Scholastic Success with Vocabulary, Grade 3	scholastic-success-vocabulary-grade-3	brave	brave			Synonyms | explicit lexical targets	22	registry:scholastic-success-vocabulary-grade-3		Explicit printed word-bank, list, chart or label form only; lemma, sense and IELTS relevance require editorial review.	lexical_candidate	candidate_only	pdf	pdf:explicit-lexical-targets;pdf_page=22;section=explicit_group_targets
Scholastic Success with Vocabulary, Grade 3	scholastic-success-vocabulary-grade-3	daring	daring			Synonyms | explicit lexical targets	22	registry:scholastic-success-vocabulary-grade-3		Explicit printed word-bank, list, chart or label form only; lemma, sense and IELTS relevance require editorial review.	lexical_candidate	candidate_only	pdf	pdf:explicit-lexical-targets;pdf_page=22;section=explicit_group_targets
Scholastic Success with Vocabulary, Grade 3	scholastic-success-vocabulary-grade-3	pleasant	pleasant			Synonyms | explicit lexical targets	22	registry:scholastic-success-vocabulary-grade-3		Explicit printed word-bank, list, chart or label form only; lemma, sense and IELTS relevance require editorial review.	lexical_candidate	candidate_only	pdf	pdf:explicit-lexical-targets;pdf_page=22;section=explicit_group_targets
Scholastic Success with Vocabulary, Grade 3	scholastic-success-vocabulary-grade-3	fearless	fearless			Synonyms | explicit lexical targets	22	registry:scholastic-success-vocabulary-grade-3		Explicit printed word-bank, list, chart or label form only; lemma, sense and IELTS relevance require editorial review.	lexical_candidate	candidate_only	pdf	pdf:explicit-lexical-targets;pdf_page=22;section=explicit_group_targets
Scholastic Success with Vocabulary, Grade 3	scholastic-success-vocabulary-grade-3	stuffed	stuffed			Synonyms | explicit lexical targets	22	registry:scholastic-success-vocabulary-grade-3		Explicit printed word-bank, list, chart or label form only; lemma, sense and IELTS relevance require editorial review.	lexical_candidate	candidate_only	pdf	pdf:explicit-lexical-targets;pdf_page=22;section=explicit_group_targets
Scholastic Success with Vocabulary, Grade 3	scholastic-success-vocabulary-grade-3	loaded	loaded			Synonyms | explicit lexical targets	22	registry:scholastic-success-vocabulary-grade-3		Explicit printed word-bank, list, chart or label form only; lemma, sense and IELTS relevance require editorial review.	lexical_candidate	candidate_only	pdf	pdf:explicit-lexical-targets;pdf_page=22;section=explicit_group_targets
Scholastic Success with Vocabulary, Grade 3	scholastic-success-vocabulary-grade-3	packed	packed			Synonyms | explicit lexical targets	22	registry:scholastic-success-vocabulary-grade-3		Explicit printed word-bank, list, chart or label form only; lemma, sense and IELTS relevance require editorial review.	lexical_candidate	candidate_only	pdf	pdf:explicit-lexical-targets;pdf_page=22;section=explicit_group_targets
Scholastic Success with Vocabulary, Grade 3	scholastic-success-vocabulary-grade-3	needed	needed			Synonyms | explicit lexical targets	22	registry:scholastic-success-vocabulary-grade-3		Explicit printed word-bank, list, chart or label form only; lemma, sense and IELTS relevance require editorial review.	lexical_candidate	candidate_only	pdf	pdf:explicit-lexical-targets;pdf_page=22;section=explicit_group_targets
Scholastic Success with Vocabulary, Grade 3	scholastic-success-vocabulary-grade-3	bare	bare			Synonyms | explicit lexical targets	22	registry:scholastic-success-vocabulary-grade-3		Explicit printed word-bank, list, chart or label form only; lemma, sense and IELTS relevance require editorial review.	lexical_candidate	candidate_only	pdf	pdf:explicit-lexical-targets;pdf_page=22;section=explicit_group_targets
Scholastic Success with Vocabulary, Grade 3	scholastic-success-vocabulary-grade-3	crowded	crowded			Synonyms | explicit lexical targets	22	registry:scholastic-success-vocabulary-grade-3		Explicit printed word-bank, list, chart or label form only; lemma, sense and IELTS relevance require editorial review.	lexical_candidate	candidate_only	pdf	pdf:explicit-lexical-targets;pdf_page=22;section=explicit_group_targets
Scholastic Success with Vocabulary, Grade 3	scholastic-success-vocabulary-grade-3	vacant	vacant			Synonyms | explicit lexical targets	22	registry:scholastic-success-vocabulary-grade-3		Explicit printed word-bank, list, chart or label form only; lemma, sense and IELTS relevance require editorial review.	lexical_candidate	candidate_only	pdf	pdf:explicit-lexical-targets;pdf_page=22;section=explicit_group_targets
Scholastic Success with Vocabulary, Grade 3	scholastic-success-vocabulary-grade-3	unfilled	unfilled			Synonyms | explicit lexical targets	22	registry:scholastic-success-vocabulary-grade-3		Explicit printed word-bank, list, chart or label form only; lemma, sense and IELTS relevance require editorial review.	lexical_candidate	candidate_only	pdf	pdf:explicit-lexical-targets;pdf_page=22;section=explicit_group_targets
Scholastic Success with Vocabulary, Grade 3	scholastic-success-vocabulary-grade-3	bright	bright			Synonyms | explicit lexical targets	22	registry:scholastic-success-vocabulary-grade-3		Explicit printed word-bank, list, chart or label form only; lemma, sense and IELTS relevance require editorial review.	lexical_candidate	candidate_only	pdf	pdf:explicit-lexical-targets;pdf_page=22;section=explicit_group_targets
Scholastic Success with Vocabulary, Grade 3	scholastic-success-vocabulary-grade-3	bold	bold			Synonyms | explicit lexical targets	22	registry:scholastic-success-vocabulary-grade-3		Explicit printed word-bank, list, chart or label form only; lemma, sense and IELTS relevance require editorial review.	lexical_candidate	candidate_only	pdf	pdf:explicit-lexical-targets;pdf_page=22;section=explicit_group_targets
Scholastic Success with Vocabulary, Grade 3	scholastic-success-vocabulary-grade-3	intelligent	intelligent			Synonyms | explicit lexical targets	22	registry:scholastic-success-vocabulary-grade-3		Explicit printed word-bank, list, chart or label form only; lemma, sense and IELTS relevance require editorial review.	lexical_candidate	candidate_only	pdf	pdf:explicit-lexical-targets;pdf_page=22;section=explicit_group_targets
Scholastic Success with Vocabulary, Grade 3	scholastic-success-vocabulary-grade-3	clever	clever			Synonyms | explicit lexical targets	22	registry:scholastic-success-vocabulary-grade-3		Explicit printed word-bank, list, chart or label form only; lemma, sense and IELTS relevance require editorial review.	lexical_candidate	candidate_only	pdf	pdf:explicit-lexical-targets;pdf_page=22;section=explicit_group_targets
Scholastic Success with Vocabulary, Grade 3	scholastic-success-vocabulary-grade-3	overweight	overweight			Synonyms | explicit lexical targets	22	registry:scholastic-success-vocabulary-grade-3		Explicit printed word-bank, list, chart or label form only; lemma, sense and IELTS relevance require editorial review.	lexical_candidate	candidate_only	pdf	pdf:explicit-lexical-targets;pdf_page=22;section=explicit_group_targets
Scholastic Success with Vocabulary, Grade 3	scholastic-success-vocabulary-grade-3	mighty	mighty			Synonyms | explicit lexical targets	22	registry:scholastic-success-vocabulary-grade-3		Explicit printed word-bank, list, chart or label form only; lemma, sense and IELTS relevance require editorial review.	lexical_candidate	candidate_only	pdf	pdf:explicit-lexical-targets;pdf_page=22;section=explicit_group_targets
Scholastic Success with Vocabulary, Grade 3	scholastic-success-vocabulary-grade-3	strong	strong			Synonyms | explicit lexical targets	22	registry:scholastic-success-vocabulary-grade-3		Explicit printed word-bank, list, chart or label form only; lemma, sense and IELTS relevance require editorial review.	lexical_candidate	candidate_only	pdf	pdf:explicit-lexical-targets;pdf_page=22;section=explicit_group_targets
Scholastic Success with Vocabulary, Grade 3	scholastic-success-vocabulary-grade-3	hardy	hardy			Synonyms | explicit lexical targets	22	registry:scholastic-success-vocabulary-grade-3		Explicit printed word-bank, list, chart or label form only; lemma, sense and IELTS relevance require editorial review.	lexical_candidate	candidate_only	pdf	pdf:explicit-lexical-targets;pdf_page=22;section=explicit_group_targets
Scholastic Success with Vocabulary, Grade 3	scholastic-success-vocabulary-grade-3	immature	immature			Synonyms | explicit lexical targets	22	registry:scholastic-success-vocabulary-grade-3		Explicit printed word-bank, list, chart or label form only; lemma, sense and IELTS relevance require editorial review.	lexical_candidate	candidate_only	pdf	pdf:explicit-lexical-targets;pdf_page=22;section=explicit_group_targets
Scholastic Success with Vocabulary, Grade 3	scholastic-success-vocabulary-grade-3	juvenile	juvenile			Synonyms | explicit lexical targets	22	registry:scholastic-success-vocabulary-grade-3		Explicit printed word-bank, list, chart or label form only; lemma, sense and IELTS relevance require editorial review.	lexical_candidate	candidate_only	pdf	pdf:explicit-lexical-targets;pdf_page=22;section=explicit_group_targets
Scholastic Success with Vocabulary, Grade 3	scholastic-success-vocabulary-grade-3	enormous	enormous			Synonyms | explicit lexical targets	22	registry:scholastic-success-vocabulary-grade-3		Explicit printed word-bank, list, chart or label form only; lemma, sense and IELTS relevance require editorial review.	lexical_candidate	candidate_only	pdf	pdf:explicit-lexical-targets;pdf_page=22;section=explicit_group_targets
Scholastic Success with Vocabulary, Grade 3	scholastic-success-vocabulary-grade-3	undeveloped	undeveloped			Synonyms | explicit lexical targets	22	registry:scholastic-success-vocabulary-grade-3		Explicit printed word-bank, list, chart or label form only; lemma, sense and IELTS relevance require editorial review.	lexical_candidate	candidate_only	pdf	pdf:explicit-lexical-targets;pdf_page=22;section=explicit_group_targets
Scholastic Success with Vocabulary, Grade 3	scholastic-success-vocabulary-grade-3	south	south			Analogies | explicit lexical targets	26	registry:scholastic-success-vocabulary-grade-3		Explicit printed word-bank, list, chart or label form only; lemma, sense and IELTS relevance require editorial review.	lexical_candidate	candidate_only	pdf	pdf:explicit-lexical-targets;pdf_page=26;section=explicit_word_box
Scholastic Success with Vocabulary, Grade 3	scholastic-success-vocabulary-grade-3	continent	continent			Analogies | explicit lexical targets	26	registry:scholastic-success-vocabulary-grade-3		Explicit printed word-bank, list, chart or label form only; lemma, sense and IELTS relevance require editorial review.	lexical_candidate	candidate_only	pdf	pdf:explicit-lexical-targets;pdf_page=26;section=explicit_word_box
Scholastic Success with Vocabulary, Grade 3	scholastic-success-vocabulary-grade-3	inventor	inventor			Analogies | explicit lexical targets	26	registry:scholastic-success-vocabulary-grade-3		Explicit printed word-bank, list, chart or label form only; lemma, sense and IELTS relevance require editorial review.	lexical_candidate	candidate_only	pdf	pdf:explicit-lexical-targets;pdf_page=26;section=explicit_word_box
Scholastic Success with Vocabulary, Grade 3	scholastic-success-vocabulary-grade-3	resolution	resolution			Analogies | explicit lexical targets	26	registry:scholastic-success-vocabulary-grade-3		Explicit printed word-bank, list, chart or label form only; lemma, sense and IELTS relevance require editorial review.	lexical_candidate	candidate_only	pdf	pdf:explicit-lexical-targets;pdf_page=26;section=explicit_word_box
Scholastic Success with Vocabulary, Grade 3	scholastic-success-vocabulary-grade-3	nation	nation			Analogies | explicit lexical targets	26	registry:scholastic-success-vocabulary-grade-3		Explicit printed word-bank, list, chart or label form only; lemma, sense and IELTS relevance require editorial review.	lexical_candidate	candidate_only	pdf	pdf:explicit-lexical-targets;pdf_page=26;section=explicit_word_box
Scholastic Success with Vocabulary, Grade 3	scholastic-success-vocabulary-grade-3	immigrant	immigrant			Analogies | explicit lexical targets	26	registry:scholastic-success-vocabulary-grade-3		Explicit printed word-bank, list, chart or label form only; lemma, sense and IELTS relevance require editorial review.	lexical_candidate	candidate_only	pdf	pdf:explicit-lexical-targets;pdf_page=26;section=explicit_word_box
Scholastic Success with Vocabulary, Grade 3	scholastic-success-vocabulary-grade-3	state	state			Analogies | explicit lexical targets	26	registry:scholastic-success-vocabulary-grade-3		Explicit printed word-bank, list, chart or label form only; lemma, sense and IELTS relevance require editorial review.	lexical_candidate	candidate_only	pdf	pdf:explicit-lexical-targets;pdf_page=26;section=explicit_word_box
Scholastic Success with Vocabulary, Grade 3	scholastic-success-vocabulary-grade-3	demand	demand			Analogies | explicit lexical targets	26	registry:scholastic-success-vocabulary-grade-3		Explicit printed word-bank, list, chart or label form only; lemma, sense and IELTS relevance require editorial review.	lexical_candidate	candidate_only	pdf	pdf:explicit-lexical-targets;pdf_page=26;section=explicit_word_box
Scholastic Success with Vocabulary, Grade 3	scholastic-success-vocabulary-grade-3	elect	elect			Analogies | explicit lexical targets	26	registry:scholastic-success-vocabulary-grade-3		Explicit printed word-bank, list, chart or label form only; lemma, sense and IELTS relevance require editorial review.	lexical_candidate	candidate_only	pdf	pdf:explicit-lexical-targets;pdf_page=26;section=explicit_word_box
Scholastic Success with Vocabulary, Grade 3	scholastic-success-vocabulary-grade-3	consumer	consumer			Analogies | explicit lexical targets	26	registry:scholastic-success-vocabulary-grade-3		Explicit printed word-bank, list, chart or label form only; lemma, sense and IELTS relevance require editorial review.	lexical_candidate	candidate_only	pdf	pdf:explicit-lexical-targets;pdf_page=26;section=explicit_word_box
Scholastic Success with Vocabulary, Grade 3	scholastic-success-vocabulary-grade-3	century	century			Analogies | explicit lexical targets	26	registry:scholastic-success-vocabulary-grade-3		Explicit printed word-bank, list, chart or label form only; lemma, sense and IELTS relevance require editorial review.	lexical_candidate	candidate_only	pdf	pdf:explicit-lexical-targets;pdf_page=26;section=explicit_word_box
Scholastic Success with Vocabulary, Grade 3	scholastic-success-vocabulary-grade-3	communication	communication			Analogies | explicit lexical targets	26	registry:scholastic-success-vocabulary-grade-3		Explicit printed word-bank, list, chart or label form only; lemma, sense and IELTS relevance require editorial review.	lexical_candidate	candidate_only	pdf	pdf:explicit-lexical-targets;pdf_page=26;section=explicit_word_box
Scholastic Success with Vocabulary, Grade 3	scholastic-success-vocabulary-grade-3	unpack	unpack			Prefix un- | explicit lexical targets	30	registry:scholastic-success-vocabulary-grade-3		Explicit printed word-bank, list, chart or label form only; lemma, sense and IELTS relevance require editorial review.	lexical_candidate	candidate_only	pdf	pdf:explicit-lexical-targets;pdf_page=30;section=explicit_word_list
Scholastic Success with Vocabulary, Grade 3	scholastic-success-vocabulary-grade-3	untie	untie			Prefix un- | explicit lexical targets	30	registry:scholastic-success-vocabulary-grade-3		Explicit printed word-bank, list, chart or label form only; lemma, sense and IELTS relevance require editorial review.	lexical_candidate	candidate_only	pdf	pdf:explicit-lexical-targets;pdf_page=30;section=explicit_word_list
Scholastic Success with Vocabulary, Grade 3	scholastic-success-vocabulary-grade-3	unwrap	unwrap			Prefix un- | explicit lexical targets	30	registry:scholastic-success-vocabulary-grade-3		Explicit printed word-bank, list, chart or label form only; lemma, sense and IELTS relevance require editorial review.	lexical_candidate	candidate_only	pdf	pdf:explicit-lexical-targets;pdf_page=30;section=explicit_word_list
Scholastic Success with Vocabulary, Grade 3	scholastic-success-vocabulary-grade-3	unload	unload			Prefix un- | explicit lexical targets	30	registry:scholastic-success-vocabulary-grade-3		Explicit printed word-bank, list, chart or label form only; lemma, sense and IELTS relevance require editorial review.	lexical_candidate	candidate_only	pdf	pdf:explicit-lexical-targets;pdf_page=30;section=explicit_word_list
Scholastic Success with Vocabulary, Grade 3	scholastic-success-vocabulary-grade-3	unlock	unlock			Prefix un- | explicit lexical targets	30	registry:scholastic-success-vocabulary-grade-3		Explicit printed word-bank, list, chart or label form only; lemma, sense and IELTS relevance require editorial review.	lexical_candidate	candidate_only	pdf	pdf:explicit-lexical-targets;pdf_page=30;section=explicit_word_list
Scholastic Success with Vocabulary, Grade 3	scholastic-success-vocabulary-grade-3	unfamiliar	unfamiliar			Prefix un- | explicit lexical targets	30	registry:scholastic-success-vocabulary-grade-3		Explicit printed word-bank, list, chart or label form only; lemma, sense and IELTS relevance require editorial review.	lexical_candidate	candidate_only	pdf	pdf:explicit-lexical-targets;pdf_page=30;section=explicit_word_list
Scholastic Success with Vocabulary, Grade 3	scholastic-success-vocabulary-grade-3	unused	unused			Prefix un- | explicit lexical targets	30	registry:scholastic-success-vocabulary-grade-3		Explicit printed word-bank, list, chart or label form only; lemma, sense and IELTS relevance require editorial review.	lexical_candidate	candidate_only	pdf	pdf:explicit-lexical-targets;pdf_page=30;section=explicit_word_list
Scholastic Success with Vocabulary, Grade 3	scholastic-success-vocabulary-grade-3	unwind	unwind			Prefix un- | explicit lexical targets	30	registry:scholastic-success-vocabulary-grade-3		Explicit printed word-bank, list, chart or label form only; lemma, sense and IELTS relevance require editorial review.	lexical_candidate	candidate_only	pdf	pdf:explicit-lexical-targets;pdf_page=30;section=explicit_word_list
Scholastic Success with Vocabulary, Grade 3	scholastic-success-vocabulary-grade-3	undo	undo			Prefix un- | explicit lexical targets	30	registry:scholastic-success-vocabulary-grade-3		Explicit printed word-bank, list, chart or label form only; lemma, sense and IELTS relevance require editorial review.	lexical_candidate	candidate_only	pdf	pdf:explicit-lexical-targets;pdf_page=30;section=explicit_word_list
Scholastic Success with Vocabulary, Grade 3	scholastic-success-vocabulary-grade-3	unfold	unfold			Prefix un- | explicit lexical targets	30	registry:scholastic-success-vocabulary-grade-3		Explicit printed word-bank, list, chart or label form only; lemma, sense and IELTS relevance require editorial review.	lexical_candidate	candidate_only	pdf	pdf:explicit-lexical-targets;pdf_page=30;section=explicit_word_list
Scholastic Success with Vocabulary, Grade 3	scholastic-success-vocabulary-grade-3	unable	unable			Prefix un- | explicit lexical targets	30	registry:scholastic-success-vocabulary-grade-3		Explicit printed word-bank, list, chart or label form only; lemma, sense and IELTS relevance require editorial review.	lexical_candidate	candidate_only	pdf	pdf:explicit-lexical-targets;pdf_page=30;section=explicit_word_list
Scholastic Success with Vocabulary, Grade 3	scholastic-success-vocabulary-grade-3	uncertain	uncertain			Prefix un- | explicit lexical targets	30	registry:scholastic-success-vocabulary-grade-3		Explicit printed word-bank, list, chart or label form only; lemma, sense and IELTS relevance require editorial review.	lexical_candidate	candidate_only	pdf	pdf:explicit-lexical-targets;pdf_page=30;section=explicit_word_list
Scholastic Success with Vocabulary, Grade 3	scholastic-success-vocabulary-grade-3	unfair	unfair			Prefix un- | explicit lexical targets	30	registry:scholastic-success-vocabulary-grade-3		Explicit printed word-bank, list, chart or label form only; lemma, sense and IELTS relevance require editorial review.	lexical_candidate	candidate_only	pdf	pdf:explicit-lexical-targets;pdf_page=30;section=explicit_word_list
Scholastic Success with Vocabulary, Grade 3	scholastic-success-vocabulary-grade-3	uncover	uncover			Prefix un- | explicit lexical targets	30	registry:scholastic-success-vocabulary-grade-3		Explicit printed word-bank, list, chart or label form only; lemma, sense and IELTS relevance require editorial review.	lexical_candidate	candidate_only	pdf	pdf:explicit-lexical-targets;pdf_page=30;section=explicit_word_list
Scholastic Success with Vocabulary, Grade 3	scholastic-success-vocabulary-grade-3	unroll	unroll			Prefix un- | explicit lexical targets	30	registry:scholastic-success-vocabulary-grade-3		Explicit printed word-bank, list, chart or label form only; lemma, sense and IELTS relevance require editorial review.	lexical_candidate	candidate_only	pdf	pdf:explicit-lexical-targets;pdf_page=30;section=explicit_word_list
Scholastic Success with Vocabulary, Grade 3	scholastic-success-vocabulary-grade-3	unusual	unusual			Prefix un- | explicit lexical targets	30	registry:scholastic-success-vocabulary-grade-3		Explicit printed word-bank, list, chart or label form only; lemma, sense and IELTS relevance require editorial review.	lexical_candidate	candidate_only	pdf	pdf:explicit-lexical-targets;pdf_page=30;section=explicit_word_list
Scholastic Success with Vocabulary, Grade 3	scholastic-success-vocabulary-grade-3	unwise	unwise			Prefix un- | explicit lexical targets	30	registry:scholastic-success-vocabulary-grade-3		Explicit printed word-bank, list, chart or label form only; lemma, sense and IELTS relevance require editorial review.	lexical_candidate	candidate_only	pdf	pdf:explicit-lexical-targets;pdf_page=30;section=explicit_word_list
Scholastic Success with Vocabulary, Grade 3	scholastic-success-vocabulary-grade-3	unkind	unkind			Prefix un- | explicit lexical targets	30	registry:scholastic-success-vocabulary-grade-3		Explicit printed word-bank, list, chart or label form only; lemma, sense and IELTS relevance require editorial review.	lexical_candidate	candidate_only	pdf	pdf:explicit-lexical-targets;pdf_page=30;section=explicit_word_list
Scholastic Success with Vocabulary, Grade 3	scholastic-success-vocabulary-grade-3	unpainted	unpainted			Prefix un- | explicit lexical targets	30	registry:scholastic-success-vocabulary-grade-3		Explicit printed word-bank, list, chart or label form only; lemma, sense and IELTS relevance require editorial review.	lexical_candidate	candidate_only	pdf	pdf:explicit-lexical-targets;pdf_page=30;section=explicit_word_list
Scholastic Success with Vocabulary, Grade 3	scholastic-success-vocabulary-grade-3	oak	oak	noun		Trees | explicit lexical targets	32	registry:scholastic-success-vocabulary-grade-3		Explicit printed word-bank, list, chart or label form only; lemma, sense and IELTS relevance require editorial review.	lexical_candidate	candidate_only	pdf	pdf:explicit-lexical-targets;pdf_page=32;section=explicit_tree_list
Scholastic Success with Vocabulary, Grade 3	scholastic-success-vocabulary-grade-3	paloverde	paloverde	noun		Trees | explicit lexical targets	32	registry:scholastic-success-vocabulary-grade-3		Explicit printed word-bank, list, chart or label form only; lemma, sense and IELTS relevance require editorial review.	lexical_candidate	candidate_only	pdf	pdf:explicit-lexical-targets;pdf_page=32;section=explicit_tree_list
Scholastic Success with Vocabulary, Grade 3	scholastic-success-vocabulary-grade-3	cottonwood	cottonwood	noun		Trees | explicit lexical targets	32	registry:scholastic-success-vocabulary-grade-3		Explicit printed word-bank, list, chart or label form only; lemma, sense and IELTS relevance require editorial review.	lexical_candidate	candidate_only	pdf	pdf:explicit-lexical-targets;pdf_page=32;section=explicit_tree_list
Scholastic Success with Vocabulary, Grade 3	scholastic-success-vocabulary-grade-3	pecan	pecan	noun		Trees | explicit lexical targets	32	registry:scholastic-success-vocabulary-grade-3		Explicit printed word-bank, list, chart or label form only; lemma, sense and IELTS relevance require editorial review.	lexical_candidate	candidate_only	pdf	pdf:explicit-lexical-targets;pdf_page=32;section=explicit_tree_list
Scholastic Success with Vocabulary, Grade 3	scholastic-success-vocabulary-grade-3	buckeye	buckeye	noun		Trees | explicit lexical targets	32	registry:scholastic-success-vocabulary-grade-3		Explicit printed word-bank, list, chart or label form only; lemma, sense and IELTS relevance require editorial review.	lexical_candidate	candidate_only	pdf	pdf:explicit-lexical-targets;pdf_page=32;section=explicit_tree_list
Scholastic Success with Vocabulary, Grade 3	scholastic-success-vocabulary-grade-3	pine	pine	noun		Trees | explicit lexical targets	32	registry:scholastic-success-vocabulary-grade-3		Explicit printed word-bank, list, chart or label form only; lemma, sense and IELTS relevance require editorial review.	lexical_candidate	candidate_only	pdf	pdf:explicit-lexical-targets;pdf_page=32;section=explicit_tree_list
Scholastic Success with Vocabulary, Grade 3	scholastic-success-vocabulary-grade-3	cypress	cypress	noun		Trees | explicit lexical targets	32	registry:scholastic-success-vocabulary-grade-3		Explicit printed word-bank, list, chart or label form only; lemma, sense and IELTS relevance require editorial review.	lexical_candidate	candidate_only	pdf	pdf:explicit-lexical-targets;pdf_page=32;section=explicit_tree_list
Scholastic Success with Vocabulary, Grade 3	scholastic-success-vocabulary-grade-3	dogwood	dogwood	noun		Trees | explicit lexical targets	32	registry:scholastic-success-vocabulary-grade-3		Explicit printed word-bank, list, chart or label form only; lemma, sense and IELTS relevance require editorial review.	lexical_candidate	candidate_only	pdf	pdf:explicit-lexical-targets;pdf_page=32;section=explicit_tree_list
Scholastic Success with Vocabulary, Grade 3	scholastic-success-vocabulary-grade-3	redbud	redbud	noun		Trees | explicit lexical targets	32	registry:scholastic-success-vocabulary-grade-3		Explicit printed word-bank, list, chart or label form only; lemma, sense and IELTS relevance require editorial review.	lexical_candidate	candidate_only	pdf	pdf:explicit-lexical-targets;pdf_page=32;section=explicit_tree_list
Scholastic Success with Vocabulary, Grade 3	scholastic-success-vocabulary-grade-3	piñon	piñon	noun		Trees | explicit lexical targets	32	registry:scholastic-success-vocabulary-grade-3		Explicit printed word-bank, list, chart or label form only; lemma, sense and IELTS relevance require editorial review.	lexical_candidate	candidate_only	pdf	pdf:explicit-lexical-targets;pdf_page=32;section=explicit_tree_list
Scholastic Success with Vocabulary, Grade 3	scholastic-success-vocabulary-grade-3	kukui	kukui	noun		Trees | explicit lexical targets	32	registry:scholastic-success-vocabulary-grade-3		Explicit printed word-bank, list, chart or label form only; lemma, sense and IELTS relevance require editorial review.	lexical_candidate	candidate_only	pdf	pdf:explicit-lexical-targets;pdf_page=32;section=explicit_tree_list
Scholastic Success with Vocabulary, Grade 3	scholastic-success-vocabulary-grade-3	magnolia	magnolia	noun		Trees | explicit lexical targets	32	registry:scholastic-success-vocabulary-grade-3		Explicit printed word-bank, list, chart or label form only; lemma, sense and IELTS relevance require editorial review.	lexical_candidate	candidate_only	pdf	pdf:explicit-lexical-targets;pdf_page=32;section=explicit_tree_list
Scholastic Success with Vocabulary, Grade 3	scholastic-success-vocabulary-grade-3	hemlock	hemlock	noun		Trees | explicit lexical targets	32	registry:scholastic-success-vocabulary-grade-3		Explicit printed word-bank, list, chart or label form only; lemma, sense and IELTS relevance require editorial review.	lexical_candidate	candidate_only	pdf	pdf:explicit-lexical-targets;pdf_page=32;section=explicit_tree_list
Scholastic Success with Vocabulary, Grade 3	scholastic-success-vocabulary-grade-3	palmetto	palmetto	noun		Trees | explicit lexical targets	32	registry:scholastic-success-vocabulary-grade-3		Explicit printed word-bank, list, chart or label form only; lemma, sense and IELTS relevance require editorial review.	lexical_candidate	candidate_only	pdf	pdf:explicit-lexical-targets;pdf_page=32;section=explicit_tree_list
Scholastic Success with Vocabulary, Grade 3	scholastic-success-vocabulary-grade-3	school	school			Compound-word components | explicit lexical targets	34	registry:scholastic-success-vocabulary-grade-3		Explicit printed word-bank, list, chart or label form only; lemma, sense and IELTS relevance require editorial review.	lexical_candidate	candidate_only	pdf	pdf:explicit-lexical-targets;pdf_page=34;section=explicit_component_grid
Scholastic Success with Vocabulary, Grade 3	scholastic-success-vocabulary-grade-3	side	side			Compound-word components | explicit lexical targets	34	registry:scholastic-success-vocabulary-grade-3		Explicit printed word-bank, list, chart or label form only; lemma, sense and IELTS relevance require editorial review.	lexical_candidate	candidate_only	pdf	pdf:explicit-lexical-targets;pdf_page=34;section=explicit_component_grid
Scholastic Success with Vocabulary, Grade 3	scholastic-success-vocabulary-grade-3	water	water			Compound-word components | explicit lexical targets	34	registry:scholastic-success-vocabulary-grade-3		Explicit printed word-bank, list, chart or label form only; lemma, sense and IELTS relevance require editorial review.	lexical_candidate	candidate_only	pdf	pdf:explicit-lexical-targets;pdf_page=34;section=explicit_component_grid
Scholastic Success with Vocabulary, Grade 3	scholastic-success-vocabulary-grade-3	room	room			Compound-word components | explicit lexical targets	34	registry:scholastic-success-vocabulary-grade-3		Explicit printed word-bank, list, chart or label form only; lemma, sense and IELTS relevance require editorial review.	lexical_candidate	candidate_only	pdf	pdf:explicit-lexical-targets;pdf_page=34;section=explicit_component_grid
Scholastic Success with Vocabulary, Grade 3	scholastic-success-vocabulary-grade-3	time	time			Compound-word components | explicit lexical targets	34	registry:scholastic-success-vocabulary-grade-3		Explicit printed word-bank, list, chart or label form only; lemma, sense and IELTS relevance require editorial review.	lexical_candidate	candidate_only	pdf	pdf:explicit-lexical-targets;pdf_page=34;section=explicit_component_grid
Scholastic Success with Vocabulary, Grade 3	scholastic-success-vocabulary-grade-3	back	back			Compound-word components | explicit lexical targets	34	registry:scholastic-success-vocabulary-grade-3		Explicit printed word-bank, list, chart or label form only; lemma, sense and IELTS relevance require editorial review.	lexical_candidate	candidate_only	pdf	pdf:explicit-lexical-targets;pdf_page=34;section=explicit_component_grid
Scholastic Success with Vocabulary, Grade 3	scholastic-success-vocabulary-grade-3	under	under			Compound-word components | explicit lexical targets	34	registry:scholastic-success-vocabulary-grade-3		Explicit printed word-bank, list, chart or label form only; lemma, sense and IELTS relevance require editorial review.	lexical_candidate	candidate_only	pdf	pdf:explicit-lexical-targets;pdf_page=34;section=explicit_component_grid
Scholastic Success with Vocabulary, Grade 3	scholastic-success-vocabulary-grade-3	light	light			Compound-word components | explicit lexical targets	34	registry:scholastic-success-vocabulary-grade-3		Explicit printed word-bank, list, chart or label form only; lemma, sense and IELTS relevance require editorial review.	lexical_candidate	candidate_only	pdf	pdf:explicit-lexical-targets;pdf_page=34;section=explicit_component_grid
Scholastic Success with Vocabulary, Grade 3	scholastic-success-vocabulary-grade-3	store	store			Compound-word components | explicit lexical targets	34	registry:scholastic-success-vocabulary-grade-3		Explicit printed word-bank, list, chart or label form only; lemma, sense and IELTS relevance require editorial review.	lexical_candidate	candidate_only	pdf	pdf:explicit-lexical-targets;pdf_page=34;section=explicit_component_grid
Scholastic Success with Vocabulary, Grade 3	scholastic-success-vocabulary-grade-3	break	break			Compound-word components | explicit lexical targets	34	registry:scholastic-success-vocabulary-grade-3		Explicit printed word-bank, list, chart or label form only; lemma, sense and IELTS relevance require editorial review.	lexical_candidate	candidate_only	pdf	pdf:explicit-lexical-targets;pdf_page=34;section=explicit_component_grid
Scholastic Success with Vocabulary, Grade 3	scholastic-success-vocabulary-grade-3	fall	fall			Compound-word components | explicit lexical targets	34	registry:scholastic-success-vocabulary-grade-3		Explicit printed word-bank, list, chart or label form only; lemma, sense and IELTS relevance require editorial review.	lexical_candidate	candidate_only	pdf	pdf:explicit-lexical-targets;pdf_page=34;section=explicit_component_grid
Scholastic Success with Vocabulary, Grade 3	scholastic-success-vocabulary-grade-3	house	house			Compound-word components | explicit lexical targets	34	registry:scholastic-success-vocabulary-grade-3		Explicit printed word-bank, list, chart or label form only; lemma, sense and IELTS relevance require editorial review.	lexical_candidate	candidate_only	pdf	pdf:explicit-lexical-targets;pdf_page=34;section=explicit_component_grid
Scholastic Success with Vocabulary, Grade 3	scholastic-success-vocabulary-grade-3	proof	proof			Compound-word components | explicit lexical targets	34	registry:scholastic-success-vocabulary-grade-3		Explicit printed word-bank, list, chart or label form only; lemma, sense and IELTS relevance require editorial review.	lexical_candidate	candidate_only	pdf	pdf:explicit-lexical-targets;pdf_page=34;section=explicit_component_grid
Scholastic Success with Vocabulary, Grade 3	scholastic-success-vocabulary-grade-3	down	down			Compound-word components | explicit lexical targets	34	registry:scholastic-success-vocabulary-grade-3		Explicit printed word-bank, list, chart or label form only; lemma, sense and IELTS relevance require editorial review.	lexical_candidate	candidate_only	pdf	pdf:explicit-lexical-targets;pdf_page=34;section=explicit_component_grid
Scholastic Success with Vocabulary, Grade 3	scholastic-success-vocabulary-grade-3	ground	ground			Compound-word components | explicit lexical targets	34	registry:scholastic-success-vocabulary-grade-3		Explicit printed word-bank, list, chart or label form only; lemma, sense and IELTS relevance require editorial review.	lexical_candidate	candidate_only	pdf	pdf:explicit-lexical-targets;pdf_page=34;section=explicit_component_grid
Scholastic Success with Vocabulary, Grade 3	scholastic-success-vocabulary-grade-3	wood	wood			Compound-word components | explicit lexical targets	34	registry:scholastic-success-vocabulary-grade-3		Explicit printed word-bank, list, chart or label form only; lemma, sense and IELTS relevance require editorial review.	lexical_candidate	candidate_only	pdf	pdf:explicit-lexical-targets;pdf_page=34;section=explicit_component_grid
Scholastic Success with Vocabulary, Grade 3	scholastic-success-vocabulary-grade-3	town	town			Compound-word components | explicit lexical targets	34	registry:scholastic-success-vocabulary-grade-3		Explicit printed word-bank, list, chart or label form only; lemma, sense and IELTS relevance require editorial review.	lexical_candidate	candidate_only	pdf	pdf:explicit-lexical-targets;pdf_page=34;section=explicit_component_grid
Scholastic Success with Vocabulary, Grade 3	scholastic-success-vocabulary-grade-3	foot	foot			Compound-word components | explicit lexical targets	34	registry:scholastic-success-vocabulary-grade-3		Explicit printed word-bank, list, chart or label form only; lemma, sense and IELTS relevance require editorial review.	lexical_candidate	candidate_only	pdf	pdf:explicit-lexical-targets;pdf_page=34;section=explicit_component_grid
Scholastic Success with Vocabulary, Grade 3	scholastic-success-vocabulary-grade-3	work	work			Compound-word components | explicit lexical targets	34	registry:scholastic-success-vocabulary-grade-3		Explicit printed word-bank, list, chart or label form only; lemma, sense and IELTS relevance require editorial review.	lexical_candidate	candidate_only	pdf	pdf:explicit-lexical-targets;pdf_page=34;section=explicit_component_grid
Scholastic Success with Vocabulary, Grade 3	scholastic-success-vocabulary-grade-3	print	print			Compound-word components | explicit lexical targets	34	registry:scholastic-success-vocabulary-grade-3		Explicit printed word-bank, list, chart or label form only; lemma, sense and IELTS relevance require editorial review.	lexical_candidate	candidate_only	pdf	pdf:explicit-lexical-targets;pdf_page=34;section=explicit_component_grid
Scholastic Success with Vocabulary, Grade 3	scholastic-success-vocabulary-grade-3	door	door			Compound-word components | explicit lexical targets	34	registry:scholastic-success-vocabulary-grade-3		Explicit printed word-bank, list, chart or label form only; lemma, sense and IELTS relevance require editorial review.	lexical_candidate	candidate_only	pdf	pdf:explicit-lexical-targets;pdf_page=34;section=explicit_component_grid
Scholastic Success with Vocabulary, Grade 3	scholastic-success-vocabulary-grade-3	fire	fire			Compound-word components | explicit lexical targets	34	registry:scholastic-success-vocabulary-grade-3		Explicit printed word-bank, list, chart or label form only; lemma, sense and IELTS relevance require editorial review.	lexical_candidate	candidate_only	pdf	pdf:explicit-lexical-targets;pdf_page=34;section=explicit_component_grid
Scholastic Success with Vocabulary, Grade 3	scholastic-success-vocabulary-grade-3	step	step			Compound-word components | explicit lexical targets	34	registry:scholastic-success-vocabulary-grade-3		Explicit printed word-bank, list, chart or label form only; lemma, sense and IELTS relevance require editorial review.	lexical_candidate	candidate_only	pdf	pdf:explicit-lexical-targets;pdf_page=34;section=explicit_component_grid
Scholastic Success with Vocabulary, Grade 3	scholastic-success-vocabulary-grade-3	out	out			Compound-word components | explicit lexical targets	34	registry:scholastic-success-vocabulary-grade-3		Explicit printed word-bank, list, chart or label form only; lemma, sense and IELTS relevance require editorial review.	lexical_candidate	candidate_only	pdf	pdf:explicit-lexical-targets;pdf_page=34;section=explicit_component_grid
Scholastic Success with Vocabulary, Grade 3	scholastic-success-vocabulary-grade-3	mean	mean			Compound-word components | explicit lexical targets	34	registry:scholastic-success-vocabulary-grade-3		Explicit printed word-bank, list, chart or label form only; lemma, sense and IELTS relevance require editorial review.	lexical_candidate	candidate_only	pdf	pdf:explicit-lexical-targets;pdf_page=34;section=explicit_component_grid
Scholastic Success with Vocabulary, Grade 3	scholastic-success-vocabulary-grade-3	sooner	sooner			Words that go together | explicit lexical targets	44	registry:scholastic-success-vocabulary-grade-3		Explicit printed word-bank, list, chart or label form only; lemma, sense and IELTS relevance require editorial review.	lexical_candidate	candidate_only	pdf	pdf:explicit-lexical-targets;pdf_page=44;section=explicit_word_box
Scholastic Success with Vocabulary, Grade 3	scholastic-success-vocabulary-grade-3	right	right			Words that go together | explicit lexical targets	44	registry:scholastic-success-vocabulary-grade-3		Explicit printed word-bank, list, chart or label form only; lemma, sense and IELTS relevance require editorial review.	lexical_candidate	candidate_only	pdf	pdf:explicit-lexical-targets;pdf_page=44;section=explicit_word_box
Scholastic Success with Vocabulary, Grade 3	scholastic-success-vocabulary-grade-3	chips	chips			Words that go together | explicit lexical targets	44	registry:scholastic-success-vocabulary-grade-3		Explicit printed word-bank, list, chart or label form only; lemma, sense and IELTS relevance require editorial review.	lexical_candidate	candidate_only	pdf	pdf:explicit-lexical-targets;pdf_page=44;section=explicit_word_box
Scholastic Success with Vocabulary, Grade 3	scholastic-success-vocabulary-grade-3	sweet	sweet			Words that go together | explicit lexical targets	44	registry:scholastic-success-vocabulary-grade-3		Explicit printed word-bank, list, chart or label form only; lemma, sense and IELTS relevance require editorial review.	lexical_candidate	candidate_only	pdf	pdf:explicit-lexical-targets;pdf_page=44;section=explicit_word_box
Scholastic Success with Vocabulary, Grade 3	scholastic-success-vocabulary-grade-3	order	order			Words that go together | explicit lexical targets	44	registry:scholastic-success-vocabulary-grade-3		Explicit printed word-bank, list, chart or label form only; lemma, sense and IELTS relevance require editorial review.	lexical_candidate	candidate_only	pdf	pdf:explicit-lexical-targets;pdf_page=44;section=explicit_word_box
Scholastic Success with Vocabulary, Grade 3	scholastic-success-vocabulary-grade-3	lost	lost			Words that go together | explicit lexical targets	44	registry:scholastic-success-vocabulary-grade-3		Explicit printed word-bank, list, chart or label form only; lemma, sense and IELTS relevance require editorial review.	lexical_candidate	candidate_only	pdf	pdf:explicit-lexical-targets;pdf_page=44;section=explicit_word_box
Scholastic Success with Vocabulary, Grade 3	scholastic-success-vocabulary-grade-3	sugar	sugar			Words that go together | explicit lexical targets	44	registry:scholastic-success-vocabulary-grade-3		Explicit printed word-bank, list, chart or label form only; lemma, sense and IELTS relevance require editorial review.	lexical_candidate	candidate_only	pdf	pdf:explicit-lexical-targets;pdf_page=44;section=explicit_word_box
Scholastic Success with Vocabulary, Grade 3	scholastic-success-vocabulary-grade-3	effect	effect			Words that go together | explicit lexical targets	44	registry:scholastic-success-vocabulary-grade-3		Explicit printed word-bank, list, chart or label form only; lemma, sense and IELTS relevance require editorial review.	lexical_candidate	candidate_only	pdf	pdf:explicit-lexical-targets;pdf_page=44;section=explicit_word_box
Scholastic Success with Vocabulary, Grade 3	scholastic-success-vocabulary-grade-3	bacon	bacon			Words that go together | explicit lexical targets	44	registry:scholastic-success-vocabulary-grade-3		Explicit printed word-bank, list, chart or label form only; lemma, sense and IELTS relevance require editorial review.	lexical_candidate	candidate_only	pdf	pdf:explicit-lexical-targets;pdf_page=44;section=explicit_word_box
Scholastic Success with Vocabulary, Grade 3	scholastic-success-vocabulary-grade-3	fun	fun			Words that go together | explicit lexical targets	44	registry:scholastic-success-vocabulary-grade-3		Explicit printed word-bank, list, chart or label form only; lemma, sense and IELTS relevance require editorial review.	lexical_candidate	candidate_only	pdf	pdf:explicit-lexical-targets;pdf_page=44;section=explicit_word_box
Scholastic Success with Vocabulary, Grade 3	scholastic-success-vocabulary-grade-3	shine	shine			Words that go together | explicit lexical targets	44	registry:scholastic-success-vocabulary-grade-3		Explicit printed word-bank, list, chart or label form only; lemma, sense and IELTS relevance require editorial review.	lexical_candidate	candidate_only	pdf	pdf:explicit-lexical-targets;pdf_page=44;section=explicit_word_box
Scholastic Success with Vocabulary, Grade 3	scholastic-success-vocabulary-grade-3	business	business			Words that go together | explicit lexical targets	44	registry:scholastic-success-vocabulary-grade-3		Explicit printed word-bank, list, chart or label form only; lemma, sense and IELTS relevance require editorial review.	lexical_candidate	candidate_only	pdf	pdf:explicit-lexical-targets;pdf_page=44;section=explicit_word_box
Scholastic Success with Vocabulary, Grade 3	scholastic-success-vocabulary-grade-3	error	error			Words that go together | explicit lexical targets	44	registry:scholastic-success-vocabulary-grade-3		Explicit printed word-bank, list, chart or label form only; lemma, sense and IELTS relevance require editorial review.	lexical_candidate	candidate_only	pdf	pdf:explicit-lexical-targets;pdf_page=44;section=explicit_word_box
Scholastic Success with Vocabulary, Grade 3	scholastic-success-vocabulary-grade-3	easy	easy			Words that go together | explicit lexical targets	44	registry:scholastic-success-vocabulary-grade-3		Explicit printed word-bank, list, chart or label form only; lemma, sense and IELTS relevance require editorial review.	lexical_candidate	candidate_only	pdf	pdf:explicit-lexical-targets;pdf_page=44;section=explicit_word_box
Scholastic Success with Vocabulary, Grade 3	scholastic-success-vocabulary-grade-3	name	name			Words that go together | explicit lexical targets	44	registry:scholastic-success-vocabulary-grade-3		Explicit printed word-bank, list, chart or label form only; lemma, sense and IELTS relevance require editorial review.	lexical_candidate	candidate_only	pdf	pdf:explicit-lexical-targets;pdf_page=44;section=explicit_word_box
Scholastic Success with Vocabulary, Grade 3	scholastic-success-vocabulary-grade-3	gentlemen	gentlemen			Words that go together | explicit lexical targets	44	registry:scholastic-success-vocabulary-grade-3		Explicit printed word-bank, list, chart or label form only; lemma, sense and IELTS relevance require editorial review.	lexical_candidate	candidate_only	pdf	pdf:explicit-lexical-targets;pdf_page=44;section=explicit_word_box
Scholastic Success with Vocabulary, Grade 3	scholastic-success-vocabulary-grade-3	cup	cup			Words that go together | explicit lexical targets	44	registry:scholastic-success-vocabulary-grade-3		Explicit printed word-bank, list, chart or label form only; lemma, sense and IELTS relevance require editorial review.	lexical_candidate	candidate_only	pdf	pdf:explicit-lexical-targets;pdf_page=44;section=explicit_word_box
Scholastic Success with Vocabulary, Grade 3	scholastic-success-vocabulary-grade-3	alive	alive			Words that go together | explicit lexical targets	44	registry:scholastic-success-vocabulary-grade-3		Explicit printed word-bank, list, chart or label form only; lemma, sense and IELTS relevance require editorial review.	lexical_candidate	candidate_only	pdf	pdf:explicit-lexical-targets;pdf_page=44;section=explicit_word_box
Scholastic Success with Vocabulary, Grade 3	scholastic-success-vocabulary-grade-3	cents	cents			Words that go together | explicit lexical targets	44	registry:scholastic-success-vocabulary-grade-3		Explicit printed word-bank, list, chart or label form only; lemma, sense and IELTS relevance require editorial review.	lexical_candidate	candidate_only	pdf	pdf:explicit-lexical-targets;pdf_page=44;section=explicit_word_box
Scholastic Success with Vocabulary, Grade 3	scholastic-success-vocabulary-grade-3	pots	pots			Words that go together | explicit lexical targets	44	registry:scholastic-success-vocabulary-grade-3		Explicit printed word-bank, list, chart or label form only; lemma, sense and IELTS relevance require editorial review.	lexical_candidate	candidate_only	pdf	pdf:explicit-lexical-targets;pdf_page=44;section=explicit_word_box
Scholastic Success with Vocabulary, Grade 3	scholastic-success-vocabulary-grade-3	handicapped access	handicapped access			Signs and symbols | explicit lexical targets	46	registry:scholastic-success-vocabulary-grade-3		Explicit printed word-bank, list, chart or label form only; lemma, sense and IELTS relevance require editorial review.	lexical_candidate	candidate_only	pdf	pdf:explicit-lexical-targets;pdf_page=46;section=explicit_phrase_box
Scholastic Success with Vocabulary, Grade 3	scholastic-success-vocabulary-grade-3	poison	poison			Signs and symbols | explicit lexical targets	46	registry:scholastic-success-vocabulary-grade-3		Explicit printed word-bank, list, chart or label form only; lemma, sense and IELTS relevance require editorial review.	lexical_candidate	candidate_only	pdf	pdf:explicit-lexical-targets;pdf_page=46;section=explicit_phrase_box
Scholastic Success with Vocabulary, Grade 3	scholastic-success-vocabulary-grade-3	hiking trail	hiking trail			Signs and symbols | explicit lexical targets	46	registry:scholastic-success-vocabulary-grade-3		Explicit printed word-bank, list, chart or label form only; lemma, sense and IELTS relevance require editorial review.	lexical_candidate	candidate_only	pdf	pdf:explicit-lexical-targets;pdf_page=46;section=explicit_phrase_box
Scholastic Success with Vocabulary, Grade 3	scholastic-success-vocabulary-grade-3	school zone	school zone			Signs and symbols | explicit lexical targets	46	registry:scholastic-success-vocabulary-grade-3		Explicit printed word-bank, list, chart or label form only; lemma, sense and IELTS relevance require editorial review.	lexical_candidate	candidate_only	pdf	pdf:explicit-lexical-targets;pdf_page=46;section=explicit_phrase_box
Scholastic Success with Vocabulary, Grade 3	scholastic-success-vocabulary-grade-3	railroad crossing	railroad crossing			Signs and symbols | explicit lexical targets	46	registry:scholastic-success-vocabulary-grade-3		Explicit printed word-bank, list, chart or label form only; lemma, sense and IELTS relevance require editorial review.	lexical_candidate	candidate_only	pdf	pdf:explicit-lexical-targets;pdf_page=46;section=explicit_phrase_box
Scholastic Success with Vocabulary, Grade 3	scholastic-success-vocabulary-grade-3	fuel	fuel			Signs and symbols | explicit lexical targets	46	registry:scholastic-success-vocabulary-grade-3		Explicit printed word-bank, list, chart or label form only; lemma, sense and IELTS relevance require editorial review.	lexical_candidate	candidate_only	pdf	pdf:explicit-lexical-targets;pdf_page=46;section=explicit_phrase_box
Scholastic Success with Vocabulary, Grade 3	scholastic-success-vocabulary-grade-3	camping	camping			Signs and symbols | explicit lexical targets	46	registry:scholastic-success-vocabulary-grade-3		Explicit printed word-bank, list, chart or label form only; lemma, sense and IELTS relevance require editorial review.	lexical_candidate	candidate_only	pdf	pdf:explicit-lexical-targets;pdf_page=46;section=explicit_phrase_box
Scholastic Success with Vocabulary, Grade 3	scholastic-success-vocabulary-grade-3	flammable	flammable			Signs and symbols | explicit lexical targets	46	registry:scholastic-success-vocabulary-grade-3		Explicit printed word-bank, list, chart or label form only; lemma, sense and IELTS relevance require editorial review.	lexical_candidate	candidate_only	pdf	pdf:explicit-lexical-targets;pdf_page=46;section=explicit_phrase_box
Scholastic Success with Vocabulary, Grade 3	scholastic-success-vocabulary-grade-3	slippery road	slippery road			Signs and symbols | explicit lexical targets	46	registry:scholastic-success-vocabulary-grade-3		Explicit printed word-bank, list, chart or label form only; lemma, sense and IELTS relevance require editorial review.	lexical_candidate	candidate_only	pdf	pdf:explicit-lexical-targets;pdf_page=46;section=explicit_phrase_box
Scholastic Success with Vocabulary, Grade 3	scholastic-success-vocabulary-grade-3	food	food			Signs and symbols | explicit lexical targets	46	registry:scholastic-success-vocabulary-grade-3		Explicit printed word-bank, list, chart or label form only; lemma, sense and IELTS relevance require editorial review.	lexical_candidate	candidate_only	pdf	pdf:explicit-lexical-targets;pdf_page=46;section=explicit_phrase_box
Scholastic Success with Vocabulary, Grade 3	scholastic-success-vocabulary-grade-3	lodging	lodging			Signs and symbols | explicit lexical targets	46	registry:scholastic-success-vocabulary-grade-3		Explicit printed word-bank, list, chart or label form only; lemma, sense and IELTS relevance require editorial review.	lexical_candidate	candidate_only	pdf	pdf:explicit-lexical-targets;pdf_page=46;section=explicit_phrase_box
Scholastic Success with Vocabulary, Grade 3	scholastic-success-vocabulary-grade-3	no bicycles	no bicycles			Signs and symbols | explicit lexical targets	46	registry:scholastic-success-vocabulary-grade-3		Explicit printed word-bank, list, chart or label form only; lemma, sense and IELTS relevance require editorial review.	lexical_candidate	candidate_only	pdf	pdf:explicit-lexical-targets;pdf_page=46;section=explicit_phrase_box
Scholastic Success with Vocabulary, Grade 3	scholastic-success-vocabulary-grade-3	stem	stem			Homonyms | explicit lexical targets	50	registry:scholastic-success-vocabulary-grade-3		Explicit printed word-bank, list, chart or label form only; lemma, sense and IELTS relevance require editorial review.	lexical_candidate	candidate_only	pdf	pdf:explicit-lexical-targets;pdf_page=50;section=explicit_word_box
Scholastic Success with Vocabulary, Grade 3	scholastic-success-vocabulary-grade-3	leaf	leaf			Homonyms | explicit lexical targets	50	registry:scholastic-success-vocabulary-grade-3		Explicit printed word-bank, list, chart or label form only; lemma, sense and IELTS relevance require editorial review.	lexical_candidate	candidate_only	pdf	pdf:explicit-lexical-targets;pdf_page=50;section=explicit_word_box
Scholastic Success with Vocabulary, Grade 3	scholastic-success-vocabulary-grade-3	root	root			Homonyms | explicit lexical targets	50	registry:scholastic-success-vocabulary-grade-3		Explicit printed word-bank, list, chart or label form only; lemma, sense and IELTS relevance require editorial review.	lexical_candidate	candidate_only	pdf	pdf:explicit-lexical-targets;pdf_page=50;section=explicit_word_box
Scholastic Success with Vocabulary, Grade 3	scholastic-success-vocabulary-grade-3	bark	bark			Homonyms | explicit lexical targets	50	registry:scholastic-success-vocabulary-grade-3		Explicit printed word-bank, list, chart or label form only; lemma, sense and IELTS relevance require editorial review.	lexical_candidate	candidate_only	pdf	pdf:explicit-lexical-targets;pdf_page=50;section=explicit_word_box
Scholastic Success with Vocabulary, Grade 3	scholastic-success-vocabulary-grade-3	trunk	trunk			Homonyms | explicit lexical targets	50	registry:scholastic-success-vocabulary-grade-3		Explicit printed word-bank, list, chart or label form only; lemma, sense and IELTS relevance require editorial review.	lexical_candidate	candidate_only	pdf	pdf:explicit-lexical-targets;pdf_page=50;section=explicit_word_box
Scholastic Success with Vocabulary, Grade 3	scholastic-success-vocabulary-grade-3	compass rose	compass rose	noun		Map vocabulary | explicit lexical targets	54	registry:scholastic-success-vocabulary-grade-3		Explicit printed word-bank, list, chart or label form only; lemma, sense and IELTS relevance require editorial review.	lexical_candidate	candidate_only	pdf	pdf:explicit-lexical-targets;pdf_page=54;section=explicit_numbered_term_list
Scholastic Success with Vocabulary, Grade 3	scholastic-success-vocabulary-grade-3	distance scale	distance scale	noun		Map vocabulary | explicit lexical targets	54	registry:scholastic-success-vocabulary-grade-3		Explicit printed word-bank, list, chart or label form only; lemma, sense and IELTS relevance require editorial review.	lexical_candidate	candidate_only	pdf	pdf:explicit-lexical-targets;pdf_page=54;section=explicit_numbered_term_list
Scholastic Success with Vocabulary, Grade 3	scholastic-success-vocabulary-grade-3	national capital	national capital	noun		Map vocabulary | explicit lexical targets	54	registry:scholastic-success-vocabulary-grade-3		Explicit printed word-bank, list, chart or label form only; lemma, sense and IELTS relevance require editorial review.	lexical_candidate	candidate_only	pdf	pdf:explicit-lexical-targets;pdf_page=54;section=explicit_numbered_term_list
Scholastic Success with Vocabulary, Grade 3	scholastic-success-vocabulary-grade-3	state capital	state capital	noun		Map vocabulary | explicit lexical targets	54	registry:scholastic-success-vocabulary-grade-3		Explicit printed word-bank, list, chart or label form only; lemma, sense and IELTS relevance require editorial review.	lexical_candidate	candidate_only	pdf	pdf:explicit-lexical-targets;pdf_page=54;section=explicit_numbered_term_list
Scholastic Success with Vocabulary, Grade 3	scholastic-success-vocabulary-grade-3	state border	state border	noun		Map vocabulary | explicit lexical targets	54	registry:scholastic-success-vocabulary-grade-3		Explicit printed word-bank, list, chart or label form only; lemma, sense and IELTS relevance require editorial review.	lexical_candidate	candidate_only	pdf	pdf:explicit-lexical-targets;pdf_page=54;section=explicit_numbered_term_list
Scholastic Success with Vocabulary, Grade 3	scholastic-success-vocabulary-grade-3	national border	national border	noun		Map vocabulary | explicit lexical targets	54	registry:scholastic-success-vocabulary-grade-3		Explicit printed word-bank, list, chart or label form only; lemma, sense and IELTS relevance require editorial review.	lexical_candidate	candidate_only	pdf	pdf:explicit-lexical-targets;pdf_page=54;section=explicit_numbered_term_list
Scholastic Success with Vocabulary, Grade 3	scholastic-success-vocabulary-grade-3	map key	map key	noun		Map vocabulary | explicit lexical targets	54	registry:scholastic-success-vocabulary-grade-3		Explicit printed word-bank, list, chart or label form only; lemma, sense and IELTS relevance require editorial review.	lexical_candidate	candidate_only	pdf	pdf:explicit-lexical-targets;pdf_page=54;section=explicit_numbered_term_list
Scholastic Success with Vocabulary, Grade 3	scholastic-success-vocabulary-grade-3	shoes	shoes			Categories | explicit lexical targets	56	registry:scholastic-success-vocabulary-grade-3		Explicit printed word-bank, list, chart or label form only; lemma, sense and IELTS relevance require editorial review.	lexical_candidate	candidate_only	pdf	pdf:explicit-lexical-targets;pdf_page=56;section=explicit_group_targets
Scholastic Success with Vocabulary, Grade 3	scholastic-success-vocabulary-grade-3	gloves	gloves			Categories | explicit lexical targets	56	registry:scholastic-success-vocabulary-grade-3		Explicit printed word-bank, list, chart or label form only; lemma, sense and IELTS relevance require editorial review.	lexical_candidate	candidate_only	pdf	pdf:explicit-lexical-targets;pdf_page=56;section=explicit_group_targets
Scholastic Success with Vocabulary, Grade 3	scholastic-success-vocabulary-grade-3	socks	socks			Categories | explicit lexical targets	56	registry:scholastic-success-vocabulary-grade-3		Explicit printed word-bank, list, chart or label form only; lemma, sense and IELTS relevance require editorial review.	lexical_candidate	candidate_only	pdf	pdf:explicit-lexical-targets;pdf_page=56;section=explicit_group_targets
Scholastic Success with Vocabulary, Grade 3	scholastic-success-vocabulary-grade-3	hat	hat			Categories | explicit lexical targets	56	registry:scholastic-success-vocabulary-grade-3		Explicit printed word-bank, list, chart or label form only; lemma, sense and IELTS relevance require editorial review.	lexical_candidate	candidate_only	pdf	pdf:explicit-lexical-targets;pdf_page=56;section=explicit_group_targets
Scholastic Success with Vocabulary, Grade 3	scholastic-success-vocabulary-grade-3	adjective	adjective			Categories | explicit lexical targets	56	registry:scholastic-success-vocabulary-grade-3		Explicit printed word-bank, list, chart or label form only; lemma, sense and IELTS relevance require editorial review.	lexical_candidate	candidate_only	pdf	pdf:explicit-lexical-targets;pdf_page=56;section=explicit_group_targets
Scholastic Success with Vocabulary, Grade 3	scholastic-success-vocabulary-grade-3	comma	comma			Categories | explicit lexical targets	56	registry:scholastic-success-vocabulary-grade-3		Explicit printed word-bank, list, chart or label form only; lemma, sense and IELTS relevance require editorial review.	lexical_candidate	candidate_only	pdf	pdf:explicit-lexical-targets;pdf_page=56;section=explicit_group_targets
Scholastic Success with Vocabulary, Grade 3	scholastic-success-vocabulary-grade-3	noun	noun			Categories | explicit lexical targets	56	registry:scholastic-success-vocabulary-grade-3		Explicit printed word-bank, list, chart or label form only; lemma, sense and IELTS relevance require editorial review.	lexical_candidate	candidate_only	pdf	pdf:explicit-lexical-targets;pdf_page=56;section=explicit_group_targets
Scholastic Success with Vocabulary, Grade 3	scholastic-success-vocabulary-grade-3	verb	verb			Categories | explicit lexical targets	56	registry:scholastic-success-vocabulary-grade-3		Explicit printed word-bank, list, chart or label form only; lemma, sense and IELTS relevance require editorial review.	lexical_candidate	candidate_only	pdf	pdf:explicit-lexical-targets;pdf_page=56;section=explicit_group_targets
Scholastic Success with Vocabulary, Grade 3	scholastic-success-vocabulary-grade-3	tornado	tornado			Categories | explicit lexical targets	56	registry:scholastic-success-vocabulary-grade-3		Explicit printed word-bank, list, chart or label form only; lemma, sense and IELTS relevance require editorial review.	lexical_candidate	candidate_only	pdf	pdf:explicit-lexical-targets;pdf_page=56;section=explicit_group_targets
Scholastic Success with Vocabulary, Grade 3	scholastic-success-vocabulary-grade-3	hurricane	hurricane			Categories | explicit lexical targets	56	registry:scholastic-success-vocabulary-grade-3		Explicit printed word-bank, list, chart or label form only; lemma, sense and IELTS relevance require editorial review.	lexical_candidate	candidate_only	pdf	pdf:explicit-lexical-targets;pdf_page=56;section=explicit_group_targets
Scholastic Success with Vocabulary, Grade 3	scholastic-success-vocabulary-grade-3	earthquake	earthquake			Categories | explicit lexical targets	56	registry:scholastic-success-vocabulary-grade-3		Explicit printed word-bank, list, chart or label form only; lemma, sense and IELTS relevance require editorial review.	lexical_candidate	candidate_only	pdf	pdf:explicit-lexical-targets;pdf_page=56;section=explicit_group_targets
Scholastic Success with Vocabulary, Grade 3	scholastic-success-vocabulary-grade-3	snow	snow			Categories | explicit lexical targets	56	registry:scholastic-success-vocabulary-grade-3		Explicit printed word-bank, list, chart or label form only; lemma, sense and IELTS relevance require editorial review.	lexical_candidate	candidate_only	pdf	pdf:explicit-lexical-targets;pdf_page=56;section=explicit_group_targets
Scholastic Success with Vocabulary, Grade 3	scholastic-success-vocabulary-grade-3	square	square			Categories | explicit lexical targets	56	registry:scholastic-success-vocabulary-grade-3		Explicit printed word-bank, list, chart or label form only; lemma, sense and IELTS relevance require editorial review.	lexical_candidate	candidate_only	pdf	pdf:explicit-lexical-targets;pdf_page=56;section=explicit_group_targets
Scholastic Success with Vocabulary, Grade 3	scholastic-success-vocabulary-grade-3	sphere	sphere			Categories | explicit lexical targets	56	registry:scholastic-success-vocabulary-grade-3		Explicit printed word-bank, list, chart or label form only; lemma, sense and IELTS relevance require editorial review.	lexical_candidate	candidate_only	pdf	pdf:explicit-lexical-targets;pdf_page=56;section=explicit_group_targets
Scholastic Success with Vocabulary, Grade 3	scholastic-success-vocabulary-grade-3	pyramid	pyramid			Categories | explicit lexical targets	56	registry:scholastic-success-vocabulary-grade-3		Explicit printed word-bank, list, chart or label form only; lemma, sense and IELTS relevance require editorial review.	lexical_candidate	candidate_only	pdf	pdf:explicit-lexical-targets;pdf_page=56;section=explicit_group_targets
Scholastic Success with Vocabulary, Grade 3	scholastic-success-vocabulary-grade-3	cube	cube			Categories | explicit lexical targets	56	registry:scholastic-success-vocabulary-grade-3		Explicit printed word-bank, list, chart or label form only; lemma, sense and IELTS relevance require editorial review.	lexical_candidate	candidate_only	pdf	pdf:explicit-lexical-targets;pdf_page=56;section=explicit_group_targets
Scholastic Success with Vocabulary, Grade 3	scholastic-success-vocabulary-grade-3	banana	banana			Categories | explicit lexical targets	56	registry:scholastic-success-vocabulary-grade-3		Explicit printed word-bank, list, chart or label form only; lemma, sense and IELTS relevance require editorial review.	lexical_candidate	candidate_only	pdf	pdf:explicit-lexical-targets;pdf_page=56;section=explicit_group_targets
Scholastic Success with Vocabulary, Grade 3	scholastic-success-vocabulary-grade-3	apple	apple			Categories | explicit lexical targets	56	registry:scholastic-success-vocabulary-grade-3		Explicit printed word-bank, list, chart or label form only; lemma, sense and IELTS relevance require editorial review.	lexical_candidate	candidate_only	pdf	pdf:explicit-lexical-targets;pdf_page=56;section=explicit_group_targets
Scholastic Success with Vocabulary, Grade 3	scholastic-success-vocabulary-grade-3	orange	orange			Categories | explicit lexical targets	56	registry:scholastic-success-vocabulary-grade-3		Explicit printed word-bank, list, chart or label form only; lemma, sense and IELTS relevance require editorial review.	lexical_candidate	candidate_only	pdf	pdf:explicit-lexical-targets;pdf_page=56;section=explicit_group_targets
Scholastic Success with Vocabulary, Grade 3	scholastic-success-vocabulary-grade-3	peach	peach			Categories | explicit lexical targets	56	registry:scholastic-success-vocabulary-grade-3		Explicit printed word-bank, list, chart or label form only; lemma, sense and IELTS relevance require editorial review.	lexical_candidate	candidate_only	pdf	pdf:explicit-lexical-targets;pdf_page=56;section=explicit_group_targets
Scholastic Success with Vocabulary, Grade 3	scholastic-success-vocabulary-grade-3	daffodil	daffodil			Categories | explicit lexical targets	56	registry:scholastic-success-vocabulary-grade-3		Explicit printed word-bank, list, chart or label form only; lemma, sense and IELTS relevance require editorial review.	lexical_candidate	candidate_only	pdf	pdf:explicit-lexical-targets;pdf_page=56;section=explicit_group_targets
Scholastic Success with Vocabulary, Grade 3	scholastic-success-vocabulary-grade-3	maple	maple			Categories | explicit lexical targets	56	registry:scholastic-success-vocabulary-grade-3		Explicit printed word-bank, list, chart or label form only; lemma, sense and IELTS relevance require editorial review.	lexical_candidate	candidate_only	pdf	pdf:explicit-lexical-targets;pdf_page=56;section=explicit_group_targets
Scholastic Success with Vocabulary, Grade 3	scholastic-success-vocabulary-grade-3	elm	elm			Categories | explicit lexical targets	56	registry:scholastic-success-vocabulary-grade-3		Explicit printed word-bank, list, chart or label form only; lemma, sense and IELTS relevance require editorial review.	lexical_candidate	candidate_only	pdf	pdf:explicit-lexical-targets;pdf_page=56;section=explicit_group_targets
Scholastic Success with Vocabulary, Grade 3	scholastic-success-vocabulary-grade-3	baseball	baseball			Categories | explicit lexical targets	56	registry:scholastic-success-vocabulary-grade-3		Explicit printed word-bank, list, chart or label form only; lemma, sense and IELTS relevance require editorial review.	lexical_candidate	candidate_only	pdf	pdf:explicit-lexical-targets;pdf_page=56;section=explicit_group_targets
Scholastic Success with Vocabulary, Grade 3	scholastic-success-vocabulary-grade-3	tennis	tennis			Categories | explicit lexical targets	56	registry:scholastic-success-vocabulary-grade-3		Explicit printed word-bank, list, chart or label form only; lemma, sense and IELTS relevance require editorial review.	lexical_candidate	candidate_only	pdf	pdf:explicit-lexical-targets;pdf_page=56;section=explicit_group_targets
Scholastic Success with Vocabulary, Grade 3	scholastic-success-vocabulary-grade-3	swimming	swimming			Categories | explicit lexical targets	56	registry:scholastic-success-vocabulary-grade-3		Explicit printed word-bank, list, chart or label form only; lemma, sense and IELTS relevance require editorial review.	lexical_candidate	candidate_only	pdf	pdf:explicit-lexical-targets;pdf_page=56;section=explicit_group_targets
Scholastic Success with Vocabulary, Grade 3	scholastic-success-vocabulary-grade-3	golf	golf			Categories | explicit lexical targets	56	registry:scholastic-success-vocabulary-grade-3		Explicit printed word-bank, list, chart or label form only; lemma, sense and IELTS relevance require editorial review.	lexical_candidate	candidate_only	pdf	pdf:explicit-lexical-targets;pdf_page=56;section=explicit_group_targets
Scholastic Success with Vocabulary, Grade 3	scholastic-success-vocabulary-grade-3	delete	delete			Categories | explicit lexical targets	56	registry:scholastic-success-vocabulary-grade-3		Explicit printed word-bank, list, chart or label form only; lemma, sense and IELTS relevance require editorial review.	lexical_candidate	candidate_only	pdf	pdf:explicit-lexical-targets;pdf_page=56;section=explicit_group_targets
Scholastic Success with Vocabulary, Grade 3	scholastic-success-vocabulary-grade-3	return	return			Categories | explicit lexical targets	56	registry:scholastic-success-vocabulary-grade-3		Explicit printed word-bank, list, chart or label form only; lemma, sense and IELTS relevance require editorial review.	lexical_candidate	candidate_only	pdf	pdf:explicit-lexical-targets;pdf_page=56;section=explicit_group_targets
Scholastic Success with Vocabulary, Grade 3	scholastic-success-vocabulary-grade-3	backspace	backspace			Categories | explicit lexical targets	56	registry:scholastic-success-vocabulary-grade-3		Explicit printed word-bank, list, chart or label form only; lemma, sense and IELTS relevance require editorial review.	lexical_candidate	candidate_only	pdf	pdf:explicit-lexical-targets;pdf_page=56;section=explicit_group_targets
Scholastic Success with Vocabulary, Grade 3	scholastic-success-vocabulary-grade-3	open	open			Categories | explicit lexical targets	56	registry:scholastic-success-vocabulary-grade-3		Explicit printed word-bank, list, chart or label form only; lemma, sense and IELTS relevance require editorial review.	lexical_candidate	candidate_only	pdf	pdf:explicit-lexical-targets;pdf_page=56;section=explicit_group_targets
Scholastic Success with Vocabulary, Grade 3	scholastic-success-vocabulary-grade-3	pupil	pupil			Categories | explicit lexical targets	56	registry:scholastic-success-vocabulary-grade-3		Explicit printed word-bank, list, chart or label form only; lemma, sense and IELTS relevance require editorial review.	lexical_candidate	candidate_only	pdf	pdf:explicit-lexical-targets;pdf_page=56;section=explicit_group_targets
Scholastic Success with Vocabulary, Grade 3	scholastic-success-vocabulary-grade-3	iris	iris			Categories | explicit lexical targets	56	registry:scholastic-success-vocabulary-grade-3		Explicit printed word-bank, list, chart or label form only; lemma, sense and IELTS relevance require editorial review.	lexical_candidate	candidate_only	pdf	pdf:explicit-lexical-targets;pdf_page=56;section=explicit_group_targets
Scholastic Success with Vocabulary, Grade 3	scholastic-success-vocabulary-grade-3	cornea	cornea			Categories | explicit lexical targets	56	registry:scholastic-success-vocabulary-grade-3		Explicit printed word-bank, list, chart or label form only; lemma, sense and IELTS relevance require editorial review.	lexical_candidate	candidate_only	pdf	pdf:explicit-lexical-targets;pdf_page=56;section=explicit_group_targets
Scholastic Success with Vocabulary, Grade 3	scholastic-success-vocabulary-grade-3	palm	palm			Categories | explicit lexical targets	56	registry:scholastic-success-vocabulary-grade-3		Explicit printed word-bank, list, chart or label form only; lemma, sense and IELTS relevance require editorial review.	lexical_candidate	candidate_only	pdf	pdf:explicit-lexical-targets;pdf_page=56;section=explicit_group_targets
Scholastic Success with Vocabulary, Grade 3	scholastic-success-vocabulary-grade-3	drought	drought	noun		Weather vocabulary | explicit lexical targets	66	registry:scholastic-success-vocabulary-grade-3		Explicit printed word-bank, list, chart or label form only; lemma, sense and IELTS relevance require editorial review.	lexical_candidate	candidate_only	pdf	pdf:explicit-lexical-targets;pdf_page=66;section=explicit_word_box
Scholastic Success with Vocabulary, Grade 3	scholastic-success-vocabulary-grade-3	flood	flood	noun		Weather vocabulary | explicit lexical targets	66	registry:scholastic-success-vocabulary-grade-3		Explicit printed word-bank, list, chart or label form only; lemma, sense and IELTS relevance require editorial review.	lexical_candidate	candidate_only	pdf	pdf:explicit-lexical-targets;pdf_page=66;section=explicit_word_box
Scholastic Success with Vocabulary, Grade 3	scholastic-success-vocabulary-grade-3	gale	gale	noun		Weather vocabulary | explicit lexical targets	66	registry:scholastic-success-vocabulary-grade-3		Explicit printed word-bank, list, chart or label form only; lemma, sense and IELTS relevance require editorial review.	lexical_candidate	candidate_only	pdf	pdf:explicit-lexical-targets;pdf_page=66;section=explicit_word_box
Scholastic Success with Vocabulary, Grade 3	scholastic-success-vocabulary-grade-3	sleet	sleet	noun		Weather vocabulary | explicit lexical targets	66	registry:scholastic-success-vocabulary-grade-3		Explicit printed word-bank, list, chart or label form only; lemma, sense and IELTS relevance require editorial review.	lexical_candidate	candidate_only	pdf	pdf:explicit-lexical-targets;pdf_page=66;section=explicit_word_box
Scholastic Success with Vocabulary, Grade 3	scholastic-success-vocabulary-grade-3	blizzard	blizzard	noun		Weather vocabulary | explicit lexical targets	66	registry:scholastic-success-vocabulary-grade-3		Explicit printed word-bank, list, chart or label form only; lemma, sense and IELTS relevance require editorial review.	lexical_candidate	candidate_only	pdf	pdf:explicit-lexical-targets;pdf_page=66;section=explicit_word_box
Scholastic Success with Vocabulary, Grade 3	scholastic-success-vocabulary-grade-3	frost	frost	noun		Weather vocabulary | explicit lexical targets	66	registry:scholastic-success-vocabulary-grade-3		Explicit printed word-bank, list, chart or label form only; lemma, sense and IELTS relevance require editorial review.	lexical_candidate	candidate_only	pdf	pdf:explicit-lexical-targets;pdf_page=66;section=explicit_word_box
Scholastic Success with Vocabulary, Grade 3	scholastic-success-vocabulary-grade-3	hail	hail	noun		Weather vocabulary | explicit lexical targets	66	registry:scholastic-success-vocabulary-grade-3		Explicit printed word-bank, list, chart or label form only; lemma, sense and IELTS relevance require editorial review.	lexical_candidate	candidate_only	pdf	pdf:explicit-lexical-targets;pdf_page=66;section=explicit_word_box
Scholastic Success with Vocabulary, Grade 3	scholastic-success-vocabulary-grade-3	thunderstorm	thunderstorm	noun		Weather vocabulary | explicit lexical targets	66	registry:scholastic-success-vocabulary-grade-3		Explicit printed word-bank, list, chart or label form only; lemma, sense and IELTS relevance require editorial review.	lexical_candidate	candidate_only	pdf	pdf:explicit-lexical-targets;pdf_page=66;section=explicit_word_box
Scholastic Success with Vocabulary, Grade 3	scholastic-success-vocabulary-grade-3	announced	announced	verb		Exact reporting verbs | explicit lexical targets	68	registry:scholastic-success-vocabulary-grade-3		Explicit printed word-bank, list, chart or label form only; lemma, sense and IELTS relevance require editorial review.	lexical_candidate	candidate_only	pdf	pdf:explicit-lexical-targets;pdf_page=68;section=explicit_word_box
Scholastic Success with Vocabulary, Grade 3	scholastic-success-vocabulary-grade-3	complained	complained	verb		Exact reporting verbs | explicit lexical targets	68	registry:scholastic-success-vocabulary-grade-3		Explicit printed word-bank, list, chart or label form only; lemma, sense and IELTS relevance require editorial review.	lexical_candidate	candidate_only	pdf	pdf:explicit-lexical-targets;pdf_page=68;section=explicit_word_box
Scholastic Success with Vocabulary, Grade 3	scholastic-success-vocabulary-grade-3	directed	directed	verb		Exact reporting verbs | explicit lexical targets	68	registry:scholastic-success-vocabulary-grade-3		Explicit printed word-bank, list, chart or label form only; lemma, sense and IELTS relevance require editorial review.	lexical_candidate	candidate_only	pdf	pdf:explicit-lexical-targets;pdf_page=68;section=explicit_word_box
Scholastic Success with Vocabulary, Grade 3	scholastic-success-vocabulary-grade-3	responded	responded	verb		Exact reporting verbs | explicit lexical targets	68	registry:scholastic-success-vocabulary-grade-3		Explicit printed word-bank, list, chart or label form only; lemma, sense and IELTS relevance require editorial review.	lexical_candidate	candidate_only	pdf	pdf:explicit-lexical-targets;pdf_page=68;section=explicit_word_box
Scholastic Success with Vocabulary, Grade 3	scholastic-success-vocabulary-grade-3	gasped	gasped	verb		Exact reporting verbs | explicit lexical targets	68	registry:scholastic-success-vocabulary-grade-3		Explicit printed word-bank, list, chart or label form only; lemma, sense and IELTS relevance require editorial review.	lexical_candidate	candidate_only	pdf	pdf:explicit-lexical-targets;pdf_page=68;section=explicit_word_box
Scholastic Success with Vocabulary, Grade 3	scholastic-success-vocabulary-grade-3	interrupted	interrupted	verb		Exact reporting verbs | explicit lexical targets	68	registry:scholastic-success-vocabulary-grade-3		Explicit printed word-bank, list, chart or label form only; lemma, sense and IELTS relevance require editorial review.	lexical_candidate	candidate_only	pdf	pdf:explicit-lexical-targets;pdf_page=68;section=explicit_word_box
Scholastic Success with Vocabulary, Grade 3	scholastic-success-vocabulary-grade-3	suggested	suggested	verb		Exact reporting verbs | explicit lexical targets	68	registry:scholastic-success-vocabulary-grade-3		Explicit printed word-bank, list, chart or label form only; lemma, sense and IELTS relevance require editorial review.	lexical_candidate	candidate_only	pdf	pdf:explicit-lexical-targets;pdf_page=68;section=explicit_word_box
Scholastic Success with Vocabulary, Grade 3	scholastic-success-vocabulary-grade-3	insisted	insisted	verb		Exact reporting verbs | explicit lexical targets	68	registry:scholastic-success-vocabulary-grade-3		Explicit printed word-bank, list, chart or label form only; lemma, sense and IELTS relevance require editorial review.	lexical_candidate	candidate_only	pdf	pdf:explicit-lexical-targets;pdf_page=68;section=explicit_word_box
Scholastic Success with Vocabulary, Grade 3	scholastic-success-vocabulary-grade-3	explained	explained	verb		Exact reporting verbs | explicit lexical targets	68	registry:scholastic-success-vocabulary-grade-3		Explicit printed word-bank, list, chart or label form only; lemma, sense and IELTS relevance require editorial review.	lexical_candidate	candidate_only	pdf	pdf:explicit-lexical-targets;pdf_page=68;section=explicit_word_box
Scholastic Success with Vocabulary, Grade 3	scholastic-success-vocabulary-grade-3	shouted	shouted	verb		Exact reporting verbs | explicit lexical targets	68	registry:scholastic-success-vocabulary-grade-3		Explicit printed word-bank, list, chart or label form only; lemma, sense and IELTS relevance require editorial review.	lexical_candidate	candidate_only	pdf	pdf:explicit-lexical-targets;pdf_page=68;section=explicit_word_box
Scholastic Success with Vocabulary, Grade 3	scholastic-success-vocabulary-grade-3	notebook	notebook			Computer vocabulary | explicit lexical targets	80	registry:scholastic-success-vocabulary-grade-3		Explicit printed word-bank, list, chart or label form only; lemma, sense and IELTS relevance require editorial review.	lexical_candidate	candidate_only	pdf	pdf:explicit-lexical-targets;pdf_page=80;section=explicit_word_lists
Scholastic Success with Vocabulary, Grade 3	scholastic-success-vocabulary-grade-3	window	window			Computer vocabulary | explicit lexical targets	80	registry:scholastic-success-vocabulary-grade-3		Explicit printed word-bank, list, chart or label form only; lemma, sense and IELTS relevance require editorial review.	lexical_candidate	candidate_only	pdf	pdf:explicit-lexical-targets;pdf_page=80;section=explicit_word_lists
Scholastic Success with Vocabulary, Grade 3	scholastic-success-vocabulary-grade-3	Web	Web			Computer vocabulary | explicit lexical targets	80	registry:scholastic-success-vocabulary-grade-3		Explicit printed word-bank, list, chart or label form only; lemma, sense and IELTS relevance require editorial review.	lexical_candidate	candidate_only	pdf	pdf:explicit-lexical-targets;pdf_page=80;section=explicit_word_lists
Scholastic Success with Vocabulary, Grade 3	scholastic-success-vocabulary-grade-3	virus	virus			Computer vocabulary | explicit lexical targets	80	registry:scholastic-success-vocabulary-grade-3		Explicit printed word-bank, list, chart or label form only; lemma, sense and IELTS relevance require editorial review.	lexical_candidate	candidate_only	pdf	pdf:explicit-lexical-targets;pdf_page=80;section=explicit_word_lists
Scholastic Success with Vocabulary, Grade 3	scholastic-success-vocabulary-grade-3	bug	bug			Computer vocabulary | explicit lexical targets	80	registry:scholastic-success-vocabulary-grade-3		Explicit printed word-bank, list, chart or label form only; lemma, sense and IELTS relevance require editorial review.	lexical_candidate	candidate_only	pdf	pdf:explicit-lexical-targets;pdf_page=80;section=explicit_word_lists
Scholastic Success with Vocabulary, Grade 3	scholastic-success-vocabulary-grade-3	hardware	hardware			Computer vocabulary | explicit lexical targets	80	registry:scholastic-success-vocabulary-grade-3		Explicit printed word-bank, list, chart or label form only; lemma, sense and IELTS relevance require editorial review.	lexical_candidate	candidate_only	pdf	pdf:explicit-lexical-targets;pdf_page=80;section=explicit_word_lists
Scholastic Success with Vocabulary, Grade 3	scholastic-success-vocabulary-grade-3	mouse	mouse			Computer vocabulary | explicit lexical targets	80	registry:scholastic-success-vocabulary-grade-3		Explicit printed word-bank, list, chart or label form only; lemma, sense and IELTS relevance require editorial review.	lexical_candidate	candidate_only	pdf	pdf:explicit-lexical-targets;pdf_page=80;section=explicit_word_lists
Scholastic Success with Vocabulary, Grade 3	scholastic-success-vocabulary-grade-3	crash	crash			Computer vocabulary | explicit lexical targets	80	registry:scholastic-success-vocabulary-grade-3		Explicit printed word-bank, list, chart or label form only; lemma, sense and IELTS relevance require editorial review.	lexical_candidate	candidate_only	pdf	pdf:explicit-lexical-targets;pdf_page=80;section=explicit_word_lists
Scholastic Success with Vocabulary, Grade 3	scholastic-success-vocabulary-grade-3	boot	boot			Computer vocabulary | explicit lexical targets	80	registry:scholastic-success-vocabulary-grade-3		Explicit printed word-bank, list, chart or label form only; lemma, sense and IELTS relevance require editorial review.	lexical_candidate	candidate_only	pdf	pdf:explicit-lexical-targets;pdf_page=80;section=explicit_word_lists
Scholastic Success with Vocabulary, Grade 3	scholastic-success-vocabulary-grade-3	bit	bit			Computer vocabulary | explicit lexical targets	80	registry:scholastic-success-vocabulary-grade-3		Explicit printed word-bank, list, chart or label form only; lemma, sense and IELTS relevance require editorial review.	lexical_candidate	candidate_only	pdf	pdf:explicit-lexical-targets;pdf_page=80;section=explicit_word_lists
Scholastic Success with Vocabulary, Grade 3	scholastic-success-vocabulary-grade-3	chip	chip			Computer vocabulary | explicit lexical targets	80	registry:scholastic-success-vocabulary-grade-3		Explicit printed word-bank, list, chart or label form only; lemma, sense and IELTS relevance require editorial review.	lexical_candidate	candidate_only	pdf	pdf:explicit-lexical-targets;pdf_page=80;section=explicit_word_lists
Scholastic Success with Vocabulary, Grade 3	scholastic-success-vocabulary-grade-3	cookie	cookie			Computer vocabulary | explicit lexical targets	80	registry:scholastic-success-vocabulary-grade-3		Explicit printed word-bank, list, chart or label form only; lemma, sense and IELTS relevance require editorial review.	lexical_candidate	candidate_only	pdf	pdf:explicit-lexical-targets;pdf_page=80;section=explicit_word_lists
Scholastic Success with Vocabulary, Grade 3	scholastic-success-vocabulary-grade-3	ZIP	ZIP			Computer vocabulary | explicit lexical targets	80	registry:scholastic-success-vocabulary-grade-3		Explicit printed word-bank, list, chart or label form only; lemma, sense and IELTS relevance require editorial review.	lexical_candidate	candidate_only	pdf	pdf:explicit-lexical-targets;pdf_page=80;section=explicit_word_lists
Scholastic Success with Vocabulary, Grade 3	scholastic-success-vocabulary-grade-3	RAM	RAM			Computer vocabulary | explicit lexical targets	80	registry:scholastic-success-vocabulary-grade-3		Explicit printed word-bank, list, chart or label form only; lemma, sense and IELTS relevance require editorial review.	lexical_candidate	candidate_only	pdf	pdf:explicit-lexical-targets;pdf_page=80;section=explicit_word_lists
Scholastic Success with Vocabulary, Grade 3	scholastic-success-vocabulary-grade-3	desktop	desktop			Computer vocabulary | explicit lexical targets	80	registry:scholastic-success-vocabulary-grade-3		Explicit printed word-bank, list, chart or label form only; lemma, sense and IELTS relevance require editorial review.	lexical_candidate	candidate_only	pdf	pdf:explicit-lexical-targets;pdf_page=80;section=explicit_word_lists
Scholastic Success with Vocabulary, Grade 3	scholastic-success-vocabulary-grade-3	click	click			Computer vocabulary | explicit lexical targets	80	registry:scholastic-success-vocabulary-grade-3		Explicit printed word-bank, list, chart or label form only; lemma, sense and IELTS relevance require editorial review.	lexical_candidate	candidate_only	pdf	pdf:explicit-lexical-targets;pdf_page=80;section=explicit_word_lists
Scholastic Success with Vocabulary, Grade 3	scholastic-success-vocabulary-grade-3	menu	menu			Computer vocabulary | explicit lexical targets	80	registry:scholastic-success-vocabulary-grade-3		Explicit printed word-bank, list, chart or label form only; lemma, sense and IELTS relevance require editorial review.	lexical_candidate	candidate_only	pdf	pdf:explicit-lexical-targets;pdf_page=80;section=explicit_word_lists
Scholastic Success with Vocabulary, Grade 3	scholastic-success-vocabulary-grade-3	boost	boost			Portmanteau words | explicit lexical targets	82	registry:scholastic-success-vocabulary-grade-3		Explicit printed word-bank, list, chart or label form only; lemma, sense and IELTS relevance require editorial review.	lexical_candidate	candidate_only	pdf	pdf:explicit-lexical-targets;pdf_page=82;section=explicit_word_box
Scholastic Success with Vocabulary, Grade 3	scholastic-success-vocabulary-grade-3	smash	smash			Portmanteau words | explicit lexical targets	82	registry:scholastic-success-vocabulary-grade-3		Explicit printed word-bank, list, chart or label form only; lemma, sense and IELTS relevance require editorial review.	lexical_candidate	candidate_only	pdf	pdf:explicit-lexical-targets;pdf_page=82;section=explicit_word_box
Scholastic Success with Vocabulary, Grade 3	scholastic-success-vocabulary-grade-3	flop	flop			Portmanteau words | explicit lexical targets	82	registry:scholastic-success-vocabulary-grade-3		Explicit printed word-bank, list, chart or label form only; lemma, sense and IELTS relevance require editorial review.	lexical_candidate	candidate_only	pdf	pdf:explicit-lexical-targets;pdf_page=82;section=explicit_word_box
Scholastic Success with Vocabulary, Grade 3	scholastic-success-vocabulary-grade-3	twirl	twirl			Portmanteau words | explicit lexical targets	82	registry:scholastic-success-vocabulary-grade-3		Explicit printed word-bank, list, chart or label form only; lemma, sense and IELTS relevance require editorial review.	lexical_candidate	candidate_only	pdf	pdf:explicit-lexical-targets;pdf_page=82;section=explicit_word_box
Scholastic Success with Vocabulary, Grade 3	scholastic-success-vocabulary-grade-3	brunch	brunch			Portmanteau words | explicit lexical targets	82	registry:scholastic-success-vocabulary-grade-3		Explicit printed word-bank, list, chart or label form only; lemma, sense and IELTS relevance require editorial review.	lexical_candidate	candidate_only	pdf	pdf:explicit-lexical-targets;pdf_page=82;section=explicit_word_box
Scholastic Success with Vocabulary, Grade 3	scholastic-success-vocabulary-grade-3	motel	motel			Portmanteau words | explicit lexical targets	82	registry:scholastic-success-vocabulary-grade-3		Explicit printed word-bank, list, chart or label form only; lemma, sense and IELTS relevance require editorial review.	lexical_candidate	candidate_only	pdf	pdf:explicit-lexical-targets;pdf_page=82;section=explicit_word_box
Scholastic Success with Vocabulary, Grade 3	scholastic-success-vocabulary-grade-3	smog	smog			Portmanteau words | explicit lexical targets	82	registry:scholastic-success-vocabulary-grade-3		Explicit printed word-bank, list, chart or label form only; lemma, sense and IELTS relevance require editorial review.	lexical_candidate	candidate_only	pdf	pdf:explicit-lexical-targets;pdf_page=82;section=explicit_word_box
Scholastic Success with Vocabulary, Grade 3	scholastic-success-vocabulary-grade-3	telethon	telethon			Portmanteau words | explicit lexical targets	82	registry:scholastic-success-vocabulary-grade-3		Explicit printed word-bank, list, chart or label form only; lemma, sense and IELTS relevance require editorial review.	lexical_candidate	candidate_only	pdf	pdf:explicit-lexical-targets;pdf_page=82;section=explicit_word_box
Scholastic Success with Vocabulary, Grade 3	scholastic-success-vocabulary-grade-3	flurry	flurry			Portmanteau words | explicit lexical targets	82	registry:scholastic-success-vocabulary-grade-3		Explicit printed word-bank, list, chart or label form only; lemma, sense and IELTS relevance require editorial review.	lexical_candidate	candidate_only	pdf	pdf:explicit-lexical-targets;pdf_page=82;section=explicit_word_box
Scholastic Success with Vocabulary, Grade 3	scholastic-success-vocabulary-grade-3	intercom	intercom			Portmanteau words | explicit lexical targets	82	registry:scholastic-success-vocabulary-grade-3		Explicit printed word-bank, list, chart or label form only; lemma, sense and IELTS relevance require editorial review.	lexical_candidate	candidate_only	pdf	pdf:explicit-lexical-targets;pdf_page=82;section=explicit_word_box
Scholastic Success with Vocabulary, Grade 3	scholastic-success-vocabulary-grade-3	percussion	percussion			Music-related vocabulary | explicit lexical targets	84	registry:scholastic-success-vocabulary-grade-3		Explicit printed word-bank, list, chart or label form only; lemma, sense and IELTS relevance require editorial review.	lexical_candidate	candidate_only	pdf	pdf:explicit-lexical-targets;pdf_page=84;section=explicit_term_list
Scholastic Success with Vocabulary, Grade 3	scholastic-success-vocabulary-grade-3	harmony	harmony			Music-related vocabulary | explicit lexical targets	84	registry:scholastic-success-vocabulary-grade-3		Explicit printed word-bank, list, chart or label form only; lemma, sense and IELTS relevance require editorial review.	lexical_candidate	candidate_only	pdf	pdf:explicit-lexical-targets;pdf_page=84;section=explicit_term_list
Scholastic Success with Vocabulary, Grade 3	scholastic-success-vocabulary-grade-3	opera	opera			Music-related vocabulary | explicit lexical targets	84	registry:scholastic-success-vocabulary-grade-3		Explicit printed word-bank, list, chart or label form only; lemma, sense and IELTS relevance require editorial review.	lexical_candidate	candidate_only	pdf	pdf:explicit-lexical-targets;pdf_page=84;section=explicit_term_list
Scholastic Success with Vocabulary, Grade 3	scholastic-success-vocabulary-grade-3	jazz	jazz			Music-related vocabulary | explicit lexical targets	84	registry:scholastic-success-vocabulary-grade-3		Explicit printed word-bank, list, chart or label form only; lemma, sense and IELTS relevance require editorial review.	lexical_candidate	candidate_only	pdf	pdf:explicit-lexical-targets;pdf_page=84;section=explicit_term_list
Scholastic Success with Vocabulary, Grade 3	scholastic-success-vocabulary-grade-3	rhythm	rhythm			Music-related vocabulary | explicit lexical targets	84	registry:scholastic-success-vocabulary-grade-3		Explicit printed word-bank, list, chart or label form only; lemma, sense and IELTS relevance require editorial review.	lexical_candidate	candidate_only	pdf	pdf:explicit-lexical-targets;pdf_page=84;section=explicit_term_list
Scholastic Success with Vocabulary, Grade 3	scholastic-success-vocabulary-grade-3	woodwind	woodwind			Music-related vocabulary | explicit lexical targets	84	registry:scholastic-success-vocabulary-grade-3		Explicit printed word-bank, list, chart or label form only; lemma, sense and IELTS relevance require editorial review.	lexical_candidate	candidate_only	pdf	pdf:explicit-lexical-targets;pdf_page=84;section=explicit_term_list
Scholastic Success with Vocabulary, Grade 3	scholastic-success-vocabulary-grade-3	soprano	soprano			Music-related vocabulary | explicit lexical targets	84	registry:scholastic-success-vocabulary-grade-3		Explicit printed word-bank, list, chart or label form only; lemma, sense and IELTS relevance require editorial review.	lexical_candidate	candidate_only	pdf	pdf:explicit-lexical-targets;pdf_page=84;section=explicit_term_list
Scholastic Success with Vocabulary, Grade 3	scholastic-success-vocabulary-grade-3	melody	melody			Music-related vocabulary | explicit lexical targets	84	registry:scholastic-success-vocabulary-grade-3		Explicit printed word-bank, list, chart or label form only; lemma, sense and IELTS relevance require editorial review.	lexical_candidate	candidate_only	pdf	pdf:explicit-lexical-targets;pdf_page=84;section=explicit_term_list
Scholastic Success with Vocabulary, Grade 3	scholastic-success-vocabulary-grade-3	composer	composer			Music-related vocabulary | explicit lexical targets	84	registry:scholastic-success-vocabulary-grade-3		Explicit printed word-bank, list, chart or label form only; lemma, sense and IELTS relevance require editorial review.	lexical_candidate	candidate_only	pdf	pdf:explicit-lexical-targets;pdf_page=84;section=explicit_term_list
Scholastic Success with Vocabulary, Grade 3	scholastic-success-vocabulary-grade-3	conductor	conductor			Music-related vocabulary | explicit lexical targets	84	registry:scholastic-success-vocabulary-grade-3		Explicit printed word-bank, list, chart or label form only; lemma, sense and IELTS relevance require editorial review.	lexical_candidate	candidate_only	pdf	pdf:explicit-lexical-targets;pdf_page=84;section=explicit_term_list
Scholastic Success with Vocabulary, Grade 3	scholastic-success-vocabulary-grade-3	musician	musician			Music-related vocabulary | explicit lexical targets	84	registry:scholastic-success-vocabulary-grade-3		Explicit printed word-bank, list, chart or label form only; lemma, sense and IELTS relevance require editorial review.	lexical_candidate	candidate_only	pdf	pdf:explicit-lexical-targets;pdf_page=84;section=explicit_term_list
Scholastic Success with Vocabulary, Grade 3	scholastic-success-vocabulary-grade-3	orchestra	orchestra			Music-related vocabulary | explicit lexical targets	84	registry:scholastic-success-vocabulary-grade-3		Explicit printed word-bank, list, chart or label form only; lemma, sense and IELTS relevance require editorial review.	lexical_candidate	candidate_only	pdf	pdf:explicit-lexical-targets;pdf_page=84;section=explicit_term_list
Scholastic Success with Vocabulary, Grade 3	scholastic-success-vocabulary-grade-3	brass	brass			Music-related vocabulary | explicit lexical targets	84	registry:scholastic-success-vocabulary-grade-3		Explicit printed word-bank, list, chart or label form only; lemma, sense and IELTS relevance require editorial review.	lexical_candidate	candidate_only	pdf	pdf:explicit-lexical-targets;pdf_page=84;section=explicit_term_list
Scholastic Success with Vocabulary, Grade 3	scholastic-success-vocabulary-grade-3	string	string			Music-related vocabulary | explicit lexical targets	84	registry:scholastic-success-vocabulary-grade-3		Explicit printed word-bank, list, chart or label form only; lemma, sense and IELTS relevance require editorial review.	lexical_candidate	candidate_only	pdf	pdf:explicit-lexical-targets;pdf_page=84;section=explicit_term_list
Scholastic Success with Vocabulary, Grade 3	scholastic-success-vocabulary-grade-3	keyboard	keyboard			Music-related vocabulary | explicit lexical targets	84	registry:scholastic-success-vocabulary-grade-3		Explicit printed word-bank, list, chart or label form only; lemma, sense and IELTS relevance require editorial review.	lexical_candidate	candidate_only	pdf	pdf:explicit-lexical-targets;pdf_page=84;section=explicit_term_list
Scholastic Success with Vocabulary, Grade 3	scholastic-success-vocabulary-grade-3	tenor	tenor			Music-related vocabulary | explicit lexical targets	84	registry:scholastic-success-vocabulary-grade-3		Explicit printed word-bank, list, chart or label form only; lemma, sense and IELTS relevance require editorial review.	lexical_candidate	candidate_only	pdf	pdf:explicit-lexical-targets;pdf_page=84;section=explicit_term_list
Scholastic Success with Vocabulary, Grade 3	scholastic-success-vocabulary-grade-3	brain	brain	noun		Science and health vocabulary | explicit lexical targets	86	registry:scholastic-success-vocabulary-grade-3		Explicit printed word-bank, list, chart or label form only; lemma, sense and IELTS relevance require editorial review.	lexical_candidate	candidate_only	pdf	pdf:explicit-lexical-targets;pdf_page=86;section=explicit_diagram_and_system_labels
Scholastic Success with Vocabulary, Grade 3	scholastic-success-vocabulary-grade-3	esophagus	esophagus	noun		Science and health vocabulary | explicit lexical targets	86	registry:scholastic-success-vocabulary-grade-3		Explicit printed word-bank, list, chart or label form only; lemma, sense and IELTS relevance require editorial review.	lexical_candidate	candidate_only	pdf	pdf:explicit-lexical-targets;pdf_page=86;section=explicit_diagram_and_system_labels
Scholastic Success with Vocabulary, Grade 3	scholastic-success-vocabulary-grade-3	trachea	trachea	noun		Science and health vocabulary | explicit lexical targets	86	registry:scholastic-success-vocabulary-grade-3		Explicit printed word-bank, list, chart or label form only; lemma, sense and IELTS relevance require editorial review.	lexical_candidate	candidate_only	pdf	pdf:explicit-lexical-targets;pdf_page=86;section=explicit_diagram_and_system_labels
Scholastic Success with Vocabulary, Grade 3	scholastic-success-vocabulary-grade-3	heart	heart	noun		Science and health vocabulary | explicit lexical targets	86	registry:scholastic-success-vocabulary-grade-3		Explicit printed word-bank, list, chart or label form only; lemma, sense and IELTS relevance require editorial review.	lexical_candidate	candidate_only	pdf	pdf:explicit-lexical-targets;pdf_page=86;section=explicit_diagram_and_system_labels
Scholastic Success with Vocabulary, Grade 3	scholastic-success-vocabulary-grade-3	lungs	lungs	noun		Science and health vocabulary | explicit lexical targets	86	registry:scholastic-success-vocabulary-grade-3		Explicit printed word-bank, list, chart or label form only; lemma, sense and IELTS relevance require editorial review.	lexical_candidate	candidate_only	pdf	pdf:explicit-lexical-targets;pdf_page=86;section=explicit_diagram_and_system_labels
Scholastic Success with Vocabulary, Grade 3	scholastic-success-vocabulary-grade-3	liver	liver	noun		Science and health vocabulary | explicit lexical targets	86	registry:scholastic-success-vocabulary-grade-3		Explicit printed word-bank, list, chart or label form only; lemma, sense and IELTS relevance require editorial review.	lexical_candidate	candidate_only	pdf	pdf:explicit-lexical-targets;pdf_page=86;section=explicit_diagram_and_system_labels
Scholastic Success with Vocabulary, Grade 3	scholastic-success-vocabulary-grade-3	stomach	stomach	noun		Science and health vocabulary | explicit lexical targets	86	registry:scholastic-success-vocabulary-grade-3		Explicit printed word-bank, list, chart or label form only; lemma, sense and IELTS relevance require editorial review.	lexical_candidate	candidate_only	pdf	pdf:explicit-lexical-targets;pdf_page=86;section=explicit_diagram_and_system_labels
Scholastic Success with Vocabulary, Grade 3	scholastic-success-vocabulary-grade-3	intestines	intestines	noun		Science and health vocabulary | explicit lexical targets	86	registry:scholastic-success-vocabulary-grade-3		Explicit printed word-bank, list, chart or label form only; lemma, sense and IELTS relevance require editorial review.	lexical_candidate	candidate_only	pdf	pdf:explicit-lexical-targets;pdf_page=86;section=explicit_diagram_and_system_labels
Scholastic Success with Vocabulary, Grade 3	scholastic-success-vocabulary-grade-3	circulatory system	circulatory system	noun		Science and health vocabulary | explicit lexical targets	86	registry:scholastic-success-vocabulary-grade-3		Explicit printed word-bank, list, chart or label form only; lemma, sense and IELTS relevance require editorial review.	lexical_candidate	candidate_only	pdf	pdf:explicit-lexical-targets;pdf_page=86;section=explicit_diagram_and_system_labels
Scholastic Success with Vocabulary, Grade 3	scholastic-success-vocabulary-grade-3	digestive system	digestive system	noun		Science and health vocabulary | explicit lexical targets	86	registry:scholastic-success-vocabulary-grade-3		Explicit printed word-bank, list, chart or label form only; lemma, sense and IELTS relevance require editorial review.	lexical_candidate	candidate_only	pdf	pdf:explicit-lexical-targets;pdf_page=86;section=explicit_diagram_and_system_labels
Scholastic Success with Vocabulary, Grade 3	scholastic-success-vocabulary-grade-3	endocrine system	endocrine system	noun		Science and health vocabulary | explicit lexical targets	86	registry:scholastic-success-vocabulary-grade-3		Explicit printed word-bank, list, chart or label form only; lemma, sense and IELTS relevance require editorial review.	lexical_candidate	candidate_only	pdf	pdf:explicit-lexical-targets;pdf_page=86;section=explicit_diagram_and_system_labels
Scholastic Success with Vocabulary, Grade 3	scholastic-success-vocabulary-grade-3	muscular system	muscular system	noun		Science and health vocabulary | explicit lexical targets	86	registry:scholastic-success-vocabulary-grade-3		Explicit printed word-bank, list, chart or label form only; lemma, sense and IELTS relevance require editorial review.	lexical_candidate	candidate_only	pdf	pdf:explicit-lexical-targets;pdf_page=86;section=explicit_diagram_and_system_labels
Scholastic Success with Vocabulary, Grade 3	scholastic-success-vocabulary-grade-3	nervous system	nervous system	noun		Science and health vocabulary | explicit lexical targets	86	registry:scholastic-success-vocabulary-grade-3		Explicit printed word-bank, list, chart or label form only; lemma, sense and IELTS relevance require editorial review.	lexical_candidate	candidate_only	pdf	pdf:explicit-lexical-targets;pdf_page=86;section=explicit_diagram_and_system_labels
Scholastic Success with Vocabulary, Grade 3	scholastic-success-vocabulary-grade-3	respiratory system	respiratory system	noun		Science and health vocabulary | explicit lexical targets	86	registry:scholastic-success-vocabulary-grade-3		Explicit printed word-bank, list, chart or label form only; lemma, sense and IELTS relevance require editorial review.	lexical_candidate	candidate_only	pdf	pdf:explicit-lexical-targets;pdf_page=86;section=explicit_diagram_and_system_labels
Scholastic Success with Vocabulary, Grade 3	scholastic-success-vocabulary-grade-3	immune system	immune system	noun		Science and health vocabulary | explicit lexical targets	86	registry:scholastic-success-vocabulary-grade-3		Explicit printed word-bank, list, chart or label form only; lemma, sense and IELTS relevance require editorial review.	lexical_candidate	candidate_only	pdf	pdf:explicit-lexical-targets;pdf_page=86;section=explicit_diagram_and_system_labels
Scholastic Success with Vocabulary, Grade 3	scholastic-success-vocabulary-grade-3	skeletal system	skeletal system	noun		Science and health vocabulary | explicit lexical targets	86	registry:scholastic-success-vocabulary-grade-3		Explicit printed word-bank, list, chart or label form only; lemma, sense and IELTS relevance require editorial review.	lexical_candidate	candidate_only	pdf	pdf:explicit-lexical-targets;pdf_page=86;section=explicit_diagram_and_system_labels
Scholastic Success with Vocabulary, Grade 4	scholastic-success-vocabulary-grade-4	discontinued	discontinued			Prefix dis- | explicit lexical targets	12	registry:scholastic-success-vocabulary-grade-4		Explicit printed word-bank, list, chart or label form only; lemma, sense and IELTS relevance require editorial review.	lexical_candidate	candidate_only	pdf	pdf:explicit-lexical-targets;pdf_page=12;section=explicit_word_chart
Scholastic Success with Vocabulary, Grade 4	scholastic-success-vocabulary-grade-4	disagree	disagree			Prefix dis- | explicit lexical targets	12	registry:scholastic-success-vocabulary-grade-4		Explicit printed word-bank, list, chart or label form only; lemma, sense and IELTS relevance require editorial review.	lexical_candidate	candidate_only	pdf	pdf:explicit-lexical-targets;pdf_page=12;section=explicit_word_chart
Scholastic Success with Vocabulary, Grade 4	scholastic-success-vocabulary-grade-4	dislike	dislike			Prefix dis- | explicit lexical targets	12	registry:scholastic-success-vocabulary-grade-4		Explicit printed word-bank, list, chart or label form only; lemma, sense and IELTS relevance require editorial review.	lexical_candidate	candidate_only	pdf	pdf:explicit-lexical-targets;pdf_page=12;section=explicit_word_chart
Scholastic Success with Vocabulary, Grade 4	scholastic-success-vocabulary-grade-4	discover	discover			Prefix dis- | explicit lexical targets	12	registry:scholastic-success-vocabulary-grade-4		Explicit printed word-bank, list, chart or label form only; lemma, sense and IELTS relevance require editorial review.	lexical_candidate	candidate_only	pdf	pdf:explicit-lexical-targets;pdf_page=12;section=explicit_word_chart
Scholastic Success with Vocabulary, Grade 4	scholastic-success-vocabulary-grade-4	dishonest	dishonest			Prefix dis- | explicit lexical targets	12	registry:scholastic-success-vocabulary-grade-4		Explicit printed word-bank, list, chart or label form only; lemma, sense and IELTS relevance require editorial review.	lexical_candidate	candidate_only	pdf	pdf:explicit-lexical-targets;pdf_page=12;section=explicit_word_chart
Scholastic Success with Vocabulary, Grade 4	scholastic-success-vocabulary-grade-4	disconnect	disconnect			Prefix dis- | explicit lexical targets	12	registry:scholastic-success-vocabulary-grade-4		Explicit printed word-bank, list, chart or label form only; lemma, sense and IELTS relevance require editorial review.	lexical_candidate	candidate_only	pdf	pdf:explicit-lexical-targets;pdf_page=12;section=explicit_word_chart
Scholastic Success with Vocabulary, Grade 4	scholastic-success-vocabulary-grade-4	disobey	disobey			Prefix dis- | explicit lexical targets	12	registry:scholastic-success-vocabulary-grade-4		Explicit printed word-bank, list, chart or label form only; lemma, sense and IELTS relevance require editorial review.	lexical_candidate	candidate_only	pdf	pdf:explicit-lexical-targets;pdf_page=12;section=explicit_word_chart
Scholastic Success with Vocabulary, Grade 4	scholastic-success-vocabulary-grade-4	disappear	disappear			Prefix dis- | explicit lexical targets	12	registry:scholastic-success-vocabulary-grade-4		Explicit printed word-bank, list, chart or label form only; lemma, sense and IELTS relevance require editorial review.	lexical_candidate	candidate_only	pdf	pdf:explicit-lexical-targets;pdf_page=12;section=explicit_word_chart
Scholastic Success with Vocabulary, Grade 4	scholastic-success-vocabulary-grade-4	disapprove	disapprove			Prefix dis- | explicit lexical targets	12	registry:scholastic-success-vocabulary-grade-4		Explicit printed word-bank, list, chart or label form only; lemma, sense and IELTS relevance require editorial review.	lexical_candidate	candidate_only	pdf	pdf:explicit-lexical-targets;pdf_page=12;section=explicit_word_chart
Scholastic Success with Vocabulary, Grade 4	scholastic-success-vocabulary-grade-4	conductor	conductor	noun		Occupations | explicit lexical targets	30	registry:scholastic-success-vocabulary-grade-4		Explicit printed word-bank, list, chart or label form only; lemma, sense and IELTS relevance require editorial review.	lexical_candidate	candidate_only	pdf	pdf:explicit-lexical-targets;pdf_page=30;section=explicit_word_box
Scholastic Success with Vocabulary, Grade 4	scholastic-success-vocabulary-grade-4	cashier	cashier	noun		Occupations | explicit lexical targets	30	registry:scholastic-success-vocabulary-grade-4		Explicit printed word-bank, list, chart or label form only; lemma, sense and IELTS relevance require editorial review.	lexical_candidate	candidate_only	pdf	pdf:explicit-lexical-targets;pdf_page=30;section=explicit_word_box
Scholastic Success with Vocabulary, Grade 4	scholastic-success-vocabulary-grade-4	custodian	custodian	noun		Occupations | explicit lexical targets	30	registry:scholastic-success-vocabulary-grade-4		Explicit printed word-bank, list, chart or label form only; lemma, sense and IELTS relevance require editorial review.	lexical_candidate	candidate_only	pdf	pdf:explicit-lexical-targets;pdf_page=30;section=explicit_word_box
Scholastic Success with Vocabulary, Grade 4	scholastic-success-vocabulary-grade-4	astronaut	astronaut	noun		Occupations | explicit lexical targets	30	registry:scholastic-success-vocabulary-grade-4		Explicit printed word-bank, list, chart or label form only; lemma, sense and IELTS relevance require editorial review.	lexical_candidate	candidate_only	pdf	pdf:explicit-lexical-targets;pdf_page=30;section=explicit_word_box
Scholastic Success with Vocabulary, Grade 4	scholastic-success-vocabulary-grade-4	professor	professor	noun		Occupations | explicit lexical targets	30	registry:scholastic-success-vocabulary-grade-4		Explicit printed word-bank, list, chart or label form only; lemma, sense and IELTS relevance require editorial review.	lexical_candidate	candidate_only	pdf	pdf:explicit-lexical-targets;pdf_page=30;section=explicit_word_box
Scholastic Success with Vocabulary, Grade 4	scholastic-success-vocabulary-grade-4	paratrooper	paratrooper	noun		Occupations | explicit lexical targets	30	registry:scholastic-success-vocabulary-grade-4		Explicit printed word-bank, list, chart or label form only; lemma, sense and IELTS relevance require editorial review.	lexical_candidate	candidate_only	pdf	pdf:explicit-lexical-targets;pdf_page=30;section=explicit_word_box
Scholastic Success with Vocabulary, Grade 4	scholastic-success-vocabulary-grade-4	geologist	geologist	noun		Occupations | explicit lexical targets	30	registry:scholastic-success-vocabulary-grade-4		Explicit printed word-bank, list, chart or label form only; lemma, sense and IELTS relevance require editorial review.	lexical_candidate	candidate_only	pdf	pdf:explicit-lexical-targets;pdf_page=30;section=explicit_word_box
Scholastic Success with Vocabulary, Grade 4	scholastic-success-vocabulary-grade-4	architect	architect	noun		Occupations | explicit lexical targets	30	registry:scholastic-success-vocabulary-grade-4		Explicit printed word-bank, list, chart or label form only; lemma, sense and IELTS relevance require editorial review.	lexical_candidate	candidate_only	pdf	pdf:explicit-lexical-targets;pdf_page=30;section=explicit_word_box
Scholastic Success with Vocabulary, Grade 4	scholastic-success-vocabulary-grade-4	archaeologist	archaeologist	noun		Occupations | explicit lexical targets	30	registry:scholastic-success-vocabulary-grade-4		Explicit printed word-bank, list, chart or label form only; lemma, sense and IELTS relevance require editorial review.	lexical_candidate	candidate_only	pdf	pdf:explicit-lexical-targets;pdf_page=30;section=explicit_word_box
Scholastic Success with Vocabulary, Grade 4	scholastic-success-vocabulary-grade-4	hairdresser	hairdresser	noun		Occupations | explicit lexical targets	30	registry:scholastic-success-vocabulary-grade-4		Explicit printed word-bank, list, chart or label form only; lemma, sense and IELTS relevance require editorial review.	lexical_candidate	candidate_only	pdf	pdf:explicit-lexical-targets;pdf_page=30;section=explicit_word_box
Scholastic Success with Vocabulary, Grade 4	scholastic-success-vocabulary-grade-4	physician	physician	noun		Occupations | explicit lexical targets	30	registry:scholastic-success-vocabulary-grade-4		Explicit printed word-bank, list, chart or label form only; lemma, sense and IELTS relevance require editorial review.	lexical_candidate	candidate_only	pdf	pdf:explicit-lexical-targets;pdf_page=30;section=explicit_word_box
Scholastic Success with Vocabulary, Grade 4	scholastic-success-vocabulary-grade-4	astronomer	astronomer	noun		Occupations | explicit lexical targets	30	registry:scholastic-success-vocabulary-grade-4		Explicit printed word-bank, list, chart or label form only; lemma, sense and IELTS relevance require editorial review.	lexical_candidate	candidate_only	pdf	pdf:explicit-lexical-targets;pdf_page=30;section=explicit_word_box
Scholastic Success with Vocabulary, Grade 4	scholastic-success-vocabulary-grade-4	lower	lower			Antonyms | explicit lexical targets	36	registry:scholastic-success-vocabulary-grade-4		Explicit printed word-bank, list, chart or label form only; lemma, sense and IELTS relevance require editorial review.	lexical_candidate	candidate_only	pdf	pdf:explicit-lexical-targets;pdf_page=36;section=explicit_word_box
Scholastic Success with Vocabulary, Grade 4	scholastic-success-vocabulary-grade-4	minor	minor			Antonyms | explicit lexical targets	36	registry:scholastic-success-vocabulary-grade-4		Explicit printed word-bank, list, chart or label form only; lemma, sense and IELTS relevance require editorial review.	lexical_candidate	candidate_only	pdf	pdf:explicit-lexical-targets;pdf_page=36;section=explicit_word_box
Scholastic Success with Vocabulary, Grade 4	scholastic-success-vocabulary-grade-4	hustle	hustle			Antonyms | explicit lexical targets	36	registry:scholastic-success-vocabulary-grade-4		Explicit printed word-bank, list, chart or label form only; lemma, sense and IELTS relevance require editorial review.	lexical_candidate	candidate_only	pdf	pdf:explicit-lexical-targets;pdf_page=36;section=explicit_word_box
Scholastic Success with Vocabulary, Grade 4	scholastic-success-vocabulary-grade-4	innocent	innocent			Antonyms | explicit lexical targets	36	registry:scholastic-success-vocabulary-grade-4		Explicit printed word-bank, list, chart or label form only; lemma, sense and IELTS relevance require editorial review.	lexical_candidate	candidate_only	pdf	pdf:explicit-lexical-targets;pdf_page=36;section=explicit_word_box
Scholastic Success with Vocabulary, Grade 4	scholastic-success-vocabulary-grade-4	sloppy	sloppy			Antonyms | explicit lexical targets	36	registry:scholastic-success-vocabulary-grade-4		Explicit printed word-bank, list, chart or label form only; lemma, sense and IELTS relevance require editorial review.	lexical_candidate	candidate_only	pdf	pdf:explicit-lexical-targets;pdf_page=36;section=explicit_word_box
Scholastic Success with Vocabulary, Grade 4	scholastic-success-vocabulary-grade-4	dry	dry			Antonyms | explicit lexical targets	36	registry:scholastic-success-vocabulary-grade-4		Explicit printed word-bank, list, chart or label form only; lemma, sense and IELTS relevance require editorial review.	lexical_candidate	candidate_only	pdf	pdf:explicit-lexical-targets;pdf_page=36;section=explicit_word_box
Scholastic Success with Vocabulary, Grade 4	scholastic-success-vocabulary-grade-4	scarce	scarce			Antonyms | explicit lexical targets	36	registry:scholastic-success-vocabulary-grade-4		Explicit printed word-bank, list, chart or label form only; lemma, sense and IELTS relevance require editorial review.	lexical_candidate	candidate_only	pdf	pdf:explicit-lexical-targets;pdf_page=36;section=explicit_word_box
Scholastic Success with Vocabulary, Grade 4	scholastic-success-vocabulary-grade-4	failure	failure			Antonyms | explicit lexical targets	36	registry:scholastic-success-vocabulary-grade-4		Explicit printed word-bank, list, chart or label form only; lemma, sense and IELTS relevance require editorial review.	lexical_candidate	candidate_only	pdf	pdf:explicit-lexical-targets;pdf_page=36;section=explicit_word_box
Scholastic Success with Vocabulary, Grade 4	scholastic-success-vocabulary-grade-4	darken	darken			Antonyms | explicit lexical targets	36	registry:scholastic-success-vocabulary-grade-4		Explicit printed word-bank, list, chart or label form only; lemma, sense and IELTS relevance require editorial review.	lexical_candidate	candidate_only	pdf	pdf:explicit-lexical-targets;pdf_page=36;section=explicit_word_box
Scholastic Success with Vocabulary, Grade 4	scholastic-success-vocabulary-grade-4	brand-new	brand-new			Antonyms | explicit lexical targets	36	registry:scholastic-success-vocabulary-grade-4		Explicit printed word-bank, list, chart or label form only; lemma, sense and IELTS relevance require editorial review.	lexical_candidate	candidate_only	pdf	pdf:explicit-lexical-targets;pdf_page=36;section=explicit_word_box
Scholastic Success with Vocabulary, Grade 4	scholastic-success-vocabulary-grade-4	narrow	narrow			Antonyms | explicit lexical targets	36	registry:scholastic-success-vocabulary-grade-4		Explicit printed word-bank, list, chart or label form only; lemma, sense and IELTS relevance require editorial review.	lexical_candidate	candidate_only	pdf	pdf:explicit-lexical-targets;pdf_page=36;section=explicit_word_box
Scholastic Success with Vocabulary, Grade 4	scholastic-success-vocabulary-grade-4	clumsy	clumsy			Synonyms | explicit lexical targets	42	registry:scholastic-success-vocabulary-grade-4		Explicit printed word-bank, list, chart or label form only; lemma, sense and IELTS relevance require editorial review.	lexical_candidate	candidate_only	pdf	pdf:explicit-lexical-targets;pdf_page=42;section=explicit_group_targets
Scholastic Success with Vocabulary, Grade 4	scholastic-success-vocabulary-grade-4	awkward	awkward			Synonyms | explicit lexical targets	42	registry:scholastic-success-vocabulary-grade-4		Explicit printed word-bank, list, chart or label form only; lemma, sense and IELTS relevance require editorial review.	lexical_candidate	candidate_only	pdf	pdf:explicit-lexical-targets;pdf_page=42;section=explicit_group_targets
Scholastic Success with Vocabulary, Grade 4	scholastic-success-vocabulary-grade-4	klutzy	klutzy			Synonyms | explicit lexical targets	42	registry:scholastic-success-vocabulary-grade-4		Explicit printed word-bank, list, chart or label form only; lemma, sense and IELTS relevance require editorial review.	lexical_candidate	candidate_only	pdf	pdf:explicit-lexical-targets;pdf_page=42;section=explicit_group_targets
Scholastic Success with Vocabulary, Grade 4	scholastic-success-vocabulary-grade-4	ordinary	ordinary			Synonyms | explicit lexical targets	42	registry:scholastic-success-vocabulary-grade-4		Explicit printed word-bank, list, chart or label form only; lemma, sense and IELTS relevance require editorial review.	lexical_candidate	candidate_only	pdf	pdf:explicit-lexical-targets;pdf_page=42;section=explicit_group_targets
Scholastic Success with Vocabulary, Grade 4	scholastic-success-vocabulary-grade-4	glossy	glossy			Synonyms | explicit lexical targets	42	registry:scholastic-success-vocabulary-grade-4		Explicit printed word-bank, list, chart or label form only; lemma, sense and IELTS relevance require editorial review.	lexical_candidate	candidate_only	pdf	pdf:explicit-lexical-targets;pdf_page=42;section=explicit_group_targets
Scholastic Success with Vocabulary, Grade 4	scholastic-success-vocabulary-grade-4	big-hearted	big-hearted			Synonyms | explicit lexical targets	42	registry:scholastic-success-vocabulary-grade-4		Explicit printed word-bank, list, chart or label form only; lemma, sense and IELTS relevance require editorial review.	lexical_candidate	candidate_only	pdf	pdf:explicit-lexical-targets;pdf_page=42;section=explicit_group_targets
Scholastic Success with Vocabulary, Grade 4	scholastic-success-vocabulary-grade-4	shiny	shiny			Synonyms | explicit lexical targets	42	registry:scholastic-success-vocabulary-grade-4		Explicit printed word-bank, list, chart or label form only; lemma, sense and IELTS relevance require editorial review.	lexical_candidate	candidate_only	pdf	pdf:explicit-lexical-targets;pdf_page=42;section=explicit_group_targets
Scholastic Success with Vocabulary, Grade 4	scholastic-success-vocabulary-grade-4	sparkling	sparkling			Synonyms | explicit lexical targets	42	registry:scholastic-success-vocabulary-grade-4		Explicit printed word-bank, list, chart or label form only; lemma, sense and IELTS relevance require editorial review.	lexical_candidate	candidate_only	pdf	pdf:explicit-lexical-targets;pdf_page=42;section=explicit_group_targets
Scholastic Success with Vocabulary, Grade 4	scholastic-success-vocabulary-grade-4	weird	weird			Synonyms | explicit lexical targets	42	registry:scholastic-success-vocabulary-grade-4		Explicit printed word-bank, list, chart or label form only; lemma, sense and IELTS relevance require editorial review.	lexical_candidate	candidate_only	pdf	pdf:explicit-lexical-targets;pdf_page=42;section=explicit_group_targets
Scholastic Success with Vocabulary, Grade 4	scholastic-success-vocabulary-grade-4	bewildered	bewildered			Synonyms | explicit lexical targets	42	registry:scholastic-success-vocabulary-grade-4		Explicit printed word-bank, list, chart or label form only; lemma, sense and IELTS relevance require editorial review.	lexical_candidate	candidate_only	pdf	pdf:explicit-lexical-targets;pdf_page=42;section=explicit_group_targets
Scholastic Success with Vocabulary, Grade 4	scholastic-success-vocabulary-grade-4	confused	confused			Synonyms | explicit lexical targets	42	registry:scholastic-success-vocabulary-grade-4		Explicit printed word-bank, list, chart or label form only; lemma, sense and IELTS relevance require editorial review.	lexical_candidate	candidate_only	pdf	pdf:explicit-lexical-targets;pdf_page=42;section=explicit_group_targets
Scholastic Success with Vocabulary, Grade 4	scholastic-success-vocabulary-grade-4	puzzled	puzzled			Synonyms | explicit lexical targets	42	registry:scholastic-success-vocabulary-grade-4		Explicit printed word-bank, list, chart or label form only; lemma, sense and IELTS relevance require editorial review.	lexical_candidate	candidate_only	pdf	pdf:explicit-lexical-targets;pdf_page=42;section=explicit_group_targets
Scholastic Success with Vocabulary, Grade 4	scholastic-success-vocabulary-grade-4	generous	generous			Synonyms | explicit lexical targets	42	registry:scholastic-success-vocabulary-grade-4		Explicit printed word-bank, list, chart or label form only; lemma, sense and IELTS relevance require editorial review.	lexical_candidate	candidate_only	pdf	pdf:explicit-lexical-targets;pdf_page=42;section=explicit_group_targets
Scholastic Success with Vocabulary, Grade 4	scholastic-success-vocabulary-grade-4	kind	kind			Synonyms | explicit lexical targets	42	registry:scholastic-success-vocabulary-grade-4		Explicit printed word-bank, list, chart or label form only; lemma, sense and IELTS relevance require editorial review.	lexical_candidate	candidate_only	pdf	pdf:explicit-lexical-targets;pdf_page=42;section=explicit_group_targets
Scholastic Success with Vocabulary, Grade 4	scholastic-success-vocabulary-grade-4	trustworthy	trustworthy			Synonyms | explicit lexical targets	42	registry:scholastic-success-vocabulary-grade-4		Explicit printed word-bank, list, chart or label form only; lemma, sense and IELTS relevance require editorial review.	lexical_candidate	candidate_only	pdf	pdf:explicit-lexical-targets;pdf_page=42;section=explicit_group_targets
Scholastic Success with Vocabulary, Grade 4	scholastic-success-vocabulary-grade-4	giving	giving			Synonyms | explicit lexical targets	42	registry:scholastic-success-vocabulary-grade-4		Explicit printed word-bank, list, chart or label form only; lemma, sense and IELTS relevance require editorial review.	lexical_candidate	candidate_only	pdf	pdf:explicit-lexical-targets;pdf_page=42;section=explicit_group_targets
Scholastic Success with Vocabulary, Grade 4	scholastic-success-vocabulary-grade-4	devoted	devoted			Synonyms | explicit lexical targets	42	registry:scholastic-success-vocabulary-grade-4		Explicit printed word-bank, list, chart or label form only; lemma, sense and IELTS relevance require editorial review.	lexical_candidate	candidate_only	pdf	pdf:explicit-lexical-targets;pdf_page=42;section=explicit_group_targets
Scholastic Success with Vocabulary, Grade 4	scholastic-success-vocabulary-grade-4	loyal	loyal			Synonyms | explicit lexical targets	42	registry:scholastic-success-vocabulary-grade-4		Explicit printed word-bank, list, chart or label form only; lemma, sense and IELTS relevance require editorial review.	lexical_candidate	candidate_only	pdf	pdf:explicit-lexical-targets;pdf_page=42;section=explicit_group_targets
Scholastic Success with Vocabulary, Grade 4	scholastic-success-vocabulary-grade-4	faithful	faithful			Synonyms | explicit lexical targets	42	registry:scholastic-success-vocabulary-grade-4		Explicit printed word-bank, list, chart or label form only; lemma, sense and IELTS relevance require editorial review.	lexical_candidate	candidate_only	pdf	pdf:explicit-lexical-targets;pdf_page=42;section=explicit_group_targets
Scholastic Success with Vocabulary, Grade 4	scholastic-success-vocabulary-grade-4	graceless	graceless			Synonyms | explicit lexical targets	42	registry:scholastic-success-vocabulary-grade-4		Explicit printed word-bank, list, chart or label form only; lemma, sense and IELTS relevance require editorial review.	lexical_candidate	candidate_only	pdf	pdf:explicit-lexical-targets;pdf_page=42;section=explicit_group_targets
Scholastic Success with Vocabulary, Grade 4	scholastic-success-vocabulary-grade-4	average	average			Synonyms | explicit lexical targets	42	registry:scholastic-success-vocabulary-grade-4		Explicit printed word-bank, list, chart or label form only; lemma, sense and IELTS relevance require editorial review.	lexical_candidate	candidate_only	pdf	pdf:explicit-lexical-targets;pdf_page=42;section=explicit_group_targets
Scholastic Success with Vocabulary, Grade 4	scholastic-success-vocabulary-grade-4	red	red			Synonyms | explicit lexical targets	42	registry:scholastic-success-vocabulary-grade-4		Explicit printed word-bank, list, chart or label form only; lemma, sense and IELTS relevance require editorial review.	lexical_candidate	candidate_only	pdf	pdf:explicit-lexical-targets;pdf_page=42;section=explicit_group_targets
Scholastic Success with Vocabulary, Grade 4	scholastic-success-vocabulary-grade-4	regular	regular			Synonyms | explicit lexical targets	42	registry:scholastic-success-vocabulary-grade-4		Explicit printed word-bank, list, chart or label form only; lemma, sense and IELTS relevance require editorial review.	lexical_candidate	candidate_only	pdf	pdf:explicit-lexical-targets;pdf_page=42;section=explicit_group_targets
Scholastic Success with Vocabulary, Grade 4	scholastic-success-vocabulary-grade-4	typical	typical			Synonyms | explicit lexical targets	42	registry:scholastic-success-vocabulary-grade-4		Explicit printed word-bank, list, chart or label form only; lemma, sense and IELTS relevance require editorial review.	lexical_candidate	candidate_only	pdf	pdf:explicit-lexical-targets;pdf_page=42;section=explicit_group_targets
Scholastic Success with Vocabulary, Grade 4	scholastic-success-vocabulary-grade-4	gleaming	gleaming			Synonyms | explicit lexical targets	42	registry:scholastic-success-vocabulary-grade-4		Explicit printed word-bank, list, chart or label form only; lemma, sense and IELTS relevance require editorial review.	lexical_candidate	candidate_only	pdf	pdf:explicit-lexical-targets;pdf_page=42;section=explicit_group_targets
Scholastic Success with Vocabulary, Grade 4	scholastic-success-vocabulary-grade-4	wobbly	wobbly			Synonyms | explicit lexical targets	42	registry:scholastic-success-vocabulary-grade-4		Explicit printed word-bank, list, chart or label form only; lemma, sense and IELTS relevance require editorial review.	lexical_candidate	candidate_only	pdf	pdf:explicit-lexical-targets;pdf_page=42;section=explicit_group_targets
Scholastic Success with Vocabulary, Grade 4	scholastic-success-vocabulary-grade-4	rickety	rickety			Synonyms | explicit lexical targets	42	registry:scholastic-success-vocabulary-grade-4		Explicit printed word-bank, list, chart or label form only; lemma, sense and IELTS relevance require editorial review.	lexical_candidate	candidate_only	pdf	pdf:explicit-lexical-targets;pdf_page=42;section=explicit_group_targets
Scholastic Success with Vocabulary, Grade 4	scholastic-success-vocabulary-grade-4	shaky	shaky			Synonyms | explicit lexical targets	42	registry:scholastic-success-vocabulary-grade-4		Explicit printed word-bank, list, chart or label form only; lemma, sense and IELTS relevance require editorial review.	lexical_candidate	candidate_only	pdf	pdf:explicit-lexical-targets;pdf_page=42;section=explicit_group_targets
Scholastic Success with Vocabulary, Grade 4	scholastic-success-vocabulary-grade-4	eerie	eerie			Synonyms | explicit lexical targets	42	registry:scholastic-success-vocabulary-grade-4		Explicit printed word-bank, list, chart or label form only; lemma, sense and IELTS relevance require editorial review.	lexical_candidate	candidate_only	pdf	pdf:explicit-lexical-targets;pdf_page=42;section=explicit_group_targets
Scholastic Success with Vocabulary, Grade 4	scholastic-success-vocabulary-grade-4	strange	strange			Synonyms | explicit lexical targets	42	registry:scholastic-success-vocabulary-grade-4		Explicit printed word-bank, list, chart or label form only; lemma, sense and IELTS relevance require editorial review.	lexical_candidate	candidate_only	pdf	pdf:explicit-lexical-targets;pdf_page=42;section=explicit_group_targets
Scholastic Success with Vocabulary, Grade 4	scholastic-success-vocabulary-grade-4	baffled	baffled			Synonyms | explicit lexical targets	42	registry:scholastic-success-vocabulary-grade-4		Explicit printed word-bank, list, chart or label form only; lemma, sense and IELTS relevance require editorial review.	lexical_candidate	candidate_only	pdf	pdf:explicit-lexical-targets;pdf_page=42;section=explicit_group_targets
Scholastic Success with Vocabulary, Grade 4	scholastic-success-vocabulary-grade-4	mysterious	mysterious			Synonyms | explicit lexical targets	42	registry:scholastic-success-vocabulary-grade-4		Explicit printed word-bank, list, chart or label form only; lemma, sense and IELTS relevance require editorial review.	lexical_candidate	candidate_only	pdf	pdf:explicit-lexical-targets;pdf_page=42;section=explicit_group_targets
Scholastic Success with Vocabulary, Grade 4	scholastic-success-vocabulary-grade-4	brisk	brisk			Synonyms | explicit lexical targets	42	registry:scholastic-success-vocabulary-grade-4		Explicit printed word-bank, list, chart or label form only; lemma, sense and IELTS relevance require editorial review.	lexical_candidate	candidate_only	pdf	pdf:explicit-lexical-targets;pdf_page=42;section=explicit_group_targets
Scholastic Success with Vocabulary, Grade 4	scholastic-success-vocabulary-grade-4	unsteady	unsteady			Synonyms | explicit lexical targets	42	registry:scholastic-success-vocabulary-grade-4		Explicit printed word-bank, list, chart or label form only; lemma, sense and IELTS relevance require editorial review.	lexical_candidate	candidate_only	pdf	pdf:explicit-lexical-targets;pdf_page=42;section=explicit_group_targets
Scholastic Success with Vocabulary, Grade 4	scholastic-success-vocabulary-grade-4	rapid	rapid			Synonyms | explicit lexical targets	42	registry:scholastic-success-vocabulary-grade-4		Explicit printed word-bank, list, chart or label form only; lemma, sense and IELTS relevance require editorial review.	lexical_candidate	candidate_only	pdf	pdf:explicit-lexical-targets;pdf_page=42;section=explicit_group_targets
Scholastic Success with Vocabulary, Grade 4	scholastic-success-vocabulary-grade-4	quick	quick			Synonyms | explicit lexical targets	42	registry:scholastic-success-vocabulary-grade-4		Explicit printed word-bank, list, chart or label form only; lemma, sense and IELTS relevance require editorial review.	lexical_candidate	candidate_only	pdf	pdf:explicit-lexical-targets;pdf_page=42;section=explicit_group_targets
Scholastic Success with Vocabulary, Grade 4	scholastic-success-vocabulary-grade-4	sturdy	sturdy			Synonyms | explicit lexical targets	42	registry:scholastic-success-vocabulary-grade-4		Explicit printed word-bank, list, chart or label form only; lemma, sense and IELTS relevance require editorial review.	lexical_candidate	candidate_only	pdf	pdf:explicit-lexical-targets;pdf_page=42;section=explicit_group_targets
Scholastic Success with Vocabulary, Grade 4	scholastic-success-vocabulary-grade-4	durable	durable			Synonyms | explicit lexical targets	42	registry:scholastic-success-vocabulary-grade-4		Explicit printed word-bank, list, chart or label form only; lemma, sense and IELTS relevance require editorial review.	lexical_candidate	candidate_only	pdf	pdf:explicit-lexical-targets;pdf_page=42;section=explicit_group_targets
Scholastic Success with Vocabulary, Grade 4	scholastic-success-vocabulary-grade-4	strong	strong			Synonyms | explicit lexical targets	42	registry:scholastic-success-vocabulary-grade-4		Explicit printed word-bank, list, chart or label form only; lemma, sense and IELTS relevance require editorial review.	lexical_candidate	candidate_only	pdf	pdf:explicit-lexical-targets;pdf_page=42;section=explicit_group_targets
Scholastic Success with Vocabulary, Grade 4	scholastic-success-vocabulary-grade-4	alert	alert			Synonyms | explicit lexical targets	42	registry:scholastic-success-vocabulary-grade-4		Explicit printed word-bank, list, chart or label form only; lemma, sense and IELTS relevance require editorial review.	lexical_candidate	candidate_only	pdf	pdf:explicit-lexical-targets;pdf_page=42;section=explicit_group_targets
Scholastic Success with Vocabulary, Grade 4	scholastic-success-vocabulary-grade-4	ruby	ruby			Synonyms | explicit lexical targets	42	registry:scholastic-success-vocabulary-grade-4		Explicit printed word-bank, list, chart or label form only; lemma, sense and IELTS relevance require editorial review.	lexical_candidate	candidate_only	pdf	pdf:explicit-lexical-targets;pdf_page=42;section=explicit_group_targets
Scholastic Success with Vocabulary, Grade 4	scholastic-success-vocabulary-grade-4	swift	swift			Synonyms | explicit lexical targets	42	registry:scholastic-success-vocabulary-grade-4		Explicit printed word-bank, list, chart or label form only; lemma, sense and IELTS relevance require editorial review.	lexical_candidate	candidate_only	pdf	pdf:explicit-lexical-targets;pdf_page=42;section=explicit_group_targets
Scholastic Success with Vocabulary, Grade 4	scholastic-success-vocabulary-grade-4	crimson	crimson			Synonyms | explicit lexical targets	42	registry:scholastic-success-vocabulary-grade-4		Explicit printed word-bank, list, chart or label form only; lemma, sense and IELTS relevance require editorial review.	lexical_candidate	candidate_only	pdf	pdf:explicit-lexical-targets;pdf_page=42;section=explicit_group_targets
Scholastic Success with Vocabulary, Grade 4	scholastic-success-vocabulary-grade-4	scarlet	scarlet			Synonyms | explicit lexical targets	42	registry:scholastic-success-vocabulary-grade-4		Explicit printed word-bank, list, chart or label form only; lemma, sense and IELTS relevance require editorial review.	lexical_candidate	candidate_only	pdf	pdf:explicit-lexical-targets;pdf_page=42;section=explicit_group_targets
Scholastic Success with Vocabulary, Grade 4	scholastic-success-vocabulary-grade-4	cautious	cautious			Synonyms | explicit lexical targets	42	registry:scholastic-success-vocabulary-grade-4		Explicit printed word-bank, list, chart or label form only; lemma, sense and IELTS relevance require editorial review.	lexical_candidate	candidate_only	pdf	pdf:explicit-lexical-targets;pdf_page=42;section=explicit_group_targets
Scholastic Success with Vocabulary, Grade 4	scholastic-success-vocabulary-grade-4	wary	wary			Synonyms | explicit lexical targets	42	registry:scholastic-success-vocabulary-grade-4		Explicit printed word-bank, list, chart or label form only; lemma, sense and IELTS relevance require editorial review.	lexical_candidate	candidate_only	pdf	pdf:explicit-lexical-targets;pdf_page=42;section=explicit_group_targets
Scholastic Success with Vocabulary, Grade 4	scholastic-success-vocabulary-grade-4	solid	solid			Synonyms | explicit lexical targets	42	registry:scholastic-success-vocabulary-grade-4		Explicit printed word-bank, list, chart or label form only; lemma, sense and IELTS relevance require editorial review.	lexical_candidate	candidate_only	pdf	pdf:explicit-lexical-targets;pdf_page=42;section=explicit_group_targets
Scholastic Success with Vocabulary, Grade 4	scholastic-success-vocabulary-grade-4	careful	careful			Synonyms | explicit lexical targets	42	registry:scholastic-success-vocabulary-grade-4		Explicit printed word-bank, list, chart or label form only; lemma, sense and IELTS relevance require editorial review.	lexical_candidate	candidate_only	pdf	pdf:explicit-lexical-targets;pdf_page=42;section=explicit_group_targets
Scholastic Success with Vocabulary, Grade 4	scholastic-success-vocabulary-grade-4	pollutants	pollutants			Environmental vocabulary | explicit lexical targets	44	registry:scholastic-success-vocabulary-grade-4		Explicit printed word-bank, list, chart or label form only; lemma, sense and IELTS relevance require editorial review.	lexical_candidate	candidate_only	pdf	pdf:explicit-lexical-targets;pdf_page=44;section=explicit_word_box
Scholastic Success with Vocabulary, Grade 4	scholastic-success-vocabulary-grade-4	garbage	garbage			Environmental vocabulary | explicit lexical targets	44	registry:scholastic-success-vocabulary-grade-4		Explicit printed word-bank, list, chart or label form only; lemma, sense and IELTS relevance require editorial review.	lexical_candidate	candidate_only	pdf	pdf:explicit-lexical-targets;pdf_page=44;section=explicit_word_box
Scholastic Success with Vocabulary, Grade 4	scholastic-success-vocabulary-grade-4	recycle	recycle			Environmental vocabulary | explicit lexical targets	44	registry:scholastic-success-vocabulary-grade-4		Explicit printed word-bank, list, chart or label form only; lemma, sense and IELTS relevance require editorial review.	lexical_candidate	candidate_only	pdf	pdf:explicit-lexical-targets;pdf_page=44;section=explicit_word_box
Scholastic Success with Vocabulary, Grade 4	scholastic-success-vocabulary-grade-4	reduce	reduce			Environmental vocabulary | explicit lexical targets	44	registry:scholastic-success-vocabulary-grade-4		Explicit printed word-bank, list, chart or label form only; lemma, sense and IELTS relevance require editorial review.	lexical_candidate	candidate_only	pdf	pdf:explicit-lexical-targets;pdf_page=44;section=explicit_word_box
Scholastic Success with Vocabulary, Grade 4	scholastic-success-vocabulary-grade-4	reuse	reuse			Environmental vocabulary | explicit lexical targets	44	registry:scholastic-success-vocabulary-grade-4		Explicit printed word-bank, list, chart or label form only; lemma, sense and IELTS relevance require editorial review.	lexical_candidate	candidate_only	pdf	pdf:explicit-lexical-targets;pdf_page=44;section=explicit_word_box
Scholastic Success with Vocabulary, Grade 4	scholastic-success-vocabulary-grade-4	incinerator	incinerator			Environmental vocabulary | explicit lexical targets	44	registry:scholastic-success-vocabulary-grade-4		Explicit printed word-bank, list, chart or label form only; lemma, sense and IELTS relevance require editorial review.	lexical_candidate	candidate_only	pdf	pdf:explicit-lexical-targets;pdf_page=44;section=explicit_word_box
Scholastic Success with Vocabulary, Grade 4	scholastic-success-vocabulary-grade-4	cleanup	cleanup			Environmental vocabulary | explicit lexical targets	44	registry:scholastic-success-vocabulary-grade-4		Explicit printed word-bank, list, chart or label form only; lemma, sense and IELTS relevance require editorial review.	lexical_candidate	candidate_only	pdf	pdf:explicit-lexical-targets;pdf_page=44;section=explicit_word_box
Scholastic Success with Vocabulary, Grade 4	scholastic-success-vocabulary-grade-4	landfill	landfill			Environmental vocabulary | explicit lexical targets	44	registry:scholastic-success-vocabulary-grade-4		Explicit printed word-bank, list, chart or label form only; lemma, sense and IELTS relevance require editorial review.	lexical_candidate	candidate_only	pdf	pdf:explicit-lexical-targets;pdf_page=44;section=explicit_word_box
Scholastic Success with Vocabulary, Grade 4	scholastic-success-vocabulary-grade-4	environment	environment			Environmental vocabulary | explicit lexical targets	44	registry:scholastic-success-vocabulary-grade-4		Explicit printed word-bank, list, chart or label form only; lemma, sense and IELTS relevance require editorial review.	lexical_candidate	candidate_only	pdf	pdf:explicit-lexical-targets;pdf_page=44;section=explicit_word_box
Scholastic Success with Vocabulary, Grade 4	scholastic-success-vocabulary-grade-4	infomercial	infomercial			Portmanteau words | explicit lexical targets	48	registry:scholastic-success-vocabulary-grade-4		Explicit printed word-bank, list, chart or label form only; lemma, sense and IELTS relevance require editorial review.	lexical_candidate	candidate_only	pdf	pdf:explicit-lexical-targets;pdf_page=48;section=explicit_word_list
Scholastic Success with Vocabulary, Grade 4	scholastic-success-vocabulary-grade-4	telethon	telethon			Portmanteau words | explicit lexical targets	48	registry:scholastic-success-vocabulary-grade-4		Explicit printed word-bank, list, chart or label form only; lemma, sense and IELTS relevance require editorial review.	lexical_candidate	candidate_only	pdf	pdf:explicit-lexical-targets;pdf_page=48;section=explicit_word_list
Scholastic Success with Vocabulary, Grade 4	scholastic-success-vocabulary-grade-4	slang	slang			Portmanteau words | explicit lexical targets	48	registry:scholastic-success-vocabulary-grade-4		Explicit printed word-bank, list, chart or label form only; lemma, sense and IELTS relevance require editorial review.	lexical_candidate	candidate_only	pdf	pdf:explicit-lexical-targets;pdf_page=48;section=explicit_word_list
Scholastic Success with Vocabulary, Grade 4	scholastic-success-vocabulary-grade-4	flare	flare			Portmanteau words | explicit lexical targets	48	registry:scholastic-success-vocabulary-grade-4		Explicit printed word-bank, list, chart or label form only; lemma, sense and IELTS relevance require editorial review.	lexical_candidate	candidate_only	pdf	pdf:explicit-lexical-targets;pdf_page=48;section=explicit_word_list
Scholastic Success with Vocabulary, Grade 4	scholastic-success-vocabulary-grade-4	dumbfound	dumbfound			Portmanteau words | explicit lexical targets	48	registry:scholastic-success-vocabulary-grade-4		Explicit printed word-bank, list, chart or label form only; lemma, sense and IELTS relevance require editorial review.	lexical_candidate	candidate_only	pdf	pdf:explicit-lexical-targets;pdf_page=48;section=explicit_word_list
Scholastic Success with Vocabulary, Grade 4	scholastic-success-vocabulary-grade-4	o'clock	o'clock			Portmanteau words | explicit lexical targets	48	registry:scholastic-success-vocabulary-grade-4		Explicit printed word-bank, list, chart or label form only; lemma, sense and IELTS relevance require editorial review.	lexical_candidate	candidate_only	pdf	pdf:explicit-lexical-targets;pdf_page=48;section=explicit_word_list
Scholastic Success with Vocabulary, Grade 4	scholastic-success-vocabulary-grade-4	clash	clash			Portmanteau words | explicit lexical targets	48	registry:scholastic-success-vocabulary-grade-4		Explicit printed word-bank, list, chart or label form only; lemma, sense and IELTS relevance require editorial review.	lexical_candidate	candidate_only	pdf	pdf:explicit-lexical-targets;pdf_page=48;section=explicit_word_list
Scholastic Success with Vocabulary, Grade 4	scholastic-success-vocabulary-grade-4	flurry	flurry			Portmanteau words | explicit lexical targets	48	registry:scholastic-success-vocabulary-grade-4		Explicit printed word-bank, list, chart or label form only; lemma, sense and IELTS relevance require editorial review.	lexical_candidate	candidate_only	pdf	pdf:explicit-lexical-targets;pdf_page=48;section=explicit_word_list
Scholastic Success with Vocabulary, Grade 4	scholastic-success-vocabulary-grade-4	guestimate	guestimate			Portmanteau words | explicit lexical targets	48	registry:scholastic-success-vocabulary-grade-4		Explicit printed word-bank, list, chart or label form only; lemma, sense and IELTS relevance require editorial review.	lexical_candidate	candidate_only	pdf	pdf:explicit-lexical-targets;pdf_page=48;section=explicit_word_list
Scholastic Success with Vocabulary, Grade 4	scholastic-success-vocabulary-grade-4	squiggle	squiggle			Portmanteau words | explicit lexical targets	48	registry:scholastic-success-vocabulary-grade-4		Explicit printed word-bank, list, chart or label form only; lemma, sense and IELTS relevance require editorial review.	lexical_candidate	candidate_only	pdf	pdf:explicit-lexical-targets;pdf_page=48;section=explicit_word_list
Scholastic Success with Vocabulary, Grade 4	scholastic-success-vocabulary-grade-4	splatter	splatter			Portmanteau words | explicit lexical targets	48	registry:scholastic-success-vocabulary-grade-4		Explicit printed word-bank, list, chart or label form only; lemma, sense and IELTS relevance require editorial review.	lexical_candidate	candidate_only	pdf	pdf:explicit-lexical-targets;pdf_page=48;section=explicit_word_list
Scholastic Success with Vocabulary, Grade 4	scholastic-success-vocabulary-grade-4	glob	glob			Portmanteau words | explicit lexical targets	48	registry:scholastic-success-vocabulary-grade-4		Explicit printed word-bank, list, chart or label form only; lemma, sense and IELTS relevance require editorial review.	lexical_candidate	candidate_only	pdf	pdf:explicit-lexical-targets;pdf_page=48;section=explicit_word_list
Scholastic Success with Vocabulary, Grade 4	scholastic-success-vocabulary-grade-4	seal	seal			Science categories | explicit lexical targets	56	registry:scholastic-success-vocabulary-grade-4		Explicit printed word-bank, list, chart or label form only; lemma, sense and IELTS relevance require editorial review.	lexical_candidate	candidate_only	pdf	pdf:explicit-lexical-targets;pdf_page=56;section=explicit_group_targets
Scholastic Success with Vocabulary, Grade 4	scholastic-success-vocabulary-grade-4	manatee	manatee			Science categories | explicit lexical targets	56	registry:scholastic-success-vocabulary-grade-4		Explicit printed word-bank, list, chart or label form only; lemma, sense and IELTS relevance require editorial review.	lexical_candidate	candidate_only	pdf	pdf:explicit-lexical-targets;pdf_page=56;section=explicit_group_targets
Scholastic Success with Vocabulary, Grade 4	scholastic-success-vocabulary-grade-4	blue whale	blue whale			Science categories | explicit lexical targets	56	registry:scholastic-success-vocabulary-grade-4		Explicit printed word-bank, list, chart or label form only; lemma, sense and IELTS relevance require editorial review.	lexical_candidate	candidate_only	pdf	pdf:explicit-lexical-targets;pdf_page=56;section=explicit_group_targets
Scholastic Success with Vocabulary, Grade 4	scholastic-success-vocabulary-grade-4	minnow	minnow			Science categories | explicit lexical targets	56	registry:scholastic-success-vocabulary-grade-4		Explicit printed word-bank, list, chart or label form only; lemma, sense and IELTS relevance require editorial review.	lexical_candidate	candidate_only	pdf	pdf:explicit-lexical-targets;pdf_page=56;section=explicit_group_targets
Scholastic Success with Vocabulary, Grade 4	scholastic-success-vocabulary-grade-4	sea lion	sea lion			Science categories | explicit lexical targets	56	registry:scholastic-success-vocabulary-grade-4		Explicit printed word-bank, list, chart or label form only; lemma, sense and IELTS relevance require editorial review.	lexical_candidate	candidate_only	pdf	pdf:explicit-lexical-targets;pdf_page=56;section=explicit_group_targets
Scholastic Success with Vocabulary, Grade 4	scholastic-success-vocabulary-grade-4	iris	iris			Science categories | explicit lexical targets	56	registry:scholastic-success-vocabulary-grade-4		Explicit printed word-bank, list, chart or label form only; lemma, sense and IELTS relevance require editorial review.	lexical_candidate	candidate_only	pdf	pdf:explicit-lexical-targets;pdf_page=56;section=explicit_group_targets
Scholastic Success with Vocabulary, Grade 4	scholastic-success-vocabulary-grade-4	eardrum	eardrum			Science categories | explicit lexical targets	56	registry:scholastic-success-vocabulary-grade-4		Explicit printed word-bank, list, chart or label form only; lemma, sense and IELTS relevance require editorial review.	lexical_candidate	candidate_only	pdf	pdf:explicit-lexical-targets;pdf_page=56;section=explicit_group_targets
Scholastic Success with Vocabulary, Grade 4	scholastic-success-vocabulary-grade-4	pupil	pupil			Science categories | explicit lexical targets	56	registry:scholastic-success-vocabulary-grade-4		Explicit printed word-bank, list, chart or label form only; lemma, sense and IELTS relevance require editorial review.	lexical_candidate	candidate_only	pdf	pdf:explicit-lexical-targets;pdf_page=56;section=explicit_group_targets
Scholastic Success with Vocabulary, Grade 4	scholastic-success-vocabulary-grade-4	cornea	cornea			Science categories | explicit lexical targets	56	registry:scholastic-success-vocabulary-grade-4		Explicit printed word-bank, list, chart or label form only; lemma, sense and IELTS relevance require editorial review.	lexical_candidate	candidate_only	pdf	pdf:explicit-lexical-targets;pdf_page=56;section=explicit_group_targets
Scholastic Success with Vocabulary, Grade 4	scholastic-success-vocabulary-grade-4	root	root			Science categories | explicit lexical targets	56	registry:scholastic-success-vocabulary-grade-4		Explicit printed word-bank, list, chart or label form only; lemma, sense and IELTS relevance require editorial review.	lexical_candidate	candidate_only	pdf	pdf:explicit-lexical-targets;pdf_page=56;section=explicit_group_targets
Scholastic Success with Vocabulary, Grade 4	scholastic-success-vocabulary-grade-4	petals	petals			Science categories | explicit lexical targets	56	registry:scholastic-success-vocabulary-grade-4		Explicit printed word-bank, list, chart or label form only; lemma, sense and IELTS relevance require editorial review.	lexical_candidate	candidate_only	pdf	pdf:explicit-lexical-targets;pdf_page=56;section=explicit_group_targets
Scholastic Success with Vocabulary, Grade 4	scholastic-success-vocabulary-grade-4	stamen	stamen			Science categories | explicit lexical targets	56	registry:scholastic-success-vocabulary-grade-4		Explicit printed word-bank, list, chart or label form only; lemma, sense and IELTS relevance require editorial review.	lexical_candidate	candidate_only	pdf	pdf:explicit-lexical-targets;pdf_page=56;section=explicit_group_targets
Scholastic Success with Vocabulary, Grade 4	scholastic-success-vocabulary-grade-4	pistil	pistil			Science categories | explicit lexical targets	56	registry:scholastic-success-vocabulary-grade-4		Explicit printed word-bank, list, chart or label form only; lemma, sense and IELTS relevance require editorial review.	lexical_candidate	candidate_only	pdf	pdf:explicit-lexical-targets;pdf_page=56;section=explicit_group_targets
Scholastic Success with Vocabulary, Grade 4	scholastic-success-vocabulary-grade-4	wedge	wedge			Science categories | explicit lexical targets	56	registry:scholastic-success-vocabulary-grade-4		Explicit printed word-bank, list, chart or label form only; lemma, sense and IELTS relevance require editorial review.	lexical_candidate	candidate_only	pdf	pdf:explicit-lexical-targets;pdf_page=56;section=explicit_group_targets
Scholastic Success with Vocabulary, Grade 4	scholastic-success-vocabulary-grade-4	lever	lever			Science categories | explicit lexical targets	56	registry:scholastic-success-vocabulary-grade-4		Explicit printed word-bank, list, chart or label form only; lemma, sense and IELTS relevance require editorial review.	lexical_candidate	candidate_only	pdf	pdf:explicit-lexical-targets;pdf_page=56;section=explicit_group_targets
Scholastic Success with Vocabulary, Grade 4	scholastic-success-vocabulary-grade-4	pulley	pulley			Science categories | explicit lexical targets	56	registry:scholastic-success-vocabulary-grade-4		Explicit printed word-bank, list, chart or label form only; lemma, sense and IELTS relevance require editorial review.	lexical_candidate	candidate_only	pdf	pdf:explicit-lexical-targets;pdf_page=56;section=explicit_group_targets
Scholastic Success with Vocabulary, Grade 4	scholastic-success-vocabulary-grade-4	battery	battery			Science categories | explicit lexical targets	56	registry:scholastic-success-vocabulary-grade-4		Explicit printed word-bank, list, chart or label form only; lemma, sense and IELTS relevance require editorial review.	lexical_candidate	candidate_only	pdf	pdf:explicit-lexical-targets;pdf_page=56;section=explicit_group_targets
Scholastic Success with Vocabulary, Grade 4	scholastic-success-vocabulary-grade-4	centimeter	centimeter			Science categories | explicit lexical targets	56	registry:scholastic-success-vocabulary-grade-4		Explicit printed word-bank, list, chart or label form only; lemma, sense and IELTS relevance require editorial review.	lexical_candidate	candidate_only	pdf	pdf:explicit-lexical-targets;pdf_page=56;section=explicit_group_targets
Scholastic Success with Vocabulary, Grade 4	scholastic-success-vocabulary-grade-4	decimeter	decimeter			Science categories | explicit lexical targets	56	registry:scholastic-success-vocabulary-grade-4		Explicit printed word-bank, list, chart or label form only; lemma, sense and IELTS relevance require editorial review.	lexical_candidate	candidate_only	pdf	pdf:explicit-lexical-targets;pdf_page=56;section=explicit_group_targets
Scholastic Success with Vocabulary, Grade 4	scholastic-success-vocabulary-grade-4	kilogram	kilogram			Science categories | explicit lexical targets	56	registry:scholastic-success-vocabulary-grade-4		Explicit printed word-bank, list, chart or label form only; lemma, sense and IELTS relevance require editorial review.	lexical_candidate	candidate_only	pdf	pdf:explicit-lexical-targets;pdf_page=56;section=explicit_group_targets
Scholastic Success with Vocabulary, Grade 4	scholastic-success-vocabulary-grade-4	meter	meter			Science categories | explicit lexical targets	56	registry:scholastic-success-vocabulary-grade-4		Explicit printed word-bank, list, chart or label form only; lemma, sense and IELTS relevance require editorial review.	lexical_candidate	candidate_only	pdf	pdf:explicit-lexical-targets;pdf_page=56;section=explicit_group_targets
Scholastic Success with Vocabulary, Grade 4	scholastic-success-vocabulary-grade-4	biology	biology			Science categories | explicit lexical targets	56	registry:scholastic-success-vocabulary-grade-4		Explicit printed word-bank, list, chart or label form only; lemma, sense and IELTS relevance require editorial review.	lexical_candidate	candidate_only	pdf	pdf:explicit-lexical-targets;pdf_page=56;section=explicit_group_targets
Scholastic Success with Vocabulary, Grade 4	scholastic-success-vocabulary-grade-4	geometry	geometry			Science categories | explicit lexical targets	56	registry:scholastic-success-vocabulary-grade-4		Explicit printed word-bank, list, chart or label form only; lemma, sense and IELTS relevance require editorial review.	lexical_candidate	candidate_only	pdf	pdf:explicit-lexical-targets;pdf_page=56;section=explicit_group_targets
Scholastic Success with Vocabulary, Grade 4	scholastic-success-vocabulary-grade-4	botany	botany			Science categories | explicit lexical targets	56	registry:scholastic-success-vocabulary-grade-4		Explicit printed word-bank, list, chart or label form only; lemma, sense and IELTS relevance require editorial review.	lexical_candidate	candidate_only	pdf	pdf:explicit-lexical-targets;pdf_page=56;section=explicit_group_targets
Scholastic Success with Vocabulary, Grade 4	scholastic-success-vocabulary-grade-4	zoology	zoology			Science categories | explicit lexical targets	56	registry:scholastic-success-vocabulary-grade-4		Explicit printed word-bank, list, chart or label form only; lemma, sense and IELTS relevance require editorial review.	lexical_candidate	candidate_only	pdf	pdf:explicit-lexical-targets;pdf_page=56;section=explicit_group_targets
Scholastic Success with Vocabulary, Grade 4	scholastic-success-vocabulary-grade-4	incisors	incisors			Science categories | explicit lexical targets	56	registry:scholastic-success-vocabulary-grade-4		Explicit printed word-bank, list, chart or label form only; lemma, sense and IELTS relevance require editorial review.	lexical_candidate	candidate_only	pdf	pdf:explicit-lexical-targets;pdf_page=56;section=explicit_group_targets
Scholastic Success with Vocabulary, Grade 4	scholastic-success-vocabulary-grade-4	molars	molars			Science categories | explicit lexical targets	56	registry:scholastic-success-vocabulary-grade-4		Explicit printed word-bank, list, chart or label form only; lemma, sense and IELTS relevance require editorial review.	lexical_candidate	candidate_only	pdf	pdf:explicit-lexical-targets;pdf_page=56;section=explicit_group_targets
Scholastic Success with Vocabulary, Grade 4	scholastic-success-vocabulary-grade-4	canines	canines			Science categories | explicit lexical targets	56	registry:scholastic-success-vocabulary-grade-4		Explicit printed word-bank, list, chart or label form only; lemma, sense and IELTS relevance require editorial review.	lexical_candidate	candidate_only	pdf	pdf:explicit-lexical-targets;pdf_page=56;section=explicit_group_targets
Scholastic Success with Vocabulary, Grade 4	scholastic-success-vocabulary-grade-4	plaque	plaque			Science categories | explicit lexical targets	56	registry:scholastic-success-vocabulary-grade-4		Explicit printed word-bank, list, chart or label form only; lemma, sense and IELTS relevance require editorial review.	lexical_candidate	candidate_only	pdf	pdf:explicit-lexical-targets;pdf_page=56;section=explicit_group_targets
Scholastic Success with Vocabulary, Grade 4	scholastic-success-vocabulary-grade-4	volume	volume			Science categories | explicit lexical targets	56	registry:scholastic-success-vocabulary-grade-4		Explicit printed word-bank, list, chart or label form only; lemma, sense and IELTS relevance require editorial review.	lexical_candidate	candidate_only	pdf	pdf:explicit-lexical-targets;pdf_page=56;section=explicit_group_targets
Scholastic Success with Vocabulary, Grade 4	scholastic-success-vocabulary-grade-4	thermometer	thermometer			Science categories | explicit lexical targets	56	registry:scholastic-success-vocabulary-grade-4		Explicit printed word-bank, list, chart or label form only; lemma, sense and IELTS relevance require editorial review.	lexical_candidate	candidate_only	pdf	pdf:explicit-lexical-targets;pdf_page=56;section=explicit_group_targets
Scholastic Success with Vocabulary, Grade 4	scholastic-success-vocabulary-grade-4	barometer	barometer			Science categories | explicit lexical targets	56	registry:scholastic-success-vocabulary-grade-4		Explicit printed word-bank, list, chart or label form only; lemma, sense and IELTS relevance require editorial review.	lexical_candidate	candidate_only	pdf	pdf:explicit-lexical-targets;pdf_page=56;section=explicit_group_targets
Scholastic Success with Vocabulary, Grade 4	scholastic-success-vocabulary-grade-4	anemometer	anemometer			Science categories | explicit lexical targets	56	registry:scholastic-success-vocabulary-grade-4		Explicit printed word-bank, list, chart or label form only; lemma, sense and IELTS relevance require editorial review.	lexical_candidate	candidate_only	pdf	pdf:explicit-lexical-targets;pdf_page=56;section=explicit_group_targets
Scholastic Success with Vocabulary, Grade 4	scholastic-success-vocabulary-grade-4	baking soda	baking soda			Science categories | explicit lexical targets	56	registry:scholastic-success-vocabulary-grade-4		Explicit printed word-bank, list, chart or label form only; lemma, sense and IELTS relevance require editorial review.	lexical_candidate	candidate_only	pdf	pdf:explicit-lexical-targets;pdf_page=56;section=explicit_group_targets
Scholastic Success with Vocabulary, Grade 4	scholastic-success-vocabulary-grade-4	nitrogen	nitrogen			Science categories | explicit lexical targets	56	registry:scholastic-success-vocabulary-grade-4		Explicit printed word-bank, list, chart or label form only; lemma, sense and IELTS relevance require editorial review.	lexical_candidate	candidate_only	pdf	pdf:explicit-lexical-targets;pdf_page=56;section=explicit_group_targets
Scholastic Success with Vocabulary, Grade 4	scholastic-success-vocabulary-grade-4	oxygen	oxygen			Science categories | explicit lexical targets	56	registry:scholastic-success-vocabulary-grade-4		Explicit printed word-bank, list, chart or label form only; lemma, sense and IELTS relevance require editorial review.	lexical_candidate	candidate_only	pdf	pdf:explicit-lexical-targets;pdf_page=56;section=explicit_group_targets
Scholastic Success with Vocabulary, Grade 4	scholastic-success-vocabulary-grade-4	carbon dioxide	carbon dioxide			Science categories | explicit lexical targets	56	registry:scholastic-success-vocabulary-grade-4		Explicit printed word-bank, list, chart or label form only; lemma, sense and IELTS relevance require editorial review.	lexical_candidate	candidate_only	pdf	pdf:explicit-lexical-targets;pdf_page=56;section=explicit_group_targets
Scholastic Success with Vocabulary, Grade 4	scholastic-success-vocabulary-grade-4	cirrus	cirrus			Science categories | explicit lexical targets	56	registry:scholastic-success-vocabulary-grade-4		Explicit printed word-bank, list, chart or label form only; lemma, sense and IELTS relevance require editorial review.	lexical_candidate	candidate_only	pdf	pdf:explicit-lexical-targets;pdf_page=56;section=explicit_group_targets
Scholastic Success with Vocabulary, Grade 4	scholastic-success-vocabulary-grade-4	cumulus	cumulus			Science categories | explicit lexical targets	56	registry:scholastic-success-vocabulary-grade-4		Explicit printed word-bank, list, chart or label form only; lemma, sense and IELTS relevance require editorial review.	lexical_candidate	candidate_only	pdf	pdf:explicit-lexical-targets;pdf_page=56;section=explicit_group_targets
Scholastic Success with Vocabulary, Grade 4	scholastic-success-vocabulary-grade-4	stratus	stratus			Science categories | explicit lexical targets	56	registry:scholastic-success-vocabulary-grade-4		Explicit printed word-bank, list, chart or label form only; lemma, sense and IELTS relevance require editorial review.	lexical_candidate	candidate_only	pdf	pdf:explicit-lexical-targets;pdf_page=56;section=explicit_group_targets
Scholastic Success with Vocabulary, Grade 4	scholastic-success-vocabulary-grade-4	circus	circus			Science categories | explicit lexical targets	56	registry:scholastic-success-vocabulary-grade-4		Explicit printed word-bank, list, chart or label form only; lemma, sense and IELTS relevance require editorial review.	lexical_candidate	candidate_only	pdf	pdf:explicit-lexical-targets;pdf_page=56;section=explicit_group_targets
Scholastic Success with Vocabulary, Grade 4	scholastic-success-vocabulary-grade-4	flock	flock			Science categories | explicit lexical targets	56	registry:scholastic-success-vocabulary-grade-4		Explicit printed word-bank, list, chart or label form only; lemma, sense and IELTS relevance require editorial review.	lexical_candidate	candidate_only	pdf	pdf:explicit-lexical-targets;pdf_page=56;section=explicit_group_targets
Scholastic Success with Vocabulary, Grade 4	scholastic-success-vocabulary-grade-4	gosling	gosling			Science categories | explicit lexical targets	56	registry:scholastic-success-vocabulary-grade-4		Explicit printed word-bank, list, chart or label form only; lemma, sense and IELTS relevance require editorial review.	lexical_candidate	candidate_only	pdf	pdf:explicit-lexical-targets;pdf_page=56;section=explicit_group_targets
Scholastic Success with Vocabulary, Grade 4	scholastic-success-vocabulary-grade-4	herd	herd			Science categories | explicit lexical targets	56	registry:scholastic-success-vocabulary-grade-4		Explicit printed word-bank, list, chart or label form only; lemma, sense and IELTS relevance require editorial review.	lexical_candidate	candidate_only	pdf	pdf:explicit-lexical-targets;pdf_page=56;section=explicit_group_targets
Scholastic Success with Vocabulary, Grade 4	scholastic-success-vocabulary-grade-4	colony	colony			Science categories | explicit lexical targets	56	registry:scholastic-success-vocabulary-grade-4		Explicit printed word-bank, list, chart or label form only; lemma, sense and IELTS relevance require editorial review.	lexical_candidate	candidate_only	pdf	pdf:explicit-lexical-targets;pdf_page=56;section=explicit_group_targets
Scholastic Success with Vocabulary, Grade 4	scholastic-success-vocabulary-grade-4	climate	climate			Science categories | explicit lexical targets	56	registry:scholastic-success-vocabulary-grade-4		Explicit printed word-bank, list, chart or label form only; lemma, sense and IELTS relevance require editorial review.	lexical_candidate	candidate_only	pdf	pdf:explicit-lexical-targets;pdf_page=56;section=explicit_group_targets
Scholastic Success with Vocabulary, Grade 4	scholastic-success-vocabulary-grade-4	forest	forest			Science categories | explicit lexical targets	56	registry:scholastic-success-vocabulary-grade-4		Explicit printed word-bank, list, chart or label form only; lemma, sense and IELTS relevance require editorial review.	lexical_candidate	candidate_only	pdf	pdf:explicit-lexical-targets;pdf_page=56;section=explicit_group_targets
Scholastic Success with Vocabulary, Grade 4	scholastic-success-vocabulary-grade-4	grassland	grassland			Science categories | explicit lexical targets	56	registry:scholastic-success-vocabulary-grade-4		Explicit printed word-bank, list, chart or label form only; lemma, sense and IELTS relevance require editorial review.	lexical_candidate	candidate_only	pdf	pdf:explicit-lexical-targets;pdf_page=56;section=explicit_group_targets
Scholastic Success with Vocabulary, Grade 4	scholastic-success-vocabulary-grade-4	desert	desert			Science categories | explicit lexical targets	56	registry:scholastic-success-vocabulary-grade-4		Explicit printed word-bank, list, chart or label form only; lemma, sense and IELTS relevance require editorial review.	lexical_candidate	candidate_only	pdf	pdf:explicit-lexical-targets;pdf_page=56;section=explicit_group_targets
Scholastic Success with Vocabulary, Grade 4	scholastic-success-vocabulary-grade-4	larva	larva			Science categories | explicit lexical targets	56	registry:scholastic-success-vocabulary-grade-4		Explicit printed word-bank, list, chart or label form only; lemma, sense and IELTS relevance require editorial review.	lexical_candidate	candidate_only	pdf	pdf:explicit-lexical-targets;pdf_page=56;section=explicit_group_targets
Scholastic Success with Vocabulary, Grade 4	scholastic-success-vocabulary-grade-4	chrysalis	chrysalis			Science categories | explicit lexical targets	56	registry:scholastic-success-vocabulary-grade-4		Explicit printed word-bank, list, chart or label form only; lemma, sense and IELTS relevance require editorial review.	lexical_candidate	candidate_only	pdf	pdf:explicit-lexical-targets;pdf_page=56;section=explicit_group_targets
Scholastic Success with Vocabulary, Grade 4	scholastic-success-vocabulary-grade-4	pupa	pupa			Science categories | explicit lexical targets	56	registry:scholastic-success-vocabulary-grade-4		Explicit printed word-bank, list, chart or label form only; lemma, sense and IELTS relevance require editorial review.	lexical_candidate	candidate_only	pdf	pdf:explicit-lexical-targets;pdf_page=56;section=explicit_group_targets
Scholastic Success with Vocabulary, Grade 4	scholastic-success-vocabulary-grade-4	hibernation	hibernation			Science categories | explicit lexical targets	56	registry:scholastic-success-vocabulary-grade-4		Explicit printed word-bank, list, chart or label form only; lemma, sense and IELTS relevance require editorial review.	lexical_candidate	candidate_only	pdf	pdf:explicit-lexical-targets;pdf_page=56;section=explicit_group_targets
Scholastic Success with Vocabulary, Grade 4	scholastic-success-vocabulary-grade-4	alligator	alligator			Science categories | explicit lexical targets	56	registry:scholastic-success-vocabulary-grade-4		Explicit printed word-bank, list, chart or label form only; lemma, sense and IELTS relevance require editorial review.	lexical_candidate	candidate_only	pdf	pdf:explicit-lexical-targets;pdf_page=56;section=explicit_group_targets
Scholastic Success with Vocabulary, Grade 4	scholastic-success-vocabulary-grade-4	tortoise	tortoise			Science categories | explicit lexical targets	56	registry:scholastic-success-vocabulary-grade-4		Explicit printed word-bank, list, chart or label form only; lemma, sense and IELTS relevance require editorial review.	lexical_candidate	candidate_only	pdf	pdf:explicit-lexical-targets;pdf_page=56;section=explicit_group_targets
Scholastic Success with Vocabulary, Grade 4	scholastic-success-vocabulary-grade-4	gecko	gecko			Science categories | explicit lexical targets	56	registry:scholastic-success-vocabulary-grade-4		Explicit printed word-bank, list, chart or label form only; lemma, sense and IELTS relevance require editorial review.	lexical_candidate	candidate_only	pdf	pdf:explicit-lexical-targets;pdf_page=56;section=explicit_group_targets
Scholastic Success with Vocabulary, Grade 4	scholastic-success-vocabulary-grade-4	stationary	stationary			Word relations | explicit lexical targets	58	registry:scholastic-success-vocabulary-grade-4		Explicit printed word-bank, list, chart or label form only; lemma, sense and IELTS relevance require editorial review.	lexical_candidate	candidate_only	pdf	pdf:explicit-lexical-targets;pdf_page=58;section=explicit_headword_column
Scholastic Success with Vocabulary, Grade 4	scholastic-success-vocabulary-grade-4	taut	taut			Word relations | explicit lexical targets	58	registry:scholastic-success-vocabulary-grade-4		Explicit printed word-bank, list, chart or label form only; lemma, sense and IELTS relevance require editorial review.	lexical_candidate	candidate_only	pdf	pdf:explicit-lexical-targets;pdf_page=58;section=explicit_headword_column
Scholastic Success with Vocabulary, Grade 4	scholastic-success-vocabulary-grade-4	current	current			Word relations | explicit lexical targets	58	registry:scholastic-success-vocabulary-grade-4		Explicit printed word-bank, list, chart or label form only; lemma, sense and IELTS relevance require editorial review.	lexical_candidate	candidate_only	pdf	pdf:explicit-lexical-targets;pdf_page=58;section=explicit_headword_column
Scholastic Success with Vocabulary, Grade 4	scholastic-success-vocabulary-grade-4	alter	alter			Word relations | explicit lexical targets	58	registry:scholastic-success-vocabulary-grade-4		Explicit printed word-bank, list, chart or label form only; lemma, sense and IELTS relevance require editorial review.	lexical_candidate	candidate_only	pdf	pdf:explicit-lexical-targets;pdf_page=58;section=explicit_headword_column
Scholastic Success with Vocabulary, Grade 4	scholastic-success-vocabulary-grade-4	banned	banned			Word relations | explicit lexical targets	58	registry:scholastic-success-vocabulary-grade-4		Explicit printed word-bank, list, chart or label form only; lemma, sense and IELTS relevance require editorial review.	lexical_candidate	candidate_only	pdf	pdf:explicit-lexical-targets;pdf_page=58;section=explicit_headword_column
Scholastic Success with Vocabulary, Grade 4	scholastic-success-vocabulary-grade-4	bolder	bolder			Word relations | explicit lexical targets	58	registry:scholastic-success-vocabulary-grade-4		Explicit printed word-bank, list, chart or label form only; lemma, sense and IELTS relevance require editorial review.	lexical_candidate	candidate_only	pdf	pdf:explicit-lexical-targets;pdf_page=58;section=explicit_headword_column
Scholastic Success with Vocabulary, Grade 4	scholastic-success-vocabulary-grade-4	coarse	coarse			Word relations | explicit lexical targets	58	registry:scholastic-success-vocabulary-grade-4		Explicit printed word-bank, list, chart or label form only; lemma, sense and IELTS relevance require editorial review.	lexical_candidate	candidate_only	pdf	pdf:explicit-lexical-targets;pdf_page=58;section=explicit_headword_column
Scholastic Success with Vocabulary, Grade 4	scholastic-success-vocabulary-grade-4	cruel	cruel			Word relations | explicit lexical targets	58	registry:scholastic-success-vocabulary-grade-4		Explicit printed word-bank, list, chart or label form only; lemma, sense and IELTS relevance require editorial review.	lexical_candidate	candidate_only	pdf	pdf:explicit-lexical-targets;pdf_page=58;section=explicit_headword_column
Scholastic Success with Vocabulary, Grade 4	scholastic-success-vocabulary-grade-4	sum	sum			Word relations | explicit lexical targets	58	registry:scholastic-success-vocabulary-grade-4		Explicit printed word-bank, list, chart or label form only; lemma, sense and IELTS relevance require editorial review.	lexical_candidate	candidate_only	pdf	pdf:explicit-lexical-targets;pdf_page=58;section=explicit_headword_column
Scholastic Success with Vocabulary, Grade 4	scholastic-success-vocabulary-grade-4	sheer	sheer			Word relations | explicit lexical targets	58	registry:scholastic-success-vocabulary-grade-4		Explicit printed word-bank, list, chart or label form only; lemma, sense and IELTS relevance require editorial review.	lexical_candidate	candidate_only	pdf	pdf:explicit-lexical-targets;pdf_page=58;section=explicit_headword_column
Scholastic Success with Vocabulary, Grade 4	scholastic-success-vocabulary-grade-4	birth	birth			Word relations | explicit lexical targets	58	registry:scholastic-success-vocabulary-grade-4		Explicit printed word-bank, list, chart or label form only; lemma, sense and IELTS relevance require editorial review.	lexical_candidate	candidate_only	pdf	pdf:explicit-lexical-targets;pdf_page=58;section=explicit_headword_column
Scholastic Success with Vocabulary, Grade 4	scholastic-success-vocabulary-grade-4	attendance	attendance			Word relations | explicit lexical targets	58	registry:scholastic-success-vocabulary-grade-4		Explicit printed word-bank, list, chart or label form only; lemma, sense and IELTS relevance require editorial review.	lexical_candidate	candidate_only	pdf	pdf:explicit-lexical-targets;pdf_page=58;section=explicit_headword_column
Scholastic Success with Vocabulary, Grade 4	scholastic-success-vocabulary-grade-4	delicatessen	delicatessen			Borrowed words | explicit lexical targets	64	registry:scholastic-success-vocabulary-grade-4		Explicit printed word-bank, list, chart or label form only; lemma, sense and IELTS relevance require editorial review.	lexical_candidate	candidate_only	pdf	pdf:explicit-lexical-targets;pdf_page=64;section=explicit_numbered_word_list
Scholastic Success with Vocabulary, Grade 4	scholastic-success-vocabulary-grade-4	shampoo	shampoo			Borrowed words | explicit lexical targets	64	registry:scholastic-success-vocabulary-grade-4		Explicit printed word-bank, list, chart or label form only; lemma, sense and IELTS relevance require editorial review.	lexical_candidate	candidate_only	pdf	pdf:explicit-lexical-targets;pdf_page=64;section=explicit_numbered_word_list
Scholastic Success with Vocabulary, Grade 4	scholastic-success-vocabulary-grade-4	chow	chow			Borrowed words | explicit lexical targets	64	registry:scholastic-success-vocabulary-grade-4		Explicit printed word-bank, list, chart or label form only; lemma, sense and IELTS relevance require editorial review.	lexical_candidate	candidate_only	pdf	pdf:explicit-lexical-targets;pdf_page=64;section=explicit_numbered_word_list
Scholastic Success with Vocabulary, Grade 4	scholastic-success-vocabulary-grade-4	pickle	pickle			Borrowed words | explicit lexical targets	64	registry:scholastic-success-vocabulary-grade-4		Explicit printed word-bank, list, chart or label form only; lemma, sense and IELTS relevance require editorial review.	lexical_candidate	candidate_only	pdf	pdf:explicit-lexical-targets;pdf_page=64;section=explicit_numbered_word_list
Scholastic Success with Vocabulary, Grade 4	scholastic-success-vocabulary-grade-4	bouquet	bouquet			Borrowed words | explicit lexical targets	64	registry:scholastic-success-vocabulary-grade-4		Explicit printed word-bank, list, chart or label form only; lemma, sense and IELTS relevance require editorial review.	lexical_candidate	candidate_only	pdf	pdf:explicit-lexical-targets;pdf_page=64;section=explicit_numbered_word_list
Scholastic Success with Vocabulary, Grade 4	scholastic-success-vocabulary-grade-4	macaroni	macaroni			Borrowed words | explicit lexical targets	64	registry:scholastic-success-vocabulary-grade-4		Explicit printed word-bank, list, chart or label form only; lemma, sense and IELTS relevance require editorial review.	lexical_candidate	candidate_only	pdf	pdf:explicit-lexical-targets;pdf_page=64;section=explicit_numbered_word_list
Scholastic Success with Vocabulary, Grade 4	scholastic-success-vocabulary-grade-4	borscht	borscht			Borrowed words | explicit lexical targets	64	registry:scholastic-success-vocabulary-grade-4		Explicit printed word-bank, list, chart or label form only; lemma, sense and IELTS relevance require editorial review.	lexical_candidate	candidate_only	pdf	pdf:explicit-lexical-targets;pdf_page=64;section=explicit_numbered_word_list
Scholastic Success with Vocabulary, Grade 4	scholastic-success-vocabulary-grade-4	judo	judo			Borrowed words | explicit lexical targets	64	registry:scholastic-success-vocabulary-grade-4		Explicit printed word-bank, list, chart or label form only; lemma, sense and IELTS relevance require editorial review.	lexical_candidate	candidate_only	pdf	pdf:explicit-lexical-targets;pdf_page=64;section=explicit_numbered_word_list
Scholastic Success with Vocabulary, Grade 4	scholastic-success-vocabulary-grade-4	coyote	coyote			Borrowed words | explicit lexical targets	64	registry:scholastic-success-vocabulary-grade-4		Explicit printed word-bank, list, chart or label form only; lemma, sense and IELTS relevance require editorial review.	lexical_candidate	candidate_only	pdf	pdf:explicit-lexical-targets;pdf_page=64;section=explicit_numbered_word_list
Scholastic Success with Vocabulary, Grade 4	scholastic-success-vocabulary-grade-4	sherbet	sherbet			Borrowed words | explicit lexical targets	64	registry:scholastic-success-vocabulary-grade-4		Explicit printed word-bank, list, chart or label form only; lemma, sense and IELTS relevance require editorial review.	lexical_candidate	candidate_only	pdf	pdf:explicit-lexical-targets;pdf_page=64;section=explicit_numbered_word_list
Scholastic Success with Vocabulary, Grade 4	scholastic-success-vocabulary-grade-4	pastrami	pastrami			Borrowed words | explicit lexical targets	64	registry:scholastic-success-vocabulary-grade-4		Explicit printed word-bank, list, chart or label form only; lemma, sense and IELTS relevance require editorial review.	lexical_candidate	candidate_only	pdf	pdf:explicit-lexical-targets;pdf_page=64;section=explicit_numbered_word_list
Scholastic Success with Vocabulary, Grade 4	scholastic-success-vocabulary-grade-4	alfalfa	alfalfa			Borrowed words | explicit lexical targets	64	registry:scholastic-success-vocabulary-grade-4		Explicit printed word-bank, list, chart or label form only; lemma, sense and IELTS relevance require editorial review.	lexical_candidate	candidate_only	pdf	pdf:explicit-lexical-targets;pdf_page=64;section=explicit_numbered_word_list
Scholastic Success with Vocabulary, Grade 4	scholastic-success-vocabulary-grade-4	pumpernickel	pumpernickel			Borrowed words | explicit lexical targets	64	registry:scholastic-success-vocabulary-grade-4		Explicit printed word-bank, list, chart or label form only; lemma, sense and IELTS relevance require editorial review.	lexical_candidate	candidate_only	pdf	pdf:explicit-lexical-targets;pdf_page=64;section=explicit_numbered_word_list
Scholastic Success with Vocabulary, Grade 4	scholastic-success-vocabulary-grade-4	bologna	bologna			Borrowed words | explicit lexical targets	64	registry:scholastic-success-vocabulary-grade-4		Explicit printed word-bank, list, chart or label form only; lemma, sense and IELTS relevance require editorial review.	lexical_candidate	candidate_only	pdf	pdf:explicit-lexical-targets;pdf_page=64;section=explicit_numbered_word_list
Scholastic Success with Vocabulary, Grade 4	scholastic-success-vocabulary-grade-4	potato	potato			Borrowed words | explicit lexical targets	64	registry:scholastic-success-vocabulary-grade-4		Explicit printed word-bank, list, chart or label form only; lemma, sense and IELTS relevance require editorial review.	lexical_candidate	candidate_only	pdf	pdf:explicit-lexical-targets;pdf_page=64;section=explicit_numbered_word_list
Scholastic Success with Vocabulary, Grade 4	scholastic-success-vocabulary-grade-4	detour	detour			Borrowed words | explicit lexical targets	64	registry:scholastic-success-vocabulary-grade-4		Explicit printed word-bank, list, chart or label form only; lemma, sense and IELTS relevance require editorial review.	lexical_candidate	candidate_only	pdf	pdf:explicit-lexical-targets;pdf_page=64;section=explicit_numbered_word_list
Scholastic Success with Vocabulary, Grade 4	scholastic-success-vocabulary-grade-4	random	random			Oxymorons | explicit lexical targets	66	registry:scholastic-success-vocabulary-grade-4		Explicit printed word-bank, list, chart or label form only; lemma, sense and IELTS relevance require editorial review.	lexical_candidate	candidate_only	pdf	pdf:explicit-lexical-targets;pdf_page=66;section=explicit_word_box
Scholastic Success with Vocabulary, Grade 4	scholastic-success-vocabulary-grade-4	inside	inside			Oxymorons | explicit lexical targets	66	registry:scholastic-success-vocabulary-grade-4		Explicit printed word-bank, list, chart or label form only; lemma, sense and IELTS relevance require editorial review.	lexical_candidate	candidate_only	pdf	pdf:explicit-lexical-targets;pdf_page=66;section=explicit_word_box
Scholastic Success with Vocabulary, Grade 4	scholastic-success-vocabulary-grade-4	original	original			Oxymorons | explicit lexical targets	66	registry:scholastic-success-vocabulary-grade-4		Explicit printed word-bank, list, chart or label form only; lemma, sense and IELTS relevance require editorial review.	lexical_candidate	candidate_only	pdf	pdf:explicit-lexical-targets;pdf_page=66;section=explicit_word_box
Scholastic Success with Vocabulary, Grade 4	scholastic-success-vocabulary-grade-4	bitter	bitter			Oxymorons | explicit lexical targets	66	registry:scholastic-success-vocabulary-grade-4		Explicit printed word-bank, list, chart or label form only; lemma, sense and IELTS relevance require editorial review.	lexical_candidate	candidate_only	pdf	pdf:explicit-lexical-targets;pdf_page=66;section=explicit_word_box
Scholastic Success with Vocabulary, Grade 4	scholastic-success-vocabulary-grade-4	estimate	estimate			Oxymorons | explicit lexical targets	66	registry:scholastic-success-vocabulary-grade-4		Explicit printed word-bank, list, chart or label form only; lemma, sense and IELTS relevance require editorial review.	lexical_candidate	candidate_only	pdf	pdf:explicit-lexical-targets;pdf_page=66;section=explicit_word_box
Scholastic Success with Vocabulary, Grade 4	scholastic-success-vocabulary-grade-4	whisper	whisper			Oxymorons | explicit lexical targets	66	registry:scholastic-success-vocabulary-grade-4		Explicit printed word-bank, list, chart or label form only; lemma, sense and IELTS relevance require editorial review.	lexical_candidate	candidate_only	pdf	pdf:explicit-lexical-targets;pdf_page=66;section=explicit_word_box
Scholastic Success with Vocabulary, Grade 4	scholastic-success-vocabulary-grade-4	sorrow	sorrow			Oxymorons | explicit lexical targets	66	registry:scholastic-success-vocabulary-grade-4		Explicit printed word-bank, list, chart or label form only; lemma, sense and IELTS relevance require editorial review.	lexical_candidate	candidate_only	pdf	pdf:explicit-lexical-targets;pdf_page=66;section=explicit_word_box
Scholastic Success with Vocabulary, Grade 4	scholastic-success-vocabulary-grade-4	awfully	awfully			Oxymorons | explicit lexical targets	66	registry:scholastic-success-vocabulary-grade-4		Explicit printed word-bank, list, chart or label form only; lemma, sense and IELTS relevance require editorial review.	lexical_candidate	candidate_only	pdf	pdf:explicit-lexical-targets;pdf_page=66;section=explicit_word_box
Scholastic Success with Vocabulary, Grade 4	scholastic-success-vocabulary-grade-4	unfinished	unfinished			Oxymorons | explicit lexical targets	66	registry:scholastic-success-vocabulary-grade-4		Explicit printed word-bank, list, chart or label form only; lemma, sense and IELTS relevance require editorial review.	lexical_candidate	candidate_only	pdf	pdf:explicit-lexical-targets;pdf_page=66;section=explicit_word_box
Scholastic Success with Vocabulary, Grade 4	scholastic-success-vocabulary-grade-4	serious	serious			Oxymorons | explicit lexical targets	66	registry:scholastic-success-vocabulary-grade-4		Explicit printed word-bank, list, chart or label form only; lemma, sense and IELTS relevance require editorial review.	lexical_candidate	candidate_only	pdf	pdf:explicit-lexical-targets;pdf_page=66;section=explicit_word_box
Scholastic Success with Vocabulary, Grade 4	scholastic-success-vocabulary-grade-4	ugly	ugly			Oxymorons | explicit lexical targets	66	registry:scholastic-success-vocabulary-grade-4		Explicit printed word-bank, list, chart or label form only; lemma, sense and IELTS relevance require editorial review.	lexical_candidate	candidate_only	pdf	pdf:explicit-lexical-targets;pdf_page=66;section=explicit_word_box
Scholastic Success with Vocabulary, Grade 4	scholastic-success-vocabulary-grade-4	shrimp	shrimp			Oxymorons | explicit lexical targets	66	registry:scholastic-success-vocabulary-grade-4		Explicit printed word-bank, list, chart or label form only; lemma, sense and IELTS relevance require editorial review.	lexical_candidate	candidate_only	pdf	pdf:explicit-lexical-targets;pdf_page=66;section=explicit_word_box
Scholastic Success with Vocabulary, Grade 4	scholastic-success-vocabulary-grade-4	half	half			Oxymorons | explicit lexical targets	66	registry:scholastic-success-vocabulary-grade-4		Explicit printed word-bank, list, chart or label form only; lemma, sense and IELTS relevance require editorial review.	lexical_candidate	candidate_only	pdf	pdf:explicit-lexical-targets;pdf_page=66;section=explicit_word_box
Scholastic Success with Vocabulary, Grade 4	scholastic-success-vocabulary-grade-4	misunderstood	misunderstood			Oxymorons | explicit lexical targets	66	registry:scholastic-success-vocabulary-grade-4		Explicit printed word-bank, list, chart or label form only; lemma, sense and IELTS relevance require editorial review.	lexical_candidate	candidate_only	pdf	pdf:explicit-lexical-targets;pdf_page=66;section=explicit_word_box
Scholastic Success with Vocabulary, Grade 4	scholastic-success-vocabulary-grade-4	sniffle	sniffle			Onomatopoeic words | explicit lexical targets	68	registry:scholastic-success-vocabulary-grade-4		Explicit printed word-bank, list, chart or label form only; lemma, sense and IELTS relevance require editorial review.	lexical_candidate	candidate_only	pdf	pdf:explicit-lexical-targets;pdf_page=68;section=explicit_word_box
Scholastic Success with Vocabulary, Grade 4	scholastic-success-vocabulary-grade-4	swish	swish			Onomatopoeic words | explicit lexical targets	68	registry:scholastic-success-vocabulary-grade-4		Explicit printed word-bank, list, chart or label form only; lemma, sense and IELTS relevance require editorial review.	lexical_candidate	candidate_only	pdf	pdf:explicit-lexical-targets;pdf_page=68;section=explicit_word_box
Scholastic Success with Vocabulary, Grade 4	scholastic-success-vocabulary-grade-4	rumble	rumble			Onomatopoeic words | explicit lexical targets	68	registry:scholastic-success-vocabulary-grade-4		Explicit printed word-bank, list, chart or label form only; lemma, sense and IELTS relevance require editorial review.	lexical_candidate	candidate_only	pdf	pdf:explicit-lexical-targets;pdf_page=68;section=explicit_word_box
Scholastic Success with Vocabulary, Grade 4	scholastic-success-vocabulary-grade-4	crunch	crunch			Onomatopoeic words | explicit lexical targets	68	registry:scholastic-success-vocabulary-grade-4		Explicit printed word-bank, list, chart or label form only; lemma, sense and IELTS relevance require editorial review.	lexical_candidate	candidate_only	pdf	pdf:explicit-lexical-targets;pdf_page=68;section=explicit_word_box
Scholastic Success with Vocabulary, Grade 4	scholastic-success-vocabulary-grade-4	whish	whish			Onomatopoeic words | explicit lexical targets	68	registry:scholastic-success-vocabulary-grade-4		Explicit printed word-bank, list, chart or label form only; lemma, sense and IELTS relevance require editorial review.	lexical_candidate	candidate_only	pdf	pdf:explicit-lexical-targets;pdf_page=68;section=explicit_word_box
Scholastic Success with Vocabulary, Grade 4	scholastic-success-vocabulary-grade-4	slurp	slurp			Onomatopoeic words | explicit lexical targets	68	registry:scholastic-success-vocabulary-grade-4		Explicit printed word-bank, list, chart or label form only; lemma, sense and IELTS relevance require editorial review.	lexical_candidate	candidate_only	pdf	pdf:explicit-lexical-targets;pdf_page=68;section=explicit_word_box
Scholastic Success with Vocabulary, Grade 4	scholastic-success-vocabulary-grade-4	sizzle	sizzle			Onomatopoeic words | explicit lexical targets	68	registry:scholastic-success-vocabulary-grade-4		Explicit printed word-bank, list, chart or label form only; lemma, sense and IELTS relevance require editorial review.	lexical_candidate	candidate_only	pdf	pdf:explicit-lexical-targets;pdf_page=68;section=explicit_word_box
Scholastic Success with Vocabulary, Grade 4	scholastic-success-vocabulary-grade-4	crackle	crackle			Onomatopoeic words | explicit lexical targets	68	registry:scholastic-success-vocabulary-grade-4		Explicit printed word-bank, list, chart or label form only; lemma, sense and IELTS relevance require editorial review.	lexical_candidate	candidate_only	pdf	pdf:explicit-lexical-targets;pdf_page=68;section=explicit_word_box
Scholastic Success with Vocabulary, Grade 4	scholastic-success-vocabulary-grade-4	clatter	clatter			Onomatopoeic words | explicit lexical targets	68	registry:scholastic-success-vocabulary-grade-4		Explicit printed word-bank, list, chart or label form only; lemma, sense and IELTS relevance require editorial review.	lexical_candidate	candidate_only	pdf	pdf:explicit-lexical-targets;pdf_page=68;section=explicit_word_box
Scholastic Success with Vocabulary, Grade 4	scholastic-success-vocabulary-grade-4	hiccup	hiccup			Onomatopoeic words | explicit lexical targets	68	registry:scholastic-success-vocabulary-grade-4		Explicit printed word-bank, list, chart or label form only; lemma, sense and IELTS relevance require editorial review.	lexical_candidate	candidate_only	pdf	pdf:explicit-lexical-targets;pdf_page=68;section=explicit_word_box
Scholastic Success with Vocabulary, Grade 4	scholastic-success-vocabulary-grade-4	thud	thud			Onomatopoeic words | explicit lexical targets	68	registry:scholastic-success-vocabulary-grade-4		Explicit printed word-bank, list, chart or label form only; lemma, sense and IELTS relevance require editorial review.	lexical_candidate	candidate_only	pdf	pdf:explicit-lexical-targets;pdf_page=68;section=explicit_word_box
Scholastic Success with Vocabulary, Grade 4	scholastic-success-vocabulary-grade-4	screech	screech			Onomatopoeic words | explicit lexical targets	68	registry:scholastic-success-vocabulary-grade-4		Explicit printed word-bank, list, chart or label form only; lemma, sense and IELTS relevance require editorial review.	lexical_candidate	candidate_only	pdf	pdf:explicit-lexical-targets;pdf_page=68;section=explicit_word_box
Scholastic Success with Vocabulary, Grade 4	scholastic-success-vocabulary-grade-4	whir	whir			Onomatopoeic words | explicit lexical targets	68	registry:scholastic-success-vocabulary-grade-4		Explicit printed word-bank, list, chart or label form only; lemma, sense and IELTS relevance require editorial review.	lexical_candidate	candidate_only	pdf	pdf:explicit-lexical-targets;pdf_page=68;section=explicit_word_box
Scholastic Success with Vocabulary, Grade 4	scholastic-success-vocabulary-grade-4	zing	zing			Onomatopoeic words | explicit lexical targets	68	registry:scholastic-success-vocabulary-grade-4		Explicit printed word-bank, list, chart or label form only; lemma, sense and IELTS relevance require editorial review.	lexical_candidate	candidate_only	pdf	pdf:explicit-lexical-targets;pdf_page=68;section=explicit_word_box
Scholastic Success with Vocabulary, Grade 4	scholastic-success-vocabulary-grade-4	sputter	sputter			Onomatopoeic words | explicit lexical targets	68	registry:scholastic-success-vocabulary-grade-4		Explicit printed word-bank, list, chart or label form only; lemma, sense and IELTS relevance require editorial review.	lexical_candidate	candidate_only	pdf	pdf:explicit-lexical-targets;pdf_page=68;section=explicit_word_box
Scholastic Success with Vocabulary, Grade 4	scholastic-success-vocabulary-grade-4	clomp	clomp			Onomatopoeic words | explicit lexical targets	68	registry:scholastic-success-vocabulary-grade-4		Explicit printed word-bank, list, chart or label form only; lemma, sense and IELTS relevance require editorial review.	lexical_candidate	candidate_only	pdf	pdf:explicit-lexical-targets;pdf_page=68;section=explicit_word_box
Scholastic Success with Vocabulary, Grade 4	scholastic-success-vocabulary-grade-4	burp	burp			Onomatopoeic words | explicit lexical targets	68	registry:scholastic-success-vocabulary-grade-4		Explicit printed word-bank, list, chart or label form only; lemma, sense and IELTS relevance require editorial review.	lexical_candidate	candidate_only	pdf	pdf:explicit-lexical-targets;pdf_page=68;section=explicit_word_box
Scholastic Success with Vocabulary, Grade 4	scholastic-success-vocabulary-grade-4	splash	splash			Onomatopoeic words | explicit lexical targets	68	registry:scholastic-success-vocabulary-grade-4		Explicit printed word-bank, list, chart or label form only; lemma, sense and IELTS relevance require editorial review.	lexical_candidate	candidate_only	pdf	pdf:explicit-lexical-targets;pdf_page=68;section=explicit_word_box
Scholastic Success with Vocabulary, Grade 4	scholastic-success-vocabulary-grade-4	Phew	Phew			Parts of speech | explicit lexical targets	70	registry:scholastic-success-vocabulary-grade-4		Explicit printed word-bank, list, chart or label form only; lemma, sense and IELTS relevance require editorial review.	lexical_candidate	candidate_only	pdf	pdf:explicit-lexical-targets;pdf_page=70;section=explicit_group_targets
Scholastic Success with Vocabulary, Grade 4	scholastic-success-vocabulary-grade-4	Ouch	Ouch			Parts of speech | explicit lexical targets	70	registry:scholastic-success-vocabulary-grade-4		Explicit printed word-bank, list, chart or label form only; lemma, sense and IELTS relevance require editorial review.	lexical_candidate	candidate_only	pdf	pdf:explicit-lexical-targets;pdf_page=70;section=explicit_group_targets
Scholastic Success with Vocabulary, Grade 4	scholastic-success-vocabulary-grade-4	Wow	Wow			Parts of speech | explicit lexical targets	70	registry:scholastic-success-vocabulary-grade-4		Explicit printed word-bank, list, chart or label form only; lemma, sense and IELTS relevance require editorial review.	lexical_candidate	candidate_only	pdf	pdf:explicit-lexical-targets;pdf_page=70;section=explicit_group_targets
Scholastic Success with Vocabulary, Grade 4	scholastic-success-vocabulary-grade-4	Hooray	Hooray			Parts of speech | explicit lexical targets	70	registry:scholastic-success-vocabulary-grade-4		Explicit printed word-bank, list, chart or label form only; lemma, sense and IELTS relevance require editorial review.	lexical_candidate	candidate_only	pdf	pdf:explicit-lexical-targets;pdf_page=70;section=explicit_group_targets
Scholastic Success with Vocabulary, Grade 4	scholastic-success-vocabulary-grade-4	unless	unless			Parts of speech | explicit lexical targets	70	registry:scholastic-success-vocabulary-grade-4		Explicit printed word-bank, list, chart or label form only; lemma, sense and IELTS relevance require editorial review.	lexical_candidate	candidate_only	pdf	pdf:explicit-lexical-targets;pdf_page=70;section=explicit_group_targets
Scholastic Success with Vocabulary, Grade 4	scholastic-success-vocabulary-grade-4	and	and			Parts of speech | explicit lexical targets	70	registry:scholastic-success-vocabulary-grade-4		Explicit printed word-bank, list, chart or label form only; lemma, sense and IELTS relevance require editorial review.	lexical_candidate	candidate_only	pdf	pdf:explicit-lexical-targets;pdf_page=70;section=explicit_group_targets
Scholastic Success with Vocabulary, Grade 4	scholastic-success-vocabulary-grade-4	since	since			Parts of speech | explicit lexical targets	70	registry:scholastic-success-vocabulary-grade-4		Explicit printed word-bank, list, chart or label form only; lemma, sense and IELTS relevance require editorial review.	lexical_candidate	candidate_only	pdf	pdf:explicit-lexical-targets;pdf_page=70;section=explicit_group_targets
Scholastic Success with Vocabulary, Grade 4	scholastic-success-vocabulary-grade-4	or	or			Parts of speech | explicit lexical targets	70	registry:scholastic-success-vocabulary-grade-4		Explicit printed word-bank, list, chart or label form only; lemma, sense and IELTS relevance require editorial review.	lexical_candidate	candidate_only	pdf	pdf:explicit-lexical-targets;pdf_page=70;section=explicit_group_targets
Scholastic Success with Vocabulary, Grade 4	scholastic-success-vocabulary-grade-4	with	with			Parts of speech | explicit lexical targets	70	registry:scholastic-success-vocabulary-grade-4		Explicit printed word-bank, list, chart or label form only; lemma, sense and IELTS relevance require editorial review.	lexical_candidate	candidate_only	pdf	pdf:explicit-lexical-targets;pdf_page=70;section=explicit_group_targets
Scholastic Success with Vocabulary, Grade 4	scholastic-success-vocabulary-grade-4	in	in			Parts of speech | explicit lexical targets	70	registry:scholastic-success-vocabulary-grade-4		Explicit printed word-bank, list, chart or label form only; lemma, sense and IELTS relevance require editorial review.	lexical_candidate	candidate_only	pdf	pdf:explicit-lexical-targets;pdf_page=70;section=explicit_group_targets
Scholastic Success with Vocabulary, Grade 4	scholastic-success-vocabulary-grade-4	beside	beside			Parts of speech | explicit lexical targets	70	registry:scholastic-success-vocabulary-grade-4		Explicit printed word-bank, list, chart or label form only; lemma, sense and IELTS relevance require editorial review.	lexical_candidate	candidate_only	pdf	pdf:explicit-lexical-targets;pdf_page=70;section=explicit_group_targets
Scholastic Success with Vocabulary, Grade 4	scholastic-success-vocabulary-grade-4	during	during			Parts of speech | explicit lexical targets	70	registry:scholastic-success-vocabulary-grade-4		Explicit printed word-bank, list, chart or label form only; lemma, sense and IELTS relevance require editorial review.	lexical_candidate	candidate_only	pdf	pdf:explicit-lexical-targets;pdf_page=70;section=explicit_group_targets
Scholastic Success with Vocabulary, Grade 4	scholastic-success-vocabulary-grade-4	brilliantly	brilliantly			Parts of speech | explicit lexical targets	70	registry:scholastic-success-vocabulary-grade-4		Explicit printed word-bank, list, chart or label form only; lemma, sense and IELTS relevance require editorial review.	lexical_candidate	candidate_only	pdf	pdf:explicit-lexical-targets;pdf_page=70;section=explicit_group_targets
Scholastic Success with Vocabulary, Grade 4	scholastic-success-vocabulary-grade-4	daily	daily			Parts of speech | explicit lexical targets	70	registry:scholastic-success-vocabulary-grade-4		Explicit printed word-bank, list, chart or label form only; lemma, sense and IELTS relevance require editorial review.	lexical_candidate	candidate_only	pdf	pdf:explicit-lexical-targets;pdf_page=70;section=explicit_group_targets
Scholastic Success with Vocabulary, Grade 4	scholastic-success-vocabulary-grade-4	above	above			Parts of speech | explicit lexical targets	70	registry:scholastic-success-vocabulary-grade-4		Explicit printed word-bank, list, chart or label form only; lemma, sense and IELTS relevance require editorial review.	lexical_candidate	candidate_only	pdf	pdf:explicit-lexical-targets;pdf_page=70;section=explicit_group_targets
Scholastic Success with Vocabulary, Grade 4	scholastic-success-vocabulary-grade-4	never	never			Parts of speech | explicit lexical targets	70	registry:scholastic-success-vocabulary-grade-4		Explicit printed word-bank, list, chart or label form only; lemma, sense and IELTS relevance require editorial review.	lexical_candidate	candidate_only	pdf	pdf:explicit-lexical-targets;pdf_page=70;section=explicit_group_targets
Scholastic Success with Vocabulary, Grade 4	scholastic-success-vocabulary-grade-4	gigantic	gigantic			Parts of speech | explicit lexical targets	70	registry:scholastic-success-vocabulary-grade-4		Explicit printed word-bank, list, chart or label form only; lemma, sense and IELTS relevance require editorial review.	lexical_candidate	candidate_only	pdf	pdf:explicit-lexical-targets;pdf_page=70;section=explicit_group_targets
Scholastic Success with Vocabulary, Grade 4	scholastic-success-vocabulary-grade-4	happiest	happiest			Parts of speech | explicit lexical targets	70	registry:scholastic-success-vocabulary-grade-4		Explicit printed word-bank, list, chart or label form only; lemma, sense and IELTS relevance require editorial review.	lexical_candidate	candidate_only	pdf	pdf:explicit-lexical-targets;pdf_page=70;section=explicit_group_targets
Scholastic Success with Vocabulary, Grade 4	scholastic-success-vocabulary-grade-4	refreshing	refreshing			Parts of speech | explicit lexical targets	70	registry:scholastic-success-vocabulary-grade-4		Explicit printed word-bank, list, chart or label form only; lemma, sense and IELTS relevance require editorial review.	lexical_candidate	candidate_only	pdf	pdf:explicit-lexical-targets;pdf_page=70;section=explicit_group_targets
Scholastic Success with Vocabulary, Grade 4	scholastic-success-vocabulary-grade-4	yellow	yellow			Parts of speech | explicit lexical targets	70	registry:scholastic-success-vocabulary-grade-4		Explicit printed word-bank, list, chart or label form only; lemma, sense and IELTS relevance require editorial review.	lexical_candidate	candidate_only	pdf	pdf:explicit-lexical-targets;pdf_page=70;section=explicit_group_targets
Scholastic Success with Vocabulary, Grade 4	scholastic-success-vocabulary-grade-4	teacher	teacher			Parts of speech | explicit lexical targets	70	registry:scholastic-success-vocabulary-grade-4		Explicit printed word-bank, list, chart or label form only; lemma, sense and IELTS relevance require editorial review.	lexical_candidate	candidate_only	pdf	pdf:explicit-lexical-targets;pdf_page=70;section=explicit_group_targets
Scholastic Success with Vocabulary, Grade 4	scholastic-success-vocabulary-grade-4	cafeteria	cafeteria			Parts of speech | explicit lexical targets	70	registry:scholastic-success-vocabulary-grade-4		Explicit printed word-bank, list, chart or label form only; lemma, sense and IELTS relevance require editorial review.	lexical_candidate	candidate_only	pdf	pdf:explicit-lexical-targets;pdf_page=70;section=explicit_group_targets
Scholastic Success with Vocabulary, Grade 4	scholastic-success-vocabulary-grade-4	ourselves	ourselves			Parts of speech | explicit lexical targets	70	registry:scholastic-success-vocabulary-grade-4		Explicit printed word-bank, list, chart or label form only; lemma, sense and IELTS relevance require editorial review.	lexical_candidate	candidate_only	pdf	pdf:explicit-lexical-targets;pdf_page=70;section=explicit_group_targets
Scholastic Success with Vocabulary, Grade 4	scholastic-success-vocabulary-grade-4	we	we			Parts of speech | explicit lexical targets	70	registry:scholastic-success-vocabulary-grade-4		Explicit printed word-bank, list, chart or label form only; lemma, sense and IELTS relevance require editorial review.	lexical_candidate	candidate_only	pdf	pdf:explicit-lexical-targets;pdf_page=70;section=explicit_group_targets
Scholastic Success with Vocabulary, Grade 4	scholastic-success-vocabulary-grade-4	your	your			Parts of speech | explicit lexical targets	70	registry:scholastic-success-vocabulary-grade-4		Explicit printed word-bank, list, chart or label form only; lemma, sense and IELTS relevance require editorial review.	lexical_candidate	candidate_only	pdf	pdf:explicit-lexical-targets;pdf_page=70;section=explicit_group_targets
Scholastic Success with Vocabulary, Grade 4	scholastic-success-vocabulary-grade-4	both	both			Parts of speech | explicit lexical targets	70	registry:scholastic-success-vocabulary-grade-4		Explicit printed word-bank, list, chart or label form only; lemma, sense and IELTS relevance require editorial review.	lexical_candidate	candidate_only	pdf	pdf:explicit-lexical-targets;pdf_page=70;section=explicit_group_targets
Scholastic Success with Vocabulary, Grade 4	scholastic-success-vocabulary-grade-4	uncover	uncover			Parts of speech | explicit lexical targets	70	registry:scholastic-success-vocabulary-grade-4		Explicit printed word-bank, list, chart or label form only; lemma, sense and IELTS relevance require editorial review.	lexical_candidate	candidate_only	pdf	pdf:explicit-lexical-targets;pdf_page=70;section=explicit_group_targets
Scholastic Success with Vocabulary, Grade 4	scholastic-success-vocabulary-grade-4	shuffle	shuffle			Parts of speech | explicit lexical targets	70	registry:scholastic-success-vocabulary-grade-4		Explicit printed word-bank, list, chart or label form only; lemma, sense and IELTS relevance require editorial review.	lexical_candidate	candidate_only	pdf	pdf:explicit-lexical-targets;pdf_page=70;section=explicit_group_targets
Scholastic Success with Vocabulary, Grade 4	scholastic-success-vocabulary-grade-4	have	have			Parts of speech | explicit lexical targets	70	registry:scholastic-success-vocabulary-grade-4		Explicit printed word-bank, list, chart or label form only; lemma, sense and IELTS relevance require editorial review.	lexical_candidate	candidate_only	pdf	pdf:explicit-lexical-targets;pdf_page=70;section=explicit_group_targets
Scholastic Success with Vocabulary, Grade 4	scholastic-success-vocabulary-grade-4	whittle	whittle			Parts of speech | explicit lexical targets	70	registry:scholastic-success-vocabulary-grade-4		Explicit printed word-bank, list, chart or label form only; lemma, sense and IELTS relevance require editorial review.	lexical_candidate	candidate_only	pdf	pdf:explicit-lexical-targets;pdf_page=70;section=explicit_group_targets
Scholastic Success with Vocabulary, Grade 4	scholastic-success-vocabulary-grade-4	point	point	noun		Mathematic vocabulary | explicit lexical targets	74	registry:scholastic-success-vocabulary-grade-4		Explicit printed word-bank, list, chart or label form only; lemma, sense and IELTS relevance require editorial review.	lexical_candidate	candidate_only	pdf	pdf:explicit-lexical-targets;pdf_page=74;section=explicit_term_box
Scholastic Success with Vocabulary, Grade 4	scholastic-success-vocabulary-grade-4	line	line	noun		Mathematic vocabulary | explicit lexical targets	74	registry:scholastic-success-vocabulary-grade-4		Explicit printed word-bank, list, chart or label form only; lemma, sense and IELTS relevance require editorial review.	lexical_candidate	candidate_only	pdf	pdf:explicit-lexical-targets;pdf_page=74;section=explicit_term_box
Scholastic Success with Vocabulary, Grade 4	scholastic-success-vocabulary-grade-4	line segment	line segment	noun		Mathematic vocabulary | explicit lexical targets	74	registry:scholastic-success-vocabulary-grade-4		Explicit printed word-bank, list, chart or label form only; lemma, sense and IELTS relevance require editorial review.	lexical_candidate	candidate_only	pdf	pdf:explicit-lexical-targets;pdf_page=74;section=explicit_term_box
Scholastic Success with Vocabulary, Grade 4	scholastic-success-vocabulary-grade-4	perpendicular lines	perpendicular lines	noun		Mathematic vocabulary | explicit lexical targets	74	registry:scholastic-success-vocabulary-grade-4		Explicit printed word-bank, list, chart or label form only; lemma, sense and IELTS relevance require editorial review.	lexical_candidate	candidate_only	pdf	pdf:explicit-lexical-targets;pdf_page=74;section=explicit_term_box
Scholastic Success with Vocabulary, Grade 4	scholastic-success-vocabulary-grade-4	right angle	right angle	noun		Mathematic vocabulary | explicit lexical targets	74	registry:scholastic-success-vocabulary-grade-4		Explicit printed word-bank, list, chart or label form only; lemma, sense and IELTS relevance require editorial review.	lexical_candidate	candidate_only	pdf	pdf:explicit-lexical-targets;pdf_page=74;section=explicit_term_box
Scholastic Success with Vocabulary, Grade 4	scholastic-success-vocabulary-grade-4	parallel lines	parallel lines	noun		Mathematic vocabulary | explicit lexical targets	74	registry:scholastic-success-vocabulary-grade-4		Explicit printed word-bank, list, chart or label form only; lemma, sense and IELTS relevance require editorial review.	lexical_candidate	candidate_only	pdf	pdf:explicit-lexical-targets;pdf_page=74;section=explicit_term_box
Scholastic Success with Vocabulary, Grade 4	scholastic-success-vocabulary-grade-4	acute angle	acute angle	noun		Mathematic vocabulary | explicit lexical targets	74	registry:scholastic-success-vocabulary-grade-4		Explicit printed word-bank, list, chart or label form only; lemma, sense and IELTS relevance require editorial review.	lexical_candidate	candidate_only	pdf	pdf:explicit-lexical-targets;pdf_page=74;section=explicit_term_box
Scholastic Success with Vocabulary, Grade 4	scholastic-success-vocabulary-grade-4	obtuse angle	obtuse angle	noun		Mathematic vocabulary | explicit lexical targets	74	registry:scholastic-success-vocabulary-grade-4		Explicit printed word-bank, list, chart or label form only; lemma, sense and IELTS relevance require editorial review.	lexical_candidate	candidate_only	pdf	pdf:explicit-lexical-targets;pdf_page=74;section=explicit_term_box
Scholastic Success with Vocabulary, Grade 4	scholastic-success-vocabulary-grade-4	ray	ray	noun		Mathematic vocabulary | explicit lexical targets	74	registry:scholastic-success-vocabulary-grade-4		Explicit printed word-bank, list, chart or label form only; lemma, sense and IELTS relevance require editorial review.	lexical_candidate	candidate_only	pdf	pdf:explicit-lexical-targets;pdf_page=74;section=explicit_term_box
Scholastic Success with Vocabulary, Grade 4	scholastic-success-vocabulary-grade-4	intersecting lines	intersecting lines	noun		Mathematic vocabulary | explicit lexical targets	74	registry:scholastic-success-vocabulary-grade-4		Explicit printed word-bank, list, chart or label form only; lemma, sense and IELTS relevance require editorial review.	lexical_candidate	candidate_only	pdf	pdf:explicit-lexical-targets;pdf_page=74;section=explicit_term_box
Scholastic Success with Vocabulary, Grade 5	scholastic-success-vocabulary-grade-5	allergist	allergist			Dictionary targets | explicit lexical targets	2	registry:scholastic-success-vocabulary-grade-5		Explicit printed word-bank, list, chart or label form only; lemma, sense and IELTS relevance require editorial review.	lexical_candidate	candidate_only	pdf	pdf:explicit-lexical-targets;pdf_page=2;section=explicit_numbered_headwords
Scholastic Success with Vocabulary, Grade 5	scholastic-success-vocabulary-grade-5	alpaca	alpaca			Dictionary targets | explicit lexical targets	2	registry:scholastic-success-vocabulary-grade-5		Explicit printed word-bank, list, chart or label form only; lemma, sense and IELTS relevance require editorial review.	lexical_candidate	candidate_only	pdf	pdf:explicit-lexical-targets;pdf_page=2;section=explicit_numbered_headwords
Scholastic Success with Vocabulary, Grade 5	scholastic-success-vocabulary-grade-5	agouti	agouti			Dictionary targets | explicit lexical targets	2	registry:scholastic-success-vocabulary-grade-5		Explicit printed word-bank, list, chart or label form only; lemma, sense and IELTS relevance require editorial review.	lexical_candidate	candidate_only	pdf	pdf:explicit-lexical-targets;pdf_page=2;section=explicit_numbered_headwords
Scholastic Success with Vocabulary, Grade 5	scholastic-success-vocabulary-grade-5	albatross	albatross			Dictionary targets | explicit lexical targets	2	registry:scholastic-success-vocabulary-grade-5		Explicit printed word-bank, list, chart or label form only; lemma, sense and IELTS relevance require editorial review.	lexical_candidate	candidate_only	pdf	pdf:explicit-lexical-targets;pdf_page=2;section=explicit_numbered_headwords
Scholastic Success with Vocabulary, Grade 5	scholastic-success-vocabulary-grade-5	amphora	amphora			Dictionary targets | explicit lexical targets	2	registry:scholastic-success-vocabulary-grade-5		Explicit printed word-bank, list, chart or label form only; lemma, sense and IELTS relevance require editorial review.	lexical_candidate	candidate_only	pdf	pdf:explicit-lexical-targets;pdf_page=2;section=explicit_numbered_headwords
Scholastic Success with Vocabulary, Grade 5	scholastic-success-vocabulary-grade-5	anorak	anorak			Dictionary targets | explicit lexical targets	2	registry:scholastic-success-vocabulary-grade-5		Explicit printed word-bank, list, chart or label form only; lemma, sense and IELTS relevance require editorial review.	lexical_candidate	candidate_only	pdf	pdf:explicit-lexical-targets;pdf_page=2;section=explicit_numbered_headwords
Scholastic Success with Vocabulary, Grade 5	scholastic-success-vocabulary-grade-5	auk	auk			Dictionary targets | explicit lexical targets	2	registry:scholastic-success-vocabulary-grade-5		Explicit printed word-bank, list, chart or label form only; lemma, sense and IELTS relevance require editorial review.	lexical_candidate	candidate_only	pdf	pdf:explicit-lexical-targets;pdf_page=2;section=explicit_numbered_headwords
Scholastic Success with Vocabulary, Grade 5	scholastic-success-vocabulary-grade-5	aphid	aphid			Dictionary targets | explicit lexical targets	2	registry:scholastic-success-vocabulary-grade-5		Explicit printed word-bank, list, chart or label form only; lemma, sense and IELTS relevance require editorial review.	lexical_candidate	candidate_only	pdf	pdf:explicit-lexical-targets;pdf_page=2;section=explicit_numbered_headwords
Scholastic Success with Vocabulary, Grade 5	scholastic-success-vocabulary-grade-5	adze	adze			Dictionary targets | explicit lexical targets	2	registry:scholastic-success-vocabulary-grade-5		Explicit printed word-bank, list, chart or label form only; lemma, sense and IELTS relevance require editorial review.	lexical_candidate	candidate_only	pdf	pdf:explicit-lexical-targets;pdf_page=2;section=explicit_numbered_headwords
Scholastic Success with Vocabulary, Grade 5	scholastic-success-vocabulary-grade-5	adenoid	adenoid			Dictionary targets | explicit lexical targets	2	registry:scholastic-success-vocabulary-grade-5		Explicit printed word-bank, list, chart or label form only; lemma, sense and IELTS relevance require editorial review.	lexical_candidate	candidate_only	pdf	pdf:explicit-lexical-targets;pdf_page=2;section=explicit_numbered_headwords
Scholastic Success with Vocabulary, Grade 5	scholastic-success-vocabulary-grade-5	aerialist	aerialist			Dictionary targets | explicit lexical targets	2	registry:scholastic-success-vocabulary-grade-5		Explicit printed word-bank, list, chart or label form only; lemma, sense and IELTS relevance require editorial review.	lexical_candidate	candidate_only	pdf	pdf:explicit-lexical-targets;pdf_page=2;section=explicit_numbered_headwords
Scholastic Success with Vocabulary, Grade 5	scholastic-success-vocabulary-grade-5	agate	agate			Dictionary targets | explicit lexical targets	2	registry:scholastic-success-vocabulary-grade-5		Explicit printed word-bank, list, chart or label form only; lemma, sense and IELTS relevance require editorial review.	lexical_candidate	candidate_only	pdf	pdf:explicit-lexical-targets;pdf_page=2;section=explicit_numbered_headwords
Scholastic Success with Vocabulary, Grade 5	scholastic-success-vocabulary-grade-5	alyssum	alyssum			Dictionary targets | explicit lexical targets	2	registry:scholastic-success-vocabulary-grade-5		Explicit printed word-bank, list, chart or label form only; lemma, sense and IELTS relevance require editorial review.	lexical_candidate	candidate_only	pdf	pdf:explicit-lexical-targets;pdf_page=2;section=explicit_numbered_headwords
Scholastic Success with Vocabulary, Grade 5	scholastic-success-vocabulary-grade-5	ascot	ascot			Dictionary targets | explicit lexical targets	2	registry:scholastic-success-vocabulary-grade-5		Explicit printed word-bank, list, chart or label form only; lemma, sense and IELTS relevance require editorial review.	lexical_candidate	candidate_only	pdf	pdf:explicit-lexical-targets;pdf_page=2;section=explicit_numbered_headwords
Scholastic Success with Vocabulary, Grade 5	scholastic-success-vocabulary-grade-5	albacore	albacore			Dictionary targets | explicit lexical targets	2	registry:scholastic-success-vocabulary-grade-5		Explicit printed word-bank, list, chart or label form only; lemma, sense and IELTS relevance require editorial review.	lexical_candidate	candidate_only	pdf	pdf:explicit-lexical-targets;pdf_page=2;section=explicit_numbered_headwords
Scholastic Success with Vocabulary, Grade 5	scholastic-success-vocabulary-grade-5	torrent	torrent			Antonyms | explicit lexical targets	6	registry:scholastic-success-vocabulary-grade-5		Explicit printed word-bank, list, chart or label form only; lemma, sense and IELTS relevance require editorial review.	lexical_candidate	candidate_only	pdf	pdf:explicit-lexical-targets;pdf_page=6;section=explicit_parenthetical_pairs
Scholastic Success with Vocabulary, Grade 5	scholastic-success-vocabulary-grade-5	trickle	trickle			Antonyms | explicit lexical targets	6	registry:scholastic-success-vocabulary-grade-5		Explicit printed word-bank, list, chart or label form only; lemma, sense and IELTS relevance require editorial review.	lexical_candidate	candidate_only	pdf	pdf:explicit-lexical-targets;pdf_page=6;section=explicit_parenthetical_pairs
Scholastic Success with Vocabulary, Grade 5	scholastic-success-vocabulary-grade-5	appear	appear			Antonyms | explicit lexical targets	6	registry:scholastic-success-vocabulary-grade-5		Explicit printed word-bank, list, chart or label form only; lemma, sense and IELTS relevance require editorial review.	lexical_candidate	candidate_only	pdf	pdf:explicit-lexical-targets;pdf_page=6;section=explicit_parenthetical_pairs
Scholastic Success with Vocabulary, Grade 5	scholastic-success-vocabulary-grade-5	vanish	vanish			Antonyms | explicit lexical targets	6	registry:scholastic-success-vocabulary-grade-5		Explicit printed word-bank, list, chart or label form only; lemma, sense and IELTS relevance require editorial review.	lexical_candidate	candidate_only	pdf	pdf:explicit-lexical-targets;pdf_page=6;section=explicit_parenthetical_pairs
Scholastic Success with Vocabulary, Grade 5	scholastic-success-vocabulary-grade-5	small	small			Antonyms | explicit lexical targets	6	registry:scholastic-success-vocabulary-grade-5		Explicit printed word-bank, list, chart or label form only; lemma, sense and IELTS relevance require editorial review.	lexical_candidate	candidate_only	pdf	pdf:explicit-lexical-targets;pdf_page=6;section=explicit_parenthetical_pairs
Scholastic Success with Vocabulary, Grade 5	scholastic-success-vocabulary-grade-5	vast	vast			Antonyms | explicit lexical targets	6	registry:scholastic-success-vocabulary-grade-5		Explicit printed word-bank, list, chart or label form only; lemma, sense and IELTS relevance require editorial review.	lexical_candidate	candidate_only	pdf	pdf:explicit-lexical-targets;pdf_page=6;section=explicit_parenthetical_pairs
Scholastic Success with Vocabulary, Grade 5	scholastic-success-vocabulary-grade-5	intricate	intricate			Antonyms | explicit lexical targets	6	registry:scholastic-success-vocabulary-grade-5		Explicit printed word-bank, list, chart or label form only; lemma, sense and IELTS relevance require editorial review.	lexical_candidate	candidate_only	pdf	pdf:explicit-lexical-targets;pdf_page=6;section=explicit_parenthetical_pairs
Scholastic Success with Vocabulary, Grade 5	scholastic-success-vocabulary-grade-5	simple	simple			Antonyms | explicit lexical targets	6	registry:scholastic-success-vocabulary-grade-5		Explicit printed word-bank, list, chart or label form only; lemma, sense and IELTS relevance require editorial review.	lexical_candidate	candidate_only	pdf	pdf:explicit-lexical-targets;pdf_page=6;section=explicit_parenthetical_pairs
Scholastic Success with Vocabulary, Grade 5	scholastic-success-vocabulary-grade-5	flimsy	flimsy			Antonyms | explicit lexical targets	6	registry:scholastic-success-vocabulary-grade-5		Explicit printed word-bank, list, chart or label form only; lemma, sense and IELTS relevance require editorial review.	lexical_candidate	candidate_only	pdf	pdf:explicit-lexical-targets;pdf_page=6;section=explicit_parenthetical_pairs
Scholastic Success with Vocabulary, Grade 5	scholastic-success-vocabulary-grade-5	solid	solid			Antonyms | explicit lexical targets	6	registry:scholastic-success-vocabulary-grade-5		Explicit printed word-bank, list, chart or label form only; lemma, sense and IELTS relevance require editorial review.	lexical_candidate	candidate_only	pdf	pdf:explicit-lexical-targets;pdf_page=6;section=explicit_parenthetical_pairs
Scholastic Success with Vocabulary, Grade 5	scholastic-success-vocabulary-grade-5	bright	bright			Antonyms | explicit lexical targets	6	registry:scholastic-success-vocabulary-grade-5		Explicit printed word-bank, list, chart or label form only; lemma, sense and IELTS relevance require editorial review.	lexical_candidate	candidate_only	pdf	pdf:explicit-lexical-targets;pdf_page=6;section=explicit_parenthetical_pairs
Scholastic Success with Vocabulary, Grade 5	scholastic-success-vocabulary-grade-5	dingy	dingy			Antonyms | explicit lexical targets	6	registry:scholastic-success-vocabulary-grade-5		Explicit printed word-bank, list, chart or label form only; lemma, sense and IELTS relevance require editorial review.	lexical_candidate	candidate_only	pdf	pdf:explicit-lexical-targets;pdf_page=6;section=explicit_parenthetical_pairs
Scholastic Success with Vocabulary, Grade 5	scholastic-success-vocabulary-grade-5	diligence	diligence			Antonyms | explicit lexical targets	6	registry:scholastic-success-vocabulary-grade-5		Explicit printed word-bank, list, chart or label form only; lemma, sense and IELTS relevance require editorial review.	lexical_candidate	candidate_only	pdf	pdf:explicit-lexical-targets;pdf_page=6;section=explicit_parenthetical_pairs
Scholastic Success with Vocabulary, Grade 5	scholastic-success-vocabulary-grade-5	laziness	laziness			Antonyms | explicit lexical targets	6	registry:scholastic-success-vocabulary-grade-5		Explicit printed word-bank, list, chart or label form only; lemma, sense and IELTS relevance require editorial review.	lexical_candidate	candidate_only	pdf	pdf:explicit-lexical-targets;pdf_page=6;section=explicit_parenthetical_pairs
Scholastic Success with Vocabulary, Grade 5	scholastic-success-vocabulary-grade-5	wither	wither			Antonyms | explicit lexical targets	6	registry:scholastic-success-vocabulary-grade-5		Explicit printed word-bank, list, chart or label form only; lemma, sense and IELTS relevance require editorial review.	lexical_candidate	candidate_only	pdf	pdf:explicit-lexical-targets;pdf_page=6;section=explicit_parenthetical_pairs
Scholastic Success with Vocabulary, Grade 5	scholastic-success-vocabulary-grade-5	flourish	flourish			Antonyms | explicit lexical targets	6	registry:scholastic-success-vocabulary-grade-5		Explicit printed word-bank, list, chart or label form only; lemma, sense and IELTS relevance require editorial review.	lexical_candidate	candidate_only	pdf	pdf:explicit-lexical-targets;pdf_page=6;section=explicit_parenthetical_pairs
Scholastic Success with Vocabulary, Grade 5	scholastic-success-vocabulary-grade-5	scanty	scanty			Antonyms | explicit lexical targets	6	registry:scholastic-success-vocabulary-grade-5		Explicit printed word-bank, list, chart or label form only; lemma, sense and IELTS relevance require editorial review.	lexical_candidate	candidate_only	pdf	pdf:explicit-lexical-targets;pdf_page=6;section=explicit_parenthetical_pairs
Scholastic Success with Vocabulary, Grade 5	scholastic-success-vocabulary-grade-5	generous	generous			Antonyms | explicit lexical targets	6	registry:scholastic-success-vocabulary-grade-5		Explicit printed word-bank, list, chart or label form only; lemma, sense and IELTS relevance require editorial review.	lexical_candidate	candidate_only	pdf	pdf:explicit-lexical-targets;pdf_page=6;section=explicit_parenthetical_pairs
Scholastic Success with Vocabulary, Grade 5	scholastic-success-vocabulary-grade-5	scorn	scorn			Antonyms | explicit lexical targets	6	registry:scholastic-success-vocabulary-grade-5		Explicit printed word-bank, list, chart or label form only; lemma, sense and IELTS relevance require editorial review.	lexical_candidate	candidate_only	pdf	pdf:explicit-lexical-targets;pdf_page=6;section=explicit_parenthetical_pairs
Scholastic Success with Vocabulary, Grade 5	scholastic-success-vocabulary-grade-5	admiration	admiration			Antonyms | explicit lexical targets	6	registry:scholastic-success-vocabulary-grade-5		Explicit printed word-bank, list, chart or label form only; lemma, sense and IELTS relevance require editorial review.	lexical_candidate	candidate_only	pdf	pdf:explicit-lexical-targets;pdf_page=6;section=explicit_parenthetical_pairs
Scholastic Success with Vocabulary, Grade 5	scholastic-success-vocabulary-grade-5	joyful	joyful			Antonyms | explicit lexical targets	6	registry:scholastic-success-vocabulary-grade-5		Explicit printed word-bank, list, chart or label form only; lemma, sense and IELTS relevance require editorial review.	lexical_candidate	candidate_only	pdf	pdf:explicit-lexical-targets;pdf_page=6;section=explicit_parenthetical_pairs
Scholastic Success with Vocabulary, Grade 5	scholastic-success-vocabulary-grade-5	grave	grave			Antonyms | explicit lexical targets	6	registry:scholastic-success-vocabulary-grade-5		Explicit printed word-bank, list, chart or label form only; lemma, sense and IELTS relevance require editorial review.	lexical_candidate	candidate_only	pdf	pdf:explicit-lexical-targets;pdf_page=6;section=explicit_parenthetical_pairs
Scholastic Success with Vocabulary, Grade 5	scholastic-success-vocabulary-grade-5	spacious	spacious			Antonyms | explicit lexical targets	6	registry:scholastic-success-vocabulary-grade-5		Explicit printed word-bank, list, chart or label form only; lemma, sense and IELTS relevance require editorial review.	lexical_candidate	candidate_only	pdf	pdf:explicit-lexical-targets;pdf_page=6;section=explicit_parenthetical_pairs
Scholastic Success with Vocabulary, Grade 5	scholastic-success-vocabulary-grade-5	cheerful	cheerful			Antonyms | explicit lexical targets	6	registry:scholastic-success-vocabulary-grade-5		Explicit printed word-bank, list, chart or label form only; lemma, sense and IELTS relevance require editorial review.	lexical_candidate	candidate_only	pdf	pdf:explicit-lexical-targets;pdf_page=6;section=explicit_parenthetical_pairs
Scholastic Success with Vocabulary, Grade 5	scholastic-success-vocabulary-grade-5	dismal	dismal			Antonyms | explicit lexical targets	6	registry:scholastic-success-vocabulary-grade-5		Explicit printed word-bank, list, chart or label form only; lemma, sense and IELTS relevance require editorial review.	lexical_candidate	candidate_only	pdf	pdf:explicit-lexical-targets;pdf_page=6;section=explicit_parenthetical_pairs
Scholastic Success with Vocabulary, Grade 5	scholastic-success-vocabulary-grade-5	worn	worn			Antonyms | explicit lexical targets	6	registry:scholastic-success-vocabulary-grade-5		Explicit printed word-bank, list, chart or label form only; lemma, sense and IELTS relevance require editorial review.	lexical_candidate	candidate_only	pdf	pdf:explicit-lexical-targets;pdf_page=6;section=explicit_parenthetical_pairs
Scholastic Success with Vocabulary, Grade 5	scholastic-success-vocabulary-grade-5	new	new			Antonyms | explicit lexical targets	6	registry:scholastic-success-vocabulary-grade-5		Explicit printed word-bank, list, chart or label form only; lemma, sense and IELTS relevance require editorial review.	lexical_candidate	candidate_only	pdf	pdf:explicit-lexical-targets;pdf_page=6;section=explicit_parenthetical_pairs
Scholastic Success with Vocabulary, Grade 5	scholastic-success-vocabulary-grade-5	alter	alter			Homophones | explicit lexical targets	8	registry:scholastic-success-vocabulary-grade-5		Explicit printed word-bank, list, chart or label form only; lemma, sense and IELTS relevance require editorial review.	lexical_candidate	candidate_only	pdf	pdf:explicit-lexical-targets;pdf_page=8;section=explicit_homophone_pairs
Scholastic Success with Vocabulary, Grade 5	scholastic-success-vocabulary-grade-5	altar	altar			Homophones | explicit lexical targets	8	registry:scholastic-success-vocabulary-grade-5		Explicit printed word-bank, list, chart or label form only; lemma, sense and IELTS relevance require editorial review.	lexical_candidate	candidate_only	pdf	pdf:explicit-lexical-targets;pdf_page=8;section=explicit_homophone_pairs
Scholastic Success with Vocabulary, Grade 5	scholastic-success-vocabulary-grade-5	hanger	hanger			Homophones | explicit lexical targets	8	registry:scholastic-success-vocabulary-grade-5		Explicit printed word-bank, list, chart or label form only; lemma, sense and IELTS relevance require editorial review.	lexical_candidate	candidate_only	pdf	pdf:explicit-lexical-targets;pdf_page=8;section=explicit_homophone_pairs
Scholastic Success with Vocabulary, Grade 5	scholastic-success-vocabulary-grade-5	hangar	hangar			Homophones | explicit lexical targets	8	registry:scholastic-success-vocabulary-grade-5		Explicit printed word-bank, list, chart or label form only; lemma, sense and IELTS relevance require editorial review.	lexical_candidate	candidate_only	pdf	pdf:explicit-lexical-targets;pdf_page=8;section=explicit_homophone_pairs
Scholastic Success with Vocabulary, Grade 5	scholastic-success-vocabulary-grade-5	coarse	coarse			Homophones | explicit lexical targets	8	registry:scholastic-success-vocabulary-grade-5		Explicit printed word-bank, list, chart or label form only; lemma, sense and IELTS relevance require editorial review.	lexical_candidate	candidate_only	pdf	pdf:explicit-lexical-targets;pdf_page=8;section=explicit_homophone_pairs
Scholastic Success with Vocabulary, Grade 5	scholastic-success-vocabulary-grade-5	course	course			Homophones | explicit lexical targets	8	registry:scholastic-success-vocabulary-grade-5		Explicit printed word-bank, list, chart or label form only; lemma, sense and IELTS relevance require editorial review.	lexical_candidate	candidate_only	pdf	pdf:explicit-lexical-targets;pdf_page=8;section=explicit_homophone_pairs
Scholastic Success with Vocabulary, Grade 5	scholastic-success-vocabulary-grade-5	ring	ring			Homophones | explicit lexical targets	8	registry:scholastic-success-vocabulary-grade-5		Explicit printed word-bank, list, chart or label form only; lemma, sense and IELTS relevance require editorial review.	lexical_candidate	candidate_only	pdf	pdf:explicit-lexical-targets;pdf_page=8;section=explicit_homophone_pairs
Scholastic Success with Vocabulary, Grade 5	scholastic-success-vocabulary-grade-5	wring	wring			Homophones | explicit lexical targets	8	registry:scholastic-success-vocabulary-grade-5		Explicit printed word-bank, list, chart or label form only; lemma, sense and IELTS relevance require editorial review.	lexical_candidate	candidate_only	pdf	pdf:explicit-lexical-targets;pdf_page=8;section=explicit_homophone_pairs
Scholastic Success with Vocabulary, Grade 5	scholastic-success-vocabulary-grade-5	brows	brows			Homophones | explicit lexical targets	8	registry:scholastic-success-vocabulary-grade-5		Explicit printed word-bank, list, chart or label form only; lemma, sense and IELTS relevance require editorial review.	lexical_candidate	candidate_only	pdf	pdf:explicit-lexical-targets;pdf_page=8;section=explicit_homophone_pairs
Scholastic Success with Vocabulary, Grade 5	scholastic-success-vocabulary-grade-5	browse	browse			Homophones | explicit lexical targets	8	registry:scholastic-success-vocabulary-grade-5		Explicit printed word-bank, list, chart or label form only; lemma, sense and IELTS relevance require editorial review.	lexical_candidate	candidate_only	pdf	pdf:explicit-lexical-targets;pdf_page=8;section=explicit_homophone_pairs
Scholastic Success with Vocabulary, Grade 5	scholastic-success-vocabulary-grade-5	baron	baron			Homophones | explicit lexical targets	8	registry:scholastic-success-vocabulary-grade-5		Explicit printed word-bank, list, chart or label form only; lemma, sense and IELTS relevance require editorial review.	lexical_candidate	candidate_only	pdf	pdf:explicit-lexical-targets;pdf_page=8;section=explicit_homophone_pairs
Scholastic Success with Vocabulary, Grade 5	scholastic-success-vocabulary-grade-5	barren	barren			Homophones | explicit lexical targets	8	registry:scholastic-success-vocabulary-grade-5		Explicit printed word-bank, list, chart or label form only; lemma, sense and IELTS relevance require editorial review.	lexical_candidate	candidate_only	pdf	pdf:explicit-lexical-targets;pdf_page=8;section=explicit_homophone_pairs
Scholastic Success with Vocabulary, Grade 5	scholastic-success-vocabulary-grade-5	quarts	quarts			Homophones | explicit lexical targets	8	registry:scholastic-success-vocabulary-grade-5		Explicit printed word-bank, list, chart or label form only; lemma, sense and IELTS relevance require editorial review.	lexical_candidate	candidate_only	pdf	pdf:explicit-lexical-targets;pdf_page=8;section=explicit_homophone_pairs
Scholastic Success with Vocabulary, Grade 5	scholastic-success-vocabulary-grade-5	quartz	quartz			Homophones | explicit lexical targets	8	registry:scholastic-success-vocabulary-grade-5		Explicit printed word-bank, list, chart or label form only; lemma, sense and IELTS relevance require editorial review.	lexical_candidate	candidate_only	pdf	pdf:explicit-lexical-targets;pdf_page=8;section=explicit_homophone_pairs
Scholastic Success with Vocabulary, Grade 5	scholastic-success-vocabulary-grade-5	stationery	stationery			Homophones | explicit lexical targets	8	registry:scholastic-success-vocabulary-grade-5		Explicit printed word-bank, list, chart or label form only; lemma, sense and IELTS relevance require editorial review.	lexical_candidate	candidate_only	pdf	pdf:explicit-lexical-targets;pdf_page=8;section=explicit_homophone_pairs
Scholastic Success with Vocabulary, Grade 5	scholastic-success-vocabulary-grade-5	stationary	stationary			Homophones | explicit lexical targets	8	registry:scholastic-success-vocabulary-grade-5		Explicit printed word-bank, list, chart or label form only; lemma, sense and IELTS relevance require editorial review.	lexical_candidate	candidate_only	pdf	pdf:explicit-lexical-targets;pdf_page=8;section=explicit_homophone_pairs
Scholastic Success with Vocabulary, Grade 5	scholastic-success-vocabulary-grade-5	cymbal	cymbal			Homophones | explicit lexical targets	8	registry:scholastic-success-vocabulary-grade-5		Explicit printed word-bank, list, chart or label form only; lemma, sense and IELTS relevance require editorial review.	lexical_candidate	candidate_only	pdf	pdf:explicit-lexical-targets;pdf_page=8;section=explicit_homophone_pairs
Scholastic Success with Vocabulary, Grade 5	scholastic-success-vocabulary-grade-5	symbol	symbol			Homophones | explicit lexical targets	8	registry:scholastic-success-vocabulary-grade-5		Explicit printed word-bank, list, chart or label form only; lemma, sense and IELTS relevance require editorial review.	lexical_candidate	candidate_only	pdf	pdf:explicit-lexical-targets;pdf_page=8;section=explicit_homophone_pairs
Scholastic Success with Vocabulary, Grade 5	scholastic-success-vocabulary-grade-5	manor	manor			Homophones | explicit lexical targets	8	registry:scholastic-success-vocabulary-grade-5		Explicit printed word-bank, list, chart or label form only; lemma, sense and IELTS relevance require editorial review.	lexical_candidate	candidate_only	pdf	pdf:explicit-lexical-targets;pdf_page=8;section=explicit_homophone_pairs
Scholastic Success with Vocabulary, Grade 5	scholastic-success-vocabulary-grade-5	manner	manner			Homophones | explicit lexical targets	8	registry:scholastic-success-vocabulary-grade-5		Explicit printed word-bank, list, chart or label form only; lemma, sense and IELTS relevance require editorial review.	lexical_candidate	candidate_only	pdf	pdf:explicit-lexical-targets;pdf_page=8;section=explicit_homophone_pairs
Scholastic Success with Vocabulary, Grade 5	scholastic-success-vocabulary-grade-5	residence	residence			Homophones | explicit lexical targets	8	registry:scholastic-success-vocabulary-grade-5		Explicit printed word-bank, list, chart or label form only; lemma, sense and IELTS relevance require editorial review.	lexical_candidate	candidate_only	pdf	pdf:explicit-lexical-targets;pdf_page=8;section=explicit_homophone_pairs
Scholastic Success with Vocabulary, Grade 5	scholastic-success-vocabulary-grade-5	residents	residents			Homophones | explicit lexical targets	8	registry:scholastic-success-vocabulary-grade-5		Explicit printed word-bank, list, chart or label form only; lemma, sense and IELTS relevance require editorial review.	lexical_candidate	candidate_only	pdf	pdf:explicit-lexical-targets;pdf_page=8;section=explicit_homophone_pairs
Scholastic Success with Vocabulary, Grade 5	scholastic-success-vocabulary-grade-5	crews	crews			Homophones | explicit lexical targets	8	registry:scholastic-success-vocabulary-grade-5		Explicit printed word-bank, list, chart or label form only; lemma, sense and IELTS relevance require editorial review.	lexical_candidate	candidate_only	pdf	pdf:explicit-lexical-targets;pdf_page=8;section=explicit_homophone_pairs
Scholastic Success with Vocabulary, Grade 5	scholastic-success-vocabulary-grade-5	cruise	cruise			Homophones | explicit lexical targets	8	registry:scholastic-success-vocabulary-grade-5		Explicit printed word-bank, list, chart or label form only; lemma, sense and IELTS relevance require editorial review.	lexical_candidate	candidate_only	pdf	pdf:explicit-lexical-targets;pdf_page=8;section=explicit_homophone_pairs
Scholastic Success with Vocabulary, Grade 5	scholastic-success-vocabulary-grade-5	duel	duel			Homophones | explicit lexical targets	8	registry:scholastic-success-vocabulary-grade-5		Explicit printed word-bank, list, chart or label form only; lemma, sense and IELTS relevance require editorial review.	lexical_candidate	candidate_only	pdf	pdf:explicit-lexical-targets;pdf_page=8;section=explicit_homophone_pairs
Scholastic Success with Vocabulary, Grade 5	scholastic-success-vocabulary-grade-5	dual	dual			Homophones | explicit lexical targets	8	registry:scholastic-success-vocabulary-grade-5		Explicit printed word-bank, list, chart or label form only; lemma, sense and IELTS relevance require editorial review.	lexical_candidate	candidate_only	pdf	pdf:explicit-lexical-targets;pdf_page=8;section=explicit_homophone_pairs
Scholastic Success with Vocabulary, Grade 5	scholastic-success-vocabulary-grade-5	foul	foul			Homophones | explicit lexical targets	8	registry:scholastic-success-vocabulary-grade-5		Explicit printed word-bank, list, chart or label form only; lemma, sense and IELTS relevance require editorial review.	lexical_candidate	candidate_only	pdf	pdf:explicit-lexical-targets;pdf_page=8;section=explicit_homophone_pairs
Scholastic Success with Vocabulary, Grade 5	scholastic-success-vocabulary-grade-5	fowl	fowl			Homophones | explicit lexical targets	8	registry:scholastic-success-vocabulary-grade-5		Explicit printed word-bank, list, chart or label form only; lemma, sense and IELTS relevance require editorial review.	lexical_candidate	candidate_only	pdf	pdf:explicit-lexical-targets;pdf_page=8;section=explicit_homophone_pairs
Scholastic Success with Vocabulary, Grade 5	scholastic-success-vocabulary-grade-5	groan	groan			Homophones | explicit lexical targets	8	registry:scholastic-success-vocabulary-grade-5		Explicit printed word-bank, list, chart or label form only; lemma, sense and IELTS relevance require editorial review.	lexical_candidate	candidate_only	pdf	pdf:explicit-lexical-targets;pdf_page=8;section=explicit_homophone_pairs
Scholastic Success with Vocabulary, Grade 5	scholastic-success-vocabulary-grade-5	grown	grown			Homophones | explicit lexical targets	8	registry:scholastic-success-vocabulary-grade-5		Explicit printed word-bank, list, chart or label form only; lemma, sense and IELTS relevance require editorial review.	lexical_candidate	candidate_only	pdf	pdf:explicit-lexical-targets;pdf_page=8;section=explicit_homophone_pairs
Scholastic Success with Vocabulary, Grade 5	scholastic-success-vocabulary-grade-5	capital	capital			Homophones | explicit lexical targets	8	registry:scholastic-success-vocabulary-grade-5		Explicit printed word-bank, list, chart or label form only; lemma, sense and IELTS relevance require editorial review.	lexical_candidate	candidate_only	pdf	pdf:explicit-lexical-targets;pdf_page=8;section=explicit_homophone_pairs
Scholastic Success with Vocabulary, Grade 5	scholastic-success-vocabulary-grade-5	capitol	capitol			Homophones | explicit lexical targets	8	registry:scholastic-success-vocabulary-grade-5		Explicit printed word-bank, list, chart or label form only; lemma, sense and IELTS relevance require editorial review.	lexical_candidate	candidate_only	pdf	pdf:explicit-lexical-targets;pdf_page=8;section=explicit_homophone_pairs
Scholastic Success with Vocabulary, Grade 5	scholastic-success-vocabulary-grade-5	minute	minute			Homographs | explicit lexical targets	12	registry:scholastic-success-vocabulary-grade-5		Explicit printed word-bank, list, chart or label form only; lemma, sense and IELTS relevance require editorial review.	lexical_candidate	candidate_only	pdf	pdf:explicit-lexical-targets;pdf_page=12;section=explicit_accent_targets
Scholastic Success with Vocabulary, Grade 5	scholastic-success-vocabulary-grade-5	object	object			Homographs | explicit lexical targets	12	registry:scholastic-success-vocabulary-grade-5		Explicit printed word-bank, list, chart or label form only; lemma, sense and IELTS relevance require editorial review.	lexical_candidate	candidate_only	pdf	pdf:explicit-lexical-targets;pdf_page=12;section=explicit_accent_targets
Scholastic Success with Vocabulary, Grade 5	scholastic-success-vocabulary-grade-5	present	present			Homographs | explicit lexical targets	12	registry:scholastic-success-vocabulary-grade-5		Explicit printed word-bank, list, chart or label form only; lemma, sense and IELTS relevance require editorial review.	lexical_candidate	candidate_only	pdf	pdf:explicit-lexical-targets;pdf_page=12;section=explicit_accent_targets
Scholastic Success with Vocabulary, Grade 5	scholastic-success-vocabulary-grade-5	project	project			Homographs | explicit lexical targets	12	registry:scholastic-success-vocabulary-grade-5		Explicit printed word-bank, list, chart or label form only; lemma, sense and IELTS relevance require editorial review.	lexical_candidate	candidate_only	pdf	pdf:explicit-lexical-targets;pdf_page=12;section=explicit_accent_targets
Scholastic Success with Vocabulary, Grade 5	scholastic-success-vocabulary-grade-5	desert	desert			Homographs | explicit lexical targets	12	registry:scholastic-success-vocabulary-grade-5		Explicit printed word-bank, list, chart or label form only; lemma, sense and IELTS relevance require editorial review.	lexical_candidate	candidate_only	pdf	pdf:explicit-lexical-targets;pdf_page=12;section=explicit_accent_targets
Scholastic Success with Vocabulary, Grade 5	scholastic-success-vocabulary-grade-5	record	record			Homographs | explicit lexical targets	12	registry:scholastic-success-vocabulary-grade-5		Explicit printed word-bank, list, chart or label form only; lemma, sense and IELTS relevance require editorial review.	lexical_candidate	candidate_only	pdf	pdf:explicit-lexical-targets;pdf_page=12;section=explicit_accent_targets
Scholastic Success with Vocabulary, Grade 5	scholastic-success-vocabulary-grade-5	contract	contract			Homographs | explicit lexical targets	12	registry:scholastic-success-vocabulary-grade-5		Explicit printed word-bank, list, chart or label form only; lemma, sense and IELTS relevance require editorial review.	lexical_candidate	candidate_only	pdf	pdf:explicit-lexical-targets;pdf_page=12;section=explicit_accent_targets
Scholastic Success with Vocabulary, Grade 5	scholastic-success-vocabulary-grade-5	subject	subject			Homographs | explicit lexical targets	12	registry:scholastic-success-vocabulary-grade-5		Explicit printed word-bank, list, chart or label form only; lemma, sense and IELTS relevance require editorial review.	lexical_candidate	candidate_only	pdf	pdf:explicit-lexical-targets;pdf_page=12;section=explicit_accent_targets
Scholastic Success with Vocabulary, Grade 5	scholastic-success-vocabulary-grade-5	conduct	conduct			Homographs | explicit lexical targets	12	registry:scholastic-success-vocabulary-grade-5		Explicit printed word-bank, list, chart or label form only; lemma, sense and IELTS relevance require editorial review.	lexical_candidate	candidate_only	pdf	pdf:explicit-lexical-targets;pdf_page=12;section=explicit_accent_targets
Scholastic Success with Vocabulary, Grade 5	scholastic-success-vocabulary-grade-5	produce	produce			Homographs | explicit lexical targets	12	registry:scholastic-success-vocabulary-grade-5		Explicit printed word-bank, list, chart or label form only; lemma, sense and IELTS relevance require editorial review.	lexical_candidate	candidate_only	pdf	pdf:explicit-lexical-targets;pdf_page=12;section=explicit_accent_targets
Scholastic Success with Vocabulary, Grade 5	scholastic-success-vocabulary-grade-5	content	content			Homographs | explicit lexical targets	12	registry:scholastic-success-vocabulary-grade-5		Explicit printed word-bank, list, chart or label form only; lemma, sense and IELTS relevance require editorial review.	lexical_candidate	candidate_only	pdf	pdf:explicit-lexical-targets;pdf_page=12;section=explicit_accent_targets
Scholastic Success with Vocabulary, Grade 5	scholastic-success-vocabulary-grade-5	extract	extract			Synonyms | explicit lexical targets	24	registry:scholastic-success-vocabulary-grade-5		Explicit printed word-bank, list, chart or label form only; lemma, sense and IELTS relevance require editorial review.	lexical_candidate	candidate_only	pdf	pdf:explicit-lexical-targets;pdf_page=24;section=explicit_multiple_choice_targets
Scholastic Success with Vocabulary, Grade 5	scholastic-success-vocabulary-grade-5	fill	fill			Synonyms | explicit lexical targets	24	registry:scholastic-success-vocabulary-grade-5		Explicit printed word-bank, list, chart or label form only; lemma, sense and IELTS relevance require editorial review.	lexical_candidate	candidate_only	pdf	pdf:explicit-lexical-targets;pdf_page=24;section=explicit_multiple_choice_targets
Scholastic Success with Vocabulary, Grade 5	scholastic-success-vocabulary-grade-5	replace	replace			Synonyms | explicit lexical targets	24	registry:scholastic-success-vocabulary-grade-5		Explicit printed word-bank, list, chart or label form only; lemma, sense and IELTS relevance require editorial review.	lexical_candidate	candidate_only	pdf	pdf:explicit-lexical-targets;pdf_page=24;section=explicit_multiple_choice_targets
Scholastic Success with Vocabulary, Grade 5	scholastic-success-vocabulary-grade-5	remove	remove			Synonyms | explicit lexical targets	24	registry:scholastic-success-vocabulary-grade-5		Explicit printed word-bank, list, chart or label form only; lemma, sense and IELTS relevance require editorial review.	lexical_candidate	candidate_only	pdf	pdf:explicit-lexical-targets;pdf_page=24;section=explicit_multiple_choice_targets
Scholastic Success with Vocabulary, Grade 5	scholastic-success-vocabulary-grade-5	clean	clean			Synonyms | explicit lexical targets	24	registry:scholastic-success-vocabulary-grade-5		Explicit printed word-bank, list, chart or label form only; lemma, sense and IELTS relevance require editorial review.	lexical_candidate	candidate_only	pdf	pdf:explicit-lexical-targets;pdf_page=24;section=explicit_multiple_choice_targets
Scholastic Success with Vocabulary, Grade 5	scholastic-success-vocabulary-grade-5	pretentious	pretentious			Synonyms | explicit lexical targets	24	registry:scholastic-success-vocabulary-grade-5		Explicit printed word-bank, list, chart or label form only; lemma, sense and IELTS relevance require editorial review.	lexical_candidate	candidate_only	pdf	pdf:explicit-lexical-targets;pdf_page=24;section=explicit_multiple_choice_targets
Scholastic Success with Vocabulary, Grade 5	scholastic-success-vocabulary-grade-5	private	private			Synonyms | explicit lexical targets	24	registry:scholastic-success-vocabulary-grade-5		Explicit printed word-bank, list, chart or label form only; lemma, sense and IELTS relevance require editorial review.	lexical_candidate	candidate_only	pdf	pdf:explicit-lexical-targets;pdf_page=24;section=explicit_multiple_choice_targets
Scholastic Success with Vocabulary, Grade 5	scholastic-success-vocabulary-grade-5	outstanding	outstanding			Synonyms | explicit lexical targets	24	registry:scholastic-success-vocabulary-grade-5		Explicit printed word-bank, list, chart or label form only; lemma, sense and IELTS relevance require editorial review.	lexical_candidate	candidate_only	pdf	pdf:explicit-lexical-targets;pdf_page=24;section=explicit_multiple_choice_targets
Scholastic Success with Vocabulary, Grade 5	scholastic-success-vocabulary-grade-5	creative	creative			Synonyms | explicit lexical targets	24	registry:scholastic-success-vocabulary-grade-5		Explicit printed word-bank, list, chart or label form only; lemma, sense and IELTS relevance require editorial review.	lexical_candidate	candidate_only	pdf	pdf:explicit-lexical-targets;pdf_page=24;section=explicit_multiple_choice_targets
Scholastic Success with Vocabulary, Grade 5	scholastic-success-vocabulary-grade-5	showy	showy			Synonyms | explicit lexical targets	24	registry:scholastic-success-vocabulary-grade-5		Explicit printed word-bank, list, chart or label form only; lemma, sense and IELTS relevance require editorial review.	lexical_candidate	candidate_only	pdf	pdf:explicit-lexical-targets;pdf_page=24;section=explicit_multiple_choice_targets
Scholastic Success with Vocabulary, Grade 5	scholastic-success-vocabulary-grade-5	sullen	sullen			Synonyms | explicit lexical targets	24	registry:scholastic-success-vocabulary-grade-5		Explicit printed word-bank, list, chart or label form only; lemma, sense and IELTS relevance require editorial review.	lexical_candidate	candidate_only	pdf	pdf:explicit-lexical-targets;pdf_page=24;section=explicit_multiple_choice_targets
Scholastic Success with Vocabulary, Grade 5	scholastic-success-vocabulary-grade-5	gloomy	gloomy			Synonyms | explicit lexical targets	24	registry:scholastic-success-vocabulary-grade-5		Explicit printed word-bank, list, chart or label form only; lemma, sense and IELTS relevance require editorial review.	lexical_candidate	candidate_only	pdf	pdf:explicit-lexical-targets;pdf_page=24;section=explicit_multiple_choice_targets
Scholastic Success with Vocabulary, Grade 5	scholastic-success-vocabulary-grade-5	sleepy	sleepy			Synonyms | explicit lexical targets	24	registry:scholastic-success-vocabulary-grade-5		Explicit printed word-bank, list, chart or label form only; lemma, sense and IELTS relevance require editorial review.	lexical_candidate	candidate_only	pdf	pdf:explicit-lexical-targets;pdf_page=24;section=explicit_multiple_choice_targets
Scholastic Success with Vocabulary, Grade 5	scholastic-success-vocabulary-grade-5	rude	rude			Synonyms | explicit lexical targets	24	registry:scholastic-success-vocabulary-grade-5		Explicit printed word-bank, list, chart or label form only; lemma, sense and IELTS relevance require editorial review.	lexical_candidate	candidate_only	pdf	pdf:explicit-lexical-targets;pdf_page=24;section=explicit_multiple_choice_targets
Scholastic Success with Vocabulary, Grade 5	scholastic-success-vocabulary-grade-5	tired	tired			Synonyms | explicit lexical targets	24	registry:scholastic-success-vocabulary-grade-5		Explicit printed word-bank, list, chart or label form only; lemma, sense and IELTS relevance require editorial review.	lexical_candidate	candidate_only	pdf	pdf:explicit-lexical-targets;pdf_page=24;section=explicit_multiple_choice_targets
Scholastic Success with Vocabulary, Grade 5	scholastic-success-vocabulary-grade-5	tranquil	tranquil			Synonyms | explicit lexical targets	24	registry:scholastic-success-vocabulary-grade-5		Explicit printed word-bank, list, chart or label form only; lemma, sense and IELTS relevance require editorial review.	lexical_candidate	candidate_only	pdf	pdf:explicit-lexical-targets;pdf_page=24;section=explicit_multiple_choice_targets
Scholastic Success with Vocabulary, Grade 5	scholastic-success-vocabulary-grade-5	peaceful	peaceful			Synonyms | explicit lexical targets	24	registry:scholastic-success-vocabulary-grade-5		Explicit printed word-bank, list, chart or label form only; lemma, sense and IELTS relevance require editorial review.	lexical_candidate	candidate_only	pdf	pdf:explicit-lexical-targets;pdf_page=24;section=explicit_multiple_choice_targets
Scholastic Success with Vocabulary, Grade 5	scholastic-success-vocabulary-grade-5	exciting	exciting			Synonyms | explicit lexical targets	24	registry:scholastic-success-vocabulary-grade-5		Explicit printed word-bank, list, chart or label form only; lemma, sense and IELTS relevance require editorial review.	lexical_candidate	candidate_only	pdf	pdf:explicit-lexical-targets;pdf_page=24;section=explicit_multiple_choice_targets
Scholastic Success with Vocabulary, Grade 5	scholastic-success-vocabulary-grade-5	boring	boring			Synonyms | explicit lexical targets	24	registry:scholastic-success-vocabulary-grade-5		Explicit printed word-bank, list, chart or label form only; lemma, sense and IELTS relevance require editorial review.	lexical_candidate	candidate_only	pdf	pdf:explicit-lexical-targets;pdf_page=24;section=explicit_multiple_choice_targets
Scholastic Success with Vocabulary, Grade 5	scholastic-success-vocabulary-grade-5	dangerous	dangerous			Synonyms | explicit lexical targets	24	registry:scholastic-success-vocabulary-grade-5		Explicit printed word-bank, list, chart or label form only; lemma, sense and IELTS relevance require editorial review.	lexical_candidate	candidate_only	pdf	pdf:explicit-lexical-targets;pdf_page=24;section=explicit_multiple_choice_targets
Scholastic Success with Vocabulary, Grade 5	scholastic-success-vocabulary-grade-5	horrific	horrific			Synonyms | explicit lexical targets	24	registry:scholastic-success-vocabulary-grade-5		Explicit printed word-bank, list, chart or label form only; lemma, sense and IELTS relevance require editorial review.	lexical_candidate	candidate_only	pdf	pdf:explicit-lexical-targets;pdf_page=24;section=explicit_multiple_choice_targets
Scholastic Success with Vocabulary, Grade 5	scholastic-success-vocabulary-grade-5	humorous	humorous			Synonyms | explicit lexical targets	24	registry:scholastic-success-vocabulary-grade-5		Explicit printed word-bank, list, chart or label form only; lemma, sense and IELTS relevance require editorial review.	lexical_candidate	candidate_only	pdf	pdf:explicit-lexical-targets;pdf_page=24;section=explicit_multiple_choice_targets
Scholastic Success with Vocabulary, Grade 5	scholastic-success-vocabulary-grade-5	official	official			Synonyms | explicit lexical targets	24	registry:scholastic-success-vocabulary-grade-5		Explicit printed word-bank, list, chart or label form only; lemma, sense and IELTS relevance require editorial review.	lexical_candidate	candidate_only	pdf	pdf:explicit-lexical-targets;pdf_page=24;section=explicit_multiple_choice_targets
Scholastic Success with Vocabulary, Grade 5	scholastic-success-vocabulary-grade-5	terrible	terrible			Synonyms | explicit lexical targets	24	registry:scholastic-success-vocabulary-grade-5		Explicit printed word-bank, list, chart or label form only; lemma, sense and IELTS relevance require editorial review.	lexical_candidate	candidate_only	pdf	pdf:explicit-lexical-targets;pdf_page=24;section=explicit_multiple_choice_targets
Scholastic Success with Vocabulary, Grade 5	scholastic-success-vocabulary-grade-5	honorable	honorable			Synonyms | explicit lexical targets	24	registry:scholastic-success-vocabulary-grade-5		Explicit printed word-bank, list, chart or label form only; lemma, sense and IELTS relevance require editorial review.	lexical_candidate	candidate_only	pdf	pdf:explicit-lexical-targets;pdf_page=24;section=explicit_multiple_choice_targets
Scholastic Success with Vocabulary, Grade 5	scholastic-success-vocabulary-grade-5	empty	empty			Synonyms | explicit lexical targets	24	registry:scholastic-success-vocabulary-grade-5		Explicit printed word-bank, list, chart or label form only; lemma, sense and IELTS relevance require editorial review.	lexical_candidate	candidate_only	pdf	pdf:explicit-lexical-targets;pdf_page=24;section=explicit_multiple_choice_targets
Scholastic Success with Vocabulary, Grade 5	scholastic-success-vocabulary-grade-5	garbage can	garbage can			Synonyms | explicit lexical targets	24	registry:scholastic-success-vocabulary-grade-5		Explicit printed word-bank, list, chart or label form only; lemma, sense and IELTS relevance require editorial review.	lexical_candidate	candidate_only	pdf	pdf:explicit-lexical-targets;pdf_page=24;section=explicit_multiple_choice_targets
Scholastic Success with Vocabulary, Grade 5	scholastic-success-vocabulary-grade-5	notebook	notebook			Synonyms | explicit lexical targets	24	registry:scholastic-success-vocabulary-grade-5		Explicit printed word-bank, list, chart or label form only; lemma, sense and IELTS relevance require editorial review.	lexical_candidate	candidate_only	pdf	pdf:explicit-lexical-targets;pdf_page=24;section=explicit_multiple_choice_targets
Scholastic Success with Vocabulary, Grade 5	scholastic-success-vocabulary-grade-5	classroom	classroom			Synonyms | explicit lexical targets	24	registry:scholastic-success-vocabulary-grade-5		Explicit printed word-bank, list, chart or label form only; lemma, sense and IELTS relevance require editorial review.	lexical_candidate	candidate_only	pdf	pdf:explicit-lexical-targets;pdf_page=24;section=explicit_multiple_choice_targets
Scholastic Success with Vocabulary, Grade 5	scholastic-success-vocabulary-grade-5	ship	ship			Synonyms | explicit lexical targets	24	registry:scholastic-success-vocabulary-grade-5		Explicit printed word-bank, list, chart or label form only; lemma, sense and IELTS relevance require editorial review.	lexical_candidate	candidate_only	pdf	pdf:explicit-lexical-targets;pdf_page=24;section=explicit_multiple_choice_targets
Scholastic Success with Vocabulary, Grade 5	scholastic-success-vocabulary-grade-5	perilous	perilous			Synonyms | explicit lexical targets	24	registry:scholastic-success-vocabulary-grade-5		Explicit printed word-bank, list, chart or label form only; lemma, sense and IELTS relevance require editorial review.	lexical_candidate	candidate_only	pdf	pdf:explicit-lexical-targets;pdf_page=24;section=explicit_multiple_choice_targets
Scholastic Success with Vocabulary, Grade 5	scholastic-success-vocabulary-grade-5	transcontinental	transcontinental			Synonyms | explicit lexical targets	24	registry:scholastic-success-vocabulary-grade-5		Explicit printed word-bank, list, chart or label form only; lemma, sense and IELTS relevance require editorial review.	lexical_candidate	candidate_only	pdf	pdf:explicit-lexical-targets;pdf_page=24;section=explicit_multiple_choice_targets
Scholastic Success with Vocabulary, Grade 5	scholastic-success-vocabulary-grade-5	very brief	very brief			Synonyms | explicit lexical targets	24	registry:scholastic-success-vocabulary-grade-5		Explicit printed word-bank, list, chart or label form only; lemma, sense and IELTS relevance require editorial review.	lexical_candidate	candidate_only	pdf	pdf:explicit-lexical-targets;pdf_page=24;section=explicit_multiple_choice_targets
Scholastic Success with Vocabulary, Grade 5	scholastic-success-vocabulary-grade-5	extended	extended			Synonyms | explicit lexical targets	24	registry:scholastic-success-vocabulary-grade-5		Explicit printed word-bank, list, chart or label form only; lemma, sense and IELTS relevance require editorial review.	lexical_candidate	candidate_only	pdf	pdf:explicit-lexical-targets;pdf_page=24;section=explicit_multiple_choice_targets
Scholastic Success with Vocabulary, Grade 5	scholastic-success-vocabulary-grade-5	savory	savory			Synonyms | explicit lexical targets	24	registry:scholastic-success-vocabulary-grade-5		Explicit printed word-bank, list, chart or label form only; lemma, sense and IELTS relevance require editorial review.	lexical_candidate	candidate_only	pdf	pdf:explicit-lexical-targets;pdf_page=24;section=explicit_multiple_choice_targets
Scholastic Success with Vocabulary, Grade 5	scholastic-success-vocabulary-grade-5	ceramic	ceramic			Synonyms | explicit lexical targets	24	registry:scholastic-success-vocabulary-grade-5		Explicit printed word-bank, list, chart or label form only; lemma, sense and IELTS relevance require editorial review.	lexical_candidate	candidate_only	pdf	pdf:explicit-lexical-targets;pdf_page=24;section=explicit_multiple_choice_targets
Scholastic Success with Vocabulary, Grade 5	scholastic-success-vocabulary-grade-5	tasty	tasty			Synonyms | explicit lexical targets	24	registry:scholastic-success-vocabulary-grade-5		Explicit printed word-bank, list, chart or label form only; lemma, sense and IELTS relevance require editorial review.	lexical_candidate	candidate_only	pdf	pdf:explicit-lexical-targets;pdf_page=24;section=explicit_multiple_choice_targets
Scholastic Success with Vocabulary, Grade 5	scholastic-success-vocabulary-grade-5	Spanish	Spanish			Synonyms | explicit lexical targets	24	registry:scholastic-success-vocabulary-grade-5		Explicit printed word-bank, list, chart or label form only; lemma, sense and IELTS relevance require editorial review.	lexical_candidate	candidate_only	pdf	pdf:explicit-lexical-targets;pdf_page=24;section=explicit_multiple_choice_targets
Scholastic Success with Vocabulary, Grade 5	scholastic-success-vocabulary-grade-5	salty	salty			Synonyms | explicit lexical targets	24	registry:scholastic-success-vocabulary-grade-5		Explicit printed word-bank, list, chart or label form only; lemma, sense and IELTS relevance require editorial review.	lexical_candidate	candidate_only	pdf	pdf:explicit-lexical-targets;pdf_page=24;section=explicit_multiple_choice_targets
Scholastic Success with Vocabulary, Grade 5	scholastic-success-vocabulary-grade-5	dynamic	dynamic			Synonyms | explicit lexical targets	24	registry:scholastic-success-vocabulary-grade-5		Explicit printed word-bank, list, chart or label form only; lemma, sense and IELTS relevance require editorial review.	lexical_candidate	candidate_only	pdf	pdf:explicit-lexical-targets;pdf_page=24;section=explicit_multiple_choice_targets
Scholastic Success with Vocabulary, Grade 5	scholastic-success-vocabulary-grade-5	knowledgeable	knowledgeable			Synonyms | explicit lexical targets	24	registry:scholastic-success-vocabulary-grade-5		Explicit printed word-bank, list, chart or label form only; lemma, sense and IELTS relevance require editorial review.	lexical_candidate	candidate_only	pdf	pdf:explicit-lexical-targets;pdf_page=24;section=explicit_multiple_choice_targets
Scholastic Success with Vocabulary, Grade 5	scholastic-success-vocabulary-grade-5	energetic	energetic			Synonyms | explicit lexical targets	24	registry:scholastic-success-vocabulary-grade-5		Explicit printed word-bank, list, chart or label form only; lemma, sense and IELTS relevance require editorial review.	lexical_candidate	candidate_only	pdf	pdf:explicit-lexical-targets;pdf_page=24;section=explicit_multiple_choice_targets
Scholastic Success with Vocabulary, Grade 5	scholastic-success-vocabulary-grade-5	cordial	cordial			Synonyms | explicit lexical targets	24	registry:scholastic-success-vocabulary-grade-5		Explicit printed word-bank, list, chart or label form only; lemma, sense and IELTS relevance require editorial review.	lexical_candidate	candidate_only	pdf	pdf:explicit-lexical-targets;pdf_page=24;section=explicit_multiple_choice_targets
Scholastic Success with Vocabulary, Grade 5	scholastic-success-vocabulary-grade-5	hasty	hasty			Synonyms | explicit lexical targets	24	registry:scholastic-success-vocabulary-grade-5		Explicit printed word-bank, list, chart or label form only; lemma, sense and IELTS relevance require editorial review.	lexical_candidate	candidate_only	pdf	pdf:explicit-lexical-targets;pdf_page=24;section=explicit_multiple_choice_targets
Scholastic Success with Vocabulary, Grade 5	scholastic-success-vocabulary-grade-5	friendly	friendly			Synonyms | explicit lexical targets	24	registry:scholastic-success-vocabulary-grade-5		Explicit printed word-bank, list, chart or label form only; lemma, sense and IELTS relevance require editorial review.	lexical_candidate	candidate_only	pdf	pdf:explicit-lexical-targets;pdf_page=24;section=explicit_multiple_choice_targets
Scholastic Success with Vocabulary, Grade 5	scholastic-success-vocabulary-grade-5	formal	formal			Synonyms | explicit lexical targets	24	registry:scholastic-success-vocabulary-grade-5		Explicit printed word-bank, list, chart or label form only; lemma, sense and IELTS relevance require editorial review.	lexical_candidate	candidate_only	pdf	pdf:explicit-lexical-targets;pdf_page=24;section=explicit_multiple_choice_targets
Scholastic Success with Vocabulary, Grade 5	scholastic-success-vocabulary-grade-5	written	written			Synonyms | explicit lexical targets	24	registry:scholastic-success-vocabulary-grade-5		Explicit printed word-bank, list, chart or label form only; lemma, sense and IELTS relevance require editorial review.	lexical_candidate	candidate_only	pdf	pdf:explicit-lexical-targets;pdf_page=24;section=explicit_multiple_choice_targets
Scholastic Success with Vocabulary, Grade 5	scholastic-success-vocabulary-grade-5	valiant	valiant			Synonyms | explicit lexical targets	24	registry:scholastic-success-vocabulary-grade-5		Explicit printed word-bank, list, chart or label form only; lemma, sense and IELTS relevance require editorial review.	lexical_candidate	candidate_only	pdf	pdf:explicit-lexical-targets;pdf_page=24;section=explicit_multiple_choice_targets
Scholastic Success with Vocabulary, Grade 5	scholastic-success-vocabulary-grade-5	complicated	complicated			Synonyms | explicit lexical targets	24	registry:scholastic-success-vocabulary-grade-5		Explicit printed word-bank, list, chart or label form only; lemma, sense and IELTS relevance require editorial review.	lexical_candidate	candidate_only	pdf	pdf:explicit-lexical-targets;pdf_page=24;section=explicit_multiple_choice_targets
Scholastic Success with Vocabulary, Grade 5	scholastic-success-vocabulary-grade-5	careless	careless			Synonyms | explicit lexical targets	24	registry:scholastic-success-vocabulary-grade-5		Explicit printed word-bank, list, chart or label form only; lemma, sense and IELTS relevance require editorial review.	lexical_candidate	candidate_only	pdf	pdf:explicit-lexical-targets;pdf_page=24;section=explicit_multiple_choice_targets
Scholastic Success with Vocabulary, Grade 5	scholastic-success-vocabulary-grade-5	cowardly	cowardly			Synonyms | explicit lexical targets	24	registry:scholastic-success-vocabulary-grade-5		Explicit printed word-bank, list, chart or label form only; lemma, sense and IELTS relevance require editorial review.	lexical_candidate	candidate_only	pdf	pdf:explicit-lexical-targets;pdf_page=24;section=explicit_multiple_choice_targets
Scholastic Success with Vocabulary, Grade 5	scholastic-success-vocabulary-grade-5	courageous	courageous			Synonyms | explicit lexical targets	24	registry:scholastic-success-vocabulary-grade-5		Explicit printed word-bank, list, chart or label form only; lemma, sense and IELTS relevance require editorial review.	lexical_candidate	candidate_only	pdf	pdf:explicit-lexical-targets;pdf_page=24;section=explicit_multiple_choice_targets
Scholastic Success with Vocabulary, Grade 5	scholastic-success-vocabulary-grade-5	tremulous	tremulous			Synonyms | explicit lexical targets	24	registry:scholastic-success-vocabulary-grade-5		Explicit printed word-bank, list, chart or label form only; lemma, sense and IELTS relevance require editorial review.	lexical_candidate	candidate_only	pdf	pdf:explicit-lexical-targets;pdf_page=24;section=explicit_multiple_choice_targets
Scholastic Success with Vocabulary, Grade 5	scholastic-success-vocabulary-grade-5	fearful	fearful			Synonyms | explicit lexical targets	24	registry:scholastic-success-vocabulary-grade-5		Explicit printed word-bank, list, chart or label form only; lemma, sense and IELTS relevance require editorial review.	lexical_candidate	candidate_only	pdf	pdf:explicit-lexical-targets;pdf_page=24;section=explicit_multiple_choice_targets
Scholastic Success with Vocabulary, Grade 5	scholastic-success-vocabulary-grade-5	sad	sad			Synonyms | explicit lexical targets	24	registry:scholastic-success-vocabulary-grade-5		Explicit printed word-bank, list, chart or label form only; lemma, sense and IELTS relevance require editorial review.	lexical_candidate	candidate_only	pdf	pdf:explicit-lexical-targets;pdf_page=24;section=explicit_multiple_choice_targets
Scholastic Success with Vocabulary, Grade 5	scholastic-success-vocabulary-grade-5	eager	eager			Synonyms | explicit lexical targets	24	registry:scholastic-success-vocabulary-grade-5		Explicit printed word-bank, list, chart or label form only; lemma, sense and IELTS relevance require editorial review.	lexical_candidate	candidate_only	pdf	pdf:explicit-lexical-targets;pdf_page=24;section=explicit_multiple_choice_targets
Scholastic Success with Vocabulary, Grade 5	scholastic-success-vocabulary-grade-5	discouraged	discouraged			Synonyms | explicit lexical targets	24	registry:scholastic-success-vocabulary-grade-5		Explicit printed word-bank, list, chart or label form only; lemma, sense and IELTS relevance require editorial review.	lexical_candidate	candidate_only	pdf	pdf:explicit-lexical-targets;pdf_page=24;section=explicit_multiple_choice_targets
Scholastic Success with Vocabulary, Grade 5	scholastic-success-vocabulary-grade-5	flu	flu			Homophones | explicit lexical targets	26	registry:scholastic-success-vocabulary-grade-5		Explicit printed word-bank, list, chart or label form only; lemma, sense and IELTS relevance require editorial review.	lexical_candidate	candidate_only	pdf	pdf:explicit-lexical-targets;pdf_page=26;section=explicit_homophone_box
Scholastic Success with Vocabulary, Grade 5	scholastic-success-vocabulary-grade-5	flew	flew			Homophones | explicit lexical targets	26	registry:scholastic-success-vocabulary-grade-5		Explicit printed word-bank, list, chart or label form only; lemma, sense and IELTS relevance require editorial review.	lexical_candidate	candidate_only	pdf	pdf:explicit-lexical-targets;pdf_page=26;section=explicit_homophone_box
Scholastic Success with Vocabulary, Grade 5	scholastic-success-vocabulary-grade-5	sighed	sighed			Homophones | explicit lexical targets	26	registry:scholastic-success-vocabulary-grade-5		Explicit printed word-bank, list, chart or label form only; lemma, sense and IELTS relevance require editorial review.	lexical_candidate	candidate_only	pdf	pdf:explicit-lexical-targets;pdf_page=26;section=explicit_homophone_box
Scholastic Success with Vocabulary, Grade 5	scholastic-success-vocabulary-grade-5	side	side			Homophones | explicit lexical targets	26	registry:scholastic-success-vocabulary-grade-5		Explicit printed word-bank, list, chart or label form only; lemma, sense and IELTS relevance require editorial review.	lexical_candidate	candidate_only	pdf	pdf:explicit-lexical-targets;pdf_page=26;section=explicit_homophone_box
Scholastic Success with Vocabulary, Grade 5	scholastic-success-vocabulary-grade-5	beech	beech			Homophones | explicit lexical targets	26	registry:scholastic-success-vocabulary-grade-5		Explicit printed word-bank, list, chart or label form only; lemma, sense and IELTS relevance require editorial review.	lexical_candidate	candidate_only	pdf	pdf:explicit-lexical-targets;pdf_page=26;section=explicit_homophone_box
Scholastic Success with Vocabulary, Grade 5	scholastic-success-vocabulary-grade-5	beach	beach			Homophones | explicit lexical targets	26	registry:scholastic-success-vocabulary-grade-5		Explicit printed word-bank, list, chart or label form only; lemma, sense and IELTS relevance require editorial review.	lexical_candidate	candidate_only	pdf	pdf:explicit-lexical-targets;pdf_page=26;section=explicit_homophone_box
Scholastic Success with Vocabulary, Grade 5	scholastic-success-vocabulary-grade-5	heard	heard			Homophones | explicit lexical targets	26	registry:scholastic-success-vocabulary-grade-5		Explicit printed word-bank, list, chart or label form only; lemma, sense and IELTS relevance require editorial review.	lexical_candidate	candidate_only	pdf	pdf:explicit-lexical-targets;pdf_page=26;section=explicit_homophone_box
Scholastic Success with Vocabulary, Grade 5	scholastic-success-vocabulary-grade-5	herd	herd			Homophones | explicit lexical targets	26	registry:scholastic-success-vocabulary-grade-5		Explicit printed word-bank, list, chart or label form only; lemma, sense and IELTS relevance require editorial review.	lexical_candidate	candidate_only	pdf	pdf:explicit-lexical-targets;pdf_page=26;section=explicit_homophone_box
Scholastic Success with Vocabulary, Grade 5	scholastic-success-vocabulary-grade-5	close	close			Homophones | explicit lexical targets	26	registry:scholastic-success-vocabulary-grade-5		Explicit printed word-bank, list, chart or label form only; lemma, sense and IELTS relevance require editorial review.	lexical_candidate	candidate_only	pdf	pdf:explicit-lexical-targets;pdf_page=26;section=explicit_homophone_box
Scholastic Success with Vocabulary, Grade 5	scholastic-success-vocabulary-grade-5	clothes	clothes			Homophones | explicit lexical targets	26	registry:scholastic-success-vocabulary-grade-5		Explicit printed word-bank, list, chart or label form only; lemma, sense and IELTS relevance require editorial review.	lexical_candidate	candidate_only	pdf	pdf:explicit-lexical-targets;pdf_page=26;section=explicit_homophone_box
Scholastic Success with Vocabulary, Grade 5	scholastic-success-vocabulary-grade-5	boarder	boarder			Homophones | explicit lexical targets	26	registry:scholastic-success-vocabulary-grade-5		Explicit printed word-bank, list, chart or label form only; lemma, sense and IELTS relevance require editorial review.	lexical_candidate	candidate_only	pdf	pdf:explicit-lexical-targets;pdf_page=26;section=explicit_homophone_box
Scholastic Success with Vocabulary, Grade 5	scholastic-success-vocabulary-grade-5	border	border			Homophones | explicit lexical targets	26	registry:scholastic-success-vocabulary-grade-5		Explicit printed word-bank, list, chart or label form only; lemma, sense and IELTS relevance require editorial review.	lexical_candidate	candidate_only	pdf	pdf:explicit-lexical-targets;pdf_page=26;section=explicit_homophone_box
Scholastic Success with Vocabulary, Grade 5	scholastic-success-vocabulary-grade-5	mown	mown			Homophones | explicit lexical targets	26	registry:scholastic-success-vocabulary-grade-5		Explicit printed word-bank, list, chart or label form only; lemma, sense and IELTS relevance require editorial review.	lexical_candidate	candidate_only	pdf	pdf:explicit-lexical-targets;pdf_page=26;section=explicit_homophone_box
Scholastic Success with Vocabulary, Grade 5	scholastic-success-vocabulary-grade-5	moan	moan			Homophones | explicit lexical targets	26	registry:scholastic-success-vocabulary-grade-5		Explicit printed word-bank, list, chart or label form only; lemma, sense and IELTS relevance require editorial review.	lexical_candidate	candidate_only	pdf	pdf:explicit-lexical-targets;pdf_page=26;section=explicit_homophone_box
Scholastic Success with Vocabulary, Grade 5	scholastic-success-vocabulary-grade-5	waste	waste			Homophones | explicit lexical targets	26	registry:scholastic-success-vocabulary-grade-5		Explicit printed word-bank, list, chart or label form only; lemma, sense and IELTS relevance require editorial review.	lexical_candidate	candidate_only	pdf	pdf:explicit-lexical-targets;pdf_page=26;section=explicit_homophone_box
Scholastic Success with Vocabulary, Grade 5	scholastic-success-vocabulary-grade-5	waist	waist			Homophones | explicit lexical targets	26	registry:scholastic-success-vocabulary-grade-5		Explicit printed word-bank, list, chart or label form only; lemma, sense and IELTS relevance require editorial review.	lexical_candidate	candidate_only	pdf	pdf:explicit-lexical-targets;pdf_page=26;section=explicit_homophone_box
Scholastic Success with Vocabulary, Grade 5	scholastic-success-vocabulary-grade-5	morning	morning			Homophones | explicit lexical targets	26	registry:scholastic-success-vocabulary-grade-5		Explicit printed word-bank, list, chart or label form only; lemma, sense and IELTS relevance require editorial review.	lexical_candidate	candidate_only	pdf	pdf:explicit-lexical-targets;pdf_page=26;section=explicit_homophone_box
Scholastic Success with Vocabulary, Grade 5	scholastic-success-vocabulary-grade-5	mourning	mourning			Homophones | explicit lexical targets	26	registry:scholastic-success-vocabulary-grade-5		Explicit printed word-bank, list, chart or label form only; lemma, sense and IELTS relevance require editorial review.	lexical_candidate	candidate_only	pdf	pdf:explicit-lexical-targets;pdf_page=26;section=explicit_homophone_box
Scholastic Success with Vocabulary, Grade 5	scholastic-success-vocabulary-grade-5	geology	geology			Analogies | explicit lexical targets	28	registry:scholastic-success-vocabulary-grade-5		Explicit printed word-bank, list, chart or label form only; lemma, sense and IELTS relevance require editorial review.	lexical_candidate	candidate_only	pdf	pdf:explicit-lexical-targets;pdf_page=28;section=explicit_word_box
Scholastic Success with Vocabulary, Grade 5	scholastic-success-vocabulary-grade-5	zoology	zoology			Analogies | explicit lexical targets	28	registry:scholastic-success-vocabulary-grade-5		Explicit printed word-bank, list, chart or label form only; lemma, sense and IELTS relevance require editorial review.	lexical_candidate	candidate_only	pdf	pdf:explicit-lexical-targets;pdf_page=28;section=explicit_word_box
Scholastic Success with Vocabulary, Grade 5	scholastic-success-vocabulary-grade-5	octagon	octagon			Analogies | explicit lexical targets	28	registry:scholastic-success-vocabulary-grade-5		Explicit printed word-bank, list, chart or label form only; lemma, sense and IELTS relevance require editorial review.	lexical_candidate	candidate_only	pdf	pdf:explicit-lexical-targets;pdf_page=28;section=explicit_word_box
Scholastic Success with Vocabulary, Grade 5	scholastic-success-vocabulary-grade-5	bridal	bridal			Analogies | explicit lexical targets	28	registry:scholastic-success-vocabulary-grade-5		Explicit printed word-bank, list, chart or label form only; lemma, sense and IELTS relevance require editorial review.	lexical_candidate	candidate_only	pdf	pdf:explicit-lexical-targets;pdf_page=28;section=explicit_word_box
Scholastic Success with Vocabulary, Grade 5	scholastic-success-vocabulary-grade-5	gray	gray			Analogies | explicit lexical targets	28	registry:scholastic-success-vocabulary-grade-5		Explicit printed word-bank, list, chart or label form only; lemma, sense and IELTS relevance require editorial review.	lexical_candidate	candidate_only	pdf	pdf:explicit-lexical-targets;pdf_page=28;section=explicit_word_box
Scholastic Success with Vocabulary, Grade 5	scholastic-success-vocabulary-grade-5	strum	strum			Analogies | explicit lexical targets	28	registry:scholastic-success-vocabulary-grade-5		Explicit printed word-bank, list, chart or label form only; lemma, sense and IELTS relevance require editorial review.	lexical_candidate	candidate_only	pdf	pdf:explicit-lexical-targets;pdf_page=28;section=explicit_word_box
Scholastic Success with Vocabulary, Grade 5	scholastic-success-vocabulary-grade-5	hurricane	hurricane			Analogies | explicit lexical targets	28	registry:scholastic-success-vocabulary-grade-5		Explicit printed word-bank, list, chart or label form only; lemma, sense and IELTS relevance require editorial review.	lexical_candidate	candidate_only	pdf	pdf:explicit-lexical-targets;pdf_page=28;section=explicit_word_box
Scholastic Success with Vocabulary, Grade 5	scholastic-success-vocabulary-grade-5	google	google			Analogies | explicit lexical targets	28	registry:scholastic-success-vocabulary-grade-5		Explicit printed word-bank, list, chart or label form only; lemma, sense and IELTS relevance require editorial review.	lexical_candidate	candidate_only	pdf	pdf:explicit-lexical-targets;pdf_page=28;section=explicit_word_box
Scholastic Success with Vocabulary, Grade 5	scholastic-success-vocabulary-grade-5	mouse	mouse			Analogies | explicit lexical targets	28	registry:scholastic-success-vocabulary-grade-5		Explicit printed word-bank, list, chart or label form only; lemma, sense and IELTS relevance require editorial review.	lexical_candidate	candidate_only	pdf	pdf:explicit-lexical-targets;pdf_page=28;section=explicit_word_box
Scholastic Success with Vocabulary, Grade 5	scholastic-success-vocabulary-grade-5	stout	stout			Analogies | explicit lexical targets	28	registry:scholastic-success-vocabulary-grade-5		Explicit printed word-bank, list, chart or label form only; lemma, sense and IELTS relevance require editorial review.	lexical_candidate	candidate_only	pdf	pdf:explicit-lexical-targets;pdf_page=28;section=explicit_word_box
Scholastic Success with Vocabulary, Grade 5	scholastic-success-vocabulary-grade-5	taut	taut			Analogies | explicit lexical targets	28	registry:scholastic-success-vocabulary-grade-5		Explicit printed word-bank, list, chart or label form only; lemma, sense and IELTS relevance require editorial review.	lexical_candidate	candidate_only	pdf	pdf:explicit-lexical-targets;pdf_page=28;section=explicit_word_box
Scholastic Success with Vocabulary, Grade 5	scholastic-success-vocabulary-grade-5	arid	arid			Analogies | explicit lexical targets	28	registry:scholastic-success-vocabulary-grade-5		Explicit printed word-bank, list, chart or label form only; lemma, sense and IELTS relevance require editorial review.	lexical_candidate	candidate_only	pdf	pdf:explicit-lexical-targets;pdf_page=28;section=explicit_word_box
Scholastic Success with Vocabulary, Grade 5	scholastic-success-vocabulary-grade-5	source	source			Analogies | explicit lexical targets	28	registry:scholastic-success-vocabulary-grade-5		Explicit printed word-bank, list, chart or label form only; lemma, sense and IELTS relevance require editorial review.	lexical_candidate	candidate_only	pdf	pdf:explicit-lexical-targets;pdf_page=28;section=explicit_word_box
Scholastic Success with Vocabulary, Grade 5	scholastic-success-vocabulary-grade-5	pentagon	pentagon			Analogies | explicit lexical targets	28	registry:scholastic-success-vocabulary-grade-5		Explicit printed word-bank, list, chart or label form only; lemma, sense and IELTS relevance require editorial review.	lexical_candidate	candidate_only	pdf	pdf:explicit-lexical-targets;pdf_page=28;section=explicit_word_box
Scholastic Success with Vocabulary, Grade 5	scholastic-success-vocabulary-grade-5	Madrid	Madrid			Analogies | explicit lexical targets	28	registry:scholastic-success-vocabulary-grade-5		Explicit printed word-bank, list, chart or label form only; lemma, sense and IELTS relevance require editorial review.	lexical_candidate	candidate_only	pdf	pdf:explicit-lexical-targets;pdf_page=28;section=explicit_word_box
Scholastic Success with Vocabulary, Grade 5	scholastic-success-vocabulary-grade-5	gaggle	gaggle			Analogies | explicit lexical targets	28	registry:scholastic-success-vocabulary-grade-5		Explicit printed word-bank, list, chart or label form only; lemma, sense and IELTS relevance require editorial review.	lexical_candidate	candidate_only	pdf	pdf:explicit-lexical-targets;pdf_page=28;section=explicit_word_box
Scholastic Success with Vocabulary, Grade 5	scholastic-success-vocabulary-grade-5	research	research			Analogies | explicit lexical targets	28	registry:scholastic-success-vocabulary-grade-5		Explicit printed word-bank, list, chart or label form only; lemma, sense and IELTS relevance require editorial review.	lexical_candidate	candidate_only	pdf	pdf:explicit-lexical-targets;pdf_page=28;section=explicit_word_box
Scholastic Success with Vocabulary, Grade 5	scholastic-success-vocabulary-grade-5	tiny	tiny			Analogies | explicit lexical targets	28	registry:scholastic-success-vocabulary-grade-5		Explicit printed word-bank, list, chart or label form only; lemma, sense and IELTS relevance require editorial review.	lexical_candidate	candidate_only	pdf	pdf:explicit-lexical-targets;pdf_page=28;section=explicit_word_box
Scholastic Success with Vocabulary, Grade 5	scholastic-success-vocabulary-grade-5	atlas	atlas			Analogies | explicit lexical targets	28	registry:scholastic-success-vocabulary-grade-5		Explicit printed word-bank, list, chart or label form only; lemma, sense and IELTS relevance require editorial review.	lexical_candidate	candidate_only	pdf	pdf:explicit-lexical-targets;pdf_page=28;section=explicit_word_box
Scholastic Success with Vocabulary, Grade 5	scholastic-success-vocabulary-grade-5	feline	feline			Analogies | explicit lexical targets	28	registry:scholastic-success-vocabulary-grade-5		Explicit printed word-bank, list, chart or label form only; lemma, sense and IELTS relevance require editorial review.	lexical_candidate	candidate_only	pdf	pdf:explicit-lexical-targets;pdf_page=28;section=explicit_word_box
Scholastic Success with Vocabulary, Grade 5	scholastic-success-vocabulary-grade-5	puny	puny			Context-clue targets | explicit lexical targets	31	registry:scholastic-success-vocabulary-grade-5		Explicit printed word-bank, list, chart or label form only; lemma, sense and IELTS relevance require editorial review.	lexical_candidate	candidate_only	pdf	pdf:explicit-lexical-targets;pdf_page=31;section=explicit_numbered_target_list
Scholastic Success with Vocabulary, Grade 5	scholastic-success-vocabulary-grade-5	malady	malady			Context-clue targets | explicit lexical targets	31	registry:scholastic-success-vocabulary-grade-5		Explicit printed word-bank, list, chart or label form only; lemma, sense and IELTS relevance require editorial review.	lexical_candidate	candidate_only	pdf	pdf:explicit-lexical-targets;pdf_page=31;section=explicit_numbered_target_list
Scholastic Success with Vocabulary, Grade 5	scholastic-success-vocabulary-grade-5	asthma	asthma			Context-clue targets | explicit lexical targets	31	registry:scholastic-success-vocabulary-grade-5		Explicit printed word-bank, list, chart or label form only; lemma, sense and IELTS relevance require editorial review.	lexical_candidate	candidate_only	pdf	pdf:explicit-lexical-targets;pdf_page=31;section=explicit_numbered_target_list
Scholastic Success with Vocabulary, Grade 5	scholastic-success-vocabulary-grade-5	yearned	yearned			Context-clue targets | explicit lexical targets	31	registry:scholastic-success-vocabulary-grade-5		Explicit printed word-bank, list, chart or label form only; lemma, sense and IELTS relevance require editorial review.	lexical_candidate	candidate_only	pdf	pdf:explicit-lexical-targets;pdf_page=31;section=explicit_numbered_target_list
Scholastic Success with Vocabulary, Grade 5	scholastic-success-vocabulary-grade-5	siblings	siblings			Context-clue targets | explicit lexical targets	31	registry:scholastic-success-vocabulary-grade-5		Explicit printed word-bank, list, chart or label form only; lemma, sense and IELTS relevance require editorial review.	lexical_candidate	candidate_only	pdf	pdf:explicit-lexical-targets;pdf_page=31;section=explicit_numbered_target_list
Scholastic Success with Vocabulary, Grade 5	scholastic-success-vocabulary-grade-5	participate	participate			Context-clue targets | explicit lexical targets	31	registry:scholastic-success-vocabulary-grade-5		Explicit printed word-bank, list, chart or label form only; lemma, sense and IELTS relevance require editorial review.	lexical_candidate	candidate_only	pdf	pdf:explicit-lexical-targets;pdf_page=31;section=explicit_numbered_target_list
Scholastic Success with Vocabulary, Grade 5	scholastic-success-vocabulary-grade-5	regimen	regimen			Context-clue targets | explicit lexical targets	31	registry:scholastic-success-vocabulary-grade-5		Explicit printed word-bank, list, chart or label form only; lemma, sense and IELTS relevance require editorial review.	lexical_candidate	candidate_only	pdf	pdf:explicit-lexical-targets;pdf_page=31;section=explicit_numbered_target_list
Scholastic Success with Vocabulary, Grade 5	scholastic-success-vocabulary-grade-5	courage	courage			Context-clue targets | explicit lexical targets	31	registry:scholastic-success-vocabulary-grade-5		Explicit printed word-bank, list, chart or label form only; lemma, sense and IELTS relevance require editorial review.	lexical_candidate	candidate_only	pdf	pdf:explicit-lexical-targets;pdf_page=31;section=explicit_numbered_target_list
Scholastic Success with Vocabulary, Grade 5	scholastic-success-vocabulary-grade-5	patience	patience			Context-clue targets | explicit lexical targets	31	registry:scholastic-success-vocabulary-grade-5		Explicit printed word-bank, list, chart or label form only; lemma, sense and IELTS relevance require editorial review.	lexical_candidate	candidate_only	pdf	pdf:explicit-lexical-targets;pdf_page=31;section=explicit_numbered_target_list
Scholastic Success with Vocabulary, Grade 5	scholastic-success-vocabulary-grade-5	persistence	persistence			Context-clue targets | explicit lexical targets	31	registry:scholastic-success-vocabulary-grade-5		Explicit printed word-bank, list, chart or label form only; lemma, sense and IELTS relevance require editorial review.	lexical_candidate	candidate_only	pdf	pdf:explicit-lexical-targets;pdf_page=31;section=explicit_numbered_target_list
Scholastic Success with Vocabulary, Grade 5	scholastic-success-vocabulary-grade-5	robust	robust			Context-clue targets | explicit lexical targets	31	registry:scholastic-success-vocabulary-grade-5		Explicit printed word-bank, list, chart or label form only; lemma, sense and IELTS relevance require editorial review.	lexical_candidate	candidate_only	pdf	pdf:explicit-lexical-targets;pdf_page=31;section=explicit_numbered_target_list
Scholastic Success with Vocabulary, Grade 5	scholastic-success-vocabulary-grade-5	popular	popular			Context-clue targets | explicit lexical targets	31	registry:scholastic-success-vocabulary-grade-5		Explicit printed word-bank, list, chart or label form only; lemma, sense and IELTS relevance require editorial review.	lexical_candidate	candidate_only	pdf	pdf:explicit-lexical-targets;pdf_page=31;section=explicit_numbered_target_list
Scholastic Success with Vocabulary, Grade 5	scholastic-success-vocabulary-grade-5	collegian	collegian			Context-clue targets | explicit lexical targets	31	registry:scholastic-success-vocabulary-grade-5		Explicit printed word-bank, list, chart or label form only; lemma, sense and IELTS relevance require editorial review.	lexical_candidate	candidate_only	pdf	pdf:explicit-lexical-targets;pdf_page=31;section=explicit_numbered_target_list
Scholastic Success with Vocabulary, Grade 5	scholastic-success-vocabulary-grade-5	field	field			Context-clue targets | explicit lexical targets	31	registry:scholastic-success-vocabulary-grade-5		Explicit printed word-bank, list, chart or label form only; lemma, sense and IELTS relevance require editorial review.	lexical_candidate	candidate_only	pdf	pdf:explicit-lexical-targets;pdf_page=31;section=explicit_numbered_target_list
Scholastic Success with Vocabulary, Grade 5	scholastic-success-vocabulary-grade-5	legislator	legislator			Context-clue targets | explicit lexical targets	31	registry:scholastic-success-vocabulary-grade-5		Explicit printed word-bank, list, chart or label form only; lemma, sense and IELTS relevance require editorial review.	lexical_candidate	candidate_only	pdf	pdf:explicit-lexical-targets;pdf_page=31;section=explicit_numbered_target_list
Scholastic Success with Vocabulary, Grade 5	scholastic-success-vocabulary-grade-5	devastated	devastated			Context-clue targets | explicit lexical targets	31	registry:scholastic-success-vocabulary-grade-5		Explicit printed word-bank, list, chart or label form only; lemma, sense and IELTS relevance require editorial review.	lexical_candidate	candidate_only	pdf	pdf:explicit-lexical-targets;pdf_page=31;section=explicit_numbered_target_list
Scholastic Success with Vocabulary, Grade 5	scholastic-success-vocabulary-grade-5	term	term			Context-clue targets | explicit lexical targets	31	registry:scholastic-success-vocabulary-grade-5		Explicit printed word-bank, list, chart or label form only; lemma, sense and IELTS relevance require editorial review.	lexical_candidate	candidate_only	pdf	pdf:explicit-lexical-targets;pdf_page=31;section=explicit_numbered_target_list
Scholastic Success with Vocabulary, Grade 5	scholastic-success-vocabulary-grade-5	big-game hunts	big-game hunts			Context-clue targets | explicit lexical targets	31	registry:scholastic-success-vocabulary-grade-5		Explicit printed word-bank, list, chart or label form only; lemma, sense and IELTS relevance require editorial review.	lexical_candidate	candidate_only	pdf	pdf:explicit-lexical-targets;pdf_page=31;section=explicit_numbered_target_list
Scholastic Success with Vocabulary, Grade 5	scholastic-success-vocabulary-grade-5	contracted	contracted			Context-clue targets | explicit lexical targets	31	registry:scholastic-success-vocabulary-grade-5		Explicit printed word-bank, list, chart or label form only; lemma, sense and IELTS relevance require editorial review.	lexical_candidate	candidate_only	pdf	pdf:explicit-lexical-targets;pdf_page=31;section=explicit_numbered_target_list
Scholastic Success with Vocabulary, Grade 5	scholastic-success-vocabulary-grade-5	succumbed	succumbed			Context-clue targets | explicit lexical targets	31	registry:scholastic-success-vocabulary-grade-5		Explicit printed word-bank, list, chart or label form only; lemma, sense and IELTS relevance require editorial review.	lexical_candidate	candidate_only	pdf	pdf:explicit-lexical-targets;pdf_page=31;section=explicit_numbered_target_list
Scholastic Success with Vocabulary, Grade 5	scholastic-success-vocabulary-grade-5	super-duper	super-duper			Rhyming words | explicit lexical targets	41	registry:scholastic-success-vocabulary-grade-5		Explicit printed word-bank, list, chart or label form only; lemma, sense and IELTS relevance require editorial review.	lexical_candidate	candidate_only	pdf	pdf:explicit-lexical-targets;pdf_page=41;section=explicit_word_box
Scholastic Success with Vocabulary, Grade 5	scholastic-success-vocabulary-grade-5	heebie-jeebies	heebie-jeebies			Rhyming words | explicit lexical targets	41	registry:scholastic-success-vocabulary-grade-5		Explicit printed word-bank, list, chart or label form only; lemma, sense and IELTS relevance require editorial review.	lexical_candidate	candidate_only	pdf	pdf:explicit-lexical-targets;pdf_page=41;section=explicit_word_box
Scholastic Success with Vocabulary, Grade 5	scholastic-success-vocabulary-grade-5	nitty-gritty	nitty-gritty			Rhyming words | explicit lexical targets	41	registry:scholastic-success-vocabulary-grade-5		Explicit printed word-bank, list, chart or label form only; lemma, sense and IELTS relevance require editorial review.	lexical_candidate	candidate_only	pdf	pdf:explicit-lexical-targets;pdf_page=41;section=explicit_word_box
Scholastic Success with Vocabulary, Grade 5	scholastic-success-vocabulary-grade-5	fuddy-duddy	fuddy-duddy			Rhyming words | explicit lexical targets	41	registry:scholastic-success-vocabulary-grade-5		Explicit printed word-bank, list, chart or label form only; lemma, sense and IELTS relevance require editorial review.	lexical_candidate	candidate_only	pdf	pdf:explicit-lexical-targets;pdf_page=41;section=explicit_word_box
Scholastic Success with Vocabulary, Grade 5	scholastic-success-vocabulary-grade-5	hoity-toity	hoity-toity			Rhyming words | explicit lexical targets	41	registry:scholastic-success-vocabulary-grade-5		Explicit printed word-bank, list, chart or label form only; lemma, sense and IELTS relevance require editorial review.	lexical_candidate	candidate_only	pdf	pdf:explicit-lexical-targets;pdf_page=41;section=explicit_word_box
Scholastic Success with Vocabulary, Grade 5	scholastic-success-vocabulary-grade-5	lovey-dovey	lovey-dovey			Rhyming words | explicit lexical targets	41	registry:scholastic-success-vocabulary-grade-5		Explicit printed word-bank, list, chart or label form only; lemma, sense and IELTS relevance require editorial review.	lexical_candidate	candidate_only	pdf	pdf:explicit-lexical-targets;pdf_page=41;section=explicit_word_box
Scholastic Success with Vocabulary, Grade 5	scholastic-success-vocabulary-grade-5	humdrum	humdrum			Rhyming words | explicit lexical targets	41	registry:scholastic-success-vocabulary-grade-5		Explicit printed word-bank, list, chart or label form only; lemma, sense and IELTS relevance require editorial review.	lexical_candidate	candidate_only	pdf	pdf:explicit-lexical-targets;pdf_page=41;section=explicit_word_box
Scholastic Success with Vocabulary, Grade 5	scholastic-success-vocabulary-grade-5	teeny-weeny	teeny-weeny			Rhyming words | explicit lexical targets	41	registry:scholastic-success-vocabulary-grade-5		Explicit printed word-bank, list, chart or label form only; lemma, sense and IELTS relevance require editorial review.	lexical_candidate	candidate_only	pdf	pdf:explicit-lexical-targets;pdf_page=41;section=explicit_word_box
Scholastic Success with Vocabulary, Grade 5	scholastic-success-vocabulary-grade-5	okeydokey	okeydokey			Rhyming words | explicit lexical targets	41	registry:scholastic-success-vocabulary-grade-5		Explicit printed word-bank, list, chart or label form only; lemma, sense and IELTS relevance require editorial review.	lexical_candidate	candidate_only	pdf	pdf:explicit-lexical-targets;pdf_page=41;section=explicit_word_box
Scholastic Success with Vocabulary, Grade 5	scholastic-success-vocabulary-grade-5	hodgepodge	hodgepodge			Rhyming words | explicit lexical targets	41	registry:scholastic-success-vocabulary-grade-5		Explicit printed word-bank, list, chart or label form only; lemma, sense and IELTS relevance require editorial review.	lexical_candidate	candidate_only	pdf	pdf:explicit-lexical-targets;pdf_page=41;section=explicit_word_box
Scholastic Success with Vocabulary, Grade 5	scholastic-success-vocabulary-grade-5	willy-nilly	willy-nilly			Rhyming words | explicit lexical targets	41	registry:scholastic-success-vocabulary-grade-5		Explicit printed word-bank, list, chart or label form only; lemma, sense and IELTS relevance require editorial review.	lexical_candidate	candidate_only	pdf	pdf:explicit-lexical-targets;pdf_page=41;section=explicit_word_box
Scholastic Success with Vocabulary, Grade 5	scholastic-success-vocabulary-grade-5	handy-dandy	handy-dandy			Rhyming words | explicit lexical targets	41	registry:scholastic-success-vocabulary-grade-5		Explicit printed word-bank, list, chart or label form only; lemma, sense and IELTS relevance require editorial review.	lexical_candidate	candidate_only	pdf	pdf:explicit-lexical-targets;pdf_page=41;section=explicit_word_box
Scholastic Success with Vocabulary, Grade 5	scholastic-success-vocabulary-grade-5	miscellaneous	miscellaneous			Categories | explicit lexical targets	45	registry:scholastic-success-vocabulary-grade-5		Explicit printed word-bank, list, chart or label form only; lemma, sense and IELTS relevance require editorial review.	lexical_candidate	candidate_only	pdf	pdf:explicit-lexical-targets;pdf_page=45;section=explicit_group_targets
Scholastic Success with Vocabulary, Grade 5	scholastic-success-vocabulary-grade-5	misbehave	misbehave			Categories | explicit lexical targets	45	registry:scholastic-success-vocabulary-grade-5		Explicit printed word-bank, list, chart or label form only; lemma, sense and IELTS relevance require editorial review.	lexical_candidate	candidate_only	pdf	pdf:explicit-lexical-targets;pdf_page=45;section=explicit_group_targets
Scholastic Success with Vocabulary, Grade 5	scholastic-success-vocabulary-grade-5	misprint	misprint			Categories | explicit lexical targets	45	registry:scholastic-success-vocabulary-grade-5		Explicit printed word-bank, list, chart or label form only; lemma, sense and IELTS relevance require editorial review.	lexical_candidate	candidate_only	pdf	pdf:explicit-lexical-targets;pdf_page=45;section=explicit_group_targets
Scholastic Success with Vocabulary, Grade 5	scholastic-success-vocabulary-grade-5	miscalculate	miscalculate			Categories | explicit lexical targets	45	registry:scholastic-success-vocabulary-grade-5		Explicit printed word-bank, list, chart or label form only; lemma, sense and IELTS relevance require editorial review.	lexical_candidate	candidate_only	pdf	pdf:explicit-lexical-targets;pdf_page=45;section=explicit_group_targets
Scholastic Success with Vocabulary, Grade 5	scholastic-success-vocabulary-grade-5	misinform	misinform			Categories | explicit lexical targets	45	registry:scholastic-success-vocabulary-grade-5		Explicit printed word-bank, list, chart or label form only; lemma, sense and IELTS relevance require editorial review.	lexical_candidate	candidate_only	pdf	pdf:explicit-lexical-targets;pdf_page=45;section=explicit_group_targets
Scholastic Success with Vocabulary, Grade 5	scholastic-success-vocabulary-grade-5	eloquent	eloquent			Categories | explicit lexical targets	45	registry:scholastic-success-vocabulary-grade-5		Explicit printed word-bank, list, chart or label form only; lemma, sense and IELTS relevance require editorial review.	lexical_candidate	candidate_only	pdf	pdf:explicit-lexical-targets;pdf_page=45;section=explicit_group_targets
Scholastic Success with Vocabulary, Grade 5	scholastic-success-vocabulary-grade-5	articulate	articulate			Categories | explicit lexical targets	45	registry:scholastic-success-vocabulary-grade-5		Explicit printed word-bank, list, chart or label form only; lemma, sense and IELTS relevance require editorial review.	lexical_candidate	candidate_only	pdf	pdf:explicit-lexical-targets;pdf_page=45;section=explicit_group_targets
Scholastic Success with Vocabulary, Grade 5	scholastic-success-vocabulary-grade-5	fluent	fluent			Categories | explicit lexical targets	45	registry:scholastic-success-vocabulary-grade-5		Explicit printed word-bank, list, chart or label form only; lemma, sense and IELTS relevance require editorial review.	lexical_candidate	candidate_only	pdf	pdf:explicit-lexical-targets;pdf_page=45;section=explicit_group_targets
Scholastic Success with Vocabulary, Grade 5	scholastic-success-vocabulary-grade-5	foliage	foliage			Categories | explicit lexical targets	45	registry:scholastic-success-vocabulary-grade-5		Explicit printed word-bank, list, chart or label form only; lemma, sense and IELTS relevance require editorial review.	lexical_candidate	candidate_only	pdf	pdf:explicit-lexical-targets;pdf_page=45;section=explicit_group_targets
Scholastic Success with Vocabulary, Grade 5	scholastic-success-vocabulary-grade-5	well-spoken	well-spoken			Categories | explicit lexical targets	45	registry:scholastic-success-vocabulary-grade-5		Explicit printed word-bank, list, chart or label form only; lemma, sense and IELTS relevance require editorial review.	lexical_candidate	candidate_only	pdf	pdf:explicit-lexical-targets;pdf_page=45;section=explicit_group_targets
Scholastic Success with Vocabulary, Grade 5	scholastic-success-vocabulary-grade-5	pandemonium	pandemonium			Categories | explicit lexical targets	45	registry:scholastic-success-vocabulary-grade-5		Explicit printed word-bank, list, chart or label form only; lemma, sense and IELTS relevance require editorial review.	lexical_candidate	candidate_only	pdf	pdf:explicit-lexical-targets;pdf_page=45;section=explicit_group_targets
Scholastic Success with Vocabulary, Grade 5	scholastic-success-vocabulary-grade-5	chaos	chaos			Categories | explicit lexical targets	45	registry:scholastic-success-vocabulary-grade-5		Explicit printed word-bank, list, chart or label form only; lemma, sense and IELTS relevance require editorial review.	lexical_candidate	candidate_only	pdf	pdf:explicit-lexical-targets;pdf_page=45;section=explicit_group_targets
Scholastic Success with Vocabulary, Grade 5	scholastic-success-vocabulary-grade-5	confusion	confusion			Categories | explicit lexical targets	45	registry:scholastic-success-vocabulary-grade-5		Explicit printed word-bank, list, chart or label form only; lemma, sense and IELTS relevance require editorial review.	lexical_candidate	candidate_only	pdf	pdf:explicit-lexical-targets;pdf_page=45;section=explicit_group_targets
Scholastic Success with Vocabulary, Grade 5	scholastic-success-vocabulary-grade-5	mayhem	mayhem			Categories | explicit lexical targets	45	registry:scholastic-success-vocabulary-grade-5		Explicit printed word-bank, list, chart or label form only; lemma, sense and IELTS relevance require editorial review.	lexical_candidate	candidate_only	pdf	pdf:explicit-lexical-targets;pdf_page=45;section=explicit_group_targets
Scholastic Success with Vocabulary, Grade 5	scholastic-success-vocabulary-grade-5	moneyless	moneyless			Categories | explicit lexical targets	45	registry:scholastic-success-vocabulary-grade-5		Explicit printed word-bank, list, chart or label form only; lemma, sense and IELTS relevance require editorial review.	lexical_candidate	candidate_only	pdf	pdf:explicit-lexical-targets;pdf_page=45;section=explicit_group_targets
Scholastic Success with Vocabulary, Grade 5	scholastic-success-vocabulary-grade-5	faithless	faithless			Categories | explicit lexical targets	45	registry:scholastic-success-vocabulary-grade-5		Explicit printed word-bank, list, chart or label form only; lemma, sense and IELTS relevance require editorial review.	lexical_candidate	candidate_only	pdf	pdf:explicit-lexical-targets;pdf_page=45;section=explicit_group_targets
Scholastic Success with Vocabulary, Grade 5	scholastic-success-vocabulary-grade-5	hopeless	hopeless			Categories | explicit lexical targets	45	registry:scholastic-success-vocabulary-grade-5		Explicit printed word-bank, list, chart or label form only; lemma, sense and IELTS relevance require editorial review.	lexical_candidate	candidate_only	pdf	pdf:explicit-lexical-targets;pdf_page=45;section=explicit_group_targets
Scholastic Success with Vocabulary, Grade 5	scholastic-success-vocabulary-grade-5	homeless	homeless			Categories | explicit lexical targets	45	registry:scholastic-success-vocabulary-grade-5		Explicit printed word-bank, list, chart or label form only; lemma, sense and IELTS relevance require editorial review.	lexical_candidate	candidate_only	pdf	pdf:explicit-lexical-targets;pdf_page=45;section=explicit_group_targets
Scholastic Success with Vocabulary, Grade 5	scholastic-success-vocabulary-grade-5	painless	painless			Categories | explicit lexical targets	45	registry:scholastic-success-vocabulary-grade-5		Explicit printed word-bank, list, chart or label form only; lemma, sense and IELTS relevance require editorial review.	lexical_candidate	candidate_only	pdf	pdf:explicit-lexical-targets;pdf_page=45;section=explicit_group_targets
Scholastic Success with Vocabulary, Grade 5	scholastic-success-vocabulary-grade-5	caviar	caviar			Categories | explicit lexical targets	45	registry:scholastic-success-vocabulary-grade-5		Explicit printed word-bank, list, chart or label form only; lemma, sense and IELTS relevance require editorial review.	lexical_candidate	candidate_only	pdf	pdf:explicit-lexical-targets;pdf_page=45;section=explicit_group_targets
Scholastic Success with Vocabulary, Grade 5	scholastic-success-vocabulary-grade-5	omelet	omelet			Categories | explicit lexical targets	45	registry:scholastic-success-vocabulary-grade-5		Explicit printed word-bank, list, chart or label form only; lemma, sense and IELTS relevance require editorial review.	lexical_candidate	candidate_only	pdf	pdf:explicit-lexical-targets;pdf_page=45;section=explicit_group_targets
Scholastic Success with Vocabulary, Grade 5	scholastic-success-vocabulary-grade-5	quiche	quiche			Categories | explicit lexical targets	45	registry:scholastic-success-vocabulary-grade-5		Explicit printed word-bank, list, chart or label form only; lemma, sense and IELTS relevance require editorial review.	lexical_candidate	candidate_only	pdf	pdf:explicit-lexical-targets;pdf_page=45;section=explicit_group_targets
Scholastic Success with Vocabulary, Grade 5	scholastic-success-vocabulary-grade-5	armoire	armoire			Categories | explicit lexical targets	45	registry:scholastic-success-vocabulary-grade-5		Explicit printed word-bank, list, chart or label form only; lemma, sense and IELTS relevance require editorial review.	lexical_candidate	candidate_only	pdf	pdf:explicit-lexical-targets;pdf_page=45;section=explicit_group_targets
Scholastic Success with Vocabulary, Grade 5	scholastic-success-vocabulary-grade-5	mousse	mousse			Categories | explicit lexical targets	45	registry:scholastic-success-vocabulary-grade-5		Explicit printed word-bank, list, chart or label form only; lemma, sense and IELTS relevance require editorial review.	lexical_candidate	candidate_only	pdf	pdf:explicit-lexical-targets;pdf_page=45;section=explicit_group_targets
Scholastic Success with Vocabulary, Grade 5	scholastic-success-vocabulary-grade-5	zeal	zeal			Categories | explicit lexical targets	45	registry:scholastic-success-vocabulary-grade-5		Explicit printed word-bank, list, chart or label form only; lemma, sense and IELTS relevance require editorial review.	lexical_candidate	candidate_only	pdf	pdf:explicit-lexical-targets;pdf_page=45;section=explicit_group_targets
Scholastic Success with Vocabulary, Grade 5	scholastic-success-vocabulary-grade-5	eagerness	eagerness			Categories | explicit lexical targets	45	registry:scholastic-success-vocabulary-grade-5		Explicit printed word-bank, list, chart or label form only; lemma, sense and IELTS relevance require editorial review.	lexical_candidate	candidate_only	pdf	pdf:explicit-lexical-targets;pdf_page=45;section=explicit_group_targets
Scholastic Success with Vocabulary, Grade 5	scholastic-success-vocabulary-grade-5	enthusiasm	enthusiasm			Categories | explicit lexical targets	45	registry:scholastic-success-vocabulary-grade-5		Explicit printed word-bank, list, chart or label form only; lemma, sense and IELTS relevance require editorial review.	lexical_candidate	candidate_only	pdf	pdf:explicit-lexical-targets;pdf_page=45;section=explicit_group_targets
Scholastic Success with Vocabulary, Grade 5	scholastic-success-vocabulary-grade-5	calamity	calamity			Categories | explicit lexical targets	45	registry:scholastic-success-vocabulary-grade-5		Explicit printed word-bank, list, chart or label form only; lemma, sense and IELTS relevance require editorial review.	lexical_candidate	candidate_only	pdf	pdf:explicit-lexical-targets;pdf_page=45;section=explicit_group_targets
Scholastic Success with Vocabulary, Grade 5	scholastic-success-vocabulary-grade-5	fervor	fervor			Categories | explicit lexical targets	45	registry:scholastic-success-vocabulary-grade-5		Explicit printed word-bank, list, chart or label form only; lemma, sense and IELTS relevance require editorial review.	lexical_candidate	candidate_only	pdf	pdf:explicit-lexical-targets;pdf_page=45;section=explicit_group_targets
Scholastic Success with Vocabulary, Grade 5	scholastic-success-vocabulary-grade-5	derby	derby			Categories | explicit lexical targets	45	registry:scholastic-success-vocabulary-grade-5		Explicit printed word-bank, list, chart or label form only; lemma, sense and IELTS relevance require editorial review.	lexical_candidate	candidate_only	pdf	pdf:explicit-lexical-targets;pdf_page=45;section=explicit_group_targets
Scholastic Success with Vocabulary, Grade 5	scholastic-success-vocabulary-grade-5	fedora	fedora			Categories | explicit lexical targets	45	registry:scholastic-success-vocabulary-grade-5		Explicit printed word-bank, list, chart or label form only; lemma, sense and IELTS relevance require editorial review.	lexical_candidate	candidate_only	pdf	pdf:explicit-lexical-targets;pdf_page=45;section=explicit_group_targets
Scholastic Success with Vocabulary, Grade 5	scholastic-success-vocabulary-grade-5	forsythia	forsythia			Categories | explicit lexical targets	45	registry:scholastic-success-vocabulary-grade-5		Explicit printed word-bank, list, chart or label form only; lemma, sense and IELTS relevance require editorial review.	lexical_candidate	candidate_only	pdf	pdf:explicit-lexical-targets;pdf_page=45;section=explicit_group_targets
Scholastic Success with Vocabulary, Grade 5	scholastic-success-vocabulary-grade-5	homburg	homburg			Categories | explicit lexical targets	45	registry:scholastic-success-vocabulary-grade-5		Explicit printed word-bank, list, chart or label form only; lemma, sense and IELTS relevance require editorial review.	lexical_candidate	candidate_only	pdf	pdf:explicit-lexical-targets;pdf_page=45;section=explicit_group_targets
Scholastic Success with Vocabulary, Grade 5	scholastic-success-vocabulary-grade-5	beret	beret			Categories | explicit lexical targets	45	registry:scholastic-success-vocabulary-grade-5		Explicit printed word-bank, list, chart or label form only; lemma, sense and IELTS relevance require editorial review.	lexical_candidate	candidate_only	pdf	pdf:explicit-lexical-targets;pdf_page=45;section=explicit_group_targets
Scholastic Success with Vocabulary, Grade 5	scholastic-success-vocabulary-grade-5	merry	merry			Categories | explicit lexical targets	45	registry:scholastic-success-vocabulary-grade-5		Explicit printed word-bank, list, chart or label form only; lemma, sense and IELTS relevance require editorial review.	lexical_candidate	candidate_only	pdf	pdf:explicit-lexical-targets;pdf_page=45;section=explicit_group_targets
Scholastic Success with Vocabulary, Grade 5	scholastic-success-vocabulary-grade-5	pitiable	pitiable			Categories | explicit lexical targets	45	registry:scholastic-success-vocabulary-grade-5		Explicit printed word-bank, list, chart or label form only; lemma, sense and IELTS relevance require editorial review.	lexical_candidate	candidate_only	pdf	pdf:explicit-lexical-targets;pdf_page=45;section=explicit_group_targets
Scholastic Success with Vocabulary, Grade 5	scholastic-success-vocabulary-grade-5	joyous	joyous			Categories | explicit lexical targets	45	registry:scholastic-success-vocabulary-grade-5		Explicit printed word-bank, list, chart or label form only; lemma, sense and IELTS relevance require editorial review.	lexical_candidate	candidate_only	pdf	pdf:explicit-lexical-targets;pdf_page=45;section=explicit_group_targets
Scholastic Success with Vocabulary, Grade 5	scholastic-success-vocabulary-grade-5	jovial	jovial			Categories | explicit lexical targets	45	registry:scholastic-success-vocabulary-grade-5		Explicit printed word-bank, list, chart or label form only; lemma, sense and IELTS relevance require editorial review.	lexical_candidate	candidate_only	pdf	pdf:explicit-lexical-targets;pdf_page=45;section=explicit_group_targets
Scholastic Success with Vocabulary, Grade 5	scholastic-success-vocabulary-grade-5	mirthful	mirthful			Categories | explicit lexical targets	45	registry:scholastic-success-vocabulary-grade-5		Explicit printed word-bank, list, chart or label form only; lemma, sense and IELTS relevance require editorial review.	lexical_candidate	candidate_only	pdf	pdf:explicit-lexical-targets;pdf_page=45;section=explicit_group_targets
Scholastic Success with Vocabulary, Grade 5	scholastic-success-vocabulary-grade-5	curt	curt			Categories | explicit lexical targets	45	registry:scholastic-success-vocabulary-grade-5		Explicit printed word-bank, list, chart or label form only; lemma, sense and IELTS relevance require editorial review.	lexical_candidate	candidate_only	pdf	pdf:explicit-lexical-targets;pdf_page=45;section=explicit_group_targets
Scholastic Success with Vocabulary, Grade 5	scholastic-success-vocabulary-grade-5	gruff	gruff			Categories | explicit lexical targets	45	registry:scholastic-success-vocabulary-grade-5		Explicit printed word-bank, list, chart or label form only; lemma, sense and IELTS relevance require editorial review.	lexical_candidate	candidate_only	pdf	pdf:explicit-lexical-targets;pdf_page=45;section=explicit_group_targets
Scholastic Success with Vocabulary, Grade 5	scholastic-success-vocabulary-grade-5	brusque	brusque			Categories | explicit lexical targets	45	registry:scholastic-success-vocabulary-grade-5		Explicit printed word-bank, list, chart or label form only; lemma, sense and IELTS relevance require editorial review.	lexical_candidate	candidate_only	pdf	pdf:explicit-lexical-targets;pdf_page=45;section=explicit_group_targets
Scholastic Success with Vocabulary, Grade 5	scholastic-success-vocabulary-grade-5	genial	genial			Categories | explicit lexical targets	45	registry:scholastic-success-vocabulary-grade-5		Explicit printed word-bank, list, chart or label form only; lemma, sense and IELTS relevance require editorial review.	lexical_candidate	candidate_only	pdf	pdf:explicit-lexical-targets;pdf_page=45;section=explicit_group_targets
Scholastic Success with Vocabulary, Grade 5	scholastic-success-vocabulary-grade-5	harsh	harsh			Categories | explicit lexical targets	45	registry:scholastic-success-vocabulary-grade-5		Explicit printed word-bank, list, chart or label form only; lemma, sense and IELTS relevance require editorial review.	lexical_candidate	candidate_only	pdf	pdf:explicit-lexical-targets;pdf_page=45;section=explicit_group_targets
Scholastic Success with Vocabulary, Grade 5	scholastic-success-vocabulary-grade-5	cloudy	cloudy			Categories | explicit lexical targets	45	registry:scholastic-success-vocabulary-grade-5		Explicit printed word-bank, list, chart or label form only; lemma, sense and IELTS relevance require editorial review.	lexical_candidate	candidate_only	pdf	pdf:explicit-lexical-targets;pdf_page=45;section=explicit_group_targets
Scholastic Success with Vocabulary, Grade 5	scholastic-success-vocabulary-grade-5	clear	clear			Categories | explicit lexical targets	45	registry:scholastic-success-vocabulary-grade-5		Explicit printed word-bank, list, chart or label form only; lemma, sense and IELTS relevance require editorial review.	lexical_candidate	candidate_only	pdf	pdf:explicit-lexical-targets;pdf_page=45;section=explicit_group_targets
Scholastic Success with Vocabulary, Grade 5	scholastic-success-vocabulary-grade-5	foggy	foggy			Categories | explicit lexical targets	45	registry:scholastic-success-vocabulary-grade-5		Explicit printed word-bank, list, chart or label form only; lemma, sense and IELTS relevance require editorial review.	lexical_candidate	candidate_only	pdf	pdf:explicit-lexical-targets;pdf_page=45;section=explicit_group_targets
Scholastic Success with Vocabulary, Grade 5	scholastic-success-vocabulary-grade-5	murky	murky			Categories | explicit lexical targets	45	registry:scholastic-success-vocabulary-grade-5		Explicit printed word-bank, list, chart or label form only; lemma, sense and IELTS relevance require editorial review.	lexical_candidate	candidate_only	pdf	pdf:explicit-lexical-targets;pdf_page=45;section=explicit_group_targets
Scholastic Success with Vocabulary, Grade 5	scholastic-success-vocabulary-grade-5	hazy	hazy			Categories | explicit lexical targets	45	registry:scholastic-success-vocabulary-grade-5		Explicit printed word-bank, list, chart or label form only; lemma, sense and IELTS relevance require editorial review.	lexical_candidate	candidate_only	pdf	pdf:explicit-lexical-targets;pdf_page=45;section=explicit_group_targets
Scholastic Success with Vocabulary, Grade 5	scholastic-success-vocabulary-grade-5	excluded	excluded			Categories | explicit lexical targets	45	registry:scholastic-success-vocabulary-grade-5		Explicit printed word-bank, list, chart or label form only; lemma, sense and IELTS relevance require editorial review.	lexical_candidate	candidate_only	pdf	pdf:explicit-lexical-targets;pdf_page=45;section=explicit_group_targets
Scholastic Success with Vocabulary, Grade 5	scholastic-success-vocabulary-grade-5	affiliated	affiliated			Categories | explicit lexical targets	45	registry:scholastic-success-vocabulary-grade-5		Explicit printed word-bank, list, chart or label form only; lemma, sense and IELTS relevance require editorial review.	lexical_candidate	candidate_only	pdf	pdf:explicit-lexical-targets;pdf_page=45;section=explicit_group_targets
Scholastic Success with Vocabulary, Grade 5	scholastic-success-vocabulary-grade-5	connected	connected			Categories | explicit lexical targets	45	registry:scholastic-success-vocabulary-grade-5		Explicit printed word-bank, list, chart or label form only; lemma, sense and IELTS relevance require editorial review.	lexical_candidate	candidate_only	pdf	pdf:explicit-lexical-targets;pdf_page=45;section=explicit_group_targets
Scholastic Success with Vocabulary, Grade 5	scholastic-success-vocabulary-grade-5	linked	linked			Categories | explicit lexical targets	45	registry:scholastic-success-vocabulary-grade-5		Explicit printed word-bank, list, chart or label form only; lemma, sense and IELTS relevance require editorial review.	lexical_candidate	candidate_only	pdf	pdf:explicit-lexical-targets;pdf_page=45;section=explicit_group_targets
Scholastic Success with Vocabulary, Grade 5	scholastic-success-vocabulary-grade-5	associated	associated			Categories | explicit lexical targets	45	registry:scholastic-success-vocabulary-grade-5		Explicit printed word-bank, list, chart or label form only; lemma, sense and IELTS relevance require editorial review.	lexical_candidate	candidate_only	pdf	pdf:explicit-lexical-targets;pdf_page=45;section=explicit_group_targets
Scholastic Success with Vocabulary, Grade 5	scholastic-success-vocabulary-grade-5	polluted	polluted			Categories | explicit lexical targets	45	registry:scholastic-success-vocabulary-grade-5		Explicit printed word-bank, list, chart or label form only; lemma, sense and IELTS relevance require editorial review.	lexical_candidate	candidate_only	pdf	pdf:explicit-lexical-targets;pdf_page=45;section=explicit_group_targets
Scholastic Success with Vocabulary, Grade 5	scholastic-success-vocabulary-grade-5	contaminated	contaminated			Categories | explicit lexical targets	45	registry:scholastic-success-vocabulary-grade-5		Explicit printed word-bank, list, chart or label form only; lemma, sense and IELTS relevance require editorial review.	lexical_candidate	candidate_only	pdf	pdf:explicit-lexical-targets;pdf_page=45;section=explicit_group_targets
Scholastic Success with Vocabulary, Grade 5	scholastic-success-vocabulary-grade-5	impure	impure			Categories | explicit lexical targets	45	registry:scholastic-success-vocabulary-grade-5		Explicit printed word-bank, list, chart or label form only; lemma, sense and IELTS relevance require editorial review.	lexical_candidate	candidate_only	pdf	pdf:explicit-lexical-targets;pdf_page=45;section=explicit_group_targets
Scholastic Success with Vocabulary, Grade 5	scholastic-success-vocabulary-grade-5	adequate	adequate			Categories | explicit lexical targets	45	registry:scholastic-success-vocabulary-grade-5		Explicit printed word-bank, list, chart or label form only; lemma, sense and IELTS relevance require editorial review.	lexical_candidate	candidate_only	pdf	pdf:explicit-lexical-targets;pdf_page=45;section=explicit_group_targets
Scholastic Success with Vocabulary, Grade 5	scholastic-success-vocabulary-grade-5	desolate	desolate			Categories | explicit lexical targets	45	registry:scholastic-success-vocabulary-grade-5		Explicit printed word-bank, list, chart or label form only; lemma, sense and IELTS relevance require editorial review.	lexical_candidate	candidate_only	pdf	pdf:explicit-lexical-targets;pdf_page=45;section=explicit_group_targets
Scholastic Success with Vocabulary, Grade 5	scholastic-success-vocabulary-grade-5	abundant	abundant			Categories | explicit lexical targets	45	registry:scholastic-success-vocabulary-grade-5		Explicit printed word-bank, list, chart or label form only; lemma, sense and IELTS relevance require editorial review.	lexical_candidate	candidate_only	pdf	pdf:explicit-lexical-targets;pdf_page=45;section=explicit_group_targets
Scholastic Success with Vocabulary, Grade 5	scholastic-success-vocabulary-grade-5	deserted	deserted			Categories | explicit lexical targets	45	registry:scholastic-success-vocabulary-grade-5		Explicit printed word-bank, list, chart or label form only; lemma, sense and IELTS relevance require editorial review.	lexical_candidate	candidate_only	pdf	pdf:explicit-lexical-targets;pdf_page=45;section=explicit_group_targets
Scholastic Success with Vocabulary, Grade 5	scholastic-success-vocabulary-grade-5	isolated	isolated			Categories | explicit lexical targets	45	registry:scholastic-success-vocabulary-grade-5		Explicit printed word-bank, list, chart or label form only; lemma, sense and IELTS relevance require editorial review.	lexical_candidate	candidate_only	pdf	pdf:explicit-lexical-targets;pdf_page=45;section=explicit_group_targets
Scholastic Success with Vocabulary, Grade 5	scholastic-success-vocabulary-grade-5	solitary	solitary			Categories | explicit lexical targets	45	registry:scholastic-success-vocabulary-grade-5		Explicit printed word-bank, list, chart or label form only; lemma, sense and IELTS relevance require editorial review.	lexical_candidate	candidate_only	pdf	pdf:explicit-lexical-targets;pdf_page=45;section=explicit_group_targets
Scholastic Success with Vocabulary, Grade 5	scholastic-success-vocabulary-grade-5	appetizing	appetizing			Categories | explicit lexical targets	45	registry:scholastic-success-vocabulary-grade-5		Explicit printed word-bank, list, chart or label form only; lemma, sense and IELTS relevance require editorial review.	lexical_candidate	candidate_only	pdf	pdf:explicit-lexical-targets;pdf_page=45;section=explicit_group_targets
Scholastic Success with Vocabulary, Grade 5	scholastic-success-vocabulary-grade-5	delectable	delectable			Categories | explicit lexical targets	45	registry:scholastic-success-vocabulary-grade-5		Explicit printed word-bank, list, chart or label form only; lemma, sense and IELTS relevance require editorial review.	lexical_candidate	candidate_only	pdf	pdf:explicit-lexical-targets;pdf_page=45;section=explicit_group_targets
Scholastic Success with Vocabulary, Grade 5	scholastic-success-vocabulary-grade-5	malign	malign			Categories | explicit lexical targets	45	registry:scholastic-success-vocabulary-grade-5		Explicit printed word-bank, list, chart or label form only; lemma, sense and IELTS relevance require editorial review.	lexical_candidate	candidate_only	pdf	pdf:explicit-lexical-targets;pdf_page=45;section=explicit_group_targets
Scholastic Success with Vocabulary, Grade 5	scholastic-success-vocabulary-grade-5	vulture	vulture			Categories | explicit lexical targets	45	registry:scholastic-success-vocabulary-grade-5		Explicit printed word-bank, list, chart or label form only; lemma, sense and IELTS relevance require editorial review.	lexical_candidate	candidate_only	pdf	pdf:explicit-lexical-targets;pdf_page=45;section=explicit_group_targets
Scholastic Success with Vocabulary, Grade 5	scholastic-success-vocabulary-grade-5	gibbon	gibbon			Categories | explicit lexical targets	45	registry:scholastic-success-vocabulary-grade-5		Explicit printed word-bank, list, chart or label form only; lemma, sense and IELTS relevance require editorial review.	lexical_candidate	candidate_only	pdf	pdf:explicit-lexical-targets;pdf_page=45;section=explicit_group_targets
Scholastic Success with Vocabulary, Grade 5	scholastic-success-vocabulary-grade-5	chickadee	chickadee			Categories | explicit lexical targets	45	registry:scholastic-success-vocabulary-grade-5		Explicit printed word-bank, list, chart or label form only; lemma, sense and IELTS relevance require editorial review.	lexical_candidate	candidate_only	pdf	pdf:explicit-lexical-targets;pdf_page=45;section=explicit_group_targets
Scholastic Success with Vocabulary, Grade 5	scholastic-success-vocabulary-grade-5	finch	finch			Categories | explicit lexical targets	45	registry:scholastic-success-vocabulary-grade-5		Explicit printed word-bank, list, chart or label form only; lemma, sense and IELTS relevance require editorial review.	lexical_candidate	candidate_only	pdf	pdf:explicit-lexical-targets;pdf_page=45;section=explicit_group_targets
Scholastic Success with Vocabulary, Grade 5	scholastic-success-vocabulary-grade-5	thrasher	thrasher			Categories | explicit lexical targets	45	registry:scholastic-success-vocabulary-grade-5		Explicit printed word-bank, list, chart or label form only; lemma, sense and IELTS relevance require editorial review.	lexical_candidate	candidate_only	pdf	pdf:explicit-lexical-targets;pdf_page=45;section=explicit_group_targets
Scholastic Success with Vocabulary, Grade 5	scholastic-success-vocabulary-grade-5	thistle	thistle			Categories | explicit lexical targets	45	registry:scholastic-success-vocabulary-grade-5		Explicit printed word-bank, list, chart or label form only; lemma, sense and IELTS relevance require editorial review.	lexical_candidate	candidate_only	pdf	pdf:explicit-lexical-targets;pdf_page=45;section=explicit_group_targets
Scholastic Success with Vocabulary, Grade 5	scholastic-success-vocabulary-grade-5	crabgrass	crabgrass			Categories | explicit lexical targets	45	registry:scholastic-success-vocabulary-grade-5		Explicit printed word-bank, list, chart or label form only; lemma, sense and IELTS relevance require editorial review.	lexical_candidate	candidate_only	pdf	pdf:explicit-lexical-targets;pdf_page=45;section=explicit_group_targets
Scholastic Success with Vocabulary, Grade 5	scholastic-success-vocabulary-grade-5	ragweed	ragweed			Categories | explicit lexical targets	45	registry:scholastic-success-vocabulary-grade-5		Explicit printed word-bank, list, chart or label form only; lemma, sense and IELTS relevance require editorial review.	lexical_candidate	candidate_only	pdf	pdf:explicit-lexical-targets;pdf_page=45;section=explicit_group_targets
Scholastic Success with Vocabulary, Grade 5	scholastic-success-vocabulary-grade-5	dandelion	dandelion			Categories | explicit lexical targets	45	registry:scholastic-success-vocabulary-grade-5		Explicit printed word-bank, list, chart or label form only; lemma, sense and IELTS relevance require editorial review.	lexical_candidate	candidate_only	pdf	pdf:explicit-lexical-targets;pdf_page=45;section=explicit_group_targets
Scholastic Success with Vocabulary, Grade 5	scholastic-success-vocabulary-grade-5	mulch	mulch			Categories | explicit lexical targets	45	registry:scholastic-success-vocabulary-grade-5		Explicit printed word-bank, list, chart or label form only; lemma, sense and IELTS relevance require editorial review.	lexical_candidate	candidate_only	pdf	pdf:explicit-lexical-targets;pdf_page=45;section=explicit_group_targets
Scholastic Success with Vocabulary, Grade 5	scholastic-success-vocabulary-grade-5	raiment	raiment			Categories | explicit lexical targets	45	registry:scholastic-success-vocabulary-grade-5		Explicit printed word-bank, list, chart or label form only; lemma, sense and IELTS relevance require editorial review.	lexical_candidate	candidate_only	pdf	pdf:explicit-lexical-targets;pdf_page=45;section=explicit_group_targets
Scholastic Success with Vocabulary, Grade 5	scholastic-success-vocabulary-grade-5	garment	garment			Categories | explicit lexical targets	45	registry:scholastic-success-vocabulary-grade-5		Explicit printed word-bank, list, chart or label form only; lemma, sense and IELTS relevance require editorial review.	lexical_candidate	candidate_only	pdf	pdf:explicit-lexical-targets;pdf_page=45;section=explicit_group_targets
Scholastic Success with Vocabulary, Grade 5	scholastic-success-vocabulary-grade-5	attire	attire			Categories | explicit lexical targets	45	registry:scholastic-success-vocabulary-grade-5		Explicit printed word-bank, list, chart or label form only; lemma, sense and IELTS relevance require editorial review.	lexical_candidate	candidate_only	pdf	pdf:explicit-lexical-targets;pdf_page=45;section=explicit_group_targets
Scholastic Success with Vocabulary, Grade 5	scholastic-success-vocabulary-grade-5	apparel	apparel			Categories | explicit lexical targets	45	registry:scholastic-success-vocabulary-grade-5		Explicit printed word-bank, list, chart or label form only; lemma, sense and IELTS relevance require editorial review.	lexical_candidate	candidate_only	pdf	pdf:explicit-lexical-targets;pdf_page=45;section=explicit_group_targets
Scholastic Success with Vocabulary, Grade 5	scholastic-success-vocabulary-grade-5	adroit	adroit			Categories | explicit lexical targets	45	registry:scholastic-success-vocabulary-grade-5		Explicit printed word-bank, list, chart or label form only; lemma, sense and IELTS relevance require editorial review.	lexical_candidate	candidate_only	pdf	pdf:explicit-lexical-targets;pdf_page=45;section=explicit_group_targets
Scholastic Success with Vocabulary, Grade 5	scholastic-success-vocabulary-grade-5	flawless	flawless			Categories | explicit lexical targets	45	registry:scholastic-success-vocabulary-grade-5		Explicit printed word-bank, list, chart or label form only; lemma, sense and IELTS relevance require editorial review.	lexical_candidate	candidate_only	pdf	pdf:explicit-lexical-targets;pdf_page=45;section=explicit_group_targets
Scholastic Success with Vocabulary, Grade 5	scholastic-success-vocabulary-grade-5	ideal	ideal			Categories | explicit lexical targets	45	registry:scholastic-success-vocabulary-grade-5		Explicit printed word-bank, list, chart or label form only; lemma, sense and IELTS relevance require editorial review.	lexical_candidate	candidate_only	pdf	pdf:explicit-lexical-targets;pdf_page=45;section=explicit_group_targets
Scholastic Success with Vocabulary, Grade 5	scholastic-success-vocabulary-grade-5	defective	defective			Categories | explicit lexical targets	45	registry:scholastic-success-vocabulary-grade-5		Explicit printed word-bank, list, chart or label form only; lemma, sense and IELTS relevance require editorial review.	lexical_candidate	candidate_only	pdf	pdf:explicit-lexical-targets;pdf_page=45;section=explicit_group_targets
Scholastic Success with Vocabulary, Grade 5	scholastic-success-vocabulary-grade-5	suitable	suitable			Categories | explicit lexical targets	45	registry:scholastic-success-vocabulary-grade-5		Explicit printed word-bank, list, chart or label form only; lemma, sense and IELTS relevance require editorial review.	lexical_candidate	candidate_only	pdf	pdf:explicit-lexical-targets;pdf_page=45;section=explicit_group_targets
Scholastic Success with Vocabulary, Grade 5	scholastic-success-vocabulary-grade-5	accurate	accurate			Categories | explicit lexical targets	45	registry:scholastic-success-vocabulary-grade-5		Explicit printed word-bank, list, chart or label form only; lemma, sense and IELTS relevance require editorial review.	lexical_candidate	candidate_only	pdf	pdf:explicit-lexical-targets;pdf_page=45;section=explicit_group_targets
Scholastic Success with Vocabulary, Grade 5	scholastic-success-vocabulary-grade-5	unwieldy	unwieldy			General vocabulary | explicit lexical targets	47	registry:scholastic-success-vocabulary-grade-5		Explicit printed word-bank, list, chart or label form only; lemma, sense and IELTS relevance require editorial review.	lexical_candidate	candidate_only	pdf	pdf:explicit-lexical-targets;pdf_page=47;section=explicit_underlined_pairs
Scholastic Success with Vocabulary, Grade 5	scholastic-success-vocabulary-grade-5	wily	wily			General vocabulary | explicit lexical targets	47	registry:scholastic-success-vocabulary-grade-5		Explicit printed word-bank, list, chart or label form only; lemma, sense and IELTS relevance require editorial review.	lexical_candidate	candidate_only	pdf	pdf:explicit-lexical-targets;pdf_page=47;section=explicit_underlined_pairs
Scholastic Success with Vocabulary, Grade 5	scholastic-success-vocabulary-grade-5	elaborate	elaborate			General vocabulary | explicit lexical targets	47	registry:scholastic-success-vocabulary-grade-5		Explicit printed word-bank, list, chart or label form only; lemma, sense and IELTS relevance require editorial review.	lexical_candidate	candidate_only	pdf	pdf:explicit-lexical-targets;pdf_page=47;section=explicit_underlined_pairs
Scholastic Success with Vocabulary, Grade 5	scholastic-success-vocabulary-grade-5	prudent	prudent			General vocabulary | explicit lexical targets	47	registry:scholastic-success-vocabulary-grade-5		Explicit printed word-bank, list, chart or label form only; lemma, sense and IELTS relevance require editorial review.	lexical_candidate	candidate_only	pdf	pdf:explicit-lexical-targets;pdf_page=47;section=explicit_underlined_pairs
Scholastic Success with Vocabulary, Grade 5	scholastic-success-vocabulary-grade-5	minimal	minimal			General vocabulary | explicit lexical targets	47	registry:scholastic-success-vocabulary-grade-5		Explicit printed word-bank, list, chart or label form only; lemma, sense and IELTS relevance require editorial review.	lexical_candidate	candidate_only	pdf	pdf:explicit-lexical-targets;pdf_page=47;section=explicit_underlined_pairs
Scholastic Success with Vocabulary, Grade 5	scholastic-success-vocabulary-grade-5	momentous	momentous			General vocabulary | explicit lexical targets	47	registry:scholastic-success-vocabulary-grade-5		Explicit printed word-bank, list, chart or label form only; lemma, sense and IELTS relevance require editorial review.	lexical_candidate	candidate_only	pdf	pdf:explicit-lexical-targets;pdf_page=47;section=explicit_underlined_pairs
Scholastic Success with Vocabulary, Grade 5	scholastic-success-vocabulary-grade-5	revelry	revelry			General vocabulary | explicit lexical targets	47	registry:scholastic-success-vocabulary-grade-5		Explicit printed word-bank, list, chart or label form only; lemma, sense and IELTS relevance require editorial review.	lexical_candidate	candidate_only	pdf	pdf:explicit-lexical-targets;pdf_page=47;section=explicit_underlined_pairs
Scholastic Success with Vocabulary, Grade 5	scholastic-success-vocabulary-grade-5	rivalry	rivalry			General vocabulary | explicit lexical targets	47	registry:scholastic-success-vocabulary-grade-5		Explicit printed word-bank, list, chart or label form only; lemma, sense and IELTS relevance require editorial review.	lexical_candidate	candidate_only	pdf	pdf:explicit-lexical-targets;pdf_page=47;section=explicit_underlined_pairs
Scholastic Success with Vocabulary, Grade 5	scholastic-success-vocabulary-grade-5	instigating	instigating			General vocabulary | explicit lexical targets	47	registry:scholastic-success-vocabulary-grade-5		Explicit printed word-bank, list, chart or label form only; lemma, sense and IELTS relevance require editorial review.	lexical_candidate	candidate_only	pdf	pdf:explicit-lexical-targets;pdf_page=47;section=explicit_underlined_pairs
Scholastic Success with Vocabulary, Grade 5	scholastic-success-vocabulary-grade-5	hindering	hindering			General vocabulary | explicit lexical targets	47	registry:scholastic-success-vocabulary-grade-5		Explicit printed word-bank, list, chart or label form only; lemma, sense and IELTS relevance require editorial review.	lexical_candidate	candidate_only	pdf	pdf:explicit-lexical-targets;pdf_page=47;section=explicit_underlined_pairs
Scholastic Success with Vocabulary, Grade 5	scholastic-success-vocabulary-grade-5	cherish	cherish			General vocabulary | explicit lexical targets	47	registry:scholastic-success-vocabulary-grade-5		Explicit printed word-bank, list, chart or label form only; lemma, sense and IELTS relevance require editorial review.	lexical_candidate	candidate_only	pdf	pdf:explicit-lexical-targets;pdf_page=47;section=explicit_underlined_pairs
Scholastic Success with Vocabulary, Grade 5	scholastic-success-vocabulary-grade-5	relinquish	relinquish			General vocabulary | explicit lexical targets	47	registry:scholastic-success-vocabulary-grade-5		Explicit printed word-bank, list, chart or label form only; lemma, sense and IELTS relevance require editorial review.	lexical_candidate	candidate_only	pdf	pdf:explicit-lexical-targets;pdf_page=47;section=explicit_underlined_pairs
Scholastic Success with Vocabulary, Grade 5	scholastic-success-vocabulary-grade-5	monotonous	monotonous			General vocabulary | explicit lexical targets	47	registry:scholastic-success-vocabulary-grade-5		Explicit printed word-bank, list, chart or label form only; lemma, sense and IELTS relevance require editorial review.	lexical_candidate	candidate_only	pdf	pdf:explicit-lexical-targets;pdf_page=47;section=explicit_underlined_pairs
Scholastic Success with Vocabulary, Grade 5	scholastic-success-vocabulary-grade-5	repulsive	repulsive			General vocabulary | explicit lexical targets	47	registry:scholastic-success-vocabulary-grade-5		Explicit printed word-bank, list, chart or label form only; lemma, sense and IELTS relevance require editorial review.	lexical_candidate	candidate_only	pdf	pdf:explicit-lexical-targets;pdf_page=47;section=explicit_underlined_pairs
Scholastic Success with Vocabulary, Grade 5	scholastic-success-vocabulary-grade-5	compatible	compatible			General vocabulary | explicit lexical targets	47	registry:scholastic-success-vocabulary-grade-5		Explicit printed word-bank, list, chart or label form only; lemma, sense and IELTS relevance require editorial review.	lexical_candidate	candidate_only	pdf	pdf:explicit-lexical-targets;pdf_page=47;section=explicit_underlined_pairs
Scholastic Success with Vocabulary, Grade 5	scholastic-success-vocabulary-grade-5	ecstatic	ecstatic			General vocabulary | explicit lexical targets	47	registry:scholastic-success-vocabulary-grade-5		Explicit printed word-bank, list, chart or label form only; lemma, sense and IELTS relevance require editorial review.	lexical_candidate	candidate_only	pdf	pdf:explicit-lexical-targets;pdf_page=47;section=explicit_underlined_pairs
Scholastic Success with Vocabulary, Grade 5	scholastic-success-vocabulary-grade-5	nonchalant	nonchalant			General vocabulary | explicit lexical targets	47	registry:scholastic-success-vocabulary-grade-5		Explicit printed word-bank, list, chart or label form only; lemma, sense and IELTS relevance require editorial review.	lexical_candidate	candidate_only	pdf	pdf:explicit-lexical-targets;pdf_page=47;section=explicit_underlined_pairs
Scholastic Success with Vocabulary, Grade 5	scholastic-success-vocabulary-grade-5	synchronize	synchronize			General vocabulary | explicit lexical targets	47	registry:scholastic-success-vocabulary-grade-5		Explicit printed word-bank, list, chart or label form only; lemma, sense and IELTS relevance require editorial review.	lexical_candidate	candidate_only	pdf	pdf:explicit-lexical-targets;pdf_page=47;section=explicit_underlined_pairs
Scholastic Success with Vocabulary, Grade 5	scholastic-success-vocabulary-grade-5	scrutinize	scrutinize			General vocabulary | explicit lexical targets	47	registry:scholastic-success-vocabulary-grade-5		Explicit printed word-bank, list, chart or label form only; lemma, sense and IELTS relevance require editorial review.	lexical_candidate	candidate_only	pdf	pdf:explicit-lexical-targets;pdf_page=47;section=explicit_underlined_pairs
Scholastic Success with Vocabulary, Grade 5	scholastic-success-vocabulary-grade-5	distort	distort			General vocabulary | explicit lexical targets	47	registry:scholastic-success-vocabulary-grade-5		Explicit printed word-bank, list, chart or label form only; lemma, sense and IELTS relevance require editorial review.	lexical_candidate	candidate_only	pdf	pdf:explicit-lexical-targets;pdf_page=47;section=explicit_underlined_pairs
Scholastic Success with Vocabulary, Grade 5	scholastic-success-vocabulary-grade-5	sanitize	sanitize			General vocabulary | explicit lexical targets	47	registry:scholastic-success-vocabulary-grade-5		Explicit printed word-bank, list, chart or label form only; lemma, sense and IELTS relevance require editorial review.	lexical_candidate	candidate_only	pdf	pdf:explicit-lexical-targets;pdf_page=47;section=explicit_underlined_pairs
Scholastic Success with Vocabulary, Grade 5	scholastic-success-vocabulary-grade-5	unprecedented	unprecedented			General vocabulary | explicit lexical targets	47	registry:scholastic-success-vocabulary-grade-5		Explicit printed word-bank, list, chart or label form only; lemma, sense and IELTS relevance require editorial review.	lexical_candidate	candidate_only	pdf	pdf:explicit-lexical-targets;pdf_page=47;section=explicit_underlined_pairs
Scholastic Success with Vocabulary, Grade 5	scholastic-success-vocabulary-grade-5	undaunted	undaunted			General vocabulary | explicit lexical targets	47	registry:scholastic-success-vocabulary-grade-5		Explicit printed word-bank, list, chart or label form only; lemma, sense and IELTS relevance require editorial review.	lexical_candidate	candidate_only	pdf	pdf:explicit-lexical-targets;pdf_page=47;section=explicit_underlined_pairs
Scholastic Success with Vocabulary, Grade 5	scholastic-success-vocabulary-grade-5	vivacious	vivacious			General vocabulary | explicit lexical targets	47	registry:scholastic-success-vocabulary-grade-5		Explicit printed word-bank, list, chart or label form only; lemma, sense and IELTS relevance require editorial review.	lexical_candidate	candidate_only	pdf	pdf:explicit-lexical-targets;pdf_page=47;section=explicit_underlined_pairs
Scholastic Success with Vocabulary, Grade 5	scholastic-success-vocabulary-grade-5	enhancement	enhancement			General vocabulary | explicit lexical targets	47	registry:scholastic-success-vocabulary-grade-5		Explicit printed word-bank, list, chart or label form only; lemma, sense and IELTS relevance require editorial review.	lexical_candidate	candidate_only	pdf	pdf:explicit-lexical-targets;pdf_page=47;section=explicit_underlined_pairs
Scholastic Success with Vocabulary, Grade 5	scholastic-success-vocabulary-grade-5	obstacle	obstacle			General vocabulary | explicit lexical targets	47	registry:scholastic-success-vocabulary-grade-5		Explicit printed word-bank, list, chart or label form only; lemma, sense and IELTS relevance require editorial review.	lexical_candidate	candidate_only	pdf	pdf:explicit-lexical-targets;pdf_page=47;section=explicit_underlined_pairs
Scholastic Success with Vocabulary, Grade 5	scholastic-success-vocabulary-grade-5	industrious	industrious			Antonyms | explicit lexical targets	52	registry:scholastic-success-vocabulary-grade-5		Explicit printed word-bank, list, chart or label form only; lemma, sense and IELTS relevance require editorial review.	lexical_candidate	candidate_only	pdf	pdf:explicit-lexical-targets;pdf_page=52;section=explicit_source_word_list
Scholastic Success with Vocabulary, Grade 5	scholastic-success-vocabulary-grade-5	lenient	lenient			Antonyms | explicit lexical targets	52	registry:scholastic-success-vocabulary-grade-5		Explicit printed word-bank, list, chart or label form only; lemma, sense and IELTS relevance require editorial review.	lexical_candidate	candidate_only	pdf	pdf:explicit-lexical-targets;pdf_page=52;section=explicit_source_word_list
Scholastic Success with Vocabulary, Grade 5	scholastic-success-vocabulary-grade-5	obscure	obscure			Antonyms | explicit lexical targets	52	registry:scholastic-success-vocabulary-grade-5		Explicit printed word-bank, list, chart or label form only; lemma, sense and IELTS relevance require editorial review.	lexical_candidate	candidate_only	pdf	pdf:explicit-lexical-targets;pdf_page=52;section=explicit_source_word_list
Scholastic Success with Vocabulary, Grade 5	scholastic-success-vocabulary-grade-5	graceful	graceful			Antonyms | explicit lexical targets	52	registry:scholastic-success-vocabulary-grade-5		Explicit printed word-bank, list, chart or label form only; lemma, sense and IELTS relevance require editorial review.	lexical_candidate	candidate_only	pdf	pdf:explicit-lexical-targets;pdf_page=52;section=explicit_source_word_list
Scholastic Success with Vocabulary, Grade 5	scholastic-success-vocabulary-grade-5	exterior	exterior			Antonyms | explicit lexical targets	52	registry:scholastic-success-vocabulary-grade-5		Explicit printed word-bank, list, chart or label form only; lemma, sense and IELTS relevance require editorial review.	lexical_candidate	candidate_only	pdf	pdf:explicit-lexical-targets;pdf_page=52;section=explicit_source_word_list
Scholastic Success with Vocabulary, Grade 5	scholastic-success-vocabulary-grade-5	courteous	courteous			Antonyms | explicit lexical targets	52	registry:scholastic-success-vocabulary-grade-5		Explicit printed word-bank, list, chart or label form only; lemma, sense and IELTS relevance require editorial review.	lexical_candidate	candidate_only	pdf	pdf:explicit-lexical-targets;pdf_page=52;section=explicit_source_word_list
Scholastic Success with Vocabulary, Grade 5	scholastic-success-vocabulary-grade-5	optimist	optimist			Antonyms | explicit lexical targets	52	registry:scholastic-success-vocabulary-grade-5		Explicit printed word-bank, list, chart or label form only; lemma, sense and IELTS relevance require editorial review.	lexical_candidate	candidate_only	pdf	pdf:explicit-lexical-targets;pdf_page=52;section=explicit_source_word_list
Scholastic Success with Vocabulary, Grade 5	scholastic-success-vocabulary-grade-5	hinder	hinder			Antonyms | explicit lexical targets	52	registry:scholastic-success-vocabulary-grade-5		Explicit printed word-bank, list, chart or label form only; lemma, sense and IELTS relevance require editorial review.	lexical_candidate	candidate_only	pdf	pdf:explicit-lexical-targets;pdf_page=52;section=explicit_source_word_list
Scholastic Success with Vocabulary, Grade 5	scholastic-success-vocabulary-grade-5	absurd	absurd			Antonyms | explicit lexical targets	52	registry:scholastic-success-vocabulary-grade-5		Explicit printed word-bank, list, chart or label form only; lemma, sense and IELTS relevance require editorial review.	lexical_candidate	candidate_only	pdf	pdf:explicit-lexical-targets;pdf_page=52;section=explicit_source_word_list
Scholastic Success with Vocabulary, Grade 5	scholastic-success-vocabulary-grade-5	accidental	accidental			Antonyms | explicit lexical targets	52	registry:scholastic-success-vocabulary-grade-5		Explicit printed word-bank, list, chart or label form only; lemma, sense and IELTS relevance require editorial review.	lexical_candidate	candidate_only	pdf	pdf:explicit-lexical-targets;pdf_page=52;section=explicit_source_word_list
Scholastic Success with Vocabulary, Grade 5	scholastic-success-vocabulary-grade-5	crucial	crucial			Antonyms | explicit lexical targets	52	registry:scholastic-success-vocabulary-grade-5		Explicit printed word-bank, list, chart or label form only; lemma, sense and IELTS relevance require editorial review.	lexical_candidate	candidate_only	pdf	pdf:explicit-lexical-targets;pdf_page=52;section=explicit_source_word_list
Scholastic Success with Vocabulary, Grade 5	scholastic-success-vocabulary-grade-5	attract	attract			Antonyms | explicit lexical targets	52	registry:scholastic-success-vocabulary-grade-5		Explicit printed word-bank, list, chart or label form only; lemma, sense and IELTS relevance require editorial review.	lexical_candidate	candidate_only	pdf	pdf:explicit-lexical-targets;pdf_page=52;section=explicit_source_word_list
Scholastic Success with Vocabulary, Grade 5	scholastic-success-vocabulary-grade-5	translucent	translucent			Antonyms | explicit lexical targets	52	registry:scholastic-success-vocabulary-grade-5		Explicit printed word-bank, list, chart or label form only; lemma, sense and IELTS relevance require editorial review.	lexical_candidate	candidate_only	pdf	pdf:explicit-lexical-targets;pdf_page=52;section=explicit_source_word_list
Scholastic Success with Vocabulary, Grade 5	scholastic-success-vocabulary-grade-5	maximum	maximum			Antonyms | explicit lexical targets	52	registry:scholastic-success-vocabulary-grade-5		Explicit printed word-bank, list, chart or label form only; lemma, sense and IELTS relevance require editorial review.	lexical_candidate	candidate_only	pdf	pdf:explicit-lexical-targets;pdf_page=52;section=explicit_source_word_list
Scholastic Success with Vocabulary, Grade 5	scholastic-success-vocabulary-grade-5	reduce	reduce			Antonyms | explicit lexical targets	52	registry:scholastic-success-vocabulary-grade-5		Explicit printed word-bank, list, chart or label form only; lemma, sense and IELTS relevance require editorial review.	lexical_candidate	candidate_only	pdf	pdf:explicit-lexical-targets;pdf_page=52;section=explicit_source_word_list
Scholastic Success with Vocabulary, Grade 5	scholastic-success-vocabulary-grade-5	major	major			Antonyms | explicit lexical targets	52	registry:scholastic-success-vocabulary-grade-5		Explicit printed word-bank, list, chart or label form only; lemma, sense and IELTS relevance require editorial review.	lexical_candidate	candidate_only	pdf	pdf:explicit-lexical-targets;pdf_page=52;section=explicit_source_word_list
Scholastic Success with Vocabulary, Grade 5	scholastic-success-vocabulary-grade-5	board	board			Homophones | explicit lexical targets	54	registry:scholastic-success-vocabulary-grade-5		Explicit printed word-bank, list, chart or label form only; lemma, sense and IELTS relevance require editorial review.	lexical_candidate	candidate_only	pdf	pdf:explicit-lexical-targets;pdf_page=54;section=explicit_homophone_box
Scholastic Success with Vocabulary, Grade 5	scholastic-success-vocabulary-grade-5	bored	bored			Homophones | explicit lexical targets	54	registry:scholastic-success-vocabulary-grade-5		Explicit printed word-bank, list, chart or label form only; lemma, sense and IELTS relevance require editorial review.	lexical_candidate	candidate_only	pdf	pdf:explicit-lexical-targets;pdf_page=54;section=explicit_homophone_box
Scholastic Success with Vocabulary, Grade 5	scholastic-success-vocabulary-grade-5	knows	knows			Homophones | explicit lexical targets	54	registry:scholastic-success-vocabulary-grade-5		Explicit printed word-bank, list, chart or label form only; lemma, sense and IELTS relevance require editorial review.	lexical_candidate	candidate_only	pdf	pdf:explicit-lexical-targets;pdf_page=54;section=explicit_homophone_box
Scholastic Success with Vocabulary, Grade 5	scholastic-success-vocabulary-grade-5	nose	nose			Homophones | explicit lexical targets	54	registry:scholastic-success-vocabulary-grade-5		Explicit printed word-bank, list, chart or label form only; lemma, sense and IELTS relevance require editorial review.	lexical_candidate	candidate_only	pdf	pdf:explicit-lexical-targets;pdf_page=54;section=explicit_homophone_box
Scholastic Success with Vocabulary, Grade 5	scholastic-success-vocabulary-grade-5	hour	hour			Homophones | explicit lexical targets	54	registry:scholastic-success-vocabulary-grade-5		Explicit printed word-bank, list, chart or label form only; lemma, sense and IELTS relevance require editorial review.	lexical_candidate	candidate_only	pdf	pdf:explicit-lexical-targets;pdf_page=54;section=explicit_homophone_box
Scholastic Success with Vocabulary, Grade 5	scholastic-success-vocabulary-grade-5	our	our			Homophones | explicit lexical targets	54	registry:scholastic-success-vocabulary-grade-5		Explicit printed word-bank, list, chart or label form only; lemma, sense and IELTS relevance require editorial review.	lexical_candidate	candidate_only	pdf	pdf:explicit-lexical-targets;pdf_page=54;section=explicit_homophone_box
Scholastic Success with Vocabulary, Grade 5	scholastic-success-vocabulary-grade-5	threw	threw			Homophones | explicit lexical targets	54	registry:scholastic-success-vocabulary-grade-5		Explicit printed word-bank, list, chart or label form only; lemma, sense and IELTS relevance require editorial review.	lexical_candidate	candidate_only	pdf	pdf:explicit-lexical-targets;pdf_page=54;section=explicit_homophone_box
Scholastic Success with Vocabulary, Grade 5	scholastic-success-vocabulary-grade-5	through	through			Homophones | explicit lexical targets	54	registry:scholastic-success-vocabulary-grade-5		Explicit printed word-bank, list, chart or label form only; lemma, sense and IELTS relevance require editorial review.	lexical_candidate	candidate_only	pdf	pdf:explicit-lexical-targets;pdf_page=54;section=explicit_homophone_box
Scholastic Success with Vocabulary, Grade 5	scholastic-success-vocabulary-grade-5	horse	horse			Homophones | explicit lexical targets	54	registry:scholastic-success-vocabulary-grade-5		Explicit printed word-bank, list, chart or label form only; lemma, sense and IELTS relevance require editorial review.	lexical_candidate	candidate_only	pdf	pdf:explicit-lexical-targets;pdf_page=54;section=explicit_homophone_box
Scholastic Success with Vocabulary, Grade 5	scholastic-success-vocabulary-grade-5	hoarse	hoarse			Homophones | explicit lexical targets	54	registry:scholastic-success-vocabulary-grade-5		Explicit printed word-bank, list, chart or label form only; lemma, sense and IELTS relevance require editorial review.	lexical_candidate	candidate_only	pdf	pdf:explicit-lexical-targets;pdf_page=54;section=explicit_homophone_box
Scholastic Success with Vocabulary, Grade 5	scholastic-success-vocabulary-grade-5	days	days			Homophones | explicit lexical targets	54	registry:scholastic-success-vocabulary-grade-5		Explicit printed word-bank, list, chart or label form only; lemma, sense and IELTS relevance require editorial review.	lexical_candidate	candidate_only	pdf	pdf:explicit-lexical-targets;pdf_page=54;section=explicit_homophone_box
Scholastic Success with Vocabulary, Grade 5	scholastic-success-vocabulary-grade-5	daze	daze			Homophones | explicit lexical targets	54	registry:scholastic-success-vocabulary-grade-5		Explicit printed word-bank, list, chart or label form only; lemma, sense and IELTS relevance require editorial review.	lexical_candidate	candidate_only	pdf	pdf:explicit-lexical-targets;pdf_page=54;section=explicit_homophone_box
Scholastic Success with Vocabulary, Grade 5	scholastic-success-vocabulary-grade-5	dessert	dessert			Homophones | explicit lexical targets	54	registry:scholastic-success-vocabulary-grade-5		Explicit printed word-bank, list, chart or label form only; lemma, sense and IELTS relevance require editorial review.	lexical_candidate	candidate_only	pdf	pdf:explicit-lexical-targets;pdf_page=54;section=explicit_homophone_box
Scholastic Success with Vocabulary, Grade 5	scholastic-success-vocabulary-grade-5	heel	heel			Homophones | explicit lexical targets	54	registry:scholastic-success-vocabulary-grade-5		Explicit printed word-bank, list, chart or label form only; lemma, sense and IELTS relevance require editorial review.	lexical_candidate	candidate_only	pdf	pdf:explicit-lexical-targets;pdf_page=54;section=explicit_homophone_box
Scholastic Success with Vocabulary, Grade 5	scholastic-success-vocabulary-grade-5	heal	heal			Homophones | explicit lexical targets	54	registry:scholastic-success-vocabulary-grade-5		Explicit printed word-bank, list, chart or label form only; lemma, sense and IELTS relevance require editorial review.	lexical_candidate	candidate_only	pdf	pdf:explicit-lexical-targets;pdf_page=54;section=explicit_homophone_box
Scholastic Success with Vocabulary, Grade 5	scholastic-success-vocabulary-grade-5	none	none			Homophones | explicit lexical targets	54	registry:scholastic-success-vocabulary-grade-5		Explicit printed word-bank, list, chart or label form only; lemma, sense and IELTS relevance require editorial review.	lexical_candidate	candidate_only	pdf	pdf:explicit-lexical-targets;pdf_page=54;section=explicit_homophone_box
Scholastic Success with Vocabulary, Grade 5	scholastic-success-vocabulary-grade-5	nun	nun			Homophones | explicit lexical targets	54	registry:scholastic-success-vocabulary-grade-5		Explicit printed word-bank, list, chart or label form only; lemma, sense and IELTS relevance require editorial review.	lexical_candidate	candidate_only	pdf	pdf:explicit-lexical-targets;pdf_page=54;section=explicit_homophone_box
Scholastic Success with Vocabulary, Grade 5	scholastic-success-vocabulary-grade-5	patients	patients			Homophones | explicit lexical targets	54	registry:scholastic-success-vocabulary-grade-5		Explicit printed word-bank, list, chart or label form only; lemma, sense and IELTS relevance require editorial review.	lexical_candidate	candidate_only	pdf	pdf:explicit-lexical-targets;pdf_page=54;section=explicit_homophone_box
Scholastic Success with Vocabulary, Grade 5	scholastic-success-vocabulary-grade-5	luminous	luminous			Context-clue targets | explicit lexical targets	58	registry:scholastic-success-vocabulary-grade-5		Explicit printed word-bank, list, chart or label form only; lemma, sense and IELTS relevance require editorial review.	lexical_candidate	candidate_only	pdf	pdf:explicit-lexical-targets;pdf_page=58;section=explicit_word_cloud
Scholastic Success with Vocabulary, Grade 5	scholastic-success-vocabulary-grade-5	gesture	gesture			Context-clue targets | explicit lexical targets	58	registry:scholastic-success-vocabulary-grade-5		Explicit printed word-bank, list, chart or label form only; lemma, sense and IELTS relevance require editorial review.	lexical_candidate	candidate_only	pdf	pdf:explicit-lexical-targets;pdf_page=58;section=explicit_word_cloud
Scholastic Success with Vocabulary, Grade 5	scholastic-success-vocabulary-grade-5	atmosphere	atmosphere			Context-clue targets | explicit lexical targets	58	registry:scholastic-success-vocabulary-grade-5		Explicit printed word-bank, list, chart or label form only; lemma, sense and IELTS relevance require editorial review.	lexical_candidate	candidate_only	pdf	pdf:explicit-lexical-targets;pdf_page=58;section=explicit_word_cloud
Scholastic Success with Vocabulary, Grade 5	scholastic-success-vocabulary-grade-5	formations	formations			Context-clue targets | explicit lexical targets	58	registry:scholastic-success-vocabulary-grade-5		Explicit printed word-bank, list, chart or label form only; lemma, sense and IELTS relevance require editorial review.	lexical_candidate	candidate_only	pdf	pdf:explicit-lexical-targets;pdf_page=58;section=explicit_word_cloud
Scholastic Success with Vocabulary, Grade 5	scholastic-success-vocabulary-grade-5	lethargic	lethargic			Context-clue targets | explicit lexical targets	58	registry:scholastic-success-vocabulary-grade-5		Explicit printed word-bank, list, chart or label form only; lemma, sense and IELTS relevance require editorial review.	lexical_candidate	candidate_only	pdf	pdf:explicit-lexical-targets;pdf_page=58;section=explicit_word_cloud
Scholastic Success with Vocabulary, Grade 5	scholastic-success-vocabulary-grade-5	temperature	temperature			Context-clue targets | explicit lexical targets	58	registry:scholastic-success-vocabulary-grade-5		Explicit printed word-bank, list, chart or label form only; lemma, sense and IELTS relevance require editorial review.	lexical_candidate	candidate_only	pdf	pdf:explicit-lexical-targets;pdf_page=58;section=explicit_word_cloud
Scholastic Success with Vocabulary, Grade 5	scholastic-success-vocabulary-grade-5	revive	revive			Context-clue targets | explicit lexical targets	58	registry:scholastic-success-vocabulary-grade-5		Explicit printed word-bank, list, chart or label form only; lemma, sense and IELTS relevance require editorial review.	lexical_candidate	candidate_only	pdf	pdf:explicit-lexical-targets;pdf_page=58;section=explicit_word_cloud
Scholastic Success with Vocabulary, Grade 5	scholastic-success-vocabulary-grade-5	treacherous	treacherous			Context-clue targets | explicit lexical targets	58	registry:scholastic-success-vocabulary-grade-5		Explicit printed word-bank, list, chart or label form only; lemma, sense and IELTS relevance require editorial review.	lexical_candidate	candidate_only	pdf	pdf:explicit-lexical-targets;pdf_page=58;section=explicit_word_cloud
Scholastic Success with Vocabulary, Grade 5	scholastic-success-vocabulary-grade-5	weak	weak			Synonyms | explicit lexical targets	62	registry:scholastic-success-vocabulary-grade-5		Explicit printed word-bank, list, chart or label form only; lemma, sense and IELTS relevance require editorial review.	lexical_candidate	candidate_only	pdf	pdf:explicit-lexical-targets;pdf_page=62;section=explicit_multiple_choice_targets
Scholastic Success with Vocabulary, Grade 5	scholastic-success-vocabulary-grade-5	abrasive	abrasive			Synonyms | explicit lexical targets	62	registry:scholastic-success-vocabulary-grade-5		Explicit printed word-bank, list, chart or label form only; lemma, sense and IELTS relevance require editorial review.	lexical_candidate	candidate_only	pdf	pdf:explicit-lexical-targets;pdf_page=62;section=explicit_multiple_choice_targets
Scholastic Success with Vocabulary, Grade 5	scholastic-success-vocabulary-grade-5	original	original			Synonyms | explicit lexical targets	62	registry:scholastic-success-vocabulary-grade-5		Explicit printed word-bank, list, chart or label form only; lemma, sense and IELTS relevance require editorial review.	lexical_candidate	candidate_only	pdf	pdf:explicit-lexical-targets;pdf_page=62;section=explicit_multiple_choice_targets
Scholastic Success with Vocabulary, Grade 5	scholastic-success-vocabulary-grade-5	natural phenomenon	natural phenomenon			Synonyms | explicit lexical targets	62	registry:scholastic-success-vocabulary-grade-5		Explicit printed word-bank, list, chart or label form only; lemma, sense and IELTS relevance require editorial review.	lexical_candidate	candidate_only	pdf	pdf:explicit-lexical-targets;pdf_page=62;section=explicit_multiple_choice_targets
Scholastic Success with Vocabulary, Grade 5	scholastic-success-vocabulary-grade-5	marvel	marvel			Synonyms | explicit lexical targets	62	registry:scholastic-success-vocabulary-grade-5		Explicit printed word-bank, list, chart or label form only; lemma, sense and IELTS relevance require editorial review.	lexical_candidate	candidate_only	pdf	pdf:explicit-lexical-targets;pdf_page=62;section=explicit_multiple_choice_targets
Scholastic Success with Vocabulary, Grade 5	scholastic-success-vocabulary-grade-5	performer	performer			Synonyms | explicit lexical targets	62	registry:scholastic-success-vocabulary-grade-5		Explicit printed word-bank, list, chart or label form only; lemma, sense and IELTS relevance require editorial review.	lexical_candidate	candidate_only	pdf	pdf:explicit-lexical-targets;pdf_page=62;section=explicit_multiple_choice_targets
Scholastic Success with Vocabulary, Grade 5	scholastic-success-vocabulary-grade-5	traveler	traveler			Synonyms | explicit lexical targets	62	registry:scholastic-success-vocabulary-grade-5		Explicit printed word-bank, list, chart or label form only; lemma, sense and IELTS relevance require editorial review.	lexical_candidate	candidate_only	pdf	pdf:explicit-lexical-targets;pdf_page=62;section=explicit_multiple_choice_targets
Scholastic Success with Vocabulary, Grade 5	scholastic-success-vocabulary-grade-5	food additive	food additive			Synonyms | explicit lexical targets	62	registry:scholastic-success-vocabulary-grade-5		Explicit printed word-bank, list, chart or label form only; lemma, sense and IELTS relevance require editorial review.	lexical_candidate	candidate_only	pdf	pdf:explicit-lexical-targets;pdf_page=62;section=explicit_multiple_choice_targets
Scholastic Success with Vocabulary, Grade 5	scholastic-success-vocabulary-grade-5	compatible group	compatible group			Synonyms | explicit lexical targets	62	registry:scholastic-success-vocabulary-grade-5		Explicit printed word-bank, list, chart or label form only; lemma, sense and IELTS relevance require editorial review.	lexical_candidate	candidate_only	pdf	pdf:explicit-lexical-targets;pdf_page=62;section=explicit_multiple_choice_targets
Scholastic Success with Vocabulary, Grade 5	scholastic-success-vocabulary-grade-5	noisy	noisy			Synonyms | explicit lexical targets	62	registry:scholastic-success-vocabulary-grade-5		Explicit printed word-bank, list, chart or label form only; lemma, sense and IELTS relevance require editorial review.	lexical_candidate	candidate_only	pdf	pdf:explicit-lexical-targets;pdf_page=62;section=explicit_multiple_choice_targets
Scholastic Success with Vocabulary, Grade 5	scholastic-success-vocabulary-grade-5	agreeable	agreeable			Synonyms | explicit lexical targets	62	registry:scholastic-success-vocabulary-grade-5		Explicit printed word-bank, list, chart or label form only; lemma, sense and IELTS relevance require editorial review.	lexical_candidate	candidate_only	pdf	pdf:explicit-lexical-targets;pdf_page=62;section=explicit_multiple_choice_targets
Scholastic Success with Vocabulary, Grade 5	scholastic-success-vocabulary-grade-5	related	related			Synonyms | explicit lexical targets	62	registry:scholastic-success-vocabulary-grade-5		Explicit printed word-bank, list, chart or label form only; lemma, sense and IELTS relevance require editorial review.	lexical_candidate	candidate_only	pdf	pdf:explicit-lexical-targets;pdf_page=62;section=explicit_multiple_choice_targets
Scholastic Success with Vocabulary, Grade 5	scholastic-success-vocabulary-grade-5	emphatic answer	emphatic answer			Synonyms | explicit lexical targets	62	registry:scholastic-success-vocabulary-grade-5		Explicit printed word-bank, list, chart or label form only; lemma, sense and IELTS relevance require editorial review.	lexical_candidate	candidate_only	pdf	pdf:explicit-lexical-targets;pdf_page=62;section=explicit_multiple_choice_targets
Scholastic Success with Vocabulary, Grade 5	scholastic-success-vocabulary-grade-5	sorrowful	sorrowful			Synonyms | explicit lexical targets	62	registry:scholastic-success-vocabulary-grade-5		Explicit printed word-bank, list, chart or label form only; lemma, sense and IELTS relevance require editorial review.	lexical_candidate	candidate_only	pdf	pdf:explicit-lexical-targets;pdf_page=62;section=explicit_multiple_choice_targets
Scholastic Success with Vocabulary, Grade 5	scholastic-success-vocabulary-grade-5	untruthful	untruthful			Synonyms | explicit lexical targets	62	registry:scholastic-success-vocabulary-grade-5		Explicit printed word-bank, list, chart or label form only; lemma, sense and IELTS relevance require editorial review.	lexical_candidate	candidate_only	pdf	pdf:explicit-lexical-targets;pdf_page=62;section=explicit_multiple_choice_targets
Scholastic Success with Vocabulary, Grade 5	scholastic-success-vocabulary-grade-5	fascinating	fascinating			Synonyms | explicit lexical targets	62	registry:scholastic-success-vocabulary-grade-5		Explicit printed word-bank, list, chart or label form only; lemma, sense and IELTS relevance require editorial review.	lexical_candidate	candidate_only	pdf	pdf:explicit-lexical-targets;pdf_page=62;section=explicit_multiple_choice_targets
Scholastic Success with Vocabulary, Grade 5	scholastic-success-vocabulary-grade-5	forceful	forceful			Synonyms | explicit lexical targets	62	registry:scholastic-success-vocabulary-grade-5		Explicit printed word-bank, list, chart or label form only; lemma, sense and IELTS relevance require editorial review.	lexical_candidate	candidate_only	pdf	pdf:explicit-lexical-targets;pdf_page=62;section=explicit_multiple_choice_targets
Scholastic Success with Vocabulary, Grade 5	scholastic-success-vocabulary-grade-5	impetuous decision	impetuous decision			Synonyms | explicit lexical targets	62	registry:scholastic-success-vocabulary-grade-5		Explicit printed word-bank, list, chart or label form only; lemma, sense and IELTS relevance require editorial review.	lexical_candidate	candidate_only	pdf	pdf:explicit-lexical-targets;pdf_page=62;section=explicit_multiple_choice_targets
Scholastic Success with Vocabulary, Grade 5	scholastic-success-vocabulary-grade-5	unwise	unwise			Synonyms | explicit lexical targets	62	registry:scholastic-success-vocabulary-grade-5		Explicit printed word-bank, list, chart or label form only; lemma, sense and IELTS relevance require editorial review.	lexical_candidate	candidate_only	pdf	pdf:explicit-lexical-targets;pdf_page=62;section=explicit_multiple_choice_targets
Scholastic Success with Vocabulary, Grade 5	scholastic-success-vocabulary-grade-5	clever	clever			Synonyms | explicit lexical targets	62	registry:scholastic-success-vocabulary-grade-5		Explicit printed word-bank, list, chart or label form only; lemma, sense and IELTS relevance require editorial review.	lexical_candidate	candidate_only	pdf	pdf:explicit-lexical-targets;pdf_page=62;section=explicit_multiple_choice_targets
Scholastic Success with Vocabulary, Grade 5	scholastic-success-vocabulary-grade-5	increase in revenue	increase in revenue			Synonyms | explicit lexical targets	62	registry:scholastic-success-vocabulary-grade-5		Explicit printed word-bank, list, chart or label form only; lemma, sense and IELTS relevance require editorial review.	lexical_candidate	candidate_only	pdf	pdf:explicit-lexical-targets;pdf_page=62;section=explicit_multiple_choice_targets
Scholastic Success with Vocabulary, Grade 5	scholastic-success-vocabulary-grade-5	garbage	garbage			Synonyms | explicit lexical targets	62	registry:scholastic-success-vocabulary-grade-5		Explicit printed word-bank, list, chart or label form only; lemma, sense and IELTS relevance require editorial review.	lexical_candidate	candidate_only	pdf	pdf:explicit-lexical-targets;pdf_page=62;section=explicit_multiple_choice_targets
Scholastic Success with Vocabulary, Grade 5	scholastic-success-vocabulary-grade-5	money	money			Synonyms | explicit lexical targets	62	registry:scholastic-success-vocabulary-grade-5		Explicit printed word-bank, list, chart or label form only; lemma, sense and IELTS relevance require editorial review.	lexical_candidate	candidate_only	pdf	pdf:explicit-lexical-targets;pdf_page=62;section=explicit_multiple_choice_targets
Scholastic Success with Vocabulary, Grade 5	scholastic-success-vocabulary-grade-5	sunlight	sunlight			Synonyms | explicit lexical targets	62	registry:scholastic-success-vocabulary-grade-5		Explicit printed word-bank, list, chart or label form only; lemma, sense and IELTS relevance require editorial review.	lexical_candidate	candidate_only	pdf	pdf:explicit-lexical-targets;pdf_page=62;section=explicit_multiple_choice_targets
Scholastic Success with Vocabulary, Grade 5	scholastic-success-vocabulary-grade-5	pottery	pottery			Synonyms | explicit lexical targets	62	registry:scholastic-success-vocabulary-grade-5		Explicit printed word-bank, list, chart or label form only; lemma, sense and IELTS relevance require editorial review.	lexical_candidate	candidate_only	pdf	pdf:explicit-lexical-targets;pdf_page=62;section=explicit_multiple_choice_targets
Scholastic Success with Vocabulary, Grade 5	scholastic-success-vocabulary-grade-5	arrogant attitude	arrogant attitude			Synonyms | explicit lexical targets	62	registry:scholastic-success-vocabulary-grade-5		Explicit printed word-bank, list, chart or label form only; lemma, sense and IELTS relevance require editorial review.	lexical_candidate	candidate_only	pdf	pdf:explicit-lexical-targets;pdf_page=62;section=explicit_multiple_choice_targets
Scholastic Success with Vocabulary, Grade 5	scholastic-success-vocabulary-grade-5	haughty	haughty			Synonyms | explicit lexical targets	62	registry:scholastic-success-vocabulary-grade-5		Explicit printed word-bank, list, chart or label form only; lemma, sense and IELTS relevance require editorial review.	lexical_candidate	candidate_only	pdf	pdf:explicit-lexical-targets;pdf_page=62;section=explicit_multiple_choice_targets
Scholastic Success with Vocabulary, Grade 5	scholastic-success-vocabulary-grade-5	tricky	tricky			Synonyms | explicit lexical targets	62	registry:scholastic-success-vocabulary-grade-5		Explicit printed word-bank, list, chart or label form only; lemma, sense and IELTS relevance require editorial review.	lexical_candidate	candidate_only	pdf	pdf:explicit-lexical-targets;pdf_page=62;section=explicit_multiple_choice_targets
Scholastic Success with Vocabulary, Grade 5	scholastic-success-vocabulary-grade-5	nervous	nervous			Synonyms | explicit lexical targets	62	registry:scholastic-success-vocabulary-grade-5		Explicit printed word-bank, list, chart or label form only; lemma, sense and IELTS relevance require editorial review.	lexical_candidate	candidate_only	pdf	pdf:explicit-lexical-targets;pdf_page=62;section=explicit_multiple_choice_targets
Scholastic Success with Vocabulary, Grade 5	scholastic-success-vocabulary-grade-5	insolent behavior	insolent behavior			Synonyms | explicit lexical targets	62	registry:scholastic-success-vocabulary-grade-5		Explicit printed word-bank, list, chart or label form only; lemma, sense and IELTS relevance require editorial review.	lexical_candidate	candidate_only	pdf	pdf:explicit-lexical-targets;pdf_page=62;section=explicit_multiple_choice_targets
Scholastic Success with Vocabulary, Grade 5	scholastic-success-vocabulary-grade-5	polite	polite			Synonyms | explicit lexical targets	62	registry:scholastic-success-vocabulary-grade-5		Explicit printed word-bank, list, chart or label form only; lemma, sense and IELTS relevance require editorial review.	lexical_candidate	candidate_only	pdf	pdf:explicit-lexical-targets;pdf_page=62;section=explicit_multiple_choice_targets
Scholastic Success with Vocabulary, Grade 5	scholastic-success-vocabulary-grade-5	substantial increase	substantial increase			Synonyms | explicit lexical targets	62	registry:scholastic-success-vocabulary-grade-5		Explicit printed word-bank, list, chart or label form only; lemma, sense and IELTS relevance require editorial review.	lexical_candidate	candidate_only	pdf	pdf:explicit-lexical-targets;pdf_page=62;section=explicit_multiple_choice_targets
Scholastic Success with Vocabulary, Grade 5	scholastic-success-vocabulary-grade-5	standard	standard			Synonyms | explicit lexical targets	62	registry:scholastic-success-vocabulary-grade-5		Explicit printed word-bank, list, chart or label form only; lemma, sense and IELTS relevance require editorial review.	lexical_candidate	candidate_only	pdf	pdf:explicit-lexical-targets;pdf_page=62;section=explicit_multiple_choice_targets
Scholastic Success with Vocabulary, Grade 5	scholastic-success-vocabulary-grade-5	significant	significant			Synonyms | explicit lexical targets	62	registry:scholastic-success-vocabulary-grade-5		Explicit printed word-bank, list, chart or label form only; lemma, sense and IELTS relevance require editorial review.	lexical_candidate	candidate_only	pdf	pdf:explicit-lexical-targets;pdf_page=62;section=explicit_multiple_choice_targets
Scholastic Success with Vocabulary, Grade 5	scholastic-success-vocabulary-grade-5	miniature	miniature			Synonyms | explicit lexical targets	62	registry:scholastic-success-vocabulary-grade-5		Explicit printed word-bank, list, chart or label form only; lemma, sense and IELTS relevance require editorial review.	lexical_candidate	candidate_only	pdf	pdf:explicit-lexical-targets;pdf_page=62;section=explicit_multiple_choice_targets
Scholastic Success with Vocabulary, Grade 5	scholastic-success-vocabulary-grade-5	wary approach	wary approach			Synonyms | explicit lexical targets	62	registry:scholastic-success-vocabulary-grade-5		Explicit printed word-bank, list, chart or label form only; lemma, sense and IELTS relevance require editorial review.	lexical_candidate	candidate_only	pdf	pdf:explicit-lexical-targets;pdf_page=62;section=explicit_multiple_choice_targets
Scholastic Success with Vocabulary, Grade 5	scholastic-success-vocabulary-grade-5	haphazard	haphazard			Synonyms | explicit lexical targets	62	registry:scholastic-success-vocabulary-grade-5		Explicit printed word-bank, list, chart or label form only; lemma, sense and IELTS relevance require editorial review.	lexical_candidate	candidate_only	pdf	pdf:explicit-lexical-targets;pdf_page=62;section=explicit_multiple_choice_targets
Scholastic Success with Vocabulary, Grade 5	scholastic-success-vocabulary-grade-5	watchful	watchful			Synonyms | explicit lexical targets	62	registry:scholastic-success-vocabulary-grade-5		Explicit printed word-bank, list, chart or label form only; lemma, sense and IELTS relevance require editorial review.	lexical_candidate	candidate_only	pdf	pdf:explicit-lexical-targets;pdf_page=62;section=explicit_multiple_choice_targets
Scholastic Success with Vocabulary, Grade 5	scholastic-success-vocabulary-grade-5	speedy	speedy			Synonyms | explicit lexical targets	62	registry:scholastic-success-vocabulary-grade-5		Explicit printed word-bank, list, chart or label form only; lemma, sense and IELTS relevance require editorial review.	lexical_candidate	candidate_only	pdf	pdf:explicit-lexical-targets;pdf_page=62;section=explicit_multiple_choice_targets
Scholastic Success with Vocabulary, Grade 5	scholastic-success-vocabulary-grade-5	bold	bold			Synonyms | explicit lexical targets	62	registry:scholastic-success-vocabulary-grade-5		Explicit printed word-bank, list, chart or label form only; lemma, sense and IELTS relevance require editorial review.	lexical_candidate	candidate_only	pdf	pdf:explicit-lexical-targets;pdf_page=62;section=explicit_multiple_choice_targets
Scholastic Success with Vocabulary, Grade 5	scholastic-success-vocabulary-grade-5	taunt	taunt			Synonyms | explicit lexical targets	62	registry:scholastic-success-vocabulary-grade-5		Explicit printed word-bank, list, chart or label form only; lemma, sense and IELTS relevance require editorial review.	lexical_candidate	candidate_only	pdf	pdf:explicit-lexical-targets;pdf_page=62;section=explicit_multiple_choice_targets
Scholastic Success with Vocabulary, Grade 5	scholastic-success-vocabulary-grade-5	tease	tease			Synonyms | explicit lexical targets	62	registry:scholastic-success-vocabulary-grade-5		Explicit printed word-bank, list, chart or label form only; lemma, sense and IELTS relevance require editorial review.	lexical_candidate	candidate_only	pdf	pdf:explicit-lexical-targets;pdf_page=62;section=explicit_multiple_choice_targets
Scholastic Success with Vocabulary, Grade 5	scholastic-success-vocabulary-grade-5	walk	walk			Synonyms | explicit lexical targets	62	registry:scholastic-success-vocabulary-grade-5		Explicit printed word-bank, list, chart or label form only; lemma, sense and IELTS relevance require editorial review.	lexical_candidate	candidate_only	pdf	pdf:explicit-lexical-targets;pdf_page=62;section=explicit_multiple_choice_targets
Scholastic Success with Vocabulary, Grade 5	scholastic-success-vocabulary-grade-5	feed	feed			Synonyms | explicit lexical targets	62	registry:scholastic-success-vocabulary-grade-5		Explicit printed word-bank, list, chart or label form only; lemma, sense and IELTS relevance require editorial review.	lexical_candidate	candidate_only	pdf	pdf:explicit-lexical-targets;pdf_page=62;section=explicit_multiple_choice_targets
Scholastic Success with Vocabulary, Grade 5	scholastic-success-vocabulary-grade-5	lead	lead			Synonyms | explicit lexical targets	62	registry:scholastic-success-vocabulary-grade-5		Explicit printed word-bank, list, chart or label form only; lemma, sense and IELTS relevance require editorial review.	lexical_candidate	candidate_only	pdf	pdf:explicit-lexical-targets;pdf_page=62;section=explicit_multiple_choice_targets
Scholastic Success with Vocabulary, Grade 5	scholastic-success-vocabulary-grade-5	remote island	remote island			Synonyms | explicit lexical targets	62	registry:scholastic-success-vocabulary-grade-5		Explicit printed word-bank, list, chart or label form only; lemma, sense and IELTS relevance require editorial review.	lexical_candidate	candidate_only	pdf	pdf:explicit-lexical-targets;pdf_page=62;section=explicit_multiple_choice_targets
Scholastic Success with Vocabulary, Grade 5	scholastic-success-vocabulary-grade-5	famous	famous			Synonyms | explicit lexical targets	62	registry:scholastic-success-vocabulary-grade-5		Explicit printed word-bank, list, chart or label form only; lemma, sense and IELTS relevance require editorial review.	lexical_candidate	candidate_only	pdf	pdf:explicit-lexical-targets;pdf_page=62;section=explicit_multiple_choice_targets
Scholastic Success with Vocabulary, Grade 5	scholastic-success-vocabulary-grade-5	superior	superior			Synonyms | explicit lexical targets	62	registry:scholastic-success-vocabulary-grade-5		Explicit printed word-bank, list, chart or label form only; lemma, sense and IELTS relevance require editorial review.	lexical_candidate	candidate_only	pdf	pdf:explicit-lexical-targets;pdf_page=62;section=explicit_multiple_choice_targets
Scholastic Success with Vocabulary, Grade 5	scholastic-success-vocabulary-grade-5	faraway	faraway			Synonyms | explicit lexical targets	62	registry:scholastic-success-vocabulary-grade-5		Explicit printed word-bank, list, chart or label form only; lemma, sense and IELTS relevance require editorial review.	lexical_candidate	candidate_only	pdf	pdf:explicit-lexical-targets;pdf_page=62;section=explicit_multiple_choice_targets
Scholastic Success with Vocabulary, Grade 5	scholastic-success-vocabulary-grade-5	nearby	nearby			Synonyms | explicit lexical targets	62	registry:scholastic-success-vocabulary-grade-5		Explicit printed word-bank, list, chart or label form only; lemma, sense and IELTS relevance require editorial review.	lexical_candidate	candidate_only	pdf	pdf:explicit-lexical-targets;pdf_page=62;section=explicit_multiple_choice_targets
Scholastic Success with Vocabulary, Grade 5	scholastic-success-vocabulary-grade-5	shrewd move	shrewd move			Synonyms | explicit lexical targets	62	registry:scholastic-success-vocabulary-grade-5		Explicit printed word-bank, list, chart or label form only; lemma, sense and IELTS relevance require editorial review.	lexical_candidate	candidate_only	pdf	pdf:explicit-lexical-targets;pdf_page=62;section=explicit_multiple_choice_targets
Scholastic Success with Vocabulary, Grade 5	scholastic-success-vocabulary-grade-5	gaudy	gaudy			Synonyms | explicit lexical targets	62	registry:scholastic-success-vocabulary-grade-5		Explicit printed word-bank, list, chart or label form only; lemma, sense and IELTS relevance require editorial review.	lexical_candidate	candidate_only	pdf	pdf:explicit-lexical-targets;pdf_page=62;section=explicit_multiple_choice_targets
Scholastic Success with Vocabulary, Grade 5	scholastic-success-vocabulary-grade-5	weary	weary			Synonyms | explicit lexical targets	62	registry:scholastic-success-vocabulary-grade-5		Explicit printed word-bank, list, chart or label form only; lemma, sense and IELTS relevance require editorial review.	lexical_candidate	candidate_only	pdf	pdf:explicit-lexical-targets;pdf_page=62;section=explicit_multiple_choice_targets
Scholastic Success with Vocabulary, Grade 5	scholastic-success-vocabulary-grade-5	formidable enemy	formidable enemy			Synonyms | explicit lexical targets	62	registry:scholastic-success-vocabulary-grade-5		Explicit printed word-bank, list, chart or label form only; lemma, sense and IELTS relevance require editorial review.	lexical_candidate	candidate_only	pdf	pdf:explicit-lexical-targets;pdf_page=62;section=explicit_multiple_choice_targets
Scholastic Success with Vocabulary, Grade 5	scholastic-success-vocabulary-grade-5	defeated	defeated			Synonyms | explicit lexical targets	62	registry:scholastic-success-vocabulary-grade-5		Explicit printed word-bank, list, chart or label form only; lemma, sense and IELTS relevance require editorial review.	lexical_candidate	candidate_only	pdf	pdf:explicit-lexical-targets;pdf_page=62;section=explicit_multiple_choice_targets
Scholastic Success with Vocabulary, Grade 5	scholastic-success-vocabulary-grade-5	frightening	frightening			Synonyms | explicit lexical targets	62	registry:scholastic-success-vocabulary-grade-5		Explicit printed word-bank, list, chart or label form only; lemma, sense and IELTS relevance require editorial review.	lexical_candidate	candidate_only	pdf	pdf:explicit-lexical-targets;pdf_page=62;section=explicit_multiple_choice_targets
Scholastic Success with Vocabulary, Grade 5	scholastic-success-vocabulary-grade-5	brave	brave			Synonyms | explicit lexical targets	62	registry:scholastic-success-vocabulary-grade-5		Explicit printed word-bank, list, chart or label form only; lemma, sense and IELTS relevance require editorial review.	lexical_candidate	candidate_only	pdf	pdf:explicit-lexical-targets;pdf_page=62;section=explicit_multiple_choice_targets
Scholastic Success with Vocabulary, Grade 5	scholastic-success-vocabulary-grade-5	emotionless	emotionless			Synonyms | explicit lexical targets	62	registry:scholastic-success-vocabulary-grade-5		Explicit printed word-bank, list, chart or label form only; lemma, sense and IELTS relevance require editorial review.	lexical_candidate	candidate_only	pdf	pdf:explicit-lexical-targets;pdf_page=62;section=explicit_multiple_choice_targets
Scholastic Success with Vocabulary, Grade 5	scholastic-success-vocabulary-grade-5	irate parent	irate parent			Synonyms | explicit lexical targets	62	registry:scholastic-success-vocabulary-grade-5		Explicit printed word-bank, list, chart or label form only; lemma, sense and IELTS relevance require editorial review.	lexical_candidate	candidate_only	pdf	pdf:explicit-lexical-targets;pdf_page=62;section=explicit_multiple_choice_targets
Scholastic Success with Vocabulary, Grade 5	scholastic-success-vocabulary-grade-5	angry	angry			Synonyms | explicit lexical targets	62	registry:scholastic-success-vocabulary-grade-5		Explicit printed word-bank, list, chart or label form only; lemma, sense and IELTS relevance require editorial review.	lexical_candidate	candidate_only	pdf	pdf:explicit-lexical-targets;pdf_page=62;section=explicit_multiple_choice_targets
Scholastic Success with Vocabulary, Grade 5	scholastic-success-vocabulary-grade-5	proud	proud			Synonyms | explicit lexical targets	62	registry:scholastic-success-vocabulary-grade-5		Explicit printed word-bank, list, chart or label form only; lemma, sense and IELTS relevance require editorial review.	lexical_candidate	candidate_only	pdf	pdf:explicit-lexical-targets;pdf_page=62;section=explicit_multiple_choice_targets
Scholastic Success with Vocabulary, Grade 5	scholastic-success-vocabulary-grade-5	strict	strict			Synonyms | explicit lexical targets	62	registry:scholastic-success-vocabulary-grade-5		Explicit printed word-bank, list, chart or label form only; lemma, sense and IELTS relevance require editorial review.	lexical_candidate	candidate_only	pdf	pdf:explicit-lexical-targets;pdf_page=62;section=explicit_multiple_choice_targets
Scholastic Success with Vocabulary, Grade 5	scholastic-success-vocabulary-grade-5	organism	organism			Science vocabulary | explicit lexical targets	64	registry:scholastic-success-vocabulary-grade-5		Explicit printed word-bank, list, chart or label form only; lemma, sense and IELTS relevance require editorial review.	lexical_candidate	candidate_only	pdf	pdf:explicit-lexical-targets;pdf_page=64;section=explicit_definition_terms
Scholastic Success with Vocabulary, Grade 5	scholastic-success-vocabulary-grade-5	scientific	scientific			Science vocabulary | explicit lexical targets	64	registry:scholastic-success-vocabulary-grade-5		Explicit printed word-bank, list, chart or label form only; lemma, sense and IELTS relevance require editorial review.	lexical_candidate	candidate_only	pdf	pdf:explicit-lexical-targets;pdf_page=64;section=explicit_definition_terms
Scholastic Success with Vocabulary, Grade 5	scholastic-success-vocabulary-grade-5	plants	plants			Science vocabulary | explicit lexical targets	64	registry:scholastic-success-vocabulary-grade-5		Explicit printed word-bank, list, chart or label form only; lemma, sense and IELTS relevance require editorial review.	lexical_candidate	candidate_only	pdf	pdf:explicit-lexical-targets;pdf_page=64;section=explicit_definition_terms
Scholastic Success with Vocabulary, Grade 5	scholastic-success-vocabulary-grade-5	nutrients	nutrients			Science vocabulary | explicit lexical targets	64	registry:scholastic-success-vocabulary-grade-5		Explicit printed word-bank, list, chart or label form only; lemma, sense and IELTS relevance require editorial review.	lexical_candidate	candidate_only	pdf	pdf:explicit-lexical-targets;pdf_page=64;section=explicit_definition_terms
Scholastic Success with Vocabulary, Grade 5	scholastic-success-vocabulary-grade-5	kingdom	kingdom			Science vocabulary | explicit lexical targets	64	registry:scholastic-success-vocabulary-grade-5		Explicit printed word-bank, list, chart or label form only; lemma, sense and IELTS relevance require editorial review.	lexical_candidate	candidate_only	pdf	pdf:explicit-lexical-targets;pdf_page=64;section=explicit_definition_terms
Scholastic Success with Vocabulary, Grade 5	scholastic-success-vocabulary-grade-5	highboy	highboy			Dictionary targets | explicit lexical targets	66	registry:scholastic-success-vocabulary-grade-5		Explicit printed word-bank, list, chart or label form only; lemma, sense and IELTS relevance require editorial review.	lexical_candidate	candidate_only	pdf	pdf:explicit-lexical-targets;pdf_page=66;section=explicit_numbered_headwords
Scholastic Success with Vocabulary, Grade 5	scholastic-success-vocabulary-grade-5	cicada	cicada			Dictionary targets | explicit lexical targets	66	registry:scholastic-success-vocabulary-grade-5		Explicit printed word-bank, list, chart or label form only; lemma, sense and IELTS relevance require editorial review.	lexical_candidate	candidate_only	pdf	pdf:explicit-lexical-targets;pdf_page=66;section=explicit_numbered_headwords
Scholastic Success with Vocabulary, Grade 5	scholastic-success-vocabulary-grade-5	borough	borough			Dictionary targets | explicit lexical targets	66	registry:scholastic-success-vocabulary-grade-5		Explicit printed word-bank, list, chart or label form only; lemma, sense and IELTS relevance require editorial review.	lexical_candidate	candidate_only	pdf	pdf:explicit-lexical-targets;pdf_page=66;section=explicit_numbered_headwords
Scholastic Success with Vocabulary, Grade 5	scholastic-success-vocabulary-grade-5	spar	spar			Dictionary targets | explicit lexical targets	66	registry:scholastic-success-vocabulary-grade-5		Explicit printed word-bank, list, chart or label form only; lemma, sense and IELTS relevance require editorial review.	lexical_candidate	candidate_only	pdf	pdf:explicit-lexical-targets;pdf_page=66;section=explicit_numbered_headwords
Scholastic Success with Vocabulary, Grade 5	scholastic-success-vocabulary-grade-5	bandicoot	bandicoot			Dictionary targets | explicit lexical targets	66	registry:scholastic-success-vocabulary-grade-5		Explicit printed word-bank, list, chart or label form only; lemma, sense and IELTS relevance require editorial review.	lexical_candidate	candidate_only	pdf	pdf:explicit-lexical-targets;pdf_page=66;section=explicit_numbered_headwords
Scholastic Success with Vocabulary, Grade 5	scholastic-success-vocabulary-grade-5	thesaurus	thesaurus			Dictionary targets | explicit lexical targets	66	registry:scholastic-success-vocabulary-grade-5		Explicit printed word-bank, list, chart or label form only; lemma, sense and IELTS relevance require editorial review.	lexical_candidate	candidate_only	pdf	pdf:explicit-lexical-targets;pdf_page=66;section=explicit_numbered_headwords
Scholastic Success with Vocabulary, Grade 5	scholastic-success-vocabulary-grade-5	periwinkle	periwinkle			Dictionary targets | explicit lexical targets	66	registry:scholastic-success-vocabulary-grade-5		Explicit printed word-bank, list, chart or label form only; lemma, sense and IELTS relevance require editorial review.	lexical_candidate	candidate_only	pdf	pdf:explicit-lexical-targets;pdf_page=66;section=explicit_numbered_headwords
Scholastic Success with Vocabulary, Grade 5	scholastic-success-vocabulary-grade-5	jonquil	jonquil			Dictionary targets | explicit lexical targets	66	registry:scholastic-success-vocabulary-grade-5		Explicit printed word-bank, list, chart or label form only; lemma, sense and IELTS relevance require editorial review.	lexical_candidate	candidate_only	pdf	pdf:explicit-lexical-targets;pdf_page=66;section=explicit_numbered_headwords
Scholastic Success with Vocabulary, Grade 5	scholastic-success-vocabulary-grade-5	stratosphere	stratosphere			Dictionary targets | explicit lexical targets	66	registry:scholastic-success-vocabulary-grade-5		Explicit printed word-bank, list, chart or label form only; lemma, sense and IELTS relevance require editorial review.	lexical_candidate	candidate_only	pdf	pdf:explicit-lexical-targets;pdf_page=66;section=explicit_numbered_headwords
Scholastic Success with Vocabulary, Grade 5	scholastic-success-vocabulary-grade-5	diva	diva			Dictionary targets | explicit lexical targets	66	registry:scholastic-success-vocabulary-grade-5		Explicit printed word-bank, list, chart or label form only; lemma, sense and IELTS relevance require editorial review.	lexical_candidate	candidate_only	pdf	pdf:explicit-lexical-targets;pdf_page=66;section=explicit_numbered_headwords
Scholastic Success with Vocabulary, Grade 5	scholastic-success-vocabulary-grade-5	strudel	strudel			Dictionary targets | explicit lexical targets	66	registry:scholastic-success-vocabulary-grade-5		Explicit printed word-bank, list, chart or label form only; lemma, sense and IELTS relevance require editorial review.	lexical_candidate	candidate_only	pdf	pdf:explicit-lexical-targets;pdf_page=66;section=explicit_numbered_headwords
Scholastic Success with Vocabulary, Grade 5	scholastic-success-vocabulary-grade-5	carburetor	carburetor			Dictionary targets | explicit lexical targets	66	registry:scholastic-success-vocabulary-grade-5		Explicit printed word-bank, list, chart or label form only; lemma, sense and IELTS relevance require editorial review.	lexical_candidate	candidate_only	pdf	pdf:explicit-lexical-targets;pdf_page=66;section=explicit_numbered_headwords
Scholastic Success with Vocabulary, Grade 5	scholastic-success-vocabulary-grade-5	obituary	obituary			Dictionary targets | explicit lexical targets	66	registry:scholastic-success-vocabulary-grade-5		Explicit printed word-bank, list, chart or label form only; lemma, sense and IELTS relevance require editorial review.	lexical_candidate	candidate_only	pdf	pdf:explicit-lexical-targets;pdf_page=66;section=explicit_numbered_headwords
Scholastic Success with Vocabulary, Grade 5	scholastic-success-vocabulary-grade-5	facade	facade			Dictionary targets | explicit lexical targets	66	registry:scholastic-success-vocabulary-grade-5		Explicit printed word-bank, list, chart or label form only; lemma, sense and IELTS relevance require editorial review.	lexical_candidate	candidate_only	pdf	pdf:explicit-lexical-targets;pdf_page=66;section=explicit_numbered_headwords
Scholastic Success with Vocabulary, Grade 5	scholastic-success-vocabulary-grade-5	chandelier	chandelier			Dictionary targets | explicit lexical targets	66	registry:scholastic-success-vocabulary-grade-5		Explicit printed word-bank, list, chart or label form only; lemma, sense and IELTS relevance require editorial review.	lexical_candidate	candidate_only	pdf	pdf:explicit-lexical-targets;pdf_page=66;section=explicit_numbered_headwords
Scholastic Success with Vocabulary, Grade 5	scholastic-success-vocabulary-grade-5	collaborate	collaborate			Root-word vocabulary | explicit lexical targets	71	registry:scholastic-success-vocabulary-grade-5		Explicit printed word-bank, list, chart or label form only; lemma, sense and IELTS relevance require editorial review.	lexical_candidate	candidate_only	pdf	pdf:explicit-lexical-targets;pdf_page=71;section=explicit_word_box
Scholastic Success with Vocabulary, Grade 5	scholastic-success-vocabulary-grade-5	physician	physician			Root-word vocabulary | explicit lexical targets	71	registry:scholastic-success-vocabulary-grade-5		Explicit printed word-bank, list, chart or label form only; lemma, sense and IELTS relevance require editorial review.	lexical_candidate	candidate_only	pdf	pdf:explicit-lexical-targets;pdf_page=71;section=explicit_word_box
Scholastic Success with Vocabulary, Grade 5	scholastic-success-vocabulary-grade-5	bankrupt	bankrupt			Root-word vocabulary | explicit lexical targets	71	registry:scholastic-success-vocabulary-grade-5		Explicit printed word-bank, list, chart or label form only; lemma, sense and IELTS relevance require editorial review.	lexical_candidate	candidate_only	pdf	pdf:explicit-lexical-targets;pdf_page=71;section=explicit_word_box
Scholastic Success with Vocabulary, Grade 5	scholastic-success-vocabulary-grade-5	command	command			Root-word vocabulary | explicit lexical targets	71	registry:scholastic-success-vocabulary-grade-5		Explicit printed word-bank, list, chart or label form only; lemma, sense and IELTS relevance require editorial review.	lexical_candidate	candidate_only	pdf	pdf:explicit-lexical-targets;pdf_page=71;section=explicit_word_box
Scholastic Success with Vocabulary, Grade 5	scholastic-success-vocabulary-grade-5	contradict	contradict			Root-word vocabulary | explicit lexical targets	71	registry:scholastic-success-vocabulary-grade-5		Explicit printed word-bank, list, chart or label form only; lemma, sense and IELTS relevance require editorial review.	lexical_candidate	candidate_only	pdf	pdf:explicit-lexical-targets;pdf_page=71;section=explicit_word_box
Scholastic Success with Vocabulary, Grade 5	scholastic-success-vocabulary-grade-5	dictation	dictation			Root-word vocabulary | explicit lexical targets	71	registry:scholastic-success-vocabulary-grade-5		Explicit printed word-bank, list, chart or label form only; lemma, sense and IELTS relevance require editorial review.	lexical_candidate	candidate_only	pdf	pdf:explicit-lexical-targets;pdf_page=71;section=explicit_word_box
Scholastic Success with Vocabulary, Grade 5	scholastic-success-vocabulary-grade-5	thermometer	thermometer			Root-word vocabulary | explicit lexical targets	71	registry:scholastic-success-vocabulary-grade-5		Explicit printed word-bank, list, chart or label form only; lemma, sense and IELTS relevance require editorial review.	lexical_candidate	candidate_only	pdf	pdf:explicit-lexical-targets;pdf_page=71;section=explicit_word_box
Scholastic Success with Vocabulary, Grade 5	scholastic-success-vocabulary-grade-5	laboratory	laboratory			Root-word vocabulary | explicit lexical targets	71	registry:scholastic-success-vocabulary-grade-5		Explicit printed word-bank, list, chart or label form only; lemma, sense and IELTS relevance require editorial review.	lexical_candidate	candidate_only	pdf	pdf:explicit-lexical-targets;pdf_page=71;section=explicit_word_box
Scholastic Success with Vocabulary, Grade 5	scholastic-success-vocabulary-grade-5	physical	physical			Root-word vocabulary | explicit lexical targets	71	registry:scholastic-success-vocabulary-grade-5		Explicit printed word-bank, list, chart or label form only; lemma, sense and IELTS relevance require editorial review.	lexical_candidate	candidate_only	pdf	pdf:explicit-lexical-targets;pdf_page=71;section=explicit_word_box
Scholastic Success with Vocabulary, Grade 5	scholastic-success-vocabulary-grade-5	demand	demand			Root-word vocabulary | explicit lexical targets	71	registry:scholastic-success-vocabulary-grade-5		Explicit printed word-bank, list, chart or label form only; lemma, sense and IELTS relevance require editorial review.	lexical_candidate	candidate_only	pdf	pdf:explicit-lexical-targets;pdf_page=71;section=explicit_word_box
Scholastic Success with Vocabulary, Grade 5	scholastic-success-vocabulary-grade-5	barometer	barometer			Root-word vocabulary | explicit lexical targets	71	registry:scholastic-success-vocabulary-grade-5		Explicit printed word-bank, list, chart or label form only; lemma, sense and IELTS relevance require editorial review.	lexical_candidate	candidate_only	pdf	pdf:explicit-lexical-targets;pdf_page=71;section=explicit_word_box
Scholastic Success with Vocabulary, Grade 5	scholastic-success-vocabulary-grade-5	secret	secret			Syllable and synonym targets | explicit lexical targets	73	registry:scholastic-success-vocabulary-grade-5		Explicit printed word-bank, list, chart or label form only; lemma, sense and IELTS relevance require editorial review.	lexical_candidate	candidate_only	pdf	pdf:explicit-lexical-targets;pdf_page=73;section=explicit_numbered_target_list
Scholastic Success with Vocabulary, Grade 5	scholastic-success-vocabulary-grade-5	autograph	autograph			Syllable and synonym targets | explicit lexical targets	73	registry:scholastic-success-vocabulary-grade-5		Explicit printed word-bank, list, chart or label form only; lemma, sense and IELTS relevance require editorial review.	lexical_candidate	candidate_only	pdf	pdf:explicit-lexical-targets;pdf_page=73;section=explicit_numbered_target_list
Scholastic Success with Vocabulary, Grade 5	scholastic-success-vocabulary-grade-5	leave behind	leave behind			Syllable and synonym targets | explicit lexical targets	73	registry:scholastic-success-vocabulary-grade-5		Explicit printed word-bank, list, chart or label form only; lemma, sense and IELTS relevance require editorial review.	lexical_candidate	candidate_only	pdf	pdf:explicit-lexical-targets;pdf_page=73;section=explicit_numbered_target_list
Scholastic Success with Vocabulary, Grade 5	scholastic-success-vocabulary-grade-5	rejoice	rejoice			Syllable and synonym targets | explicit lexical targets	73	registry:scholastic-success-vocabulary-grade-5		Explicit printed word-bank, list, chart or label form only; lemma, sense and IELTS relevance require editorial review.	lexical_candidate	candidate_only	pdf	pdf:explicit-lexical-targets;pdf_page=73;section=explicit_numbered_target_list
Scholastic Success with Vocabulary, Grade 5	scholastic-success-vocabulary-grade-5	leader	leader			Syllable and synonym targets | explicit lexical targets	73	registry:scholastic-success-vocabulary-grade-5		Explicit printed word-bank, list, chart or label form only; lemma, sense and IELTS relevance require editorial review.	lexical_candidate	candidate_only	pdf	pdf:explicit-lexical-targets;pdf_page=73;section=explicit_numbered_target_list
Scholastic Success with Vocabulary, Grade 5	scholastic-success-vocabulary-grade-5	pause	pause			Syllable and synonym targets | explicit lexical targets	73	registry:scholastic-success-vocabulary-grade-5		Explicit printed word-bank, list, chart or label form only; lemma, sense and IELTS relevance require editorial review.	lexical_candidate	candidate_only	pdf	pdf:explicit-lexical-targets;pdf_page=73;section=explicit_numbered_target_list
Scholastic Success with Vocabulary, Grade 5	scholastic-success-vocabulary-grade-5	youthful	youthful			Syllable and synonym targets | explicit lexical targets	73	registry:scholastic-success-vocabulary-grade-5		Explicit printed word-bank, list, chart or label form only; lemma, sense and IELTS relevance require editorial review.	lexical_candidate	candidate_only	pdf	pdf:explicit-lexical-targets;pdf_page=73;section=explicit_numbered_target_list
Scholastic Success with Vocabulary, Grade 5	scholastic-success-vocabulary-grade-5	observe	observe			Syllable and synonym targets | explicit lexical targets	73	registry:scholastic-success-vocabulary-grade-5		Explicit printed word-bank, list, chart or label form only; lemma, sense and IELTS relevance require editorial review.	lexical_candidate	candidate_only	pdf	pdf:explicit-lexical-targets;pdf_page=73;section=explicit_numbered_target_list
Scholastic Success with Vocabulary, Grade 5	scholastic-success-vocabulary-grade-5	forefather	forefather			Syllable and synonym targets | explicit lexical targets	73	registry:scholastic-success-vocabulary-grade-5		Explicit printed word-bank, list, chart or label form only; lemma, sense and IELTS relevance require editorial review.	lexical_candidate	candidate_only	pdf	pdf:explicit-lexical-targets;pdf_page=73;section=explicit_numbered_target_list
Scholastic Success with Vocabulary, Grade 5	scholastic-success-vocabulary-grade-5	understand	understand			Syllable and synonym targets | explicit lexical targets	73	registry:scholastic-success-vocabulary-grade-5		Explicit printed word-bank, list, chart or label form only; lemma, sense and IELTS relevance require editorial review.	lexical_candidate	candidate_only	pdf	pdf:explicit-lexical-targets;pdf_page=73;section=explicit_numbered_target_list
Scholastic Success with Vocabulary, Grade 5	scholastic-success-vocabulary-grade-5	podiatrist	podiatrist	noun		Careers | explicit lexical targets	75	registry:scholastic-success-vocabulary-grade-5		Explicit printed word-bank, list, chart or label form only; lemma, sense and IELTS relevance require editorial review.	lexical_candidate	candidate_only	pdf	pdf:explicit-lexical-targets;pdf_page=75;section=explicit_specialist_box
Scholastic Success with Vocabulary, Grade 5	scholastic-success-vocabulary-grade-5	radiologist	radiologist	noun		Careers | explicit lexical targets	75	registry:scholastic-success-vocabulary-grade-5		Explicit printed word-bank, list, chart or label form only; lemma, sense and IELTS relevance require editorial review.	lexical_candidate	candidate_only	pdf	pdf:explicit-lexical-targets;pdf_page=75;section=explicit_specialist_box
Scholastic Success with Vocabulary, Grade 5	scholastic-success-vocabulary-grade-5	cardiologist	cardiologist	noun		Careers | explicit lexical targets	75	registry:scholastic-success-vocabulary-grade-5		Explicit printed word-bank, list, chart or label form only; lemma, sense and IELTS relevance require editorial review.	lexical_candidate	candidate_only	pdf	pdf:explicit-lexical-targets;pdf_page=75;section=explicit_specialist_box
Scholastic Success with Vocabulary, Grade 5	scholastic-success-vocabulary-grade-5	orthopedist	orthopedist	noun		Careers | explicit lexical targets	75	registry:scholastic-success-vocabulary-grade-5		Explicit printed word-bank, list, chart or label form only; lemma, sense and IELTS relevance require editorial review.	lexical_candidate	candidate_only	pdf	pdf:explicit-lexical-targets;pdf_page=75;section=explicit_specialist_box
Scholastic Success with Vocabulary, Grade 5	scholastic-success-vocabulary-grade-5	neurologist	neurologist	noun		Careers | explicit lexical targets	75	registry:scholastic-success-vocabulary-grade-5		Explicit printed word-bank, list, chart or label form only; lemma, sense and IELTS relevance require editorial review.	lexical_candidate	candidate_only	pdf	pdf:explicit-lexical-targets;pdf_page=75;section=explicit_specialist_box
Scholastic Success with Vocabulary, Grade 5	scholastic-success-vocabulary-grade-5	pediatrician	pediatrician	noun		Careers | explicit lexical targets	75	registry:scholastic-success-vocabulary-grade-5		Explicit printed word-bank, list, chart or label form only; lemma, sense and IELTS relevance require editorial review.	lexical_candidate	candidate_only	pdf	pdf:explicit-lexical-targets;pdf_page=75;section=explicit_specialist_box
Scholastic Success with Vocabulary, Grade 5	scholastic-success-vocabulary-grade-5	otolaryngologist	otolaryngologist	noun		Careers | explicit lexical targets	75	registry:scholastic-success-vocabulary-grade-5		Explicit printed word-bank, list, chart or label form only; lemma, sense and IELTS relevance require editorial review.	lexical_candidate	candidate_only	pdf	pdf:explicit-lexical-targets;pdf_page=75;section=explicit_specialist_box
Scholastic Success with Vocabulary, Grade 5	scholastic-success-vocabulary-grade-5	pathologist	pathologist	noun		Careers | explicit lexical targets	75	registry:scholastic-success-vocabulary-grade-5		Explicit printed word-bank, list, chart or label form only; lemma, sense and IELTS relevance require editorial review.	lexical_candidate	candidate_only	pdf	pdf:explicit-lexical-targets;pdf_page=75;section=explicit_specialist_box
Scholastic Success with Vocabulary, Grade 5	scholastic-success-vocabulary-grade-5	nutritionist	nutritionist	noun		Careers | explicit lexical targets	75	registry:scholastic-success-vocabulary-grade-5		Explicit printed word-bank, list, chart or label form only; lemma, sense and IELTS relevance require editorial review.	lexical_candidate	candidate_only	pdf	pdf:explicit-lexical-targets;pdf_page=75;section=explicit_specialist_box
Scholastic Success with Vocabulary, Grade 5	scholastic-success-vocabulary-grade-5	pharmacist	pharmacist	noun		Careers | explicit lexical targets	75	registry:scholastic-success-vocabulary-grade-5		Explicit printed word-bank, list, chart or label form only; lemma, sense and IELTS relevance require editorial review.	lexical_candidate	candidate_only	pdf	pdf:explicit-lexical-targets;pdf_page=75;section=explicit_specialist_box
Scholastic Success with Vocabulary, Grade 5	scholastic-success-vocabulary-grade-5	ophthalmologist	ophthalmologist	noun		Careers | explicit lexical targets	75	registry:scholastic-success-vocabulary-grade-5		Explicit printed word-bank, list, chart or label form only; lemma, sense and IELTS relevance require editorial review.	lexical_candidate	candidate_only	pdf	pdf:explicit-lexical-targets;pdf_page=75;section=explicit_specialist_box
Scholastic Success with Vocabulary, Grade 5	scholastic-success-vocabulary-grade-5	tyranny	tyranny			Social studies vocabulary | explicit lexical targets	79	registry:scholastic-success-vocabulary-grade-5		Explicit printed word-bank, list, chart or label form only; lemma, sense and IELTS relevance require editorial review.	lexical_candidate	candidate_only	pdf	pdf:explicit-lexical-targets;pdf_page=79;section=explicit_word_list
Scholastic Success with Vocabulary, Grade 5	scholastic-success-vocabulary-grade-5	appoint	appoint			Social studies vocabulary | explicit lexical targets	79	registry:scholastic-success-vocabulary-grade-5		Explicit printed word-bank, list, chart or label form only; lemma, sense and IELTS relevance require editorial review.	lexical_candidate	candidate_only	pdf	pdf:explicit-lexical-targets;pdf_page=79;section=explicit_word_list
Scholastic Success with Vocabulary, Grade 5	scholastic-success-vocabulary-grade-5	senate	senate			Social studies vocabulary | explicit lexical targets	79	registry:scholastic-success-vocabulary-grade-5		Explicit printed word-bank, list, chart or label form only; lemma, sense and IELTS relevance require editorial review.	lexical_candidate	candidate_only	pdf	pdf:explicit-lexical-targets;pdf_page=79;section=explicit_word_list
Scholastic Success with Vocabulary, Grade 5	scholastic-success-vocabulary-grade-5	monarch	monarch			Social studies vocabulary | explicit lexical targets	79	registry:scholastic-success-vocabulary-grade-5		Explicit printed word-bank, list, chart or label form only; lemma, sense and IELTS relevance require editorial review.	lexical_candidate	candidate_only	pdf	pdf:explicit-lexical-targets;pdf_page=79;section=explicit_word_list
Scholastic Success with Vocabulary, Grade 5	scholastic-success-vocabulary-grade-5	judicial	judicial			Social studies vocabulary | explicit lexical targets	79	registry:scholastic-success-vocabulary-grade-5		Explicit printed word-bank, list, chart or label form only; lemma, sense and IELTS relevance require editorial review.	lexical_candidate	candidate_only	pdf	pdf:explicit-lexical-targets;pdf_page=79;section=explicit_word_list
Scholastic Success with Vocabulary, Grade 5	scholastic-success-vocabulary-grade-5	territory	territory			Social studies vocabulary | explicit lexical targets	79	registry:scholastic-success-vocabulary-grade-5		Explicit printed word-bank, list, chart or label form only; lemma, sense and IELTS relevance require editorial review.	lexical_candidate	candidate_only	pdf	pdf:explicit-lexical-targets;pdf_page=79;section=explicit_word_list
Scholastic Success with Vocabulary, Grade 5	scholastic-success-vocabulary-grade-5	elect	elect			Social studies vocabulary | explicit lexical targets	79	registry:scholastic-success-vocabulary-grade-5		Explicit printed word-bank, list, chart or label form only; lemma, sense and IELTS relevance require editorial review.	lexical_candidate	candidate_only	pdf	pdf:explicit-lexical-targets;pdf_page=79;section=explicit_word_list
Scholastic Success with Vocabulary, Grade 5	scholastic-success-vocabulary-grade-5	executive	executive			Social studies vocabulary | explicit lexical targets	79	registry:scholastic-success-vocabulary-grade-5		Explicit printed word-bank, list, chart or label form only; lemma, sense and IELTS relevance require editorial review.	lexical_candidate	candidate_only	pdf	pdf:explicit-lexical-targets;pdf_page=79;section=explicit_word_list
Scholastic Success with Vocabulary, Grade 5	scholastic-success-vocabulary-grade-5	president	president			Social studies vocabulary | explicit lexical targets	79	registry:scholastic-success-vocabulary-grade-5		Explicit printed word-bank, list, chart or label form only; lemma, sense and IELTS relevance require editorial review.	lexical_candidate	candidate_only	pdf	pdf:explicit-lexical-targets;pdf_page=79;section=explicit_word_list
Scholastic Success with Vocabulary, Grade 5	scholastic-success-vocabulary-grade-5	nation	nation			Social studies vocabulary | explicit lexical targets	79	registry:scholastic-success-vocabulary-grade-5		Explicit printed word-bank, list, chart or label form only; lemma, sense and IELTS relevance require editorial review.	lexical_candidate	candidate_only	pdf	pdf:explicit-lexical-targets;pdf_page=79;section=explicit_word_list
Scholastic Success with Vocabulary, Grade 5	scholastic-success-vocabulary-grade-5	legislative	legislative			Social studies vocabulary | explicit lexical targets	79	registry:scholastic-success-vocabulary-grade-5		Explicit printed word-bank, list, chart or label form only; lemma, sense and IELTS relevance require editorial review.	lexical_candidate	candidate_only	pdf	pdf:explicit-lexical-targets;pdf_page=79;section=explicit_word_list
Scholastic Success with Vocabulary, Grade 5	scholastic-success-vocabulary-grade-5	civil rights	civil rights			Social studies vocabulary | explicit lexical targets	79	registry:scholastic-success-vocabulary-grade-5		Explicit printed word-bank, list, chart or label form only; lemma, sense and IELTS relevance require editorial review.	lexical_candidate	candidate_only	pdf	pdf:explicit-lexical-targets;pdf_page=79;section=explicit_word_list
Scholastic Success with Vocabulary, Grade 5	scholastic-success-vocabulary-grade-5	cabinet	cabinet			Social studies vocabulary | explicit lexical targets	79	registry:scholastic-success-vocabulary-grade-5		Explicit printed word-bank, list, chart or label form only; lemma, sense and IELTS relevance require editorial review.	lexical_candidate	candidate_only	pdf	pdf:explicit-lexical-targets;pdf_page=79;section=explicit_word_list
Scholastic Success with Vocabulary, Grade 5	scholastic-success-vocabulary-grade-5	anarchy	anarchy			Social studies vocabulary | explicit lexical targets	79	registry:scholastic-success-vocabulary-grade-5		Explicit printed word-bank, list, chart or label form only; lemma, sense and IELTS relevance require editorial review.	lexical_candidate	candidate_only	pdf	pdf:explicit-lexical-targets;pdf_page=79;section=explicit_word_list
