id	headword	parts_of_speech	cefr_levels	primary_skill	mode	priority	prompt_status	teacher_approved_sense	image_status	proper_noun_sense_removed
collect-b3d0a844	collect	verb|verb phrase	A2|B1|B2	listening	context-scene	high	needs_teacher_approved_sense		pending	no
dull-738a85cf	dull	adjective	B1|B2|C1	listening	contrast-pair	high	needs_teacher_approved_sense		pending	no
fit-9c20b9ba	fit	adjective|noun|verb	A2|B1|B2|C1	writing	multi-sense-panel	high	needs_teacher_approved_sense		pending	no
medicine-ea5eb8e2	medicine	noun	A2|B1|B2	listening	object-or-context-scene	high	needs_teacher_approved_sense		pending	no
say-dc01c6b7	say	noun|verb	A1|A2|B1|C1	reading	multi-sense-panel	high	needs_teacher_approved_sense		pending	no
screen-35b19fa8	screen	noun|verb	A2|B1|B2	listening	multi-sense-panel	high	needs_teacher_approved_sense		pending	no
silver-f8248e12	silver	adjective|noun	A2|B1|B2	listening	multi-sense-panel	high	needs_teacher_approved_sense		pending	no
trip-fdd91fba	trip	noun|verb	A1|A2|B1|B2|C1	listening	multi-sense-panel	high	needs_teacher_approved_sense		pending	no
underground-105b8a8c	underground	adjective|adverb|noun	A2|B1|B2	listening	multi-sense-panel	high	needs_teacher_approved_sense		pending	no
accountant-4cd5edcd	accountant	noun	B1|B2	listening	object-or-context-scene	high	needs_teacher_approved_sense		pending	no
activity-0bf41704	activity	noun	A1|A2|B1	listening	concept-metaphor	high	needs_teacher_approved_sense		pending	no
advanced-e6285436	advanced	adjective	A2|B1	listening	contrast-pair	high	needs_teacher_approved_sense		pending	no
airport-6b5465bf	airport	noun	A1|A2|B1	listening	object-or-context-scene	high	needs_teacher_approved_sense		pending	no
amazing-5749570a	amazing	adjective	A1|A2|B1|B2	writing	contrast-pair	high	needs_teacher_approved_sense		pending	no
ancient-9c92ad25	ancient	adjective	A2|B1|B2	listening	contrast-pair	high	needs_teacher_approved_sense		pending	no
appointment-d93e8eec	appointment	noun	A2|B1	listening	concept-metaphor	high	needs_teacher_approved_sense		pending	no
architect-e58c93c4	architect	noun	A2|B1|B2	listening	object-or-context-scene	high	needs_teacher_approved_sense		pending	no
architecture-f380cbcd	architecture	noun	A2|B1|B2	listening	object-or-context-scene	high	needs_teacher_approved_sense		pending	no
arm-ed945d6b	arm	noun|verb	A1|A2|B1|C1	reading	multi-sense-panel	high	needs_teacher_approved_sense		pending	no
athlete-28225711	athlete	noun	A2|B1|B2	listening	object-or-context-scene	high	needs_teacher_approved_sense		pending	no
audience-a4930bb8	audience	noun	A2|B1|B2	listening	concept-metaphor	high	needs_teacher_approved_sense		pending	no
bank-bdd240c8	bank	noun	A1|A2|B1|B2	reading	object-or-context-scene	high	needs_teacher_approved_sense		pending	no
bark-cc86fbef	bark	noun|verb	B2|C1	listening	multi-sense-panel	high	needs_teacher_approved_sense		pending	no
baseball-a2c901c8	baseball	noun	A2|B1	listening	object-or-context-scene	high	needs_teacher_approved_sense		pending	no
basketball-468ee5cb	basketball	noun	A2|B1	listening	object-or-context-scene	high	needs_teacher_approved_sense		pending	no
bedroom-009e058c	bedroom	noun	A1|A2|B1	listening	object-or-context-scene	high	needs_teacher_approved_sense		pending	no
black-466bc8ce	black	adjective|noun	A1|A2|B1	listening	multi-sense-panel	high	needs_teacher_approved_sense		pending	no
blue-4c9a82ce	blue	adjective|noun	A1|A2|B1	listening	multi-sense-panel	high	needs_teacher_approved_sense		pending	no
board-9ea5e97d	board	noun|verb|verb phrase	A2|B1|B2	speaking	multi-sense-panel	high	needs_teacher_approved_sense		pending	no
boat-2a50ddf9	boat	noun	A1|A2|B1	listening	object-or-context-scene	high	needs_teacher_approved_sense		pending	no
boil-807a11e7	boil	verb	A2|B1|B2	reading	action-scene	high	needs_teacher_approved_sense		pending	no
borrow-72cd0a82	borrow	verb	A2|B1	listening	action-scene	high	needs_teacher_approved_sense		pending	no
bread-6ff291d8	bread	noun	A1|A2|B1	listening	object-or-context-scene	high	needs_teacher_approved_sense		pending	no
bridge-2fa1981b	bridge	noun	A2|B1	listening	object-or-context-scene	high	needs_teacher_approved_sense		pending	no
brown-9166eeff	brown	adjective|noun	A1|A2|B1	listening	multi-sense-panel	high	needs_teacher_approved_sense		pending	no
career-25f6f053	career	noun	A1|A2|B1|B2	reading	object-or-context-scene	high	needs_teacher_approved_sense		pending	no
cash-a34c860a	cash	noun|verb	A2|B1	listening	multi-sense-panel	high	needs_teacher_approved_sense		pending	no
castle-36e473c8	castle	noun	A2|B1	listening	object-or-context-scene	high	needs_teacher_approved_sense		pending	no
century-75a03fc2	century	noun	A1|A2|B1	listening	object-or-context-scene	high	needs_teacher_approved_sense		pending	no
cheap-fb8df41a	cheap	adjective|adverb	A1|A2|B1	listening	multi-sense-panel	high	needs_teacher_approved_sense		pending	no
cheese-bcef7a04	cheese	noun	A1|A2|B1	listening	object-or-context-scene	high	needs_teacher_approved_sense		pending	no
chemistry-822131fc	chemistry	noun	A2|B1|B2	listening	object-or-context-scene	high	needs_teacher_approved_sense		pending	no
chocolate-891c5fee	chocolate	noun	A1|A2|B1	listening	object-or-context-scene	high	needs_teacher_approved_sense		pending	no
class-8d767bf5	class	noun	A1|A2|B1	listening	object-or-context-scene	high	needs_teacher_approved_sense		pending	no
classical-4a19573b	classical	adjective	A2|B1|B2	writing	contrast-pair	high	needs_teacher_approved_sense		pending	no
classroom-be45c8f0	classroom	noun	A1|A2|B1	listening	object-or-context-scene	high	needs_teacher_approved_sense		pending	no
clear-168cbb2e	clear	adjective|verb	A2|B1|B2	writing	multi-sense-panel	high	needs_teacher_approved_sense		pending	no
coach-c63c8ec7	coach	noun|verb	A2|B1	listening	multi-sense-panel	high	needs_teacher_approved_sense		pending	no
cold-424fa439	cold	adjective|noun	A1|A2|B1	listening	multi-sense-panel	high	needs_teacher_approved_sense		pending	no
colleague-ace6752b	colleague	noun	A2|B1	listening	object-or-context-scene	high	needs_teacher_approved_sense		pending	no
college-d9c4e99a	college	noun	A1|A2|B1	listening	object-or-context-scene	high	needs_teacher_approved_sense		pending	no
comfortable-2b867d92	comfortable	adjective	A2|B1	listening	contrast-pair	high	needs_teacher_approved_sense		pending	no
competition-1b44f6dd	competition	noun	A2|B1	listening	concept-metaphor	high	needs_teacher_approved_sense		pending	no
compulsory-c66a1fd2	compulsory	adjective	B2|C1	listening	contrast-pair	high	needs_teacher_approved_sense		pending	no
concert-9ff2adb3	concert	noun	A1|A2|B1	listening	object-or-context-scene	high	needs_teacher_approved_sense		pending	no
confident-39a449bf	confident	adjective	B1|B2	listening	contrast-pair	high	needs_teacher_approved_sense		pending	no
cool-85d8d76b	cool	adjective|exclamation|verb	A1|A2|B1	listening	multi-sense-panel	high	needs_teacher_approved_sense		pending	no
customer-b39f008e	customer	noun	A1|A2|B1	listening	object-or-context-scene	high	needs_teacher_approved_sense		pending	no
dangerous-6e6ec3a6	dangerous	adjective	A1|A2|B1	listening	contrast-pair	high	needs_teacher_approved_sense		pending	no
dentist-e0f93756	dentist	noun	A2|B1	listening	object-or-context-scene	high	needs_teacher_approved_sense		pending	no
department-eb3c6269	department	noun	A2|B1	listening	concept-metaphor	high	needs_teacher_approved_sense		pending	no
dictionary-f18bfb74	dictionary	noun	A1|A2|B1	listening	object-or-context-scene	high	needs_teacher_approved_sense		pending	no
dry-ef926a85	dry	adjective|verb	A2|B1	listening	multi-sense-panel	high	needs_teacher_approved_sense		pending	no
economics-17a7fac7	economics	noun	B1|B2	listening	object-or-context-scene	high	needs_teacher_approved_sense		pending	no
efficient-8527edb7	efficient	adjective	B1|B2	listening	contrast-pair	high	needs_teacher_approved_sense		pending	no
end-up-8ab18c8f	end up	phrasal verb|verb|verb phrase	B1|B2|C1	reading	context-scene	high	needs_teacher_approved_sense		pending	no
engineer-8d7050ff	engineer	noun	A2|B1	listening	object-or-context-scene	high	needs_teacher_approved_sense		pending	no
entrance-df33994d	entrance	noun	A2|B1	listening	concept-metaphor	high	needs_teacher_approved_sense		pending	no
exciting-29324637	exciting	adjective	A1|A2|B1	listening	contrast-pair	high	needs_teacher_approved_sense		pending	no
exhibition-bf0d88b0	exhibition	noun	A2|B1	listening	concept-metaphor	high	needs_teacher_approved_sense		pending	no
expensive-e0d587ce	expensive	adjective	A1|A2|B1	listening	contrast-pair	high	needs_teacher_approved_sense		pending	no
family-c33f059b	family	adjective|noun	A1|A2|B1	listening	multi-sense-panel	high	needs_teacher_approved_sense		pending	no
fat-5b5fb1c9	fat	adjective|noun	A1|A2|B1|B2	writing	multi-sense-panel	high	needs_teacher_approved_sense		pending	no
festival-f1143089	festival	noun	A1|A2|B1	listening	object-or-context-scene	high	needs_teacher_approved_sense		pending	no
field-2da0b68d	field	noun	A2|B1	listening	object-or-context-scene	high	needs_teacher_approved_sense		pending	no
fine-2a1b875b	fine	adjective|noun|verb	A1|A2|B1|C1	writing	multi-sense-panel	high	needs_teacher_approved_sense		pending	no
fish-64875fcc	fish	noun|verb	A1|A2|B1	listening	multi-sense-panel	high	needs_teacher_approved_sense		pending	no
flexible-ac6636e3	flexible	adjective	B2|C1	listening	contrast-pair	high	needs_teacher_approved_sense		pending	no
flower-5a46b825	flower	noun	A1|A2|B1	listening	object-or-context-scene	high	needs_teacher_approved_sense		pending	no
forest-0bcd9af7	forest	noun	A2|B1	listening	object-or-context-scene	high	needs_teacher_approved_sense		pending	no
fruit-f053b8b6	fruit	noun	A1|A2|B1	listening	object-or-context-scene	high	needs_teacher_approved_sense		pending	no
garden-b1ade531	garden	noun	A1|A2|B1	listening	object-or-context-scene	high	needs_teacher_approved_sense		pending	no
glass-170fd7e8	glass	adjective|noun	A1|A2|B1	listening	multi-sense-panel	high	needs_teacher_approved_sense		pending	no
golf-e53d92ca	golf	noun	A2|B1	listening	object-or-context-scene	high	needs_teacher_approved_sense		pending	no
green-bc74f4f0	green	adjective|noun	A1|A2|B1	listening	multi-sense-panel	high	needs_teacher_approved_sense		pending	no
grey-7d1f8f91	grey	adjective|noun	A1|A2|B1	listening	multi-sense-panel	high	needs_teacher_approved_sense		pending	no
guest-35675e68	guest	noun	A2|B1	listening	object-or-context-scene	high	needs_teacher_approved_sense		pending	no
gym-21d28631	gym	noun	A1|B1|B2	listening	object-or-context-scene	high	needs_teacher_approved_sense		pending	no
helicopter-5bf05988	helicopter	noun	A2|B1	listening	object-or-context-scene	high	needs_teacher_approved_sense		pending	no
hill-5ce9c4df	hill	noun	A2|B1	listening	object-or-context-scene	high	needs_teacher_approved_sense		pending	no
hit-d7d390bd	hit	noun|verb	A2|B1|B2	reading	multi-sense-panel	high	needs_teacher_approved_sense		pending	no
hockey-f2847b1b	hockey	noun	A2|B1	listening	object-or-context-scene	high	needs_teacher_approved_sense		pending	no
hospital-2b2d005e	hospital	noun	A1|A2|B1	listening	object-or-context-scene	high	needs_teacher_approved_sense		pending	no
hot-4bd8edda	hot	adjective	A1|A2|B1	listening	contrast-pair	high	needs_teacher_approved_sense		pending	no
hunt-8c72b58e	hunt	noun|verb	B1|B2	listening	multi-sense-panel	high	needs_teacher_approved_sense		pending	no
indoor-227980c2	indoor	adjective	A2|B1|C1	writing	contrast-pair	high	needs_teacher_approved_sense		pending	no
international-4ff75f80	international	adjective	A2|B1	listening	contrast-pair	high	needs_teacher_approved_sense		pending	no
island-7bd1a907	island	noun	A1|A2|B1	listening	object-or-context-scene	high	needs_teacher_approved_sense		pending	no
journalist-4c7c6120	journalist	noun	A2|B1|B2	reading	object-or-context-scene	high	needs_teacher_approved_sense		pending	no
just-d95b79cf	just	adjective|adverb	A1|A2|B1|C1	writing	multi-sense-panel	high	needs_teacher_approved_sense		pending	no
kitchen-2f56c0ac	kitchen	noun	A1|A2|B1	listening	object-or-context-scene	high	needs_teacher_approved_sense		pending	no
lake-f3c45b69	lake	noun	A2|B1	listening	object-or-context-scene	high	needs_teacher_approved_sense		pending	no
laptop-e068381b	laptop	noun	A2|B1	listening	object-or-context-scene	high	needs_teacher_approved_sense		pending	no
last-213ed3ea	last	adjective|adverb|determiner|noun|verb|verb phrase	A1|A2|B1|B2	speaking	multi-sense-panel	high	needs_teacher_approved_sense		pending	no
law-c660f2f3	law	noun	A2|B1|B2	listening	object-or-context-scene	high	needs_teacher_approved_sense		pending	no
learn-7dca5d4c	learn	verb	A1|A2|B1	listening	action-scene	high	needs_teacher_approved_sense		pending	no
leather-79acf534	leather	adjective|noun	A2|B1	listening	multi-sense-panel	high	needs_teacher_approved_sense		pending	no
lecture-af09e2fc	lecture	noun|verb	A2|B1|B2	listening	multi-sense-panel	high	needs_teacher_approved_sense		pending	no
lecturer-1dfbba5b	lecturer	noun	B1|B2|C1	listening	object-or-context-scene	high	needs_teacher_approved_sense		pending	no
library-00299a40	library	noun	A1|A2|B1	listening	object-or-context-scene	high	needs_teacher_approved_sense		pending	no
light-dfccc06f	light	adjective|noun|verb	A1|A2|B1	listening	multi-sense-panel	high	needs_teacher_approved_sense		pending	no
lion-eaf14a01	lion	noun	A1|A2|B1	listening	object-or-context-scene	high	needs_teacher_approved_sense		pending	no
literature-efa0c129	literature	noun	B1|B2	listening	object-or-context-scene	high	needs_teacher_approved_sense		pending	no
local-939bb46a	local	adjective|noun	A1|B1|B2|C1	writing	multi-sense-panel	high	needs_teacher_approved_sense		pending	no
lorry-ce2d18b9	lorry	noun	A2|B1	listening	object-or-context-scene	high	needs_teacher_approved_sense		pending	no
lose-4db924a2	lose	verb|verb phrase	A1|A2|B1|B2	speaking	context-scene	high	needs_teacher_approved_sense		pending	no
manager-1a8565a9	manager	noun	A2|B1	listening	object-or-context-scene	high	needs_teacher_approved_sense		pending	no
match-ef5c844e	match	noun|verb|verb phrase	A1|A2|B1|B2	speaking	multi-sense-panel	high	needs_teacher_approved_sense		pending	no
meal-8504d96b	meal	noun	A1|A2|B1	listening	object-or-context-scene	high	needs_teacher_approved_sense		pending	no
mean-5f00f7a0	mean	adjective|verb	A1|A2|B1|B2	writing	multi-sense-panel	high	needs_teacher_approved_sense		pending	no
meat-bb40f75a	meat	noun	A1|A2|B1	listening	object-or-context-scene	high	needs_teacher_approved_sense		pending	no
midnight-62b487bc	midnight	noun	A1|A2|B1	listening	object-or-context-scene	high	needs_teacher_approved_sense		pending	no
mild-021c64fe	mild	adjective	B1|B2|C1	writing	contrast-pair	high	needs_teacher_approved_sense		pending	no
milk-cf5dbf0e	milk	noun	A1|A2|B1	listening	object-or-context-scene	high	needs_teacher_approved_sense		pending	no
minute-04987fca	minute	adjective|noun	A1|A2|B1|C1	writing	multi-sense-panel	high	needs_teacher_approved_sense		pending	no
mountain-d79ac4a2	mountain	noun	A1|A2|B1	listening	object-or-context-scene	high	needs_teacher_approved_sense		pending	no
museum-5019bac9	museum	noun	A1|A2|B1	listening	object-or-context-scene	high	needs_teacher_approved_sense		pending	no
neighbour-b8a81885	neighbour	noun	A1|A2|B1|B2	reading	object-or-context-scene	high	needs_teacher_approved_sense		pending	no
newspaper-29cf0a63	newspaper	noun	A1|A2|B1	listening	object-or-context-scene	high	needs_teacher_approved_sense		pending	no
occupation-75afa872	occupation	noun	A2|B1|B2	listening	concept-metaphor	high	needs_teacher_approved_sense		pending	no
opera-6feda84d	opera	noun	A2|B1|B2	listening	object-or-context-scene	high	needs_teacher_approved_sense		pending	no
orange-ef0ebbb7	orange	adjective|noun	A1|A2|B1	listening	multi-sense-panel	high	needs_teacher_approved_sense		pending	no
order-cce55e43	order	conjunction|noun|verb	A1|A2|B1	listening	multi-sense-panel	high	needs_teacher_approved_sense		pending	no
paper-950593b1	paper	adjective|noun	A1|A2|B1	listening	multi-sense-panel	high	needs_teacher_approved_sense		pending	no
park-ce4151ff	park	noun|verb	A1|A2|B1	listening	multi-sense-panel	high	needs_teacher_approved_sense		pending	no
pass-9d4e1e23	pass	noun|verb|verb phrase	A2|B1|B2	speaking	multi-sense-panel	high	needs_teacher_approved_sense		pending	no
passenger-55fc4ba8	passenger	noun	A2|B1	listening	object-or-context-scene	high	needs_teacher_approved_sense		pending	no
pencil-d2fc5124	pencil	noun	A1|A2|B1	listening	object-or-context-scene	high	needs_teacher_approved_sense		pending	no
permanent-8699f2b0	permanent	adjective	B1|B2	listening	contrast-pair	high	needs_teacher_approved_sense		pending	no
photography-9aa15b5b	photography	noun	A2|B1	listening	object-or-context-scene	high	needs_teacher_approved_sense		pending	no
pilot-eec7121e	pilot	noun	A2|B1	listening	object-or-context-scene	high	needs_teacher_approved_sense		pending	no
pink-b0f7f128	pink	adjective|noun	A1|A2|B1	listening	multi-sense-panel	high	needs_teacher_approved_sense		pending	no
pitch-5bfb7116	pitch	noun	B1|B2	listening	object-or-context-scene	high	needs_teacher_approved_sense		pending	no
plastic-141a29d5	plastic	adjective|noun	A2|B1	listening	multi-sense-panel	high	needs_teacher_approved_sense		pending	no
platform-3c72abbe	platform	noun	A2|B1	listening	object-or-context-scene	high	needs_teacher_approved_sense		pending	no
plot-0fee558e	plot	noun|verb	B1|B2|C1	reading	multi-sense-panel	high	needs_teacher_approved_sense		pending	no
pop-4f197c99	pop	adjective|noun|verb	A2|B1|C1	writing	multi-sense-panel	high	needs_teacher_approved_sense		pending	no
practice-e17674f7	practice	noun	A1|A2|B1	listening	object-or-context-scene	high	needs_teacher_approved_sense		pending	no
prize-92969bb9	prize	noun	A2|B1	listening	object-or-context-scene	high	needs_teacher_approved_sense		pending	no
purple-afaed754	purple	adjective|noun	A1|A2|B1	listening	multi-sense-panel	high	needs_teacher_approved_sense		pending	no
radio-d432c352	radio	noun	A1|A2|B1	listening	object-or-context-scene	high	needs_teacher_approved_sense		pending	no
red-78988010	red	adjective|noun	A1|A2|B1	listening	multi-sense-panel	high	needs_teacher_approved_sense		pending	no
reliable-c5e8cfa7	reliable	adjective	B1|B2	listening	contrast-pair	high	needs_teacher_approved_sense		pending	no
rent-511bd3eb	rent	noun|verb	A2|B1	listening	multi-sense-panel	high	needs_teacher_approved_sense		pending	no
restaurant-32ac991d	restaurant	noun	A1|A2|B1	listening	object-or-context-scene	high	needs_teacher_approved_sense		pending	no
review-61e62b21	review	noun|verb	A2|B1|B2	listening	multi-sense-panel	high	needs_teacher_approved_sense		pending	no
rice-6939278d	rice	noun	A1|A2|B1	listening	object-or-context-scene	high	needs_teacher_approved_sense		pending	no
river-08fbe5a2	river	noun	A1|A2|B1	listening	object-or-context-scene	high	needs_teacher_approved_sense		pending	no
rock-38464bf0	rock	noun|verb	A2|B1|C1	reading	multi-sense-panel	high	needs_teacher_approved_sense		pending	no
safe-bf31c52c	safe	adjective	A2|B1	listening	contrast-pair	high	needs_teacher_approved_sense		pending	no
secondary-e059fc69	secondary	adjective	B1|B2	listening	contrast-pair	high	needs_teacher_approved_sense		pending	no
secretary-9248e701	secretary	noun	A2|B1	listening	object-or-context-scene	high	needs_teacher_approved_sense		pending	no
slice-0a5228e6	slice	noun|verb	A2|B1|B2	reading	multi-sense-panel	high	needs_teacher_approved_sense		pending	no
sound-5e2e97c3	sound	adjective|noun|verb	A1|A2|B1|C1	writing	multi-sense-panel	high	needs_teacher_approved_sense		pending	no
space-0803df4f	space	noun	A1|A2|B1|B2	reading	object-or-context-scene	high	needs_teacher_approved_sense		pending	no
spell-9e8fbda8	spell	noun|verb	A1|A2|B1|C1	reading	multi-sense-panel	high	needs_teacher_approved_sense		pending	no
square-bfed89e8	square	adjective|noun	A2|B1	listening	multi-sense-panel	high	needs_teacher_approved_sense		pending	no
stadium-1fd68898	stadium	noun	A2|B1	listening	object-or-context-scene	high	needs_teacher_approved_sense		pending	no
staff-6ccb4b7c	staff	noun	A2|B1	listening	object-or-context-scene	high	needs_teacher_approved_sense		pending	no
stamp-bf8f8058	stamp	noun|verb	A2|B1|C1	reading	multi-sense-panel	high	needs_teacher_approved_sense		pending	no
steal-b07df62b	steal	verb	A2|B1|B2	reading	action-scene	high	needs_teacher_approved_sense		pending	no
storm-6ad3a947	storm	noun	A2|B1	listening	object-or-context-scene	high	needs_teacher_approved_sense		pending	no
straight-6ec09feb	straight	adjective|adverb	A2|B1	listening	multi-sense-panel	high	needs_teacher_approved_sense		pending	no
street-d3a9fb07	street	noun	A1|A2|B1	listening	object-or-context-scene	high	needs_teacher_approved_sense		pending	no
stress-165bd364	stress	noun|verb	A2|B1|B2	listening	multi-sense-panel	high	needs_teacher_approved_sense		pending	no
suit-338ad11a	suit	noun|verb|verb phrase	A2|B1|B2	speaking	multi-sense-panel	high	needs_teacher_approved_sense		pending	no
support-5bdcd3c0	support	noun|verb|verb phrase	A2|B1|B2	listening	multi-sense-panel	high	needs_teacher_approved_sense		pending	no
taxi-4d82205a	taxi	noun	A1|A2|B1	listening	object-or-context-scene	high	needs_teacher_approved_sense		pending	no
team-d25187dc	team	noun	A1|A2|B1	listening	object-or-context-scene	high	needs_teacher_approved_sense		pending	no
television-60085763	television	noun	A1|A2|B1	listening	concept-metaphor	high	needs_teacher_approved_sense		pending	no
temperature-7033e90f	temperature	noun	A2|B1	listening	object-or-context-scene	high	needs_teacher_approved_sense		pending	no
temporary-dcdc8b2d	temporary	adjective	B1|B2	listening	contrast-pair	high	needs_teacher_approved_sense		pending	no
tennis-9c881bdb	tennis	noun	A1|A2|B1	listening	object-or-context-scene	high	needs_teacher_approved_sense		pending	no
term-2a4c3b84	term	noun|verb	A2|B1|B2	reading	multi-sense-panel	high	needs_teacher_approved_sense		pending	no
textbook-796bee18	textbook	noun	B1|B2	listening	object-or-context-scene	high	needs_teacher_approved_sense		pending	no
theatre-dcbed361	theatre	noun	A1|A2|B1	listening	object-or-context-scene	high	needs_teacher_approved_sense		pending	no
top-af2c7b4c	top	adjective|noun|verb	A2|B1|C1	writing	multi-sense-panel	high	needs_teacher_approved_sense		pending	no
total-5a537e20	total	adjective|noun|verb	A2|B1|C1	writing	multi-sense-panel	high	needs_teacher_approved_sense		pending	no
tourist-3f2c9248	tourist	noun	A1|A2|B1	listening	object-or-context-scene	high	needs_teacher_approved_sense		pending	no
train-94efdd6f	train	noun|verb	A1|A2|B1	listening	multi-sense-panel	high	needs_teacher_approved_sense		pending	no
umbrella-3ff95ac9	umbrella	noun	A1|A2|B1	listening	object-or-context-scene	high	needs_teacher_approved_sense		pending	no
valley-484c4c4a	valley	noun	A2|B1|B2	listening	object-or-context-scene	high	needs_teacher_approved_sense		pending	no
variety-21e7a8ba	variety	noun	A2|B1	listening	object-or-context-scene	high	needs_teacher_approved_sense		pending	no
view-8f3a0754	view	noun|verb	A2|B1|B2	listening	multi-sense-panel	high	needs_teacher_approved_sense		pending	no
village-3bdc3ec6	village	noun	A1|A2|B1	listening	object-or-context-scene	high	needs_teacher_approved_sense		pending	no
waiter-bda55eb0	waiter	noun	A1|A2|B1	listening	object-or-context-scene	high	needs_teacher_approved_sense		pending	no
warm-d83fc386	warm	adjective|verb	A1|A2|B1	listening	multi-sense-panel	high	needs_teacher_approved_sense		pending	no
weekend-505eabdf	weekend	noun	A1|A2|B1	listening	object-or-context-scene	high	needs_teacher_approved_sense		pending	no
well-bd848328	well	adjective|adverb|exclamation|noun	A1|A2|B1|C1	writing	multi-sense-panel	high	needs_teacher_approved_sense		pending	no
wet-c8e275e6	wet	adjective	A2|B1	listening	contrast-pair	high	needs_teacher_approved_sense		pending	no
white-528cef87	white	adjective|noun	A1|A2|B1	listening	multi-sense-panel	high	needs_teacher_approved_sense		pending	no
wood-e8002c16	wood	noun	A2|B1	listening	object-or-context-scene	high	needs_teacher_approved_sense		pending	no
wool-a7a60b68	wool	noun	A2|B1	listening	object-or-context-scene	high	needs_teacher_approved_sense		pending	no
world-7c211433	world	adjective|noun	A1|A2|B1|B2	writing	multi-sense-panel	high	needs_teacher_approved_sense		pending	no
yellow-96de5543	yellow	adjective|noun	A1|A2|B1	listening	multi-sense-panel	high	needs_teacher_approved_sense		pending	no
ability-083dbabe	ability	noun	A2|B1	listening	concept-metaphor	high	needs_teacher_approved_sense		pending	no
able-782e5ce8	able	adjective	A2|B1	reading	contrast-pair	high	needs_teacher_approved_sense		pending	no
about-5780daf6	about	adverb|preposition	A1|A2|B1	reading	manner-sequence	high	needs_teacher_approved_sense		pending	no
above-9fbb3974	above	adjective|adverb|preposition	A1|A2|B1	reading	multi-sense-panel	high	needs_teacher_approved_sense		pending	no
acceptable-cab5b6e0	acceptable	adjective	B1|B2|C1	writing	contrast-pair	high	needs_teacher_approved_sense		pending	no
accident-f2b195dc	accident	noun	A2|B1	reading	object-or-context-scene	high	needs_teacher_approved_sense		pending	no
accommodation-65b0cfa2	accommodation	noun	B1	listening	concept-metaphor	high	needs_teacher_approved_sense		pending	no
across-9a82bf01	across	adverb|preposition	A1|A2|B1	reading	manner-sequence	high	needs_teacher_approved_sense		pending	no
act-76f3b5a7	act	noun|verb	A2|B1	reading	multi-sense-panel	high	needs_teacher_approved_sense		pending	no
actor-4ed3655e	actor	noun	A1|A2|B1	reading	object-or-context-scene	high	needs_teacher_approved_sense		pending	no
actually-d617b5ef	actually	adverb	A2|B1	reading	manner-sequence	high	needs_teacher_approved_sense		pending	no
add-58d1bbce	add	verb	A1|A2|B1	reading	action-scene	high	needs_teacher_approved_sense		pending	no
address-c6621802	address	noun|verb	A1|A2|B1|B2	reading	multi-sense-panel	high	needs_teacher_approved_sense		pending	no
admission-341604db	admission	noun	B1|B2|C1	writing	concept-metaphor	high	needs_teacher_approved_sense		pending	no
adult-82aef589	adult	adjective|noun	A1|A2|B1	reading	multi-sense-panel	high	needs_teacher_approved_sense		pending	no
adventure-ae78612a	adventure	noun	A2|B1	reading	object-or-context-scene	high	needs_teacher_approved_sense		pending	no
advertisement-f264e6fd	advertisement	noun	A2|B1	reading	concept-metaphor	high	needs_teacher_approved_sense		pending	no
afraid-2ae38709	afraid	adjective	A1|A2|B1	reading	contrast-pair	high	needs_teacher_approved_sense		pending	no
after-405906c9	after	adverb|conjunction|preposition	A1|A2|B1	reading	manner-sequence	high	needs_teacher_approved_sense		pending	no
afternoon-7a10f399	afternoon	noun	A1|A2|B1	reading	object-or-context-scene	high	needs_teacher_approved_sense		pending	no
afterwards-ad61e7ac	afterwards	adverb	A2|B1|B2	writing	manner-sequence	high	needs_teacher_approved_sense		pending	no
again-aaa4d5f8	again	adverb	A1|A2|B1	reading	manner-sequence	high	needs_teacher_approved_sense		pending	no
age-5dc56b9a	age	noun|verb	A1|A2|B1	reading	multi-sense-panel	high	needs_teacher_approved_sense		pending	no
agency-8c886bd3	agency	noun	B1|B2	writing	concept-metaphor	high	needs_teacher_approved_sense		pending	no
ago-f03c0a59	ago	adverb	A1|A2|B1	reading	manner-sequence	high	needs_teacher_approved_sense		pending	no
agree-c9600527	agree	verb	A1|A2|B1	reading	action-scene	high	needs_teacher_approved_sense		pending	no
air-d1d9b935	air	noun	A1|A2|B1	reading	object-or-context-scene	high	needs_teacher_approved_sense		pending	no
all-d87c4480	all	adjective|adverb|determiner|pronoun	A1|A2|B1	reading	multi-sense-panel	high	needs_teacher_approved_sense		pending	no
almost-f9e2ef61	almost	adverb	A2|B1	reading	manner-sequence	high	needs_teacher_approved_sense		pending	no
alone-1b05d637	alone	adjective|adverb	A2|B1	reading	multi-sense-panel	high	needs_teacher_approved_sense		pending	no
already-e9bc90ed	already	adverb	A2|B1	reading	manner-sequence	high	needs_teacher_approved_sense		pending	no
also-09706c41	also	adverb	A1|A2|B1	reading	manner-sequence	high	needs_teacher_approved_sense		pending	no
always-6656018a	always	adverb	A1|A2|B1	reading	manner-sequence	high	needs_teacher_approved_sense		pending	no
amazed-f301793c	amazed	adjective	B1|B2	writing	contrast-pair	high	needs_teacher_approved_sense		pending	no
ambulance-d036c133	ambulance	noun	A2|B1|B2	writing	concept-metaphor	high	needs_teacher_approved_sense		pending	no
angry-246d1dc7	angry	adjective	A1|A2|B1	reading	contrast-pair	high	needs_teacher_approved_sense		pending	no
animal-3199ea05	animal	noun	A1|A2|B1	reading	object-or-context-scene	high	needs_teacher_approved_sense		pending	no
anniversary-9280ae13	anniversary	noun	B1|B2	reading	object-or-context-scene	high	needs_teacher_approved_sense		pending	no
annoy-8adff271	annoy	verb	B1|B2	reading	action-scene	high	needs_teacher_approved_sense		pending	no
answer-25dc282b	answer	noun|verb	A1|A2|B1	reading	multi-sense-panel	high	needs_teacher_approved_sense		pending	no
anxious-3d58dabf	anxious	adjective	B1|B2	writing	contrast-pair	high	needs_teacher_approved_sense		pending	no
any-c5fe0200	any	adverb|determiner|pronoun	A1|A2|B1	reading	manner-sequence	high	needs_teacher_approved_sense		pending	no
anyway-736b67b3	anyway	adverb	A2|B1	reading	manner-sequence	high	needs_teacher_approved_sense		pending	no
anywhere-112c2a06	anywhere	adverb|pronoun	A2|B1	reading	manner-sequence	high	needs_teacher_approved_sense		pending	no
apartment-2cdbffdc	apartment	noun	A1|A2|B1	reading	concept-metaphor	high	needs_teacher_approved_sense		pending	no
apple-d0be2dc4	apple	noun	A1|A2|B1	reading	object-or-context-scene	high	needs_teacher_approved_sense		pending	no
application-d2005cc2	application	noun	B1|B2	writing	concept-metaphor	high	needs_teacher_approved_sense		pending	no
area-699e8ae9	area	noun	A1|A2|B1	reading	object-or-context-scene	high	needs_teacher_approved_sense		pending	no
around-405928ee	around	adverb|preposition	A1|A2|B1	reading	manner-sequence	high	needs_teacher_approved_sense		pending	no
arrange-991eccff	arrange	verb	A2|B1	listening	action-scene	high	needs_teacher_approved_sense		pending	no
arrive-163001e2	arrive	verb	A1|A2|B1	reading	action-scene	high	needs_teacher_approved_sense		pending	no
art-4f468a68	art	noun	A1|A2|B1	reading	object-or-context-scene	high	needs_teacher_approved_sense		pending	no
article-565cecd7	article	noun	A1|A2|B1	reading	object-or-context-scene	high	needs_teacher_approved_sense		pending	no
artist-55051f25	artist	noun	A1|A2|B1	reading	object-or-context-scene	high	needs_teacher_approved_sense		pending	no
as-df211ccd	as	adverb|conjunction|preposition	A1|A2|B1	reading	manner-sequence	high	needs_teacher_approved_sense		pending	no
ashamed-0f43c8dd	ashamed	adjective	B1|B2	writing	contrast-pair	high	needs_teacher_approved_sense		pending	no
ask-1c8f0927	ask	verb	A1|A2|B1	reading	action-scene	high	needs_teacher_approved_sense		pending	no
assistant-27a9612b	assistant	adjective|noun	A2|B1	reading	multi-sense-panel	high	needs_teacher_approved_sense		pending	no
atmosphere-ffa2fbc7	atmosphere	noun	B1|B2	reading	object-or-context-scene	high	needs_teacher_approved_sense		pending	no
attack-a6d81694	attack	noun|verb	A2|B1|B2	reading	multi-sense-panel	high	needs_teacher_approved_sense		pending	no
attitude-628912ee	attitude	noun	B1	listening	object-or-context-scene	high	needs_teacher_approved_sense		pending	no
attraction-135be243	attraction	noun	B1|B2	writing	concept-metaphor	high	needs_teacher_approved_sense		pending	no
aunt-28909cfb	aunt	noun	A1|A2|B1	reading	object-or-context-scene	high	needs_teacher_approved_sense		pending	no
autumn-91fb6427	autumn	noun	A1|A2|B1	reading	object-or-context-scene	high	needs_teacher_approved_sense		pending	no
away-f416d44c	away	adverb	A1|A2|B1	reading	manner-sequence	high	needs_teacher_approved_sense		pending	no
baby-6cf34755	baby	noun	A1|A2|B1	reading	object-or-context-scene	high	needs_teacher_approved_sense		pending	no
back-61bb8d29	back	adjective|adverb|noun|verb	A1|A2|B1|B2	writing	multi-sense-panel	high	needs_teacher_approved_sense		pending	no
bad-1902e3d6	bad	adjective	A1|A2|B1	reading	contrast-pair	high	needs_teacher_approved_sense		pending	no
badminton-364d83e1	badminton	noun	B1|B2	listening	object-or-context-scene	high	needs_teacher_approved_sense		pending	no
bag-9b4e473e	bag	noun	A1|A2|B1	reading	object-or-context-scene	high	needs_teacher_approved_sense		pending	no
bake-74521faf	bake	verb	B1|B2	reading	action-scene	high	needs_teacher_approved_sense		pending	no
ball-8bec0406	ball	noun	A1|A2|B1	reading	object-or-context-scene	high	needs_teacher_approved_sense		pending	no
ballet-c82f3ac1	ballet	noun	B1|B2	listening	object-or-context-scene	high	needs_teacher_approved_sense		pending	no
banana-250e77f1	banana	noun	A1|A2|B1	reading	object-or-context-scene	high	needs_teacher_approved_sense		pending	no
band-2502deb4	band	noun	A1|A2|B1	reading	object-or-context-scene	high	needs_teacher_approved_sense		pending	no
basement-52f948f2	basement	noun	B2	listening	concept-metaphor	high	needs_teacher_approved_sense		pending	no
bat-9b64d4ad	bat	noun|verb	B1|B2|C1	reading	multi-sense-panel	high	needs_teacher_approved_sense		pending	no
bath-b483b668	bath	noun|verb	A1|A2|B1	reading	multi-sense-panel	high	needs_teacher_approved_sense		pending	no
bathroom-72bfb054	bathroom	noun	A1|A2|B1	reading	object-or-context-scene	high	needs_teacher_approved_sense		pending	no
be-986b1bc1	be	auxiliary verb|verb	A1|A2|B1	reading	action-scene	high	needs_teacher_approved_sense		pending	no
beach-48617412	beach	noun	A1|A2|B1	reading	object-or-context-scene	high	needs_teacher_approved_sense		pending	no
bear-09f5edeb	bear	noun|verb	A2|B1|B2	reading	multi-sense-panel	high	needs_teacher_approved_sense		pending	no
beat-47668d39	beat	noun|verb|verb phrase	A2|B1|B2	speaking	multi-sense-panel	high	needs_teacher_approved_sense		pending	no
beautiful-6393bcdf	beautiful	adjective	A1|A2|B1	reading	contrast-pair	high	needs_teacher_approved_sense		pending	no
become-7bcbf908	become	verb	A1|A2|B1	reading	action-scene	high	needs_teacher_approved_sense		pending	no
bed-fefe2393	bed	noun	A1|A2|B1	reading	object-or-context-scene	high	needs_teacher_approved_sense		pending	no
before-51de2b83	before	adverb|conjunction|preposition	A1|A2|B1	reading	manner-sequence	high	needs_teacher_approved_sense		pending	no
begin-8cbd0a74	begin	verb	A1|A2|B1	reading	action-scene	high	needs_teacher_approved_sense		pending	no
behind-fb6dbd81	behind	adverb|preposition	A1|A2|B1	reading	manner-sequence	high	needs_teacher_approved_sense		pending	no
believe-94ec44c4	believe	verb	A1|A2|B1	reading	action-scene	high	needs_teacher_approved_sense		pending	no
belong-f9e0fbf3	belong	verb	A2|B1	reading	action-scene	high	needs_teacher_approved_sense		pending	no
below-489c7fc8	below	adverb|preposition	A1|A2|B1	reading	manner-sequence	high	needs_teacher_approved_sense		pending	no
belt-aec3c10f	belt	noun	A2|B1	reading	object-or-context-scene	high	needs_teacher_approved_sense		pending	no
between-70963405	between	adverb|preposition	A1|A2|B1	reading	manner-sequence	high	needs_teacher_approved_sense		pending	no
bicycle-a3e3318b	bicycle	noun	A1|A2|B1	reading	object-or-context-scene	high	needs_teacher_approved_sense		pending	no
big-95c4bea1	big	adjective	A1|A2|B1	reading	contrast-pair	high	needs_teacher_approved_sense		pending	no
bike-44d53690	bike	noun	A1|A2|B1	reading	object-or-context-scene	high	needs_teacher_approved_sense		pending	no
bill-c692d6a1	bill	noun|verb	A1|A2|B1|B2	reading	multi-sense-panel	high	needs_teacher_approved_sense		pending	no
biography-bf7d7e82	biography	noun	B1|B2|C1	reading	object-or-context-scene	high	needs_teacher_approved_sense		pending	no
biology-324d1dcc	biology	noun	A2|B1	listening	object-or-context-scene	high	needs_teacher_approved_sense		pending	no
bird-cd92815b	bird	noun	A1|A2|B1	reading	object-or-context-scene	high	needs_teacher_approved_sense		pending	no
birthday-d98f2c58	birthday	noun	A1|A2|B1	reading	object-or-context-scene	high	needs_teacher_approved_sense		pending	no
biscuit-5ab86061	biscuit	noun	A2|B1	reading	object-or-context-scene	high	needs_teacher_approved_sense		pending	no
bit-026e996a	bit	noun	A2|B1	reading	object-or-context-scene	high	needs_teacher_approved_sense		pending	no
blanket-60791989	blanket	noun	A2|B1|B2	reading	object-or-context-scene	high	needs_teacher_approved_sense		pending	no
blog-169254c4	blog	noun	A1|B1|C1	reading	object-or-context-scene	high	needs_teacher_approved_sense		pending	no
blow-a6ffe720	blow	noun|verb	A2|B1|B2	reading	multi-sense-panel	high	needs_teacher_approved_sense		pending	no
body-02083f45	body	noun	A1|A2|B1	reading	object-or-context-scene	high	needs_teacher_approved_sense		pending	no
bone-ffdf4ccb	bone	noun	A2|B1	listening	object-or-context-scene	high	needs_teacher_approved_sense		pending	no
book-e7e694c5	book	noun|verb	A1|A2|B1	reading	multi-sense-panel	high	needs_teacher_approved_sense		pending	no
bookshop-4feb7406	bookshop	noun	A2|B1	listening	object-or-context-scene	high	needs_teacher_approved_sense		pending	no
boot-5c73b0c6	boot	noun	A1|A2|B1	reading	object-or-context-scene	high	needs_teacher_approved_sense		pending	no
bored-aa6897a9	bored	adjective	A1|A2|B1	reading	contrast-pair	high	needs_teacher_approved_sense		pending	no
boring-2c7fba49	boring	adjective	A1|A2|B1	reading	contrast-pair	high	needs_teacher_approved_sense		pending	no
born-03715355	born	adjective|verb	A1|A2|B1	reading	multi-sense-panel	high	needs_teacher_approved_sense		pending	no
boss-05b1f356	boss	noun	A2|B1	reading	object-or-context-scene	high	needs_teacher_approved_sense		pending	no
bottle-afcac354	bottle	noun	A1|A2|B1	reading	object-or-context-scene	high	needs_teacher_approved_sense		pending	no
bottom-c03e9099	bottom	adjective|noun	A2|B1	reading	multi-sense-panel	high	needs_teacher_approved_sense		pending	no
bowl-4a07eca0	bowl	noun	A2|B1	reading	object-or-context-scene	high	needs_teacher_approved_sense		pending	no
box-c7d8a6d7	box	noun	A1|A2|B1	reading	object-or-context-scene	high	needs_teacher_approved_sense		pending	no
boy-ceac9b04	boy	noun	A1|A2|B1	reading	object-or-context-scene	high	needs_teacher_approved_sense		pending	no
branch-10d735e5	branch	noun	B1	listening	object-or-context-scene	high	needs_teacher_approved_sense		pending	no
break-4f9cac8d	break	noun|verb	A1|A2|B1	reading	multi-sense-panel	high	needs_teacher_approved_sense		pending	no
breakfast-9e3a8225	breakfast	noun	A1|A2|B1	reading	object-or-context-scene	high	needs_teacher_approved_sense		pending	no
brilliant-2f2aa30f	brilliant	adjective	A2|B1	reading	contrast-pair	high	needs_teacher_approved_sense		pending	no
bring-7942c724	bring	verb	A1|A2|B1	reading	action-scene	high	needs_teacher_approved_sense		pending	no
brother-d67cca5a	brother	noun	A1|A2|B1	reading	object-or-context-scene	high	needs_teacher_approved_sense		pending	no
build-80754af9	build	verb	A1|A2|B1	reading	action-scene	high	needs_teacher_approved_sense		pending	no
building-b8114546	building	noun	A1|A2|B1	reading	object-or-context-scene	high	needs_teacher_approved_sense		pending	no
burger-7a86b154	burger	noun	A2|B1	listening	object-or-context-scene	high	needs_teacher_approved_sense		pending	no
burn-03b5db72	burn	noun|verb	A2|B1|B2	reading	multi-sense-panel	high	needs_teacher_approved_sense		pending	no
bus-32c70ceb	bus	noun	A1|A2|B1	reading	object-or-context-scene	high	needs_teacher_approved_sense		pending	no
business-6a577a77	business	noun	A1|A2|B1	reading	concept-metaphor	high	needs_teacher_approved_sense		pending	no
businessman-3d854ffe	businessman	noun	A2|B1	reading	object-or-context-scene	high	needs_teacher_approved_sense		pending	no
busy-e18a89f9	busy	adjective	A1|A2|B1	reading	contrast-pair	high	needs_teacher_approved_sense		pending	no
butter-d99a16eb	butter	noun	A1|A2|B1	reading	object-or-context-scene	high	needs_teacher_approved_sense		pending	no
buy-a066f070	buy	verb	A1|A2|B1	reading	action-scene	high	needs_teacher_approved_sense		pending	no
by-40815864	by	adverb|preposition	A1|A2|B1	reading	manner-sequence	high	needs_teacher_approved_sense		pending	no
cake-5ddc2ae1	cake	noun	A1|A2|B1	reading	object-or-context-scene	high	needs_teacher_approved_sense		pending	no
call-bc8d8647	call	noun|verb	A1|A2|B1	reading	multi-sense-panel	high	needs_teacher_approved_sense		pending	no
camera-251e382f	camera	noun	A1|A2|B1	reading	object-or-context-scene	high	needs_teacher_approved_sense		pending	no
camp-fac37bc7	camp	noun|verb	A2|B1	reading	multi-sense-panel	high	needs_teacher_approved_sense		pending	no
can-7e9219a0	can	modal verb|noun|verb	A1|A2|B1	reading	multi-sense-panel	high	needs_teacher_approved_sense		pending	no
canal-bdc7b3f6	canal	noun	A2|B1|B2	reading	object-or-context-scene	high	needs_teacher_approved_sense		pending	no
candle-7aa020f7	candle	noun	B1|B2	reading	object-or-context-scene	high	needs_teacher_approved_sense		pending	no
canteen-f52207dc	canteen	noun	B1|B2	listening	object-or-context-scene	high	needs_teacher_approved_sense		pending	no
capital-5d8df9b1	capital	adjective|noun	A1|B1|B2	writing	multi-sense-panel	high	needs_teacher_approved_sense		pending	no
captain-85f45e16	captain	noun	B1	listening	object-or-context-scene	high	needs_teacher_approved_sense		pending	no
car-9e32521d	car	noun	A1|A2|B1	reading	object-or-context-scene	high	needs_teacher_approved_sense		pending	no
card-2ab0591d	card	noun	A1|A2|B1	reading	object-or-context-scene	high	needs_teacher_approved_sense		pending	no
careful-7c41bee1	careful	adjective	A2|B1	reading	contrast-pair	high	needs_teacher_approved_sense		pending	no
carpet-be207b77	carpet	noun	A2|B1	reading	object-or-context-scene	high	needs_teacher_approved_sense		pending	no
carriage-a063e117	carriage	noun	B2|C1	listening	object-or-context-scene	high	needs_teacher_approved_sense		pending	no
carrot-d8bfad4b	carrot	noun	A1|A2|B1	reading	object-or-context-scene	high	needs_teacher_approved_sense		pending	no
carry-bc439987	carry	verb	A1|A2|B1	reading	action-scene	high	needs_teacher_approved_sense		pending	no
cartoon-d524ea47	cartoon	noun	A2|B1	reading	object-or-context-scene	high	needs_teacher_approved_sense		pending	no
cat-9d989e8d	cat	noun	A1|A2|B1	reading	object-or-context-scene	high	needs_teacher_approved_sense		pending	no
catalogue-1b946f91	catalogue	noun	B2|C1	listening	object-or-context-scene	high	needs_teacher_approved_sense		pending	no
catch-9ebad64e	catch	noun|verb	A2|B1|B2	reading	multi-sense-panel	high	needs_teacher_approved_sense		pending	no
cattle-7ba71fae	cattle	noun	B1|C1	listening	object-or-context-scene	high	needs_teacher_approved_sense		pending	no
cave-9dba6a05	cave	noun	B1|B2	reading	object-or-context-scene	high	needs_teacher_approved_sense		pending	no
cd-03477819	CD	noun	A1|A2|B1	reading	object-or-context-scene	high	needs_teacher_approved_sense		pending	no
celebrity-936f3a7e	celebrity	noun	A2|B1|C1	writing	concept-metaphor	high	needs_teacher_approved_sense		pending	no
cent-db9149cb	cent	noun	A1|A2|B1	reading	object-or-context-scene	high	needs_teacher_approved_sense		pending	no
central-heating-cd04d044	central heating	noun	B1|B2|C1	reading	context-scene	high	needs_teacher_approved_sense		pending	no
certain-eb27a323	certain	adjective	A2|B1	reading	contrast-pair	high	needs_teacher_approved_sense		pending	no
certificate-735ad571	certificate	noun	B1|B2	listening	object-or-context-scene	high	needs_teacher_approved_sense		pending	no
chair-851e13a6	chair	noun|verb	A1|A2|B1|B2	reading	multi-sense-panel	high	needs_teacher_approved_sense		pending	no
championship-84e2ed80	championship	noun	B1|B2	listening	concept-metaphor	high	needs_teacher_approved_sense		pending	no
change-7550b672	change	noun|verb	A1|A2|B1	reading	multi-sense-panel	high	needs_teacher_approved_sense		pending	no
channel-fbe7d7ba	channel	noun	A2|B1	reading	object-or-context-scene	high	needs_teacher_approved_sense		pending	no
chapter-09d4c7f1	chapter	noun	B1|B2	reading	object-or-context-scene	high	needs_teacher_approved_sense		pending	no
character-f0db3fa4	character	noun	A2|B1|B2	reading	object-or-context-scene	high	needs_teacher_approved_sense		pending	no
charity-db786328	charity	noun	A2|B1|C1	writing	concept-metaphor	high	needs_teacher_approved_sense		pending	no
chat-7ecde348	chat	noun|verb	A2|B1	reading	multi-sense-panel	high	needs_teacher_approved_sense		pending	no
check-d56d9853	check	noun|verb	A1|A2|B1	reading	multi-sense-panel	high	needs_teacher_approved_sense		pending	no
cheerful-e86b4785	cheerful	adjective	B1|B2	writing	contrast-pair	high	needs_teacher_approved_sense		pending	no
chemist-f2c80951	chemist	noun	A2|B1|B2	reading	object-or-context-scene	high	needs_teacher_approved_sense		pending	no
cheque-ba743803	cheque	noun	A2|B1	listening	object-or-context-scene	high	needs_teacher_approved_sense		pending	no
chess-8fe63c01	chess	noun	B1|B2	listening	object-or-context-scene	high	needs_teacher_approved_sense		pending	no
chicken-cef7e592	chicken	noun	A1|A2|B1	reading	object-or-context-scene	high	needs_teacher_approved_sense		pending	no
child-0e93069c	child	noun	A1|A2|B1	reading	object-or-context-scene	high	needs_teacher_approved_sense		pending	no
choose-9477fdc8	choose	verb	A1|A2|B1	reading	action-scene	high	needs_teacher_approved_sense		pending	no
cinema-ef4d54d1	cinema	noun	A1|A2|B1	reading	object-or-context-scene	high	needs_teacher_approved_sense		pending	no
city-2c54892c	city	noun	A1|A2|B1	reading	concept-metaphor	high	needs_teacher_approved_sense		pending	no
clean-6a1cec45	clean	adjective|verb	A1|A2|B1	reading	multi-sense-panel	high	needs_teacher_approved_sense		pending	no
clever-a31a61e9	clever	adjective	A2|B1	reading	contrast-pair	high	needs_teacher_approved_sense		pending	no
click-b93ec566	click	noun|verb	A2|B1	reading	multi-sense-panel	high	needs_teacher_approved_sense		pending	no
cliff-5eaece5f	cliff	noun	B1|B2	listening	object-or-context-scene	high	needs_teacher_approved_sense		pending	no
climate-9d7ccb90	climate	noun	A2|B1	listening	object-or-context-scene	high	needs_teacher_approved_sense		pending	no
climate-change-f777e3ba	climate change	noun	B1|B2|C1	reading	context-scene	high	needs_teacher_approved_sense		pending	no
climb-cd42169d	climb	noun|verb	A1|A2|B1	reading	multi-sense-panel	high	needs_teacher_approved_sense		pending	no
clinic-cdaaa129	clinic	noun	B1|B2	listening	object-or-context-scene	high	needs_teacher_approved_sense		pending	no
clock-83655a55	clock	noun	A1|A2|B1	reading	object-or-context-scene	high	needs_teacher_approved_sense		pending	no
close-da38860c	close	adjective|adverb|noun|verb	A1|A2|B1|B2	writing	multi-sense-panel	high	needs_teacher_approved_sense		pending	no
closed-ea88fbaa	closed	adjective	A2|B1	reading	contrast-pair	high	needs_teacher_approved_sense		pending	no
clothes-00b1e4f5	clothes	noun	A1|A2|B1	reading	object-or-context-scene	high	needs_teacher_approved_sense		pending	no
cloud-000e793d	cloud	noun	A2|B1	reading	object-or-context-scene	high	needs_teacher_approved_sense		pending	no
club-e9933e8a	club	noun	A1|A2|B1	reading	object-or-context-scene	high	needs_teacher_approved_sense		pending	no
coast-366eb327	coast	noun	A2|B1	listening	object-or-context-scene	high	needs_teacher_approved_sense		pending	no
coat-09d5f620	coat	noun	A1|A2|B1	reading	object-or-context-scene	high	needs_teacher_approved_sense		pending	no
coffee-44213f9f	coffee	noun	A1|A2|B1	reading	object-or-context-scene	high	needs_teacher_approved_sense		pending	no
colour-79d41a47	colour	noun|verb	A1|A2|B1	reading	multi-sense-panel	high	needs_teacher_approved_sense		pending	no
come-d88d473b	come	verb	A1|A2|B1	reading	action-scene	high	needs_teacher_approved_sense		pending	no
comedy-3e56e6a4	comedy	noun	A2|B1|B2	reading	object-or-context-scene	high	needs_teacher_approved_sense		pending	no
company-71b21161	company	noun	A1|A2|B1	reading	object-or-context-scene	high	needs_teacher_approved_sense		pending	no
computer-c60266a8	computer	noun	A1|A2|B1	reading	object-or-context-scene	high	needs_teacher_approved_sense		pending	no
concentrate-0a45ca53	concentrate	verb	B1	listening	action-scene	high	needs_teacher_approved_sense		pending	no
confusing-5bccaca1	confusing	adjective	B1|B2	writing	contrast-pair	high	needs_teacher_approved_sense		pending	no
convenient-23e0d93b	convenient	adjective	B1	listening	contrast-pair	high	needs_teacher_approved_sense		pending	no
conversation-78b6f944	conversation	noun	A1|A2|B1	reading	concept-metaphor	high	needs_teacher_approved_sense		pending	no
cook-f3ba4d99	cook	noun|verb	A1|A2|B1	reading	multi-sense-panel	high	needs_teacher_approved_sense		pending	no
cooker-738af497	cooker	noun	A2|B1	reading	object-or-context-scene	high	needs_teacher_approved_sense		pending	no
corner-eb542d91	corner	noun	A2|B1	reading	object-or-context-scene	high	needs_teacher_approved_sense		pending	no
correct-3179a65e	correct	adjective|verb	A1|A2|B1	reading	multi-sense-panel	high	needs_teacher_approved_sense		pending	no
cost-885dc4a9	cost	noun|verb	A1|A2|B1	reading	multi-sense-panel	high	needs_teacher_approved_sense		pending	no
costume-d55c6418	costume	noun	A2|B1	reading	object-or-context-scene	high	needs_teacher_approved_sense		pending	no
cottage-beae5362	cottage	noun	B1	listening	object-or-context-scene	high	needs_teacher_approved_sense		pending	no
cotton-69eb65f2	cotton	noun	B1	listening	object-or-context-scene	high	needs_teacher_approved_sense		pending	no
could-e30de8fd	could	modal verb|verb	A1|A2|B1	reading	action-scene	high	needs_teacher_approved_sense		pending	no
country-8e68b3e5	country	noun	A1|A2|B1	reading	object-or-context-scene	high	needs_teacher_approved_sense		pending	no
countryside-82bf7e0d	countryside	noun	A2|B1	reading	object-or-context-scene	high	needs_teacher_approved_sense		pending	no
couple-33fc2d93	couple	noun	A2|B1|B2	reading	object-or-context-scene	high	needs_teacher_approved_sense		pending	no
course-4809561b	course	noun	A1|A2|B1	reading	object-or-context-scene	high	needs_teacher_approved_sense		pending	no
court-21304eff	court	noun	B1	listening	object-or-context-scene	high	needs_teacher_approved_sense		pending	no
cousin-980578c2	cousin	noun	A1|A2|B1	reading	object-or-context-scene	high	needs_teacher_approved_sense		pending	no
cow-8bbddb4a	cow	noun	A1|A2|B1	reading	object-or-context-scene	high	needs_teacher_approved_sense		pending	no
cream-7bdd161c	cream	adjective|noun	A1|A2|B1	reading	multi-sense-panel	high	needs_teacher_approved_sense		pending	no
creative-df0b6c41	creative	adjective	A2|B1|B2	writing	contrast-pair	high	needs_teacher_approved_sense		pending	no
creature-93fda888	creature	noun	B1|B2	listening	object-or-context-scene	high	needs_teacher_approved_sense		pending	no
credit-card-da7f4712	credit card	noun	A2|B1	listening	context-scene	high	needs_teacher_approved_sense		pending	no
crew-a447a8fe	crew	noun	B1|B2	listening	object-or-context-scene	high	needs_teacher_approved_sense		pending	no
crop-ad2b6e09	crop	noun	B1|B2	reading	object-or-context-scene	high	needs_teacher_approved_sense		pending	no
cross-ac4280ba	cross	noun|verb	A2|B1	reading	multi-sense-panel	high	needs_teacher_approved_sense		pending	no
crowd-c3bd87ad	crowd	noun	A2|B1	reading	object-or-context-scene	high	needs_teacher_approved_sense		pending	no
crowded-8bd8c4fa	crowded	adjective	A2|B1	reading	contrast-pair	high	needs_teacher_approved_sense		pending	no
cry-a05d478d	cry	noun|verb	A2|B1|B2	reading	multi-sense-panel	high	needs_teacher_approved_sense		pending	no
cultural-5f583551	cultural	adjective	B1|B2	writing	contrast-pair	high	needs_teacher_approved_sense		pending	no
culture-8f2e7cd7	culture	noun	A1|B1	listening	object-or-context-scene	high	needs_teacher_approved_sense		pending	no
cup-ad00c690	cup	noun	A1|A2|B1	reading	object-or-context-scene	high	needs_teacher_approved_sense		pending	no
cupboard-4f7da5b9	cupboard	noun	A2|B1	reading	object-or-context-scene	high	needs_teacher_approved_sense		pending	no
curriculum-4a130aec	curriculum	noun	B1|B2	reading	object-or-context-scene	high	needs_teacher_approved_sense		pending	no
cut-06e45e38	cut	noun|verb	A1|A2|B1	reading	multi-sense-panel	high	needs_teacher_approved_sense		pending	no
cycle-5d2432d4	cycle	noun|verb	A2|B1	reading	multi-sense-panel	high	needs_teacher_approved_sense		pending	no
dad-0da19b54	dad	noun	A1|A2|B1	reading	object-or-context-scene	high	needs_teacher_approved_sense		pending	no
daily-2fe14b9b	daily	adjective|adverb	A2|B1	reading	multi-sense-panel	high	needs_teacher_approved_sense		pending	no
dance-74b518ed	dance	noun|verb	A1|A2|B1	reading	multi-sense-panel	high	needs_teacher_approved_sense		pending	no
dancing-e7b9be56	dancing	noun	A1|A2|B1	reading	object-or-context-scene	high	needs_teacher_approved_sense		pending	no
danger-222b3e11	danger	noun	A2|B1	reading	object-or-context-scene	high	needs_teacher_approved_sense		pending	no
dark-3d09ba44	dark	adjective|noun	A1|A2|B1	reading	multi-sense-panel	high	needs_teacher_approved_sense		pending	no
date-e927d067	date	noun|verb	A1|A2|B1|B2	reading	multi-sense-panel	high	needs_teacher_approved_sense		pending	no
daughter-6490e67e	daughter	noun	A1|A2|B1	reading	object-or-context-scene	high	needs_teacher_approved_sense		pending	no
day-a2620cbc	day	noun	A1|A2|B1	reading	object-or-context-scene	high	needs_teacher_approved_sense		pending	no
dead-5eb965dd	dead	adjective	A2|B1	reading	contrast-pair	high	needs_teacher_approved_sense		pending	no
deadline-e23839cd	deadline	noun	B2	listening	object-or-context-scene	high	needs_teacher_approved_sense		pending	no
dear-dd6bd66e	dear	adjective|exclamation	A1|A2|B1	reading	contrast-pair	high	needs_teacher_approved_sense		pending	no
decide-d14809f0	decide	verb	A1|A2|B1	reading	action-scene	high	needs_teacher_approved_sense		pending	no
decision-8501a34f	decision	noun	A2|B1	listening	concept-metaphor	high	needs_teacher_approved_sense		pending	no
degree-7955b936	degree	noun	A2|B1	reading	object-or-context-scene	high	needs_teacher_approved_sense		pending	no
delay-ab464f02	delay	noun|verb	A2|B1|B2	reading	multi-sense-panel	high	needs_teacher_approved_sense		pending	no
delighted-17d0ecd7	delighted	adjective	B1|B2	writing	contrast-pair	high	needs_teacher_approved_sense		pending	no
deposit-1ffb8796	deposit	noun|verb	B1|B2|C1	listening	multi-sense-panel	high	needs_teacher_approved_sense		pending	no
depth-f82a8e8d	depth	noun	B1|B2	listening	object-or-context-scene	high	needs_teacher_approved_sense		pending	no
describe-dbc3503f	describe	verb	A1|A2|B1	reading	action-scene	high	needs_teacher_approved_sense		pending	no
desert-2d5128d7	desert	noun|verb	A2|B1|B2	listening	multi-sense-panel	high	needs_teacher_approved_sense		pending	no
designer-1ec1e366	designer	noun	A2|B1	listening	object-or-context-scene	high	needs_teacher_approved_sense		pending	no
desk-46e7cfa0	desk	noun	A1|A2|B1	reading	object-or-context-scene	high	needs_teacher_approved_sense		pending	no
develop-418a6bc4	develop	verb	A2|B1	listening	action-scene	high	needs_teacher_approved_sense		pending	no
device-f3a929b3	device	noun	A2|B2	listening	object-or-context-scene	high	needs_teacher_approved_sense		pending	no
diary-43348291	diary	noun	A2|B1	reading	object-or-context-scene	high	needs_teacher_approved_sense		pending	no
die-8f595011	die	verb	A1|A2|B1	reading	action-scene	high	needs_teacher_approved_sense		pending	no
difference-48d53c6e	difference	noun	A1|A2|B1	reading	concept-metaphor	high	needs_teacher_approved_sense		pending	no
different-517d5a72	different	adjective	A1|A2|B1	reading	contrast-pair	high	needs_teacher_approved_sense		pending	no
difficult-d2a26f03	difficult	adjective	A1|A2|B1	reading	contrast-pair	high	needs_teacher_approved_sense		pending	no
digital-16b23c50	digital	adjective	A2|B1	reading	contrast-pair	high	needs_teacher_approved_sense		pending	no
dining-room-e2085146	dining room	noun	A2|B1	listening	context-scene	high	needs_teacher_approved_sense		pending	no
dinner-78cbc77f	dinner	noun	A1|A2|B1	reading	object-or-context-scene	high	needs_teacher_approved_sense		pending	no
diploma-c2a7adb2	diploma	noun	A2|B1	listening	object-or-context-scene	high	needs_teacher_approved_sense		pending	no
director-235acfdf	director	noun	A2|B1|B2	reading	object-or-context-scene	high	needs_teacher_approved_sense		pending	no
dirty-33797be5	dirty	adjective	A1|A2|B1	reading	contrast-pair	high	needs_teacher_approved_sense		pending	no
disappoint-2c0aae30	disappoint	verb	B1|B2	reading	action-scene	high	needs_teacher_approved_sense		pending	no
disappointed-74699616	disappointed	adjective	B1	listening	contrast-pair	high	needs_teacher_approved_sense		pending	no
discount-c467ca0f	discount	noun|verb	A2|B1|B2	reading	multi-sense-panel	high	needs_teacher_approved_sense		pending	no
discuss-1b7949a7	discuss	verb	A1|B1	listening	action-scene	high	needs_teacher_approved_sense		pending	no
disease-4be181e4	disease	noun	A2|B1	listening	object-or-context-scene	high	needs_teacher_approved_sense		pending	no
dish-5862a4b1	dish	noun	A1|A2|B1	reading	object-or-context-scene	high	needs_teacher_approved_sense		pending	no
display-59b18907	display	noun|verb	B1|B2	listening	multi-sense-panel	high	needs_teacher_approved_sense		pending	no
dissertation-fe0a8b59	dissertation	noun	B2|C1	listening	concept-metaphor	high	needs_teacher_approved_sense		pending	no
do-eadcd9bd	do	auxiliary verb|verb	A1|A2|B1	reading	action-scene	high	needs_teacher_approved_sense		pending	no
documentary-6de8a320	documentary	noun	B1|B2	reading	object-or-context-scene	high	needs_teacher_approved_sense		pending	no
dog-e4951252	dog	noun	A1|A2|B1	reading	object-or-context-scene	high	needs_teacher_approved_sense		pending	no
dollar-6c36ab33	dollar	noun	A1|A2|B1	reading	object-or-context-scene	high	needs_teacher_approved_sense		pending	no
door-2680b674	door	noun	A1|A2|B1	reading	object-or-context-scene	high	needs_teacher_approved_sense		pending	no
dot-348a3c4a	dot	noun	A2|B1|B2	reading	object-or-context-scene	high	needs_teacher_approved_sense		pending	no
double-bdb36bb2	double	adjective|adverb|determiner|pronoun|verb	A2|B1	reading	multi-sense-panel	high	needs_teacher_approved_sense		pending	no
down-77346d04	down	adverb|preposition	A1|A2|B1	reading	manner-sequence	high	needs_teacher_approved_sense		pending	no
download-817248fb	download	noun|verb	A2|B1	reading	multi-sense-panel	high	needs_teacher_approved_sense		pending	no
downstairs-83663496	downstairs	adjective|adverb	A1|A2|B1	reading	multi-sense-panel	high	needs_teacher_approved_sense		pending	no
drama-63b12989	drama	noun	A2|B1|B2	reading	object-or-context-scene	high	needs_teacher_approved_sense		pending	no
draw-76a4e12c	draw	verb	A1|A2|B1	reading	action-scene	high	needs_teacher_approved_sense		pending	no
drawing-f4f99578	drawing	noun	A2|B1	reading	object-or-context-scene	high	needs_teacher_approved_sense		pending	no
dream-5f04a884	dream	noun|verb	A2|B1	reading	multi-sense-panel	high	needs_teacher_approved_sense		pending	no
dress-9dbfbe47	dress	noun|verb	A1|A2|B1	reading	multi-sense-panel	high	needs_teacher_approved_sense		pending	no
drink-7ca7a4ab	drink	noun|verb	A1|A2|B1	reading	multi-sense-panel	high	needs_teacher_approved_sense		pending	no
drive-4979d619	drive	noun|verb	A1|A2|B1	reading	multi-sense-panel	high	needs_teacher_approved_sense		pending	no
drought-7d52e6d4	drought	noun	B2|C1	listening	object-or-context-scene	high	needs_teacher_approved_sense		pending	no
drum-1804bfc9	drum	noun	A2|B1	reading	object-or-context-scene	high	needs_teacher_approved_sense		pending	no
dust-7d6d3243	dust	noun	B1|C1	reading	object-or-context-scene	high	needs_teacher_approved_sense		pending	no
dvd-a61906a1	DVD	noun	A1|A2|B1	reading	object-or-context-scene	high	needs_teacher_approved_sense		pending	no
each-b32f279e	each	adverb|determiner|pronoun	A1|A2|B1	reading	manner-sequence	high	needs_teacher_approved_sense		pending	no
ear-ddbc6188	ear	noun	A1|A2|B1	reading	object-or-context-scene	high	needs_teacher_approved_sense		pending	no
early-818743b9	early	adjective|adverb	A1|A2|B1	reading	multi-sense-panel	high	needs_teacher_approved_sense		pending	no
earn-ae68448a	earn	verb	A2|B1	reading	action-scene	high	needs_teacher_approved_sense		pending	no
east-25038d9d	east	adjective|adverb|noun	A1|A2|B1	reading	multi-sense-panel	high	needs_teacher_approved_sense		pending	no
easy-861c4f67	easy	adjective	A1|A2|B1	reading	contrast-pair	high	needs_teacher_approved_sense		pending	no
eat-d8945575	eat	verb	A1|A2|B1	reading	action-scene	high	needs_teacher_approved_sense		pending	no
egg-4fa6024f	egg	noun	A1|A2|B1	reading	object-or-context-scene	high	needs_teacher_approved_sense		pending	no
electric-22d362f0	electric	adjective	A2|B1	reading	contrast-pair	high	needs_teacher_approved_sense		pending	no
electricity-3894e207	electricity	noun	A2|B1	reading	concept-metaphor	high	needs_teacher_approved_sense		pending	no
elephant-0ae9e4de	elephant	noun	A1|A2|B1	reading	object-or-context-scene	high	needs_teacher_approved_sense		pending	no
else-ae050f5b	else	adverb	A1|A2|B1	reading	manner-sequence	high	needs_teacher_approved_sense		pending	no
email-a88b7dcd	email	noun|verb	A1|A2|B1	reading	multi-sense-panel	high	needs_teacher_approved_sense		pending	no
embassy-5ed95c7a	embassy	noun	B1|C1	listening	object-or-context-scene	high	needs_teacher_approved_sense		pending	no
employee-caf322f0	employee	noun	A2|B1	listening	object-or-context-scene	high	needs_teacher_approved_sense		pending	no
employer-70cafc7b	employer	noun	A2|B1	listening	object-or-context-scene	high	needs_teacher_approved_sense		pending	no
employment-06e31250	employment	noun	B1	listening	concept-metaphor	high	needs_teacher_approved_sense		pending	no
empty-ad87109b	empty	adjective|verb	A2|B1	reading	multi-sense-panel	high	needs_teacher_approved_sense		pending	no
end-7a92f3d2	end	noun|verb	A1|A2|B1	reading	multi-sense-panel	high	needs_teacher_approved_sense		pending	no
engaged-325efc77	engaged	adjective	B1|C1	writing	contrast-pair	high	needs_teacher_approved_sense		pending	no
engine-c6403367	engine	noun	A2|B1	reading	object-or-context-scene	high	needs_teacher_approved_sense		pending	no
enjoy-540e1814	enjoy	verb	A1|A2|B1	reading	action-scene	high	needs_teacher_approved_sense		pending	no
enough-8ce77cc3	enough	adverb|determiner|pronoun	A1|A2|B1	reading	manner-sequence	high	needs_teacher_approved_sense		pending	no
enter-3674951e	enter	verb	A2|B1	reading	action-scene	high	needs_teacher_approved_sense		pending	no
envelope-ab140545	envelope	noun	A2|B1|B2	reading	object-or-context-scene	high	needs_teacher_approved_sense		pending	no
environment-c6e454d9	environment	noun	A2|B1	listening	concept-metaphor	high	needs_teacher_approved_sense		pending	no
episode-39ae6b3c	episode	noun	B1|B2	reading	object-or-context-scene	high	needs_teacher_approved_sense		pending	no
essay-3ed0f8fe	essay	noun	A2|B1|B2	reading	object-or-context-scene	high	needs_teacher_approved_sense		pending	no
euro-0eb8b448	euro	noun	A1|A2|B1	reading	object-or-context-scene	high	needs_teacher_approved_sense		pending	no
even-04b8c80b	even	adjective|adverb	A1|A2|B1|B2	writing	multi-sense-panel	high	needs_teacher_approved_sense		pending	no
evening-d57fd916	evening	noun	A1|A2|B1	reading	object-or-context-scene	high	needs_teacher_approved_sense		pending	no
ever-55472e53	ever	adverb	A1|A2|B1	reading	manner-sequence	high	needs_teacher_approved_sense		pending	no
everywhere-a3285469	everywhere	adverb	A2|B1	reading	manner-sequence	high	needs_teacher_approved_sense		pending	no
example-c3499c27	example	noun	A1|A2|B1	reading	object-or-context-scene	high	needs_teacher_approved_sense		pending	no
excellent-8065c946	excellent	adjective	A2|B1	reading	contrast-pair	high	needs_teacher_approved_sense		pending	no
excited-f529c0de	excited	adjective	A1|A2|B1	reading	contrast-pair	high	needs_teacher_approved_sense		pending	no
excuse-8fb2c3ed	excuse	noun|verb	A2|B1|B2	reading	multi-sense-panel	high	needs_teacher_approved_sense		pending	no
exercise-eb70d1fc	exercise	noun|verb	A1|A2|B1	reading	multi-sense-panel	high	needs_teacher_approved_sense		pending	no
exit-de3ac217	exit	noun|verb	A2|B1|B2|C1	reading	multi-sense-panel	high	needs_teacher_approved_sense		pending	no
experience-f96da029	experience	noun|verb	A2|B1	listening	multi-sense-panel	high	needs_teacher_approved_sense		pending	no
experiment-f45f2bc8	experiment	noun|verb	A2|B1	listening	multi-sense-panel	high	needs_teacher_approved_sense		pending	no
explain-f7c1380a	explain	verb	A1|A2|B1	reading	action-scene	high	needs_teacher_approved_sense		pending	no
explore-9dda9754	explore	verb	A2|B1	reading	action-scene	high	needs_teacher_approved_sense		pending	no
extra-b43c4b82	extra	adjective|adverb|determiner|noun	A1|A2|B1	reading	multi-sense-panel	high	needs_teacher_approved_sense		pending	no
face-49dc1cb0	face	noun|verb	A1|A2|B1	reading	multi-sense-panel	high	needs_teacher_approved_sense		pending	no
factory-7b202d57	factory	noun	A2|B1	reading	object-or-context-scene	high	needs_teacher_approved_sense		pending	no
faculty-5cee1c23	faculty	noun	B2|C1	listening	object-or-context-scene	high	needs_teacher_approved_sense		pending	no
fail-a602e216	fail	verb	A2|B1	reading	action-scene	high	needs_teacher_approved_sense		pending	no
fair-187770cf	fair	adjective|noun	A2|B1	reading	multi-sense-panel	high	needs_teacher_approved_sense		pending	no
fall-c5288822	fall	noun|verb	A1|A2|B1	reading	multi-sense-panel	high	needs_teacher_approved_sense		pending	no
famous-d923de9f	famous	adjective	A1|A2|B1	reading	contrast-pair	high	needs_teacher_approved_sense		pending	no
fan-28994411	fan	noun	A2|B1	reading	object-or-context-scene	high	needs_teacher_approved_sense		pending	no
fantastic-3be18d81	fantastic	adjective	A1|B1	listening	contrast-pair	high	needs_teacher_approved_sense		pending	no
far-70b2db8a	far	adjective|adverb	A1|A2|B1	reading	multi-sense-panel	high	needs_teacher_approved_sense		pending	no
fare-c5675e96	fare	noun	B1|B2	reading	object-or-context-scene	high	needs_teacher_approved_sense		pending	no
farm-36a3bbe0	farm	noun|verb	A1|A2|B1	reading	multi-sense-panel	high	needs_teacher_approved_sense		pending	no
fashion-ed421c35	fashion	noun	A2|B1	reading	object-or-context-scene	high	needs_teacher_approved_sense		pending	no
fast-0afde566	fast	adjective|adverb	A1|A2|B1	reading	multi-sense-panel	high	needs_teacher_approved_sense		pending	no
father-32c8bbff	father	noun	A1|A2|B1	reading	object-or-context-scene	high	needs_teacher_approved_sense		pending	no
favourite-824168b6	favourite	adjective|noun	A1|A2|B1	reading	multi-sense-panel	high	needs_teacher_approved_sense		pending	no
fear-865a3923	fear	noun|verb	A2|B1|B2	reading	multi-sense-panel	high	needs_teacher_approved_sense		pending	no
feedback-ef15f48c	feedback	noun	B2|C1	listening	object-or-context-scene	high	needs_teacher_approved_sense		pending	no
feel-ccfcd366	feel	verb	A1|A2|B1	reading	action-scene	high	needs_teacher_approved_sense		pending	no
few-8def4372	few	adjective|determiner|pronoun	A1|A2|B1	reading	contrast-pair	high	needs_teacher_approved_sense		pending	no
fiction-9e8eb67d	fiction	noun	A2|B1|B2	writing	concept-metaphor	high	needs_teacher_approved_sense		pending	no
figure-f85bdc67	figure	noun|verb	A2|B1|B2	reading	multi-sense-panel	high	needs_teacher_approved_sense		pending	no
fill-7aec9744	fill	verb	A1|A2|B1	reading	action-scene	high	needs_teacher_approved_sense		pending	no
film-ad363a93	film	noun|verb	A1|A2|B1	reading	multi-sense-panel	high	needs_teacher_approved_sense		pending	no
find-ded8dae5	find	verb	A1|A2|B1	reading	action-scene	high	needs_teacher_approved_sense		pending	no
finish-2cce4a92	finish	noun|verb	A1|A2|B1	reading	multi-sense-panel	high	needs_teacher_approved_sense		pending	no
fire-1da84024	fire	noun|verb	A1|A2|B1	reading	multi-sense-panel	high	needs_teacher_approved_sense		pending	no
firm-d340949e	firm	adjective|noun	B1|B2	writing	multi-sense-panel	high	needs_teacher_approved_sense		pending	no
first-e0996a37	first	adjective|adverb|determiner|noun|number	A1|A2|B1	reading	multi-sense-panel	high	needs_teacher_approved_sense		pending	no
flat-b9c7b42d	flat	adjective|noun	A1|A2|B1	reading	multi-sense-panel	high	needs_teacher_approved_sense		pending	no
flavour-4f2b9a8d	flavour	noun	B1|B2	reading	object-or-context-scene	high	needs_teacher_approved_sense		pending	no
flight-cca50207	flight	noun	A1|A2|B1	reading	object-or-context-scene	high	needs_teacher_approved_sense		pending	no
flood-ff0db992	flood	noun|verb	B1	listening	multi-sense-panel	high	needs_teacher_approved_sense		pending	no
floor-3684c9d3	floor	noun	A1|A2|B1	reading	object-or-context-scene	high	needs_teacher_approved_sense		pending	no
flow-d8f7e9c7	flow	noun|verb	B1|B2	reading	multi-sense-panel	high	needs_teacher_approved_sense		pending	no
flu-f245e8fd	flu	noun	A2|B1|B2	reading	object-or-context-scene	high	needs_teacher_approved_sense		pending	no
fly-41a682ca	fly	noun|verb	A1|A2|B1	reading	multi-sense-panel	high	needs_teacher_approved_sense		pending	no
folk-2d02ecf8	folk	adjective|noun	B1|B2	writing	multi-sense-panel	high	needs_teacher_approved_sense		pending	no
follow-f7ac253b	follow	verb	A1|A2|B1	reading	action-scene	high	needs_teacher_approved_sense		pending	no
food-39ccb32d	food	noun	A1|A2|B1	reading	object-or-context-scene	high	needs_teacher_approved_sense		pending	no
foot-32cb9138	foot	noun	A1|A2|B1	reading	object-or-context-scene	high	needs_teacher_approved_sense		pending	no
football-2d27b62c	football	noun	A1|A2|B1	reading	object-or-context-scene	high	needs_teacher_approved_sense		pending	no
forecast-018c49f8	forecast	noun|verb	B1|B2	reading	multi-sense-panel	high	needs_teacher_approved_sense		pending	no
foreign-44d16146	foreign	adjective	A2|B1	reading	contrast-pair	high	needs_teacher_approved_sense		pending	no
forget-b96cfac5	forget	verb	A1|A2|B1	reading	action-scene	high	needs_teacher_approved_sense		pending	no
fork-3f673f2a	fork	noun	A2|B1	reading	object-or-context-scene	high	needs_teacher_approved_sense		pending	no
form-d00b3981	form	noun|verb	A1|A2|B1	reading	multi-sense-panel	high	needs_teacher_approved_sense		pending	no
free-4ff88aad	free	adjective|adverb|verb	A1|A2|B1|B2	writing	multi-sense-panel	high	needs_teacher_approved_sense		pending	no
freezing-05468b52	freezing	adjective	B1|B2	listening	contrast-pair	high	needs_teacher_approved_sense		pending	no
fresh-67a4c84c	fresh	adjective	A2|B1	reading	contrast-pair	high	needs_teacher_approved_sense		pending	no
fridge-3a82c7a5	fridge	noun	A2|B1	reading	object-or-context-scene	high	needs_teacher_approved_sense		pending	no
friend-e69867ca	friend	noun	A1|A2|B1	reading	object-or-context-scene	high	needs_teacher_approved_sense		pending	no
friendly-41209342	friendly	adjective	A1|A2|B1	reading	contrast-pair	high	needs_teacher_approved_sense		pending	no
frighten-9a25d97d	frighten	verb	B1|B2	reading	action-scene	high	needs_teacher_approved_sense		pending	no
front-1b78eb3b	front	adjective|noun	A1|A2|B1	reading	multi-sense-panel	high	needs_teacher_approved_sense		pending	no
fry-00c71037	fry	verb	A2|B1	reading	action-scene	high	needs_teacher_approved_sense		pending	no
full-time-077f2c79	full-time	adjective|adverb	B1|B2	listening	multi-sense-panel	high	needs_teacher_approved_sense		pending	no
fun-c84c50d5	fun	adjective|noun	A1|A2|B1	reading	multi-sense-panel	high	needs_teacher_approved_sense		pending	no
funny-bf48095d	funny	adjective	A1|A2|B1	reading	contrast-pair	high	needs_teacher_approved_sense		pending	no
fur-cee609b4	fur	noun	B1	listening	object-or-context-scene	high	needs_teacher_approved_sense		pending	no
furniture-7b6e7a25	furniture	noun	A2|B1	reading	object-or-context-scene	high	needs_teacher_approved_sense		pending	no
game-cda051c9	game	noun	A1|A2|B1	reading	object-or-context-scene	high	needs_teacher_approved_sense		pending	no
garage-4c2f6599	garage	noun	A2|B1	reading	object-or-context-scene	high	needs_teacher_approved_sense		pending	no
gas-facafa74	gas	noun	A2|B1	reading	object-or-context-scene	high	needs_teacher_approved_sense		pending	no
gate-3c5b4927	gate	noun	A2|B1	reading	object-or-context-scene	high	needs_teacher_approved_sense		pending	no
generation-cd738ebd	generation	noun	B1|B2	writing	concept-metaphor	high	needs_teacher_approved_sense		pending	no
generous-feb97d0e	generous	adjective	B1|B2	writing	contrast-pair	high	needs_teacher_approved_sense		pending	no
gentle-471908a2	gentle	adjective	B1|B2	writing	contrast-pair	high	needs_teacher_approved_sense		pending	no
geography-b27c2f67	geography	noun	A1|B1	listening	object-or-context-scene	high	needs_teacher_approved_sense		pending	no
get-783923e5	get	verb	A1|A2|B1	reading	action-scene	high	needs_teacher_approved_sense		pending	no
girl-25b732b3	girl	noun	A1|A2|B1	reading	object-or-context-scene	high	needs_teacher_approved_sense		pending	no
give-fa9f22e6	give	verb	A1|A2|B1	reading	action-scene	high	needs_teacher_approved_sense		pending	no
glad-3d95672b	glad	adjective	A2|B1	reading	contrast-pair	high	needs_teacher_approved_sense		pending	no
glance-0a6ca81d	glance	noun|verb	B1|B2|C1	writing	multi-sense-panel	high	needs_teacher_approved_sense		pending	no
global-warming-246910c6	global warming	noun	B1|B2	listening	context-scene	high	needs_teacher_approved_sense		pending	no
go-1ec558a6	go	noun|verb	A1|A2|B1	reading	multi-sense-panel	high	needs_teacher_approved_sense		pending	no
go-off-43730179	go off	phrasal verb|verb	B1|C1	reading	context-scene	high	needs_teacher_approved_sense		pending	no
gold-09feb137	gold	adjective|noun	A2	listening	multi-sense-panel	high	needs_teacher_approved_sense		pending	no
good-fc19318d	good	adjective|noun	A1|A2|B1	reading	multi-sense-panel	high	needs_teacher_approved_sense		pending	no
goodbye-3c8ec487	goodbye	exclamation|noun	A1|A2|B1	reading	object-or-context-scene	high	needs_teacher_approved_sense		pending	no
government-1785a93e	government	noun	A2|B1	listening	concept-metaphor	high	needs_teacher_approved_sense		pending	no
graduate-2c6a6bad	graduate	noun|verb	B1|B2	reading	multi-sense-panel	high	needs_teacher_approved_sense		pending	no
grandfather-dd6708dd	grandfather	noun	A1|A2|B1	reading	object-or-context-scene	high	needs_teacher_approved_sense		pending	no
grandmother-ea39210a	grandmother	noun	A1|A2|B1	reading	object-or-context-scene	high	needs_teacher_approved_sense		pending	no
grandparent-410bce0c	grandparent	noun	A1|A2|B1	reading	object-or-context-scene	high	needs_teacher_approved_sense		pending	no
graphics-85bf9802	graphics	noun	B1|B2	listening	object-or-context-scene	high	needs_teacher_approved_sense		pending	no
grass-bbc29b76	grass	noun	A2|B1	reading	object-or-context-scene	high	needs_teacher_approved_sense		pending	no
great-fbc8fae6	great	adjective	A1|A2|B1	reading	contrast-pair	high	needs_teacher_approved_sense		pending	no
grill-e1545f8f	grill	noun|verb	A2|B1|B2	speaking	multi-sense-panel	high	needs_teacher_approved_sense		pending	no
group-64292b1c	group	noun	A1|A2|B1	reading	object-or-context-scene	high	needs_teacher_approved_sense		pending	no
grow-c7c5d759	grow	verb	A1|A2|B1	reading	action-scene	high	needs_teacher_approved_sense		pending	no
guarantee-e3fb6398	guarantee	noun|verb	B2	listening	multi-sense-panel	high	needs_teacher_approved_sense		pending	no
guard-c7e42d43	guard	noun|verb	B1	listening	multi-sense-panel	high	needs_teacher_approved_sense		pending	no
guide-4956fadd	guide	noun|verb	A2|B1	reading	multi-sense-panel	high	needs_teacher_approved_sense		pending	no
guilty-5149c0a0	guilty	adjective	B1|B2	writing	contrast-pair	high	needs_teacher_approved_sense		pending	no
guitar-22942b7c	guitar	noun	A1|A2|B1	reading	object-or-context-scene	high	needs_teacher_approved_sense		pending	no
guy-b5cd271b	guy	noun	A2|B1	reading	object-or-context-scene	high	needs_teacher_approved_sense		pending	no
hair-bc70b051	hair	noun	A1|A2|B1	reading	object-or-context-scene	high	needs_teacher_approved_sense		pending	no
half-6dbdd59a	half	adverb|determiner|noun|pronoun	A1|A2|B1	reading	multi-sense-panel	high	needs_teacher_approved_sense		pending	no
hall-4b5fdc6e	hall	noun	A2|B1	reading	object-or-context-scene	high	needs_teacher_approved_sense		pending	no
hand-9621a244	hand	noun|verb	A1|A2|B1	reading	multi-sense-panel	high	needs_teacher_approved_sense		pending	no
happen-53571adf	happen	verb	A1|A2|B1	reading	action-scene	high	needs_teacher_approved_sense		pending	no
happy-3978d009	happy	adjective	A1|A2|B1	reading	contrast-pair	high	needs_teacher_approved_sense		pending	no
hard-cae5970f	hard	adjective|adverb	A1|A2|B1	reading	multi-sense-panel	high	needs_teacher_approved_sense		pending	no
hat-10e58660	hat	noun	A1|A2|B1	reading	object-or-context-scene	high	needs_teacher_approved_sense		pending	no
hate-c3ace180	hate	noun|verb	A1|A2|B1	reading	multi-sense-panel	high	needs_teacher_approved_sense		pending	no
have-ff87cea4	have	auxiliary verb|verb	A1|A2|B1	reading	action-scene	high	needs_teacher_approved_sense		pending	no
have-to-e5c1278f	have to	modal verb|verb	A1|A2|B1	speaking	context-scene	high	needs_teacher_approved_sense		pending	no
head-1a954628	head	noun|verb	A1|A2|B1	reading	multi-sense-panel	high	needs_teacher_approved_sense		pending	no
health-834b34f1	health	noun	A1|A2|B1	reading	object-or-context-scene	high	needs_teacher_approved_sense		pending	no
healthy-de18ccfa	healthy	adjective	A1|A2|B1	reading	contrast-pair	high	needs_teacher_approved_sense		pending	no
hear-ca607cf6	hear	verb	A1|A2|B1	reading	action-scene	high	needs_teacher_approved_sense		pending	no
heart-ef8201e1	heart	noun	A2|B1	reading	object-or-context-scene	high	needs_teacher_approved_sense		pending	no
heating-5caf10c3	heating	noun	A2|B1	reading	object-or-context-scene	high	needs_teacher_approved_sense		pending	no
heavy-7e85183c	heavy	adjective	A2|B1	reading	contrast-pair	high	needs_teacher_approved_sense		pending	no
height-73e7e545	height	noun	A2|B1	listening	object-or-context-scene	high	needs_teacher_approved_sense		pending	no
helmet-749440ec	helmet	noun	B1|B2	listening	object-or-context-scene	high	needs_teacher_approved_sense		pending	no
help-92005ecf	help	noun|verb	A1|A2|B1	reading	multi-sense-panel	high	needs_teacher_approved_sense		pending	no
here-0154c0da	here	adverb	A1|A2|B1	reading	manner-sequence	high	needs_teacher_approved_sense		pending	no
high-9235afd3	high	adjective|adverb|noun	A1|A2|B1|B2	writing	multi-sense-panel	high	needs_teacher_approved_sense		pending	no
historic-f13122a4	historic	adjective	B1|B2	writing	contrast-pair	high	needs_teacher_approved_sense		pending	no
historical-fc7a786f	historical	adjective	B1|B2	writing	contrast-pair	high	needs_teacher_approved_sense		pending	no
history-66f79d8a	history	noun	A1|B1	listening	object-or-context-scene	high	needs_teacher_approved_sense		pending	no
hobby-54b7e849	hobby	noun	A1|A2|B1	reading	object-or-context-scene	high	needs_teacher_approved_sense		pending	no
holiday-1b602c45	holiday	noun	A1|A2|B1	reading	object-or-context-scene	high	needs_teacher_approved_sense		pending	no
home-e83249bd	home	adjective|adverb|noun	A1|A2|B1	reading	multi-sense-panel	high	needs_teacher_approved_sense		pending	no
homework-a264d337	homework	noun	A1|A2|B1	reading	object-or-context-scene	high	needs_teacher_approved_sense		pending	no
honest-53861851	honest	adjective	B1|B2	writing	contrast-pair	high	needs_teacher_approved_sense		pending	no
hope-4955742b	hope	noun|verb	A1|A2|B1	reading	multi-sense-panel	high	needs_teacher_approved_sense		pending	no
horse-091b5035	horse	noun	A1|A2|B1	reading	object-or-context-scene	high	needs_teacher_approved_sense		pending	no
hotel-14e83355	hotel	noun	A1|A2|B1	reading	object-or-context-scene	high	needs_teacher_approved_sense		pending	no
hour-52ab86a8	hour	noun	A1|A2|B1	reading	object-or-context-scene	high	needs_teacher_approved_sense		pending	no
house-5be93480	house	noun|verb	A1|A2|B1|B2	reading	multi-sense-panel	high	needs_teacher_approved_sense		pending	no
how-0b064373	how	adverb	A1|A2|B1	reading	manner-sequence	high	needs_teacher_approved_sense		pending	no
humid-f9897503	humid	adjective	B1|B2	listening	contrast-pair	high	needs_teacher_approved_sense		pending	no
hungry-eff2146b	hungry	adjective	A1|A2|B1	reading	contrast-pair	high	needs_teacher_approved_sense		pending	no
hurry-cea2df1e	hurry	noun|verb	A2|B1	reading	multi-sense-panel	high	needs_teacher_approved_sense		pending	no
hurt-7ee201fb	hurt	adjective|noun|verb	A2|B1|B2	writing	multi-sense-panel	high	needs_teacher_approved_sense		pending	no
husband-316be803	husband	noun	A1|A2|B1	reading	object-or-context-scene	high	needs_teacher_approved_sense		pending	no
ice-d53b257b	ice	noun	A1|A2|B1	reading	object-or-context-scene	high	needs_teacher_approved_sense		pending	no
ice-cream-7c16c818	ice cream	noun	A1|A2|B1	speaking	context-scene	high	needs_teacher_approved_sense		pending	no
ice-skating-cbfe32d0	ice skating	noun	A2|B1	listening	context-scene	high	needs_teacher_approved_sense		pending	no
idea-76625061	idea	noun	A1|A2|B1	reading	object-or-context-scene	high	needs_teacher_approved_sense		pending	no
ill-e233f084	ill	adjective	A2|B1	reading	contrast-pair	high	needs_teacher_approved_sense		pending	no
immediately-3e7ce50b	immediately	adverb	A2|B1	reading	manner-sequence	high	needs_teacher_approved_sense		pending	no
important-5b400951	important	adjective	A1|A2|B1	reading	contrast-pair	high	needs_teacher_approved_sense		pending	no
impossible-a708dd23	impossible	adjective	A2|B1	reading	contrast-pair	high	needs_teacher_approved_sense		pending	no
improve-69a42959	improve	verb	A1|A2|B1	reading	action-scene	high	needs_teacher_approved_sense		pending	no
in-af10ef20	in	adverb|preposition	A1|A2|B1	reading	manner-sequence	high	needs_teacher_approved_sense		pending	no
include-d3ecb0d8	include	verb	A1|A2|B1	reading	action-scene	high	needs_teacher_approved_sense		pending	no
indigenous-d9a9af13	indigenous	adjective	C1	listening	contrast-pair	high	needs_teacher_approved_sense		pending	no
individual-589d230a	individual	adjective|noun	A2|B1	listening	multi-sense-panel	high	needs_teacher_approved_sense		pending	no
indoors-0083f7f5	indoors	adverb	A2|B1	reading	manner-sequence	high	needs_teacher_approved_sense		pending	no
information-83dd9d6a	information	noun	A1|A2|B1	reading	concept-metaphor	high	needs_teacher_approved_sense		pending	no
insect-1a4e4a7c	insect	noun	A2|B1	reading	object-or-context-scene	high	needs_teacher_approved_sense		pending	no
inside-fcc53788	inside	adjective|adverb|noun|preposition	A2|B1	reading	multi-sense-panel	high	needs_teacher_approved_sense		pending	no
install-89fb511f	install	verb|verb phrase	B1|B2	speaking	context-scene	high	needs_teacher_approved_sense		pending	no
instrument-2f342f5b	instrument	noun	A2|B1	reading	concept-metaphor	high	needs_teacher_approved_sense		pending	no
insurance-7a972d07	insurance	noun	A2|B2	listening	concept-metaphor	high	needs_teacher_approved_sense		pending	no
interested-ebfb2e9c	interested	adjective	A1|A2|B1	reading	contrast-pair	high	needs_teacher_approved_sense		pending	no
interesting-68f55551	interesting	adjective	A1|A2|B1	reading	contrast-pair	high	needs_teacher_approved_sense		pending	no
intermediate-ce03a801	intermediate	adjective	B1|C1	listening	contrast-pair	high	needs_teacher_approved_sense		pending	no
internet-4d0fb475	internet	noun	A1|A2|B1	reading	object-or-context-scene	high	needs_teacher_approved_sense		pending	no
interview-af537eeb	interview	noun|verb	A1|B1	listening	multi-sense-panel	high	needs_teacher_approved_sense		pending	no
invite-f52bc44a	invite	verb	A2|B1	reading	action-scene	high	needs_teacher_approved_sense		pending	no
it-6c5522ca	it	noun|pronoun	A1|A2|B1	reading	object-or-context-scene	high	needs_teacher_approved_sense		pending	no
jacket-1cdbba96	jacket	noun	A1|A2|B1	reading	object-or-context-scene	high	needs_teacher_approved_sense		pending	no
jam-da3dd5c2	jam	noun	A2|B1	reading	object-or-context-scene	high	needs_teacher_approved_sense		pending	no
jeans-1cf1396a	jeans	noun	A1|A2|B1	reading	object-or-context-scene	high	needs_teacher_approved_sense		pending	no
job-2eda8ad1	job	noun	A1|A2|B1	reading	object-or-context-scene	high	needs_teacher_approved_sense		pending	no
jogging-418f7d37	jogging	noun	B1|B2	listening	object-or-context-scene	high	needs_teacher_approved_sense		pending	no
join-c455b38e	join	verb	A1|A2|B1	reading	action-scene	high	needs_teacher_approved_sense		pending	no
journey-7da33f49	journey	noun	A1|A2|B1	reading	object-or-context-scene	high	needs_teacher_approved_sense		pending	no
juice-07ef8791	juice	noun	A1|A2|B1	reading	object-or-context-scene	high	needs_teacher_approved_sense		pending	no
jump-271e9a56	jump	noun|verb	A2|B1	reading	multi-sense-panel	high	needs_teacher_approved_sense		pending	no
jungle-cfd47b3b	jungle	noun	B1|B2	listening	object-or-context-scene	high	needs_teacher_approved_sense		pending	no
keep-1264bdfe	keep	verb	A1|A2|B1	reading	action-scene	high	needs_teacher_approved_sense		pending	no
key-a62f2225	key	adjective|noun|verb	A1|A2|B1	reading	multi-sense-panel	high	needs_teacher_approved_sense		pending	no
keyboard-384a8a9f	keyboard	noun	A2|B1	reading	object-or-context-scene	high	needs_teacher_approved_sense		pending	no
kind-0ef25ae0	kind	adjective|noun	A1|A2|B1	reading	multi-sense-panel	high	needs_teacher_approved_sense		pending	no
king-481902ec	king	noun	A2|B1	reading	object-or-context-scene	high	needs_teacher_approved_sense		pending	no
knife-6e32618e	knife	noun	A2|B1	reading	object-or-context-scene	high	needs_teacher_approved_sense		pending	no
know-97accafb	know	verb	A1|A2|B1	reading	action-scene	high	needs_teacher_approved_sense		pending	no
knowledge-cce245fb	knowledge	noun	A2|B1	listening	object-or-context-scene	high	needs_teacher_approved_sense		pending	no
label-64c65374	label	noun|verb	B1|B2	reading	multi-sense-panel	high	needs_teacher_approved_sense		pending	no
laboratory-80240dce	laboratory	noun	B1|B2	reading	object-or-context-scene	high	needs_teacher_approved_sense		pending	no
lamp-bc4edcce	lamp	noun	A2|B1	reading	object-or-context-scene	high	needs_teacher_approved_sense		pending	no
landscape-0a2f2cd9	landscape	noun	B1|B2	reading	object-or-context-scene	high	needs_teacher_approved_sense		pending	no
language-e11523c5	language	noun	A1|A2|B1	reading	object-or-context-scene	high	needs_teacher_approved_sense		pending	no
large-5296d5cc	large	adjective	A1|A2|B1	reading	contrast-pair	high	needs_teacher_approved_sense		pending	no
late-5d6200f8	late	adjective|adverb	A1|A2|B1	reading	multi-sense-panel	high	needs_teacher_approved_sense		pending	no
later-3f14ecc8	later	adjective|adverb	A1|A2|B1	reading	multi-sense-panel	high	needs_teacher_approved_sense		pending	no
laugh-dea45512	laugh	noun|verb	A1|A2|B1	reading	multi-sense-panel	high	needs_teacher_approved_sense		pending	no
lazy-1078cf41	lazy	adjective	A2|B1|B2	writing	contrast-pair	high	needs_teacher_approved_sense		pending	no
leave-31aed9e3	leave	noun|verb	A1|A2|B1|B2	reading	multi-sense-panel	high	needs_teacher_approved_sense		pending	no
left-12c0f1fb	left	adjective|adverb|noun	A1|A2|B1	reading	multi-sense-panel	high	needs_teacher_approved_sense		pending	no
leg-321d6cc5	leg	noun	A1|A2|B1	reading	object-or-context-scene	high	needs_teacher_approved_sense		pending	no
lemon-dfdd7bce	lemon	noun	A2|B1	reading	object-or-context-scene	high	needs_teacher_approved_sense		pending	no
length-3d54973f	length	noun	B1	listening	object-or-context-scene	high	needs_teacher_approved_sense		pending	no
less-0b439cf4	less	adjective|adverb|determiner|pronoun	A2|B1	reading	multi-sense-panel	high	needs_teacher_approved_sense		pending	no
lesson-b11449a3	lesson	noun	A1|A2|B1	reading	object-or-context-scene	high	needs_teacher_approved_sense		pending	no
let-0262f9bb	let	verb	A1|A2|B1	reading	action-scene	high	needs_teacher_approved_sense		pending	no
letter-18cc852c	letter	noun	A1|A2|B1	reading	object-or-context-scene	high	needs_teacher_approved_sense		pending	no
level-ad60c535	level	adjective|noun|verb	A2|B1|B2	writing	multi-sense-panel	high	needs_teacher_approved_sense		pending	no
licence-c291298d	licence	noun	A2|B1|B2	writing	concept-metaphor	high	needs_teacher_approved_sense		pending	no
life-2b5d05d3	life	noun	A1|A2|B1	reading	object-or-context-scene	high	needs_teacher_approved_sense		pending	no
lift-d9090bfd	lift	noun|verb	A2|B1	reading	multi-sense-panel	high	needs_teacher_approved_sense		pending	no
like-c4eb7d7f	like	adverb|noun|preposition|verb	A1|A2|B1	reading	multi-sense-panel	high	needs_teacher_approved_sense		pending	no
line-264f39ca	line	noun|verb	A1|A2|B1|B2	reading	multi-sense-panel	high	needs_teacher_approved_sense		pending	no
listen-2147a9e5	listen	verb	A1|A2|B1	reading	action-scene	high	needs_teacher_approved_sense		pending	no
litre-febdcd62	litre	noun	A2|B1|B2	reading	object-or-context-scene	high	needs_teacher_approved_sense		pending	no
little-45022297	little	adjective|adverb|determiner|pronoun	A1|A2|B1	reading	multi-sense-panel	high	needs_teacher_approved_sense		pending	no
live-98aadb37	live	adjective|adverb|verb	A1|A2|B1	reading	multi-sense-panel	high	needs_teacher_approved_sense		pending	no
lively-49ab5955	lively	adjective	B1|B2	writing	contrast-pair	high	needs_teacher_approved_sense		pending	no
location-6469ac84	location	noun	B1|B2	writing	concept-metaphor	high	needs_teacher_approved_sense		pending	no
long-bd3027fa	long	adjective|adverb	A1|A2|B1	reading	multi-sense-panel	high	needs_teacher_approved_sense		pending	no
look-e09315fa	look	noun|verb	A1|A2|B1	reading	multi-sense-panel	high	needs_teacher_approved_sense		pending	no
loud-d1c6f1a8	loud	adjective|adverb	A2|B1	reading	multi-sense-panel	high	needs_teacher_approved_sense		pending	no
love-9f2feb0f	love	noun|verb	A1|A2|B1	reading	multi-sense-panel	high	needs_teacher_approved_sense		pending	no
lovely-de346083	lovely	adjective	A2|B1	reading	contrast-pair	high	needs_teacher_approved_sense		pending	no
low-36a883e7	low	adjective|adverb|noun	A2|B1|B2	writing	multi-sense-panel	high	needs_teacher_approved_sense		pending	no
luck-7be77f1a	luck	noun	A2|B1	reading	object-or-context-scene	high	needs_teacher_approved_sense		pending	no
lucky-1ce14163	lucky	adjective	A2|B1	reading	contrast-pair	high	needs_teacher_approved_sense		pending	no
lunch-09453054	lunch	noun	A1|A2|B1	reading	object-or-context-scene	high	needs_teacher_approved_sense		pending	no
machine-7817c52b	machine	noun	A1|A2|B1	reading	object-or-context-scene	high	needs_teacher_approved_sense		pending	no
magazine-2c26d6e2	magazine	noun	A1|A2|B1	reading	object-or-context-scene	high	needs_teacher_approved_sense		pending	no
make-5821eb27	make	noun|verb	A1|A2|B1|B2	reading	multi-sense-panel	high	needs_teacher_approved_sense		pending	no
man-8175e3c8	man	noun	A1|A2|B1	reading	object-or-context-scene	high	needs_teacher_approved_sense		pending	no
many-f2547020	many	adjective|determiner|pronoun	A1|A2|B1	reading	contrast-pair	high	needs_teacher_approved_sense		pending	no
map-37745ed7	map	noun|verb	A1|A2|B1|B2	reading	multi-sense-panel	high	needs_teacher_approved_sense		pending	no
mark-f1b5a91d	mark	noun|verb	A2|B1	listening	multi-sense-panel	high	needs_teacher_approved_sense		pending	no
market-5c9f73af	market	noun|verb	A1|A2|B1	reading	multi-sense-panel	high	needs_teacher_approved_sense		pending	no
married-52d081ef	married	adjective	A1|A2|B1	reading	contrast-pair	high	needs_teacher_approved_sense		pending	no
material-97912524	material	adjective|noun	A2|B1|B2	writing	multi-sense-panel	high	needs_teacher_approved_sense		pending	no
matter-8c7bb9f6	matter	noun|verb	A2|B1	reading	multi-sense-panel	high	needs_teacher_approved_sense		pending	no
maybe-f1b58e1d	maybe	adverb	A1|A2|B1	reading	manner-sequence	high	needs_teacher_approved_sense		pending	no
mechanic-527072a5	mechanic	noun	A2|B1|B2	reading	object-or-context-scene	high	needs_teacher_approved_sense		pending	no
meet-392d7871	meet	verb	A1|A2|B1	reading	action-scene	high	needs_teacher_approved_sense		pending	no
meeting-bd758012	meeting	noun	A1|A2|B1	reading	object-or-context-scene	high	needs_teacher_approved_sense		pending	no
member-6467baa3	member	noun	A1|A2|B1	reading	object-or-context-scene	high	needs_teacher_approved_sense		pending	no
memorable-59580543	memorable	adjective	B2	listening	contrast-pair	high	needs_teacher_approved_sense		pending	no
menu-252a2566	menu	noun	A1|A2|B1	reading	object-or-context-scene	high	needs_teacher_approved_sense		pending	no
message-6f9b9af3	message	noun	A1|A2|B1	reading	object-or-context-scene	high	needs_teacher_approved_sense		pending	no
metal-4963bb05	metal	noun	A2|B1	listening	object-or-context-scene	high	needs_teacher_approved_sense		pending	no
metre-c38e0b97	metre	noun	A1|A2|B1	reading	object-or-context-scene	high	needs_teacher_approved_sense		pending	no
microwave-ba44f547	microwave	noun	B1|B2	listening	object-or-context-scene	high	needs_teacher_approved_sense		pending	no
middle-85c27492	middle	adjective|noun	A2|B1	reading	multi-sense-panel	high	needs_teacher_approved_sense		pending	no
mile-45bdc66e	mile	noun	A1|A2|B1	reading	object-or-context-scene	high	needs_teacher_approved_sense		pending	no
million-e8502058	million	noun|number	A1|A2|B1	reading	object-or-context-scene	high	needs_teacher_approved_sense		pending	no
mind-d42c0112	mind	noun|verb	A2|B1	reading	multi-sense-panel	high	needs_teacher_approved_sense		pending	no
mine-8034c43d	mine	noun|pronoun	A2|B1	reading	object-or-context-scene	high	needs_teacher_approved_sense		pending	no
mirror-ffff80d2	mirror	noun	A2|B1	reading	object-or-context-scene	high	needs_teacher_approved_sense		pending	no
miserable-d4cad4e3	miserable	adjective	B1|B2	writing	contrast-pair	high	needs_teacher_approved_sense		pending	no
miss-f749d76f	miss	noun|verb	A1|A2|B1	reading	multi-sense-panel	high	needs_teacher_approved_sense		pending	no
mistake-c07a45a8	mistake	noun|verb	A1|A2|B1|B2	reading	multi-sense-panel	high	needs_teacher_approved_sense		pending	no
mobile-83d6311e	mobile	adjective|noun	A2|B1	reading	multi-sense-panel	high	needs_teacher_approved_sense		pending	no
modern-b09be85d	modern	adjective	A1|A2|B1	reading	contrast-pair	high	needs_teacher_approved_sense		pending	no
moment-b56def36	moment	noun	A1|A2|B1	reading	concept-metaphor	high	needs_teacher_approved_sense		pending	no
money-c95259de	money	noun	A1|A2|B1	reading	object-or-context-scene	high	needs_teacher_approved_sense		pending	no
monkey-ab87d24b	monkey	noun	A2|B1	reading	object-or-context-scene	high	needs_teacher_approved_sense		pending	no
month-021710fa	month	noun	A1|A2|B1	reading	object-or-context-scene	high	needs_teacher_approved_sense		pending	no
monthly-745d1918	monthly	adjective|adverb	A2|B1|B2	writing	multi-sense-panel	high	needs_teacher_approved_sense		pending	no
moon-46dcd4dd	moon	noun	A2|B1	reading	object-or-context-scene	high	needs_teacher_approved_sense		pending	no
more-e7c95b4c	more	adjective|adverb|determiner|pronoun	A1|A2|B1	reading	multi-sense-panel	high	needs_teacher_approved_sense		pending	no
morning-45a21e4b	morning	noun	A1|A2|B1	reading	object-or-context-scene	high	needs_teacher_approved_sense		pending	no
most-d00ef164	most	adjective|adverb|determiner|pronoun	A1|A2|B1	reading	multi-sense-panel	high	needs_teacher_approved_sense		pending	no
mother-5116e406	mother	noun	A1|A2|B1	reading	object-or-context-scene	high	needs_teacher_approved_sense		pending	no
mouse-9e05e683	mouse	noun	A1|A2|B1	reading	object-or-context-scene	high	needs_teacher_approved_sense		pending	no
mouth-87d17825	mouth	noun	A1|A2|B1	reading	object-or-context-scene	high	needs_teacher_approved_sense		pending	no
move-379d6ce9	move	noun|verb	A1|A2|B1	reading	multi-sense-panel	high	needs_teacher_approved_sense		pending	no
much-7d3f4472	much	adjective|adverb|determiner|pronoun	A1|A2|B1	reading	multi-sense-panel	high	needs_teacher_approved_sense		pending	no
mum-2523b26d	mum	noun	A1|A2|B1	reading	object-or-context-scene	high	needs_teacher_approved_sense		pending	no
music-3a01be17	music	noun	A1|A2|B1	reading	object-or-context-scene	high	needs_teacher_approved_sense		pending	no
musical-fe0feb3c	musical	adjective|noun	A2|B1|B2	writing	multi-sense-panel	high	needs_teacher_approved_sense		pending	no
musician-2e417fcb	musician	noun	A2|B1	reading	object-or-context-scene	high	needs_teacher_approved_sense		pending	no
must-5723d165	must	modal verb|verb	A1|A2|B1	reading	action-scene	high	needs_teacher_approved_sense		pending	no
name-6ae99955	name	noun|verb	A1|A2|B1	reading	multi-sense-panel	high	needs_teacher_approved_sense		pending	no
national-ba1d4317	national	adjective|noun	A2|B1|B2	writing	multi-sense-panel	high	needs_teacher_approved_sense		pending	no
nature-a5197f10	nature	noun	A2|B1	reading	object-or-context-scene	high	needs_teacher_approved_sense		pending	no
near-d8c46683	near	adjective|adverb|preposition	A1|A2|B1	reading	multi-sense-panel	high	needs_teacher_approved_sense		pending	no
nearly-749a9928	nearly	adverb	A2|B1	reading	manner-sequence	high	needs_teacher_approved_sense		pending	no
necessary-fce3b4d7	necessary	adjective	A2|B1	listening	contrast-pair	high	needs_teacher_approved_sense		pending	no
neck-bb4a9174	neck	noun	A2|B1	reading	object-or-context-scene	high	needs_teacher_approved_sense		pending	no
need-efe30e31	need	modal verb|noun|verb	A1|A2|B1	reading	multi-sense-panel	high	needs_teacher_approved_sense		pending	no
net-391b6629	net	adjective|noun	B1|C1	writing	multi-sense-panel	high	needs_teacher_approved_sense		pending	no
never-85777c03	never	adverb	A1|A2|B1	reading	manner-sequence	high	needs_teacher_approved_sense		pending	no
new-c2a6b03f	new	adjective	A1|A2|B1	reading	contrast-pair	high	needs_teacher_approved_sense		pending	no
news-3c6bdcdd	news	noun	A1|A2|B1	reading	object-or-context-scene	high	needs_teacher_approved_sense		pending	no
next-edee9402	next	adjective|adverb|noun	A1|A2|B1	reading	multi-sense-panel	high	needs_teacher_approved_sense		pending	no
nice-5929e58a	nice	adjective	A1|A2|B1	reading	contrast-pair	high	needs_teacher_approved_sense		pending	no
night-1be2a44c	night	noun	A1|A2|B1	reading	object-or-context-scene	high	needs_teacher_approved_sense		pending	no
no-fd128635	no	adverb|determiner|exclamation|pronoun	A1|A2|B1	reading	manner-sequence	high	needs_teacher_approved_sense		pending	no
noisy-e570e577	noisy	adjective	A2|B1	reading	contrast-pair	high	needs_teacher_approved_sense		pending	no
noon-c1e8ec03	noon	noun	A2|B1|C1	reading	object-or-context-scene	high	needs_teacher_approved_sense		pending	no
normal-9c2a6e48	normal	adjective|noun	A2|B1	reading	multi-sense-panel	high	needs_teacher_approved_sense		pending	no
north-3099447d	north	adjective|adverb|noun	A1|A2|B1	reading	multi-sense-panel	high	needs_teacher_approved_sense		pending	no
nose-1a1f58c9	nose	noun	A1|A2|B1	reading	object-or-context-scene	high	needs_teacher_approved_sense		pending	no
not-557f2555	not	adverb	A1|A2|B1	reading	manner-sequence	high	needs_teacher_approved_sense		pending	no
note-c51048b7	note	noun|verb	A1|A2|B1	reading	multi-sense-panel	high	needs_teacher_approved_sense		pending	no
novel-caee3e9d	novel	adjective|noun	A2|B1|C1	writing	multi-sense-panel	high	needs_teacher_approved_sense		pending	no
novelist-b9a49421	novelist	noun	B1|B2	reading	object-or-context-scene	high	needs_teacher_approved_sense		pending	no
now-c9bc849a	now	adverb|conjunction	A1|A2|B1	reading	manner-sequence	high	needs_teacher_approved_sense		pending	no
nowhere-916001a3	nowhere	adverb	A2|B1	reading	manner-sequence	high	needs_teacher_approved_sense		pending	no
number-53b0a1b2	number	noun|verb	A1|A2|B1	reading	multi-sense-panel	high	needs_teacher_approved_sense		pending	no
nurse-285f9a00	nurse	noun	A1|A2|B1	reading	object-or-context-scene	high	needs_teacher_approved_sense		pending	no
o-clock-22286fa3	o'clock	adverb	A1|A2|B1	reading	manner-sequence	high	needs_teacher_approved_sense		pending	no
off-da7a6873	off	adverb|preposition	A1|A2|B1	reading	manner-sequence	high	needs_teacher_approved_sense		pending	no
office-e6427457	office	noun	A1|A2|B1	reading	object-or-context-scene	high	needs_teacher_approved_sense		pending	no
often-6b77993c	often	adverb	A1|A2|B1	reading	manner-sequence	high	needs_teacher_approved_sense		pending	no
oil-a5f58c39	oil	noun	A2|B1	reading	object-or-context-scene	high	needs_teacher_approved_sense		pending	no
old-c00dbbc9	old	adjective	A1|A2|B1	reading	contrast-pair	high	needs_teacher_approved_sense		pending	no
on-db3d405b	on	adverb|preposition	A1|A2|B1	reading	manner-sequence	high	needs_teacher_approved_sense		pending	no
once-18638356	once	adverb|conjunction	A1|A2|B1	reading	manner-sequence	high	needs_teacher_approved_sense		pending	no
onion-6ac8c09b	onion	noun	A1|A2|B1	reading	object-or-context-scene	high	needs_teacher_approved_sense		pending	no
online-2dbc2fd2	online	adjective|adverb	A1|A2|B1	reading	multi-sense-panel	high	needs_teacher_approved_sense		pending	no
only-f8969a18	only	adjective|adverb	A1|A2|B1	reading	multi-sense-panel	high	needs_teacher_approved_sense		pending	no
open-5fc7e38b	open	adjective|verb	A1|A2|B1	reading	multi-sense-panel	high	needs_teacher_approved_sense		pending	no
opponent-5fdeae59	opponent	noun	B2|C1	reading	object-or-context-scene	high	needs_teacher_approved_sense		pending	no
opportunity-198e7188	opportunity	noun	A2|B1	listening	concept-metaphor	high	needs_teacher_approved_sense		pending	no
opposite-95901050	opposite	adjective|adverb|noun|preposition	A1|A2|B1	reading	multi-sense-panel	high	needs_teacher_approved_sense		pending	no
orchestra-aa8c05be	orchestra	noun	B1|B2	listening	object-or-context-scene	high	needs_teacher_approved_sense		pending	no
original-d73ef924	original	adjective|noun	A2|B1|B2	writing	multi-sense-panel	high	needs_teacher_approved_sense		pending	no
other-d0941e68	other	adjective|determiner|pronoun	A1|A2|B1	reading	contrast-pair	high	needs_teacher_approved_sense		pending	no
out-f4800df8	out	adverb|preposition	A1|A2|B1	reading	manner-sequence	high	needs_teacher_approved_sense		pending	no
outdoor-28ddbab0	outdoor	adjective	A2|B1	reading	contrast-pair	high	needs_teacher_approved_sense		pending	no
outdoors-0f758cf9	outdoors	adverb	A2|B1	reading	manner-sequence	high	needs_teacher_approved_sense		pending	no
outside-45e18dad	outside	adjective|adverb|noun|preposition	A1|A2|B1	reading	multi-sense-panel	high	needs_teacher_approved_sense		pending	no
oven-c534ed71	oven	noun	A2|B1	listening	object-or-context-scene	high	needs_teacher_approved_sense		pending	no
over-f0fed7e4	over	adverb|preposition	A1|A2|B1	reading	manner-sequence	high	needs_teacher_approved_sense		pending	no
own-fbf63c6a	own	adjective|pronoun|verb	A1|A2|B1	reading	multi-sense-panel	high	needs_teacher_approved_sense		pending	no
pack-6acd6212	pack	noun|verb	A2|B1	reading	multi-sense-panel	high	needs_teacher_approved_sense		pending	no
page-767013ce	page	noun	A1|A2|B1	reading	object-or-context-scene	high	needs_teacher_approved_sense		pending	no
pain-4582cd02	pain	noun	A2|B1	reading	object-or-context-scene	high	needs_teacher_approved_sense		pending	no
paint-039f7bd6	paint	noun|verb	A1|A2|B1	reading	multi-sense-panel	high	needs_teacher_approved_sense		pending	no
painting-36f2a10c	painting	noun	A1|B1	listening	object-or-context-scene	high	needs_teacher_approved_sense		pending	no
pair-20166cc5	pair	noun	A1|A2|B1	reading	object-or-context-scene	high	needs_teacher_approved_sense		pending	no
palace-2f20f24d	palace	noun	A2|B1	listening	object-or-context-scene	high	needs_teacher_approved_sense		pending	no
parent-d8fd39d0	parent	noun	A1|A2|B1	reading	object-or-context-scene	high	needs_teacher_approved_sense		pending	no
part-3fc88b83	part	noun	A1|A2|B1	reading	object-or-context-scene	high	needs_teacher_approved_sense		pending	no
part-time-213c8e83	part-time	adjective|adverb	B1|B2	listening	multi-sense-panel	high	needs_teacher_approved_sense		pending	no
partner-3624db88	partner	noun	A1|B1|B2	reading	object-or-context-scene	high	needs_teacher_approved_sense		pending	no
party-84beb188	party	noun	A1|A2|B1	reading	object-or-context-scene	high	needs_teacher_approved_sense		pending	no
passport-a3404013	passport	noun	A1|A2|B1	reading	object-or-context-scene	high	needs_teacher_approved_sense		pending	no
past-dc52f279	past	adjective|adverb|noun|preposition	A1|A2|B1	reading	multi-sense-panel	high	needs_teacher_approved_sense		pending	no
pasta-46139b0b	pasta	noun	A2|B1	listening	object-or-context-scene	high	needs_teacher_approved_sense		pending	no
path-3150ecd5	path	noun	A2|B1	reading	object-or-context-scene	high	needs_teacher_approved_sense		pending	no
pay-bfc95e50	pay	noun|verb	A1|A2|B1	reading	multi-sense-panel	high	needs_teacher_approved_sense		pending	no
peaceful-bab4c3db	peaceful	adjective	B1|B2	writing	contrast-pair	high	needs_teacher_approved_sense		pending	no
peak-6a28d069	peak	noun	B1|B2|C1	reading	object-or-context-scene	high	needs_teacher_approved_sense		pending	no
pen-31a841af	pen	noun	A1|A2|B1	reading	object-or-context-scene	high	needs_teacher_approved_sense		pending	no
penny-d96c88ee	penny	noun	A2|B1	reading	object-or-context-scene	high	needs_teacher_approved_sense		pending	no
people-ab3ccc8d	people	noun	A1|A2|B1	reading	object-or-context-scene	high	needs_teacher_approved_sense		pending	no
pepper-64356bcf	pepper	noun	A1|A2|B1	reading	object-or-context-scene	high	needs_teacher_approved_sense		pending	no
performance-476ee0f6	performance	noun	B1|B2	writing	concept-metaphor	high	needs_teacher_approved_sense		pending	no
perhaps-b81f4a81	perhaps	adverb	A2|B1	reading	manner-sequence	high	needs_teacher_approved_sense		pending	no
person-d39a4750	person	noun	A1|A2|B1	reading	object-or-context-scene	high	needs_teacher_approved_sense		pending	no
persuade-cd0de7c9	persuade	verb	B1	listening	action-scene	high	needs_teacher_approved_sense		pending	no
pet-1b034c38	pet	noun	A2|B1	reading	object-or-context-scene	high	needs_teacher_approved_sense		pending	no
petrol-477c1c92	petrol	noun	A2|B1	reading	object-or-context-scene	high	needs_teacher_approved_sense		pending	no
phone-f6be6ca9	phone	noun|verb	A1|A2|B1	reading	multi-sense-panel	high	needs_teacher_approved_sense		pending	no
photo-eeb35d33	photo	noun	A1|A2|B1	reading	object-or-context-scene	high	needs_teacher_approved_sense		pending	no
physics-4122fa5d	physics	noun	A2|B1	listening	object-or-context-scene	high	needs_teacher_approved_sense		pending	no
piano-5c07d1e4	piano	noun	A1|A2|B1	reading	object-or-context-scene	high	needs_teacher_approved_sense		pending	no
picnic-8cb7f0ef	picnic	noun	A2|B1	listening	object-or-context-scene	high	needs_teacher_approved_sense		pending	no
picture-0e66b49d	picture	noun|verb	A1|A2|B1|B2	reading	multi-sense-panel	high	needs_teacher_approved_sense		pending	no
piece-b0a94b3d	piece	noun	A1|A2|B1	reading	object-or-context-scene	high	needs_teacher_approved_sense		pending	no
pipe-aaa83eac	pipe	noun	B1|B2	reading	object-or-context-scene	high	needs_teacher_approved_sense		pending	no
pity-26c78a3f	pity	noun	A2|B1|B2	reading	concept-metaphor	high	needs_teacher_approved_sense		pending	no
pizza-1f6ccd2b	pizza	noun	A2|B1	listening	object-or-context-scene	high	needs_teacher_approved_sense		pending	no
place-9da8f1fa	place	noun|verb	A1|A2|B1	reading	multi-sense-panel	high	needs_teacher_approved_sense		pending	no
plain-68c46e84	plain	adjective	B1|B2	writing	contrast-pair	high	needs_teacher_approved_sense		pending	no
plan-bed97175	plan	noun|verb	A1|A2|B1	reading	multi-sense-panel	high	needs_teacher_approved_sense		pending	no
plane-2e869b90	plane	noun	A1|A2|B1	reading	object-or-context-scene	high	needs_teacher_approved_sense		pending	no
plant-baf0bf92	plant	noun|verb	A1|A2|B1	reading	multi-sense-panel	high	needs_teacher_approved_sense		pending	no
plate-9012c45d	plate	noun	A2|B1	reading	object-or-context-scene	high	needs_teacher_approved_sense		pending	no
play-516626bf	play	noun|verb	A1|A2|B1	reading	multi-sense-panel	high	needs_teacher_approved_sense		pending	no
pleasant-72ccfda0	pleasant	adjective	A2|B1	reading	contrast-pair	high	needs_teacher_approved_sense		pending	no
please-cae355b6	please	exclamation|verb	A1|A2|B1	reading	action-scene	high	needs_teacher_approved_sense		pending	no
pleasure-59ea4ada	pleasure	noun	B1|B2	reading	object-or-context-scene	high	needs_teacher_approved_sense		pending	no
pocket-5a1504e6	pocket	noun	A2|B1	reading	object-or-context-scene	high	needs_teacher_approved_sense		pending	no
point-71a7ca85	point	noun|verb	A1|A2|B1	reading	multi-sense-panel	high	needs_teacher_approved_sense		pending	no
police-ee848a3b	police	noun	A1|A2|B1	reading	object-or-context-scene	high	needs_teacher_approved_sense		pending	no
politics-4c5fd84e	politics	noun	B1	listening	object-or-context-scene	high	needs_teacher_approved_sense		pending	no
pollution-233471ef	pollution	noun	A2|B1	listening	concept-metaphor	high	needs_teacher_approved_sense		pending	no
pool-51a4b13b	pool	noun	A1|A2|B1	reading	object-or-context-scene	high	needs_teacher_approved_sense		pending	no
poor-2156e40a	poor	adjective	A1|A2|B1	reading	contrast-pair	high	needs_teacher_approved_sense		pending	no
popular-99d63737	popular	adjective	A1|A2|B1	reading	contrast-pair	high	needs_teacher_approved_sense		pending	no
population-db4d3305	population	noun	A2|B1|B2	writing	concept-metaphor	high	needs_teacher_approved_sense		pending	no
possible-db7c8cf9	possible	adjective	A1|A2|B1	reading	contrast-pair	high	needs_teacher_approved_sense		pending	no
post-9b466094	post	noun|verb	A1|A2|B1	reading	multi-sense-panel	high	needs_teacher_approved_sense		pending	no
poster-b6d4f63b	poster	noun	A2|B1	reading	object-or-context-scene	high	needs_teacher_approved_sense		pending	no
potato-3e2e95f5	potato	noun	A1|A2|B1	reading	object-or-context-scene	high	needs_teacher_approved_sense		pending	no
pottery-429d1859	pottery	noun	B1|B2	listening	object-or-context-scene	high	needs_teacher_approved_sense		pending	no
pound-dad7d5e0	pound	noun	A1|A2|B1	reading	object-or-context-scene	high	needs_teacher_approved_sense		pending	no
pour-03c988f5	pour	verb|verb phrase	B1|B2	speaking	context-scene	high	needs_teacher_approved_sense		pending	no
practical-7f55aa89	practical	adjective	B1|B2	listening	contrast-pair	high	needs_teacher_approved_sense		pending	no
practise-2c5199d4	practise	verb	A1|A2|B1	reading	action-scene	high	needs_teacher_approved_sense		pending	no
prefer-866e90df	prefer	verb	A1|A2|B1	reading	action-scene	high	needs_teacher_approved_sense		pending	no
prescription-9fd01ae4	prescription	noun	B1|B2|C1	writing	concept-metaphor	high	needs_teacher_approved_sense		pending	no
present-50644481	present	adjective|noun|verb	A1|A2|B1	reading	multi-sense-panel	high	needs_teacher_approved_sense		pending	no
presentation-e4c8d951	presentation	noun	B1|B2	writing	concept-metaphor	high	needs_teacher_approved_sense		pending	no
pretty-162fd259	pretty	adjective|adverb	A1|A2|B1	reading	multi-sense-panel	high	needs_teacher_approved_sense		pending	no
price-2097c337	price	noun|verb	A1|A2|B1|B2	reading	multi-sense-panel	high	needs_teacher_approved_sense		pending	no
primary-e3b7c980	primary	adjective	B1|B2	listening	contrast-pair	high	needs_teacher_approved_sense		pending	no
principal-35a34c22	principal	adjective|noun	B1|B2|C1	writing	multi-sense-panel	high	needs_teacher_approved_sense		pending	no
print-6d0d5876	print	noun|verb	A2|B1|B2	reading	multi-sense-panel	high	needs_teacher_approved_sense		pending	no
printer-3d3221b2	printer	noun	A2|B1	listening	object-or-context-scene	high	needs_teacher_approved_sense		pending	no
private-e8072179	private	adjective	B1|B2	writing	contrast-pair	high	needs_teacher_approved_sense		pending	no
problem-a5a0d15d	problem	noun	A1|A2|B1	reading	object-or-context-scene	high	needs_teacher_approved_sense		pending	no
profession-6ae2df69	profession	noun	B1	listening	concept-metaphor	high	needs_teacher_approved_sense		pending	no
professor-68d5fef9	professor	noun	A2|B1	listening	object-or-context-scene	high	needs_teacher_approved_sense		pending	no
project-98f54143	project	noun|verb	A1|A2|B1|B2	reading	multi-sense-panel	high	needs_teacher_approved_sense		pending	no
protein-2c65275a	protein	noun	B2	listening	object-or-context-scene	high	needs_teacher_approved_sense		pending	no
proud-0f4d4213	proud	adjective	B1|B2	writing	contrast-pair	high	needs_teacher_approved_sense		pending	no
psychology-03eef13b	psychology	noun	B2	listening	object-or-context-scene	high	needs_teacher_approved_sense		pending	no
pull-c872d556	pull	noun|verb	A2|B1	reading	multi-sense-panel	high	needs_teacher_approved_sense		pending	no
pupil-1fefe45d	pupil	noun	A2|B1|B2	reading	object-or-context-scene	high	needs_teacher_approved_sense		pending	no
push-dc867c03	push	noun|verb	A2|B1	reading	multi-sense-panel	high	needs_teacher_approved_sense		pending	no
put-132aeadf	put	verb	A1|A2|B1	reading	action-scene	high	needs_teacher_approved_sense		pending	no
put-on-9867b631	put on	phrasal verb|verb|verb phrase	A2|B1|B2	speaking	context-scene	high	needs_teacher_approved_sense		pending	no
quarter-7fa1f943	quarter	noun	A1|A2|B1	reading	object-or-context-scene	high	needs_teacher_approved_sense		pending	no
queen-41011410	queen	noun	A2|B1	reading	object-or-context-scene	high	needs_teacher_approved_sense		pending	no
question-3b2be2e2	question	noun|verb	A1|A2|B1	reading	multi-sense-panel	high	needs_teacher_approved_sense		pending	no
questionnaire-647720d6	questionnaire	noun	B1|B2	listening	object-or-context-scene	high	needs_teacher_approved_sense		pending	no
quick-9a5751d5	quick	adjective	A1|A2|B1	reading	contrast-pair	high	needs_teacher_approved_sense		pending	no
quiet-58bdb05d	quiet	adjective	A1|A2|B1	reading	contrast-pair	high	needs_teacher_approved_sense		pending	no
quite-58981027	quite	adverb	A1|A2|B1	reading	manner-sequence	high	needs_teacher_approved_sense		pending	no
race-de4bedce	race	noun|verb	A2|B1	reading	multi-sense-panel	high	needs_teacher_approved_sense		pending	no
racket-1bb4c8b0	racket	noun	A2|B1|B2	reading	object-or-context-scene	high	needs_teacher_approved_sense		pending	no
railway-cb0dff21	railway	noun	A2|B1	reading	object-or-context-scene	high	needs_teacher_approved_sense		pending	no
rain-fbec17cb	rain	noun|verb	A1|A2|B1	reading	multi-sense-panel	high	needs_teacher_approved_sense		pending	no
rather-7e8b7811	rather	adverb	A2|B1	reading	manner-sequence	high	needs_teacher_approved_sense		pending	no
read-a7afddb6	read	verb	A1|A2|B1	reading	action-scene	high	needs_teacher_approved_sense		pending	no
ready-75c05337	ready	adjective	A1|A2|B1	reading	contrast-pair	high	needs_teacher_approved_sense		pending	no
real-c9c64e07	real	adjective	A1|A2|B1	reading	contrast-pair	high	needs_teacher_approved_sense		pending	no
realistic-4dad6829	realistic	adjective	B1|B2	listening	contrast-pair	high	needs_teacher_approved_sense		pending	no
really-084ab409	really	adverb	A1|A2|B1	reading	manner-sequence	high	needs_teacher_approved_sense		pending	no
reasonable-759cc80a	reasonable	adjective	B1|B2	listening	contrast-pair	high	needs_teacher_approved_sense		pending	no
reception-44057e3f	reception	noun	A2|B1	listening	concept-metaphor	high	needs_teacher_approved_sense		pending	no
receptionist-3b6f5b1c	receptionist	noun	A2|B1	listening	object-or-context-scene	high	needs_teacher_approved_sense		pending	no
record-275a7000	record	noun|verb	A2|B1|B2	reading	multi-sense-panel	high	needs_teacher_approved_sense		pending	no
reference-02ab610f	reference	noun	B1|B2	listening	concept-metaphor	high	needs_teacher_approved_sense		pending	no
register-13a2828b	register	noun|verb	B1|B2	listening	multi-sense-panel	high	needs_teacher_approved_sense		pending	no
relative-d89972fe	relative	adjective|noun	B1|B2	writing	multi-sense-panel	high	needs_teacher_approved_sense		pending	no
relaxed-00174a5c	relaxed	adjective	B1|B2	writing	contrast-pair	high	needs_teacher_approved_sense		pending	no
relieved-34c5beaa	relieved	adjective	B1|B2	writing	contrast-pair	high	needs_teacher_approved_sense		pending	no
remember-0759f56c	remember	verb	A1|A2|B1	reading	action-scene	high	needs_teacher_approved_sense		pending	no
repair-e8a7d6f2	repair	noun|verb	A2|B1	reading	multi-sense-panel	high	needs_teacher_approved_sense		pending	no
representative-8a4a1873	representative	adjective|noun	B2|C1	writing	multi-sense-panel	high	needs_teacher_approved_sense		pending	no
research-2c7bf1b7	research	noun|verb	A2|B1	listening	multi-sense-panel	high	needs_teacher_approved_sense		pending	no
reservation-bcf112ef	reservation	noun	B1	listening	concept-metaphor	high	needs_teacher_approved_sense		pending	no
rest-27ad1672	rest	noun|verb	A2|B1	reading	multi-sense-panel	high	needs_teacher_approved_sense		pending	no
retire-f5a82842	retire	verb|verb phrase	B1|B2	speaking	context-scene	high	needs_teacher_approved_sense		pending	no
return-63143b6f	return	noun|verb	A1|A2|B1	reading	multi-sense-panel	high	needs_teacher_approved_sense		pending	no
revise-a5062f56	revise	verb	B1	listening	action-scene	high	needs_teacher_approved_sense		pending	no
rich-972a13cb	rich	adjective	A1|A2|B1	reading	contrast-pair	high	needs_teacher_approved_sense		pending	no
ride-320ef6a3	ride	noun|verb	A1|A2|B1	reading	multi-sense-panel	high	needs_teacher_approved_sense		pending	no
right-d27a1f11	right	adjective|adverb|noun	A1|A2|B1	reading	multi-sense-panel	high	needs_teacher_approved_sense		pending	no
road-4adfa579	road	noun	A1|A2|B1	reading	object-or-context-scene	high	needs_teacher_approved_sense		pending	no
rob-7e09c9d3	rob	verb	B1|B2	reading	action-scene	high	needs_teacher_approved_sense		pending	no
robot-b232ae12	robot	noun	B1	listening	object-or-context-scene	high	needs_teacher_approved_sense		pending	no
romance-fbfa863d	romance	noun	B1|B2	writing	concept-metaphor	high	needs_teacher_approved_sense		pending	no
roof-e17c66d6	roof	noun	A2|B1	reading	object-or-context-scene	high	needs_teacher_approved_sense		pending	no
room-27a5a05c	room	noun	A1|A2|B1	reading	object-or-context-scene	high	needs_teacher_approved_sense		pending	no
round-f0590a6d	round	adjective|adverb|noun|preposition	A2|B1|B2	writing	multi-sense-panel	high	needs_teacher_approved_sense		pending	no
rubber-386a231f	rubber	adjective|noun	B1|B2	listening	multi-sense-panel	high	needs_teacher_approved_sense		pending	no
rude-06458dcb	rude	adjective	A2|B1|B2	writing	contrast-pair	high	needs_teacher_approved_sense		pending	no
rugby-68208df6	rugby	noun	B1	listening	object-or-context-scene	high	needs_teacher_approved_sense		pending	no
run-df6ad190	run	noun|verb	A1|A2|B1	reading	multi-sense-panel	high	needs_teacher_approved_sense		pending	no
sad-b4914600	sad	adjective	A1|A2|B1	reading	contrast-pair	high	needs_teacher_approved_sense		pending	no
sail-df8c1655	sail	noun|verb	A2|B1	reading	multi-sense-panel	high	needs_teacher_approved_sense		pending	no
sailing-a4bb44eb	sailing	noun	A2|B1	reading	object-or-context-scene	high	needs_teacher_approved_sense		pending	no
salad-f41c041b	salad	noun	A1|A2|B1	reading	object-or-context-scene	high	needs_teacher_approved_sense		pending	no
salary-47dfeb55	salary	noun	A2|B1|B2	reading	object-or-context-scene	high	needs_teacher_approved_sense		pending	no
sale-5b8a763b	sale	noun	A2|B1	reading	object-or-context-scene	high	needs_teacher_approved_sense		pending	no
salt-b295d117	salt	noun	A1|A2|B1	reading	object-or-context-scene	high	needs_teacher_approved_sense		pending	no
same-ff339055	same	adjective|adverb|pronoun	A1|A2|B1	reading	multi-sense-panel	high	needs_teacher_approved_sense		pending	no
sandwich-579db7d6	sandwich	noun	A1|A2|B1	reading	object-or-context-scene	high	needs_teacher_approved_sense		pending	no
satisfied-a34b2d93	satisfied	adjective	B1|B2	listening	contrast-pair	high	needs_teacher_approved_sense		pending	no
save-13a4a113	save	verb	A2|B1	reading	action-scene	high	needs_teacher_approved_sense		pending	no
scared-34305c61	scared	adjective	A2|B1|B2	writing	contrast-pair	high	needs_teacher_approved_sense		pending	no
school-655f83be	school	noun	A1|A2|B1	reading	object-or-context-scene	high	needs_teacher_approved_sense		pending	no
science-b92336a2	science	noun	A1|B1	listening	concept-metaphor	high	needs_teacher_approved_sense		pending	no
science-fiction-29a7ed2f	science fiction	noun	B1|B2|C1	writing	context-scene	high	needs_teacher_approved_sense		pending	no
scientist-dd3fb353	scientist	noun	A1|B1|B2	reading	object-or-context-scene	high	needs_teacher_approved_sense		pending	no
score-75ebcb36	score	noun|verb|verb phrase	A2|B1|B2	speaking	multi-sense-panel	high	needs_teacher_approved_sense		pending	no
sculpture-49ba7ec6	sculpture	noun	B1	listening	object-or-context-scene	high	needs_teacher_approved_sense		pending	no
sea-6fa11fb2	sea	noun	A1|A2|B1	reading	object-or-context-scene	high	needs_teacher_approved_sense		pending	no
seat-ac814ccc	seat	noun|verb	A2|B1|B2	reading	multi-sense-panel	high	needs_teacher_approved_sense		pending	no
second-352f7829	second	adjective|adverb|determiner|noun|number	A1|A2|B1	reading	multi-sense-panel	high	needs_teacher_approved_sense		pending	no
see-3d637fc6	see	verb	A1|A2|B1	reading	action-scene	high	needs_teacher_approved_sense		pending	no
sell-dee2dd34	sell	verb	A1|A2|B1	reading	action-scene	high	needs_teacher_approved_sense		pending	no
send-37ed539c	send	verb	A1|A2|B1	reading	action-scene	high	needs_teacher_approved_sense		pending	no
sensible-27a851b0	sensible	adjective	B1|B2	writing	contrast-pair	high	needs_teacher_approved_sense		pending	no
sensitive-7a9b93cf	sensitive	adjective	B2|C1	writing	contrast-pair	high	needs_teacher_approved_sense		pending	no
sentence-a17dbb9a	sentence	noun|verb	A1|A2|B1|B2	writing	multi-sense-panel	high	needs_teacher_approved_sense		pending	no
series-8c45d090	series	noun	A2|B1|B2	reading	object-or-context-scene	high	needs_teacher_approved_sense		pending	no
settle-down-314f5d99	settle down	verb	B2|C1	reading	context-scene	high	needs_teacher_approved_sense		pending	no
several-b2eea5ed	several	adjective|determiner|pronoun	A2|B1	reading	contrast-pair	high	needs_teacher_approved_sense		pending	no
shade-7f5bb03c	shade	noun	B1|B2	reading	object-or-context-scene	high	needs_teacher_approved_sense		pending	no
shall-c98329dc	shall	modal verb|verb	A2|B1	reading	action-scene	high	needs_teacher_approved_sense		pending	no
sheet-542ebc9c	sheet	noun	A2|B1	reading	object-or-context-scene	high	needs_teacher_approved_sense		pending	no
shelf-7347b908	shelf	noun	A2|B1	reading	object-or-context-scene	high	needs_teacher_approved_sense		pending	no
ship-ed43a8a0	ship	noun|verb	A2|B1|B2	reading	multi-sense-panel	high	needs_teacher_approved_sense		pending	no
shirt-faa5d683	shirt	noun	A1|A2|B1	reading	object-or-context-scene	high	needs_teacher_approved_sense		pending	no
shoe-4488ae65	shoe	noun	A1|A2|B1	reading	object-or-context-scene	high	needs_teacher_approved_sense		pending	no
shoot-191048ed	shoot	noun|verb	B1|C1	reading	multi-sense-panel	high	needs_teacher_approved_sense		pending	no
shop-5042d146	shop	noun|verb	A1|A2|B1	reading	multi-sense-panel	high	needs_teacher_approved_sense		pending	no
short-a0f4ea7d	short	adjective	A1|A2|B1	reading	contrast-pair	high	needs_teacher_approved_sense		pending	no
shortage-f9bffb27	shortage	noun	B2|C1	reading	object-or-context-scene	high	needs_teacher_approved_sense		pending	no
should-c6dc9bc9	should	modal verb|verb	A1|A2|B1	reading	action-scene	high	needs_teacher_approved_sense		pending	no
shout-d1c79aa3	shout	noun|verb	A2|B1	reading	multi-sense-panel	high	needs_teacher_approved_sense		pending	no
show-9fb29051	show	noun|verb	A1|A2|B1	reading	multi-sense-panel	high	needs_teacher_approved_sense		pending	no
shower-80136de8	shower	noun	A1|A2|B1	reading	object-or-context-scene	high	needs_teacher_approved_sense		pending	no
shut-e9683b50	shut	adjective|verb	A2|B1	reading	multi-sense-panel	high	needs_teacher_approved_sense		pending	no
shy-df399330	shy	adjective	B1|B2	writing	contrast-pair	high	needs_teacher_approved_sense		pending	no
sick-6de7382d	sick	adjective	A1|A2|B1	reading	contrast-pair	high	needs_teacher_approved_sense		pending	no
side-160cefc1	side	noun	A2|B1	reading	object-or-context-scene	high	needs_teacher_approved_sense		pending	no
silk-1f863fb6	silk	adjective|noun	B1|B2	writing	multi-sense-panel	high	needs_teacher_approved_sense		pending	no
since-2eb888e9	since	adverb|conjunction|preposition	A2|B1	reading	manner-sequence	high	needs_teacher_approved_sense		pending	no
sing-f9bef9c2	sing	verb	A1|A2|B1	reading	action-scene	high	needs_teacher_approved_sense		pending	no
single-ce0b1612	single	adjective|noun	A2|B1	reading	multi-sense-panel	high	needs_teacher_approved_sense		pending	no
sister-1dd09baa	sister	noun	A1|A2|B1	reading	object-or-context-scene	high	needs_teacher_approved_sense		pending	no
sit-abdcde66	sit	verb	A1|A2|B1	reading	action-scene	high	needs_teacher_approved_sense		pending	no
site-c099a42a	site	noun	A2|B1|B2	reading	object-or-context-scene	high	needs_teacher_approved_sense		pending	no
size-89368e1d	size	noun	A2|B1	reading	object-or-context-scene	high	needs_teacher_approved_sense		pending	no
ski-03c970b1	ski	adjective|noun|verb	A2|B1	reading	multi-sense-panel	high	needs_teacher_approved_sense		pending	no
skirt-158b1ce8	skirt	noun	A1|A2|B1	reading	object-or-context-scene	high	needs_teacher_approved_sense		pending	no
sky-5737ef08	sky	noun	A2|B1	reading	object-or-context-scene	high	needs_teacher_approved_sense		pending	no
sleep-c3ca5f78	sleep	noun|verb	A1|A2|B1	reading	multi-sense-panel	high	needs_teacher_approved_sense		pending	no
slow-57e8a777	slow	adjective|verb	A1|A2|B1	reading	multi-sense-panel	high	needs_teacher_approved_sense		pending	no
small-89f6229a	small	adjective	A1|A2|B1	reading	contrast-pair	high	needs_teacher_approved_sense		pending	no
smart-15563556	smart	adjective	B1|B2	writing	contrast-pair	high	needs_teacher_approved_sense		pending	no
smoke-5cb1e624	smoke	noun|verb	A2|B1	reading	multi-sense-panel	high	needs_teacher_approved_sense		pending	no
snow-b94e9f3d	snow	noun|verb	A1|A2|B1	reading	multi-sense-panel	high	needs_teacher_approved_sense		pending	no
snowboarding-70be0355	snowboarding	noun	A2|B1	listening	object-or-context-scene	high	needs_teacher_approved_sense		pending	no
so-cd1b646e	so	adverb|conjunction	A1|A2|B1	reading	manner-sequence	high	needs_teacher_approved_sense		pending	no
soap-f6c1ab81	soap	noun	A2|B1	reading	object-or-context-scene	high	needs_teacher_approved_sense		pending	no
soccer-5c17fa03	soccer	noun	A2|B1	listening	object-or-context-scene	high	needs_teacher_approved_sense		pending	no
social-0dbe529c	social	adjective	A2|B1	listening	contrast-pair	high	needs_teacher_approved_sense		pending	no
sock-18c9667c	sock	noun	A2|B1	reading	object-or-context-scene	high	needs_teacher_approved_sense		pending	no
sofa-68e0dce5	sofa	noun	A2|B1	listening	object-or-context-scene	high	needs_teacher_approved_sense		pending	no
soft-eb74f2cb	soft	adjective	A2|B1	reading	contrast-pair	high	needs_teacher_approved_sense		pending	no
sometimes-297f31f0	sometimes	adverb	A1|A2|B1	reading	manner-sequence	high	needs_teacher_approved_sense		pending	no
somewhere-45f4d26f	somewhere	adverb|pronoun	A2|B1	reading	manner-sequence	high	needs_teacher_approved_sense		pending	no
son-f0cbc0ee	son	noun	A1|A2|B1	reading	object-or-context-scene	high	needs_teacher_approved_sense		pending	no
song-eac923ff	song	noun	A1|A2|B1	reading	object-or-context-scene	high	needs_teacher_approved_sense		pending	no
soon-3f934e4f	soon	adverb	A1|A2|B1	reading	manner-sequence	high	needs_teacher_approved_sense		pending	no
sorry-dd7b1d02	sorry	adjective|exclamation	A1|A2|B1	reading	contrast-pair	high	needs_teacher_approved_sense		pending	no
soup-93ad1eda	soup	noun	A1|A2|B1	reading	object-or-context-scene	high	needs_teacher_approved_sense		pending	no
south-7e3fb5d9	south	adjective|adverb|noun	A1|A2|B1	reading	multi-sense-panel	high	needs_teacher_approved_sense		pending	no
speak-a6526594	speak	verb	A1|A2|B1	reading	action-scene	high	needs_teacher_approved_sense		pending	no
special-ba36b97a	special	adjective	A1|A2|B1	reading	contrast-pair	high	needs_teacher_approved_sense		pending	no
species-035294d0	species	noun	B1|B2	listening	object-or-context-scene	high	needs_teacher_approved_sense		pending	no
spectacular-8911def3	spectacular	adjective	B1|B2	listening	contrast-pair	high	needs_teacher_approved_sense		pending	no
speech-f3690b9c	speech	noun	A2|B1	listening	object-or-context-scene	high	needs_teacher_approved_sense		pending	no
spend-91c38fc7	spend	verb	A1|A2|B1	reading	action-scene	high	needs_teacher_approved_sense		pending	no
spicy-680c1e02	spicy	adjective	B1|B2	writing	contrast-pair	high	needs_teacher_approved_sense		pending	no
spoon-f557e929	spoon	noun	A2|B1	reading	object-or-context-scene	high	needs_teacher_approved_sense		pending	no
sport-8ab6a8a0	sport	noun	A1|A2|B1	reading	object-or-context-scene	high	needs_teacher_approved_sense		pending	no
sports-centre-3943827e	sports centre	noun	A2|B1	listening	context-scene	high	needs_teacher_approved_sense		pending	no
spot-9f4b5271	spot	noun|verb	B1|B2	reading	multi-sense-panel	high	needs_teacher_approved_sense		pending	no
spring-24890213	spring	noun|verb	A1|A2|B1|B2	reading	multi-sense-panel	high	needs_teacher_approved_sense		pending	no
squash-f77695ae	squash	noun	B1|B2	listening	object-or-context-scene	high	needs_teacher_approved_sense		pending	no
stage-ac5d84bf	stage	noun|verb	A2|B1|B2	reading	multi-sense-panel	high	needs_teacher_approved_sense		pending	no
stand-569ebdc2	stand	noun|verb	A1|A2|B1|B2	reading	multi-sense-panel	high	needs_teacher_approved_sense		pending	no
star-4e3e01b9	star	noun|verb	A1|A2|B1	reading	multi-sense-panel	high	needs_teacher_approved_sense		pending	no
start-2b020927	start	noun|verb	A1|A2|B1	reading	multi-sense-panel	high	needs_teacher_approved_sense		pending	no
state-aa4a5f81	state	adjective|noun|verb	A2|B1|B2	listening	multi-sense-panel	high	needs_teacher_approved_sense		pending	no
station-2da36ff3	station	noun	A1|A2|B1	reading	concept-metaphor	high	needs_teacher_approved_sense		pending	no
stay-396f9974	stay	noun|verb	A1|A2|B1	reading	multi-sense-panel	high	needs_teacher_approved_sense		pending	no
steep-f76290c0	steep	adjective	B1|B2	writing	contrast-pair	high	needs_teacher_approved_sense		pending	no
stick-946466f6	stick	noun|verb	B1|B2	reading	multi-sense-panel	high	needs_teacher_approved_sense		pending	no
sticky-3e0fd166	sticky	adjective	B1|B2	listening	contrast-pair	high	needs_teacher_approved_sense		pending	no
still-677c1bfa	still	adjective|adverb	A1|A2|B1	reading	multi-sense-panel	high	needs_teacher_approved_sense		pending	no
stir-186f52ed	stir	verb	B1|B2|C1	reading	action-scene	high	needs_teacher_approved_sense		pending	no
stomach-cfa81d59	stomach	noun	A2|B1	reading	object-or-context-scene	high	needs_teacher_approved_sense		pending	no
stone-e30bfd0c	stone	noun	A2|B1	listening	object-or-context-scene	high	needs_teacher_approved_sense		pending	no
stop-1b480158	stop	noun|verb	A1|A2|B1	reading	multi-sense-panel	high	needs_teacher_approved_sense		pending	no
store-3a21295d	store	noun|verb	A2|B1	reading	multi-sense-panel	high	needs_teacher_approved_sense		pending	no
story-d01593a7	story	noun	A1|A2|B1	reading	object-or-context-scene	high	needs_teacher_approved_sense		pending	no
strange-1468ebe4	strange	adjective	A2|B1	reading	contrast-pair	high	needs_teacher_approved_sense		pending	no
stream-c82e3d72	stream	noun	B1|B2	reading	object-or-context-scene	high	needs_teacher_approved_sense		pending	no
strike-afe5fd4f	strike	noun|verb	B1|B2	listening	multi-sense-panel	high	needs_teacher_approved_sense		pending	no
strong-0117691d	strong	adjective	A1|A2|B1	reading	contrast-pair	high	needs_teacher_approved_sense		pending	no
student-204036a1	student	noun	A1|A2|B1	reading	object-or-context-scene	high	needs_teacher_approved_sense		pending	no
study-885534c1	study	noun|verb	A1|A2|B1	reading	multi-sense-panel	high	needs_teacher_approved_sense		pending	no
stuff-5eee3838	stuff	noun|verb	B1|B2	reading	multi-sense-panel	high	needs_teacher_approved_sense		pending	no
style-26ec8d00	style	noun	A1|B1|B2	reading	object-or-context-scene	high	needs_teacher_approved_sense		pending	no
subject-335ce16b	subject	adjective|noun	A1|A2|B1|B2	writing	multi-sense-panel	high	needs_teacher_approved_sense		pending	no
success-53a5687c	success	noun	A1|A2|B1	reading	object-or-context-scene	high	needs_teacher_approved_sense		pending	no
such-47080e9f	such	adjective|determiner|pronoun	A2|B1	reading	contrast-pair	high	needs_teacher_approved_sense		pending	no
suddenly-fac40e01	suddenly	adverb	A2|B1	reading	manner-sequence	high	needs_teacher_approved_sense		pending	no
sugar-30eef85d	sugar	noun	A1|A2|B1	reading	object-or-context-scene	high	needs_teacher_approved_sense		pending	no
suggest-fd0a4950	suggest	verb	A2|B1	listening	action-scene	high	needs_teacher_approved_sense		pending	no
suitable-cf86ce14	suitable	adjective	B1	listening	contrast-pair	high	needs_teacher_approved_sense		pending	no
sun-22fa6121	sun	noun	A1|A2|B1	reading	object-or-context-scene	high	needs_teacher_approved_sense		pending	no
supermarket-2f3f8964	supermarket	noun	A1|A2|B1	reading	object-or-context-scene	high	needs_teacher_approved_sense		pending	no
suppose-e78b52d7	suppose	verb	A2|B1	reading	action-scene	high	needs_teacher_approved_sense		pending	no
sure-e71ea0d3	sure	adjective|adverb	A1|A2|B1	reading	multi-sense-panel	high	needs_teacher_approved_sense		pending	no
surfing-12ca7485	surfing	noun	A2|B1	listening	object-or-context-scene	high	needs_teacher_approved_sense		pending	no
surprise-63e76d7b	surprise	noun|verb	A2|B1	reading	multi-sense-panel	high	needs_teacher_approved_sense		pending	no
surprised-39da98e5	surprised	adjective	A2|B1	reading	contrast-pair	high	needs_teacher_approved_sense		pending	no
sweater-506227fc	sweater	noun	A1|A2|B1	reading	object-or-context-scene	high	needs_teacher_approved_sense		pending	no
sweet-457774c6	sweet	adjective|noun	A2|B1	reading	multi-sense-panel	high	needs_teacher_approved_sense		pending	no
swim-b89f90f3	swim	noun|verb	A1|A2|B1	reading	multi-sense-panel	high	needs_teacher_approved_sense		pending	no
swimming-bb500fce	swimming	noun	A1|B1	listening	object-or-context-scene	high	needs_teacher_approved_sense		pending	no
t-shirt-7a436acc	T-shirt	noun	A1|A2|B1	reading	object-or-context-scene	high	needs_teacher_approved_sense		pending	no
table-c3ee137d	table	noun	A1|A2|B1	reading	object-or-context-scene	high	needs_teacher_approved_sense		pending	no
take-53bd7d99	take	verb	A1|A2|B1	reading	action-scene	high	needs_teacher_approved_sense		pending	no
take-off-7c0ed89a	take off	phrasal verb|verb|verb phrase	A2|B1|B2	speaking	context-scene	high	needs_teacher_approved_sense		pending	no
talented-b100212c	talented	adjective	B1|B2	writing	contrast-pair	high	needs_teacher_approved_sense		pending	no
talk-e55e91b2	talk	noun|verb	A1|A2|B1	reading	multi-sense-panel	high	needs_teacher_approved_sense		pending	no
tall-09649207	tall	adjective	A1|A2|B1	reading	contrast-pair	high	needs_teacher_approved_sense		pending	no
tap-25f30d35	tap	noun|verb	B1|B2	reading	multi-sense-panel	high	needs_teacher_approved_sense		pending	no
taste-270fdbaa	taste	noun|verb	A2|B1|B2	reading	multi-sense-panel	high	needs_teacher_approved_sense		pending	no
tea-75490f32	tea	noun	A1|A2|B1	reading	object-or-context-scene	high	needs_teacher_approved_sense		pending	no
teach-bbe5bb36	teach	verb	A1|A2|B1	reading	action-scene	high	needs_teacher_approved_sense		pending	no
teacher-4a82cb6d	teacher	noun	A1|B1	listening	object-or-context-scene	high	needs_teacher_approved_sense		pending	no
technology-30f7a16c	technology	noun	A2|B1|B2	reading	object-or-context-scene	high	needs_teacher_approved_sense		pending	no
teenager-56c9957f	teenager	noun	A1|A2|B1	reading	object-or-context-scene	high	needs_teacher_approved_sense		pending	no
telephone-3b01d3eb	telephone	noun|verb	A1|A2|B1	reading	multi-sense-panel	high	needs_teacher_approved_sense		pending	no
tell-47b8015d	tell	verb	A1|A2|B1	reading	action-scene	high	needs_teacher_approved_sense		pending	no
temple-1f24cea8	temple	noun	B2	listening	object-or-context-scene	high	needs_teacher_approved_sense		pending	no
tent-899343d8	tent	noun	A2|B1	reading	object-or-context-scene	high	needs_teacher_approved_sense		pending	no
terrible-ccf8956b	terrible	adjective	A1|A2|B1	reading	contrast-pair	high	needs_teacher_approved_sense		pending	no
test-a94a8fe5	test	noun|verb	A1|A2|B1	reading	multi-sense-panel	high	needs_teacher_approved_sense		pending	no
text-372ea08c	text	noun|verb	A1|A2|B1	reading	multi-sense-panel	high	needs_teacher_approved_sense		pending	no
thank-c4121f6a	thank	verb	A1|A2|B1	reading	action-scene	high	needs_teacher_approved_sense		pending	no
then-6f8f8e9f	then	adverb	A1|A2|B1	reading	manner-sequence	high	needs_teacher_approved_sense		pending	no
there-490528f3	there	adverb	A1|A2|B1	reading	manner-sequence	high	needs_teacher_approved_sense		pending	no
thief-c9fdea28	thief	noun	A2|B1|B2	reading	object-or-context-scene	high	needs_teacher_approved_sense		pending	no
thin-6ca0fa26	thin	adjective	A2|B1	reading	contrast-pair	high	needs_teacher_approved_sense		pending	no
thing-863cc374	thing	noun	A1|A2|B1	reading	object-or-context-scene	high	needs_teacher_approved_sense		pending	no
think-b7c61c80	think	verb	A1|A2|B1	reading	action-scene	high	needs_teacher_approved_sense		pending	no
thirsty-31a02cf9	thirsty	adjective	A1|A2|B1	reading	contrast-pair	high	needs_teacher_approved_sense		pending	no
this-c2543fff	this	adverb|determiner|pronoun	A1|A2|B1	reading	manner-sequence	high	needs_teacher_approved_sense		pending	no
through-be6a563e	through	adverb|preposition	A1|A2|B1	reading	manner-sequence	high	needs_teacher_approved_sense		pending	no
throw-f7935223	throw	verb	A2|B1	reading	action-scene	high	needs_teacher_approved_sense		pending	no
thunderstorm-f35ce8f0	thunderstorm	noun	A2|B1|B2	reading	object-or-context-scene	high	needs_teacher_approved_sense		pending	no
ticket-346d34a0	ticket	noun	A1|A2|B1	reading	object-or-context-scene	high	needs_teacher_approved_sense		pending	no
tidy-a78fb138	tidy	adjective|verb	A2|B1	reading	multi-sense-panel	high	needs_teacher_approved_sense		pending	no
time-714eea0f	time	noun|verb	A1|A2|B1|B2	reading	multi-sense-panel	high	needs_teacher_approved_sense		pending	no
tired-511e9911	tired	adjective	A1|A2|B1	reading	contrast-pair	high	needs_teacher_approved_sense		pending	no
today-2dd2bed7	today	adverb|noun	A1|A2|B1	reading	multi-sense-panel	high	needs_teacher_approved_sense		pending	no
together-9034ff9e	together	adverb	A1|A2|B1	reading	manner-sequence	high	needs_teacher_approved_sense		pending	no
toilet-ea092410	toilet	noun	A1|A2|B1	reading	object-or-context-scene	high	needs_teacher_approved_sense		pending	no
tomato-321f6b7e	tomato	noun	A1|A2|B1	reading	object-or-context-scene	high	needs_teacher_approved_sense		pending	no
tomorrow-2dac81d6	tomorrow	adverb|noun	A1|A2|B1	reading	multi-sense-panel	high	needs_teacher_approved_sense		pending	no
tonight-4ce0cba1	tonight	adverb|noun	A1|A2|B1	reading	multi-sense-panel	high	needs_teacher_approved_sense		pending	no
too-164a5c24	too	adverb	A1|A2|B1	reading	manner-sequence	high	needs_teacher_approved_sense		pending	no
topic-b415e16f	topic	noun	A1|B1	listening	object-or-context-scene	high	needs_teacher_approved_sense		pending	no
touch-f4d1f019	touch	noun|verb	A2|B1	listening	multi-sense-panel	high	needs_teacher_approved_sense		pending	no
tour-2c8bbd4e	tour	noun|verb	A2|B1	reading	multi-sense-panel	high	needs_teacher_approved_sense		pending	no
towel-d617b78e	towel	noun	A2|B1	reading	object-or-context-scene	high	needs_teacher_approved_sense		pending	no
town-0cd0b192	town	noun	A1|A2|B1	reading	object-or-context-scene	high	needs_teacher_approved_sense		pending	no
toy-cd1933db	toy	adjective|noun	A2|B1	reading	multi-sense-panel	high	needs_teacher_approved_sense		pending	no
track-42aef171	track	noun|verb	A2|B1|B2	reading	multi-sense-panel	high	needs_teacher_approved_sense		pending	no
trade-6f3eb703	trade	noun|verb	B1|B2	reading	multi-sense-panel	high	needs_teacher_approved_sense		pending	no
traffic-c8ab5189	traffic	noun	A1|A2|B1	reading	object-or-context-scene	high	needs_teacher_approved_sense		pending	no
training-0a2b9827	training	noun	A2|B1	listening	object-or-context-scene	high	needs_teacher_approved_sense		pending	no
tram-aaf2dd34	tram	noun	A2|B1	listening	object-or-context-scene	high	needs_teacher_approved_sense		pending	no
travel-f7956b27	travel	noun|verb	A1|A2|B1	reading	multi-sense-panel	high	needs_teacher_approved_sense		pending	no
treatment-532735d1	treatment	noun	B1|B2	listening	concept-metaphor	high	needs_teacher_approved_sense		pending	no
tree-80655da8	tree	noun	A1|A2|B1	reading	object-or-context-scene	high	needs_teacher_approved_sense		pending	no
trouble-bee38fbc	trouble	noun|verb	A2|B1|B2	reading	multi-sense-panel	high	needs_teacher_approved_sense		pending	no
trousers-432e9fa2	trousers	noun	A1|A2|B1	reading	object-or-context-scene	high	needs_teacher_approved_sense		pending	no
truck-7a4d63b1	truck	noun	A2|B1	listening	object-or-context-scene	high	needs_teacher_approved_sense		pending	no
try-3240aa0f	try	noun|verb	A1|A2|B1|B2	reading	multi-sense-panel	high	needs_teacher_approved_sense		pending	no
turn-b09c738b	turn	noun|verb	A1|A2|B1	reading	multi-sense-panel	high	needs_teacher_approved_sense		pending	no
twice-f99abcfa	twice	adverb	A1|A2|B1	reading	manner-sequence	high	needs_teacher_approved_sense		pending	no
type-d0a3e7f8	type	noun|verb	A1|A2|B1	reading	multi-sense-panel	high	needs_teacher_approved_sense		pending	no
tyre-11fdd220	tyre	noun	A2|B1	reading	object-or-context-scene	high	needs_teacher_approved_sense		pending	no
uncle-a5afc8df	uncle	noun	A1|A2|B1	reading	object-or-context-scene	high	needs_teacher_approved_sense		pending	no
under-dad64cc6	under	adverb|preposition	A1|A2|B1	reading	manner-sequence	high	needs_teacher_approved_sense		pending	no
understand-8e73840b	understand	verb	A1|A2|B1	reading	action-scene	high	needs_teacher_approved_sense		pending	no
unemployed-c49aa3eb	unemployed	adjective	B1	listening	contrast-pair	high	needs_teacher_approved_sense		pending	no
uniform-8146160c	uniform	noun	A2|B1	reading	object-or-context-scene	high	needs_teacher_approved_sense		pending	no
university-f9f91406	university	noun	A1|A2|B1	reading	concept-metaphor	high	needs_teacher_approved_sense		pending	no
up-7c0a25c0	up	adverb|preposition	A1|A2|B1	reading	manner-sequence	high	needs_teacher_approved_sense		pending	no
update-0a25ba59	update	noun|verb	B1|C1	reading	multi-sense-panel	high	needs_teacher_approved_sense		pending	no
upset-589ceff3	upset	adjective|verb	B1|B2	writing	multi-sense-panel	high	needs_teacher_approved_sense		pending	no
upstairs-193c47c9	upstairs	adjective|adverb	A1|A2|B1	reading	multi-sense-panel	high	needs_teacher_approved_sense		pending	no
use-04489a12	use	noun|verb	A1|A2|B1	reading	multi-sense-panel	high	needs_teacher_approved_sense		pending	no
useful-c4ba45eb	useful	adjective	A1|A2|B1	reading	contrast-pair	high	needs_teacher_approved_sense		pending	no
usual-bf9ebd70	usual	adjective	A2|B1	reading	contrast-pair	high	needs_teacher_approved_sense		pending	no
van-efa44987	van	noun	A2|B1	listening	object-or-context-scene	high	needs_teacher_approved_sense		pending	no
various-7942c90e	various	adjective	B1	listening	contrast-pair	high	needs_teacher_approved_sense		pending	no
vegetable-f13a905f	vegetable	noun	A1|A2|B1	reading	object-or-context-scene	high	needs_teacher_approved_sense		pending	no
very-e74295bf	very	adjective|adverb	A1|A2|B1|B2	writing	multi-sense-panel	high	needs_teacher_approved_sense		pending	no
video-ffbaf58f	video	noun|verb	A1|A2|B1	reading	multi-sense-panel	high	needs_teacher_approved_sense		pending	no
visit-a41f18cb	visit	noun|verb	A1|A2|B1	reading	multi-sense-panel	high	needs_teacher_approved_sense		pending	no
visitor-4ed04285	visitor	noun	A1|A2|B1	reading	object-or-context-scene	high	needs_teacher_approved_sense		pending	no
vitamin-e492e8cc	vitamin	noun	B2	listening	object-or-context-scene	high	needs_teacher_approved_sense		pending	no
volunteer-01675629	volunteer	noun|verb	B1	listening	multi-sense-panel	high	needs_teacher_approved_sense		pending	no
vulnerable-36e83e30	vulnerable	adjective	C1	listening	contrast-pair	high	needs_teacher_approved_sense		pending	no
wage-2bf5eebc	wage	noun	B1|B2	reading	object-or-context-scene	high	needs_teacher_approved_sense		pending	no
wait-daaad336	wait	noun|verb	A1|A2|B1	reading	multi-sense-panel	high	needs_teacher_approved_sense		pending	no
waitress-1aed88e4	waitress	noun	A2|B1	listening	object-or-context-scene	high	needs_teacher_approved_sense		pending	no
walk-df06b147	walk	noun|verb	A1|A2|B1	reading	multi-sense-panel	high	needs_teacher_approved_sense		pending	no
wall-eb7ada76	wall	noun	A1|A2|B1	reading	object-or-context-scene	high	needs_teacher_approved_sense		pending	no
want-b5f23bca	want	verb	A1|A2|B1	reading	action-scene	high	needs_teacher_approved_sense		pending	no
wash-6814a21e	wash	noun|verb	A1|A2|B1	reading	multi-sense-panel	high	needs_teacher_approved_sense		pending	no
waste-3fcdcb3d	waste	adjective|noun|verb	B1|B2	writing	multi-sense-panel	high	needs_teacher_approved_sense		pending	no
watch-292b0901	watch	noun|verb	A1|A2|B1	reading	multi-sense-panel	high	needs_teacher_approved_sense		pending	no
water-6d5a4592	water	noun|verb	A1|A2|B1	reading	multi-sense-panel	high	needs_teacher_approved_sense		pending	no
way-ed36cbf2	way	adverb|noun	A1|A2|B1|B2	writing	multi-sense-panel	high	needs_teacher_approved_sense		pending	no
wear-a19e31d6	wear	verb	A1|A2|B1	reading	action-scene	high	needs_teacher_approved_sense		pending	no
weather-f98669cc	weather	noun	A1|A2|B1	reading	object-or-context-scene	high	needs_teacher_approved_sense		pending	no
website-3ab3e0b0	website	noun	A1|A2|B1	reading	object-or-context-scene	high	needs_teacher_approved_sense		pending	no
wedding-c27fc159	wedding	noun	A2|B1	reading	object-or-context-scene	high	needs_teacher_approved_sense		pending	no
week-c0ee32d8	week	noun	A1|A2|B1	reading	object-or-context-scene	high	needs_teacher_approved_sense		pending	no
weekly-c803e426	weekly	adjective|adverb	A2|B1|B2	writing	multi-sense-panel	high	needs_teacher_approved_sense		pending	no
welcome-c0b137fe	welcome	adjective|exclamation|noun|verb	A1|A2|B1	reading	multi-sense-panel	high	needs_teacher_approved_sense		pending	no
west-d63eba28	west	adjective|adverb|noun	A1|A2|B1	reading	multi-sense-panel	high	needs_teacher_approved_sense		pending	no
western-b6814879	western	adjective	B1	listening	contrast-pair	high	needs_teacher_approved_sense		pending	no
whale-1769e230	whale	noun	A2|B1	listening	object-or-context-scene	high	needs_teacher_approved_sense		pending	no
wheel-3a7195d9	wheel	noun	A2|B1	reading	object-or-context-scene	high	needs_teacher_approved_sense		pending	no
when-30603fa9	when	adverb|conjunction|pronoun	A1|A2|B1	reading	manner-sequence	high	needs_teacher_approved_sense		pending	no
where-46148cc3	where	adverb|conjunction	A1|A2|B1	reading	manner-sequence	high	needs_teacher_approved_sense		pending	no
while-6517f89c	while	conjunction|noun	A2|B1	reading	object-or-context-scene	high	needs_teacher_approved_sense		pending	no
whole-af811326	whole	adjective|noun	A2|B1	reading	multi-sense-panel	high	needs_teacher_approved_sense		pending	no
why-10cff403	why	adverb	A1|A2|B1	reading	manner-sequence	high	needs_teacher_approved_sense		pending	no
wife-48eda733	wife	noun	A1|A2|B1	reading	object-or-context-scene	high	needs_teacher_approved_sense		pending	no
wild-0ce0cb68	wild	adjective	A2|B1	reading	contrast-pair	high	needs_teacher_approved_sense		pending	no
wildlife-bdd9876c	wildlife	noun	B1|B2	reading	object-or-context-scene	high	needs_teacher_approved_sense		pending	no
will-37d41699	will	modal verb|noun|verb	A1|A2|B1	reading	multi-sense-panel	high	needs_teacher_approved_sense		pending	no
win-c76ac2e9	win	noun|verb	A1|A2|B1	reading	multi-sense-panel	high	needs_teacher_approved_sense		pending	no
wind-e70091e7	wind	noun|verb	A2|B1|B2	reading	multi-sense-panel	high	needs_teacher_approved_sense		pending	no
window-320ad267	window	noun	A1|A2|B1	reading	object-or-context-scene	high	needs_teacher_approved_sense		pending	no
windsurfing-abf2187a	windsurfing	noun	A2|B1	listening	object-or-context-scene	high	needs_teacher_approved_sense		pending	no
woman-edb1f42a	woman	noun	A1|A2|B1	reading	object-or-context-scene	high	needs_teacher_approved_sense		pending	no
wonderful-51f90c38	wonderful	adjective	A1|A2|B1	reading	contrast-pair	high	needs_teacher_approved_sense		pending	no
word-3cbcd90a	word	noun	A1|A2|B1	reading	object-or-context-scene	high	needs_teacher_approved_sense		pending	no
work-e274eeff	work	noun|verb	A1|A2|B1	reading	multi-sense-panel	high	needs_teacher_approved_sense		pending	no
worry-ecaf65c9	worry	noun|verb	A2|B1	reading	multi-sense-panel	high	needs_teacher_approved_sense		pending	no
would-0955dd81	would	modal verb|verb	A1|A2|B1	reading	action-scene	high	needs_teacher_approved_sense		pending	no
write-e1d0c6c1	write	verb	A1|A2|B1	reading	action-scene	high	needs_teacher_approved_sense		pending	no
wrong-a4b48a81	wrong	adjective|adverb|noun	A1|A2|B1|B2	writing	multi-sense-panel	high	needs_teacher_approved_sense		pending	no
yard-3ce2e832	yard	noun	B1|B2	reading	object-or-context-scene	high	needs_teacher_approved_sense		pending	no
year-4ff0b153	year	noun	A1|A2|B1	reading	object-or-context-scene	high	needs_teacher_approved_sense		pending	no
yes-fb360f9c	yes	adverb|exclamation	A1|A2|B1	reading	manner-sequence	high	needs_teacher_approved_sense		pending	no
yesterday-1aa96b8f	yesterday	adverb|noun	A1|A2|B1	reading	multi-sense-panel	high	needs_teacher_approved_sense		pending	no
yet-1002ea7f	yet	adverb|conjunction	A2|B1|B2	writing	manner-sequence	high	needs_teacher_approved_sense		pending	no
yoga-6b3bebb6	yoga	noun	B1|B2	listening	object-or-context-scene	high	needs_teacher_approved_sense		pending	no
young-ee97d2f2	young	adjective|noun	A1|A2|B1	reading	multi-sense-panel	high	needs_teacher_approved_sense		pending	no
zero-aa8c4133	zero	noun|number	A2|B1	reading	object-or-context-scene	high	needs_teacher_approved_sense		pending	no
a-m-d5f426ad	a.m.	adverb	A2|B1	speaking	manner-sequence	high	needs_teacher_approved_sense		pending	no
abroad-5fcf5cdf	abroad	adverb	A2|B1	reading	manner-sequence	high	needs_teacher_approved_sense		pending	no
absent-16ca7689	absent	adjective	B1|C1	writing	contrast-pair	high	needs_teacher_approved_sense		pending	no
absolutely-fac99d4f	absolutely	adverb	B1	reading	manner-sequence	high	needs_teacher_approved_sense		pending	no
abstract-ec3ec333	abstract	adjective	B2	writing	contrast-pair	high	needs_teacher_approved_sense		pending	no
accent-50f8438e	accent	noun	B1|B2	reading	object-or-context-scene	high	needs_teacher_approved_sense		pending	no
accept-5fb801f2	accept	verb	A2|B1	reading	action-scene	high	needs_teacher_approved_sense		pending	no
access-0f12541a	access	noun|verb	B1	reading	multi-sense-panel	high	needs_teacher_approved_sense		pending	no
accompany-84900cb6	accompany	verb	B1|B2	reading	action-scene	high	needs_teacher_approved_sense		pending	no
account-ca20728d	account	noun|verb	B1|B2	reading	multi-sense-panel	high	needs_teacher_approved_sense		pending	no
accurate-72c8f75b	accurate	adjective	B1|B2	writing	contrast-pair	high	needs_teacher_approved_sense		pending	no
achieve-f9659d46	achieve	verb	A2|B1	reading	action-scene	high	needs_teacher_approved_sense		pending	no
achievement-c979f9ed	achievement	noun	B1	reading	concept-metaphor	high	needs_teacher_approved_sense		pending	no
acid-rain-a0821474	acid rain	noun	B2	listening	context-scene	high	needs_teacher_approved_sense		pending	no
action-34eb4c4e	action	noun	A1|B1	reading	concept-metaphor	high	needs_teacher_approved_sense		pending	no
active-2bb6b986	active	adjective	A2|B1	reading	contrast-pair	high	needs_teacher_approved_sense		pending	no
actress-99176a9c	actress	noun	A1|B1	reading	object-or-context-scene	high	needs_teacher_approved_sense		pending	no
ad-4aeb195c	ad	noun	B1	reading	object-or-context-scene	high	needs_teacher_approved_sense		pending	no
addition-c3805175	addition	noun	B1	reading	concept-metaphor	high	needs_teacher_approved_sense		pending	no
administration-056cbe59	administration	noun	B2	writing	concept-metaphor	high	needs_teacher_approved_sense		pending	no
admire-af964fdf	admire	verb	B1	reading	action-scene	high	needs_teacher_approved_sense		pending	no
admit-4a4f47d5	admit	verb	B1	reading	action-scene	high	needs_teacher_approved_sense		pending	no
advance-6ef7c4c1	advance	adjective|noun|verb	B1|B2	writing	multi-sense-panel	high	needs_teacher_approved_sense		pending	no
advantage-5caa3c36	advantage	noun	A2|B1	reading	object-or-context-scene	high	needs_teacher_approved_sense		pending	no
advertise-210787a5	advertise	verb	A2|B1	reading	action-scene	high	needs_teacher_approved_sense		pending	no
advice-8015f1d1	advice	noun	A1|B1	reading	object-or-context-scene	high	needs_teacher_approved_sense		pending	no
advise-1ce9e22b	advise	verb	B1	reading	action-scene	high	needs_teacher_approved_sense		pending	no
aeroplane-2488d2ec	aeroplane	noun	A2|B1	speaking	object-or-context-scene	high	needs_teacher_approved_sense		pending	no
affect-5c1b9018	affect	verb	A2|B1	reading	action-scene	high	needs_teacher_approved_sense		pending	no
afford-15cdad7a	afford	verb	B1	reading	action-scene	high	needs_teacher_approved_sense		pending	no
affordable-20567187	affordable	adjective	B2	listening	contrast-pair	high	needs_teacher_approved_sense		pending	no
aged-3fd8d44c	aged	adjective	B1	reading	contrast-pair	high	needs_teacher_approved_sense		pending	no
aggressive-64c90140	aggressive	adjective	B2	writing	contrast-pair	high	needs_teacher_approved_sense		pending	no
agriculture-96c842e9	agriculture	noun	B2	listening	object-or-context-scene	high	needs_teacher_approved_sense		pending	no
ahead-a7481340	ahead	adverb	B1	reading	manner-sequence	high	needs_teacher_approved_sense		pending	no
aim-6c6c2766	aim	noun|verb	B1	reading	multi-sense-panel	high	needs_teacher_approved_sense		pending	no
air-conditioning-30e72458	air conditioning	noun	B1|B2	speaking	context-scene	high	needs_teacher_approved_sense		pending	no
aircraft-fe7110fa	aircraft	noun	B2	listening	object-or-context-scene	high	needs_teacher_approved_sense		pending	no
airline-9726f404	airline	noun	A2|B1	reading	object-or-context-scene	high	needs_teacher_approved_sense		pending	no
alarm-73468898	alarm	noun|verb	B1|B2	reading	multi-sense-panel	high	needs_teacher_approved_sense		pending	no
album-0323809a	album	noun	B1	reading	object-or-context-scene	high	needs_teacher_approved_sense		pending	no
alike-b79634d7	alike	adjective|adverb	B1|C1	writing	multi-sense-panel	high	needs_teacher_approved_sense		pending	no
alive-006e1d4a	alive	adjective	A2|B1	reading	contrast-pair	high	needs_teacher_approved_sense		pending	no
all-right-alright-18b3e74a	all right/alright	adjective|adverb|exclamation	A2|B1	speaking	multi-sense-panel	high	needs_teacher_approved_sense		pending	no
allow-6452e7c5	allow	verb	A2|B1	reading	action-scene	high	needs_teacher_approved_sense		pending	no
along-0956be0d	along	adverb|preposition	A2|B1	reading	manner-sequence	high	needs_teacher_approved_sense		pending	no
altogether-6c29a823	altogether	adverb	B1|B2	writing	manner-sequence	high	needs_teacher_approved_sense		pending	no
ambition-e5ddf0cf	ambition	noun	B1	reading	concept-metaphor	high	needs_teacher_approved_sense		pending	no
ambitious-b8ed474e	ambitious	adjective	B1|B2	writing	contrast-pair	high	needs_teacher_approved_sense		pending	no
amount-9cb6ff12	amount	noun|verb	A2|B1|B2	reading	multi-sense-panel	high	needs_teacher_approved_sense		pending	no
amusing-5478aaf5	amusing	adjective	B1|B2	writing	contrast-pair	high	needs_teacher_approved_sense		pending	no
ancestor-587cf1de	ancestor	noun	B2	reading	object-or-context-scene	high	needs_teacher_approved_sense		pending	no
anger-60b7715d	anger	noun	B2	reading	object-or-context-scene	high	needs_teacher_approved_sense		pending	no
ankle-1a2e564b	ankle	noun	A2|B1	reading	object-or-context-scene	high	needs_teacher_approved_sense		pending	no
announce-4abd4f9c	announce	verb	B1	reading	action-scene	high	needs_teacher_approved_sense		pending	no
announcement-bd633590	announcement	noun	B1	reading	concept-metaphor	high	needs_teacher_approved_sense		pending	no
annoyed-2c4bbb20	annoyed	adjective	B1	reading	contrast-pair	high	needs_teacher_approved_sense		pending	no
annual-80ff69d5	annual	adjective	B1|B2	writing	contrast-pair	high	needs_teacher_approved_sense		pending	no
anxiety-ad0053ab	anxiety	noun	B2	reading	object-or-context-scene	high	needs_teacher_approved_sense		pending	no
apart-b76ade16	apart	adverb	B1	reading	manner-sequence	high	needs_teacher_approved_sense		pending	no
apartment-building-287e6a93	apartment building	noun	B1	listening	context-scene	high	needs_teacher_approved_sense		pending	no
apology-6164d9ce	apology	noun	B1|B2	reading	object-or-context-scene	high	needs_teacher_approved_sense		pending	no
app-7d104347	app	noun	A2|B1	reading	object-or-context-scene	high	needs_teacher_approved_sense		pending	no
appeal-c9120087	appeal	noun|verb	B2|C1	reading	multi-sense-panel	high	needs_teacher_approved_sense		pending	no
appear-910f17dc	appear	verb	A2|B1	reading	action-scene	high	needs_teacher_approved_sense		pending	no
appearance-85a7b4e8	appearance	noun	A2|B1	reading	concept-metaphor	high	needs_teacher_approved_sense		pending	no
applicant-f3a51c09	applicant	noun	B2|C1	reading	object-or-context-scene	high	needs_teacher_approved_sense		pending	no
apply-69f45da1	apply	verb	A2|B1	reading	action-scene	high	needs_teacher_approved_sense		pending	no
approach-119e99d8	approach	noun|verb	B1|B2	reading	multi-sense-panel	high	needs_teacher_approved_sense		pending	no
approve-e4788b8a	approve	verb	B1|B2	reading	action-scene	high	needs_teacher_approved_sense		pending	no
approximately-3802a68d	approximately	adverb	B1	reading	manner-sequence	high	needs_teacher_approved_sense		pending	no
archaeologist-6b7480c7	archaeologist	noun	B2|C1	reading	object-or-context-scene	high	needs_teacher_approved_sense		pending	no
archaeology-e6318427	archaeology	noun	B2	listening	object-or-context-scene	high	needs_teacher_approved_sense		pending	no
argue-bf1a4c65	argue	verb	A2|B1	reading	action-scene	high	needs_teacher_approved_sense		pending	no
argument-0f380231	argument	noun	A2|B1	reading	concept-metaphor	high	needs_teacher_approved_sense		pending	no
arise-8b77d8a6	arise	verb	B2|C1	reading	action-scene	high	needs_teacher_approved_sense		pending	no
army-0b50dd7e	army	noun	A2|B1	reading	object-or-context-scene	high	needs_teacher_approved_sense		pending	no
arrangement-b40e1a7e	arrangement	noun	A2|B1	reading	concept-metaphor	high	needs_teacher_approved_sense		pending	no
arrest-5450f3b3	arrest	noun|verb	B1	reading	multi-sense-panel	high	needs_teacher_approved_sense		pending	no
arrival-7933e585	arrival	noun	B1	reading	object-or-context-scene	high	needs_teacher_approved_sense		pending	no
art-gallery-580e31cd	art gallery	noun	B2	listening	context-scene	high	needs_teacher_approved_sense		pending	no
artificial-d9004fc1	artificial	adjective	B2	writing	contrast-pair	high	needs_teacher_approved_sense		pending	no
artistic-ee853884	artistic	adjective	B2	writing	contrast-pair	high	needs_teacher_approved_sense		pending	no
as-well-as-51c0a11f	as well as	adverb|preposition|prepositional phrase	A2|B1	speaking	context-scene	high	needs_teacher_approved_sense		pending	no
asleep-40799d1d	asleep	adjective	A2|B1	reading	contrast-pair	high	needs_teacher_approved_sense		pending	no
assessment-1de9d55f	assessment	noun	B2	listening	concept-metaphor	high	needs_teacher_approved_sense		pending	no
assignment-f26b63d6	assignment	noun	B1|B2	writing	concept-metaphor	high	needs_teacher_approved_sense		pending	no
assist-e1b83874	assist	verb	B1	reading	action-scene	high	needs_teacher_approved_sense		pending	no
at-f52adf6c	at / @	noun	A2|B1	speaking	object-or-context-scene	high	needs_teacher_approved_sense		pending	no
at-all-cd759455	at all	adverb|preposition|prepositional phrase	A2|B1	speaking	context-scene	high	needs_teacher_approved_sense		pending	no
athletics-b3c71402	athletics	noun	B1|B2	reading	object-or-context-scene	high	needs_teacher_approved_sense		pending	no
attach-13ce071f	attach	verb	B1	reading	action-scene	high	needs_teacher_approved_sense		pending	no
attempt-38e4e4b0	attempt	noun|verb	B1|B2	reading	multi-sense-panel	high	needs_teacher_approved_sense		pending	no
attend-600f311c	attend	verb	A2|B1	reading	action-scene	high	needs_teacher_approved_sense		pending	no
attention-d0278de5	attention	exclamation|noun	A2|B1	reading	concept-metaphor	high	needs_teacher_approved_sense		pending	no
attract-dd335b0d	attract	verb	B1	reading	action-scene	high	needs_teacher_approved_sense		pending	no
attractive-8ebc9baa	attractive	adjective	A2|B1	reading	contrast-pair	high	needs_teacher_approved_sense		pending	no
auction-0677209b	auction	noun	B2|C1	writing	concept-metaphor	high	needs_teacher_approved_sense		pending	no
author-f64cd8e3	author	noun	A2|B1	reading	object-or-context-scene	high	needs_teacher_approved_sense		pending	no
available-7b231a50	available	adjective	A2|B1	reading	contrast-pair	high	needs_teacher_approved_sense		pending	no
average-93a8018f	average	adjective|noun|verb	A2|B1	reading	multi-sense-panel	high	needs_teacher_approved_sense		pending	no
avoid-dec07345	avoid	verb	A2|B1	reading	action-scene	high	needs_teacher_approved_sense		pending	no
awful-36e8e550	awful	adjective	A2|B1	reading	contrast-pair	high	needs_teacher_approved_sense		pending	no
background-248a20b6	background	noun	A2|B1	reading	object-or-context-scene	high	needs_teacher_approved_sense		pending	no
backpack-d49f2e76	backpack	noun	B1	listening	object-or-context-scene	high	needs_teacher_approved_sense		pending	no
backwards-c1d90f6e	backwards	adverb	B1	reading	manner-sequence	high	needs_teacher_approved_sense		pending	no
badly-ee964c68	badly	adverb	A2|B1	reading	manner-sequence	high	needs_teacher_approved_sense		pending	no
balance-8dfa30e0	balance	noun|verb	B1|B2	writing	multi-sense-panel	high	needs_teacher_approved_sense		pending	no
balanced-6217e69f	balanced	adjective	B2	writing	contrast-pair	high	needs_teacher_approved_sense		pending	no
balloon-326de722	balloon	noun	B1|B2	reading	object-or-context-scene	high	needs_teacher_approved_sense		pending	no
bandage-210ff277	bandage	noun	B1|B2	reading	object-or-context-scene	high	needs_teacher_approved_sense		pending	no
bar-62cdb702	bar	noun|verb	A2|B1|B2	reading	multi-sense-panel	high	needs_teacher_approved_sense		pending	no
barbecue-91d4a73c	barbecue	noun|verb	A2|B1	speaking	multi-sense-panel	high	needs_teacher_approved_sense		pending	no
bargain-a5e12c16	bargain	noun	B1|B2	reading	object-or-context-scene	high	needs_teacher_approved_sense		pending	no
basic-61a7508e	basic	adjective	B1	reading	contrast-pair	high	needs_teacher_approved_sense		pending	no
basket-c9be014f	basket	noun	B1|B2	reading	object-or-context-scene	high	needs_teacher_approved_sense		pending	no
battery-3f3c58ae	battery	noun	B1	reading	object-or-context-scene	high	needs_teacher_approved_sense		pending	no
battle-ddb4a6bd	battle	noun|verb	B1|B2	reading	multi-sense-panel	high	needs_teacher_approved_sense		pending	no
bay-6b70fc8d	bay	noun	B1|C1	reading	object-or-context-scene	high	needs_teacher_approved_sense		pending	no
bean-a60170ae	bean	noun	A2|B1	reading	object-or-context-scene	high	needs_teacher_approved_sense		pending	no
beauty-874f5e37	beauty	noun	B1	reading	object-or-context-scene	high	needs_teacher_approved_sense		pending	no
bee-917ee46d	bee	noun	B1	reading	object-or-context-scene	high	needs_teacher_approved_sense		pending	no
beef-1b57bbec	beef	noun	A2|B1	reading	object-or-context-scene	high	needs_teacher_approved_sense		pending	no
beginner-9fbd11cb	beginner	noun	A2|B1	speaking	object-or-context-scene	high	needs_teacher_approved_sense		pending	no
beginning-336edf81	beginning	noun	A1|B1	reading	object-or-context-scene	high	needs_teacher_approved_sense		pending	no
behave-9ad09bca	behave	verb	A2|B1	reading	action-scene	high	needs_teacher_approved_sense		pending	no
behaviour-bf78d7a8	behaviour	noun	A2|B1	reading	object-or-context-scene	high	needs_teacher_approved_sense		pending	no
belief-4163f690	belief	noun	B1|B2	reading	object-or-context-scene	high	needs_teacher_approved_sense		pending	no
bell-04bf886e	bell	noun	B1	reading	object-or-context-scene	high	needs_teacher_approved_sense		pending	no
benefit-2124037c	benefit	noun|verb	A2|B1	reading	multi-sense-panel	high	needs_teacher_approved_sense		pending	no
beside-d1c88699	beside	adverb|preposition	B1|B2	writing	manner-sequence	high	needs_teacher_approved_sense		pending	no
besides-94a325fb	besides	adverb|preposition	B1|B2	writing	manner-sequence	high	needs_teacher_approved_sense		pending	no
best-c5f5e4d7	best	adjective|adverb|noun	A1|A2|B1	reading	multi-sense-panel	high	needs_teacher_approved_sense		pending	no
better-a31e44e0	better	adjective|adverb|noun	A1|A2|B1	reading	multi-sense-panel	high	needs_teacher_approved_sense		pending	no
beyond-75415999	beyond	adverb|preposition	B1|B2	writing	manner-sequence	high	needs_teacher_approved_sense		pending	no
bin-9a5d5671	bin	noun	A2|B1	reading	object-or-context-scene	high	needs_teacher_approved_sense		pending	no
birth-e461268b	birth	noun	A2|B1	reading	object-or-context-scene	high	needs_teacher_approved_sense		pending	no
bite-6a20d919	bite	noun|verb	B1	reading	multi-sense-panel	high	needs_teacher_approved_sense		pending	no
bitter-23fda791	bitter	adjective	B1|B2	writing	contrast-pair	high	needs_teacher_approved_sense		pending	no
blame-e04a67a1	blame	noun|verb	B1|B2	reading	multi-sense-panel	high	needs_teacher_approved_sense		pending	no
blank-6184d684	blank	adjective|noun	A2|B1	reading	multi-sense-panel	high	needs_teacher_approved_sense		pending	no
bleed-de4b87d3	bleed	verb	B1|C1	reading	action-scene	high	needs_teacher_approved_sense		pending	no
blind-7afb6295	blind	adjective	B1|B2	writing	contrast-pair	high	needs_teacher_approved_sense		pending	no
block-0214b4b3	block	noun|verb	B1	reading	multi-sense-panel	high	needs_teacher_approved_sense		pending	no
blogger-89f0f829	blogger	noun	B1|C1	reading	object-or-context-scene	high	needs_teacher_approved_sense		pending	no
blond-f198a029	blond	adjective	A2|B1	speaking	contrast-pair	high	needs_teacher_approved_sense		pending	no
blood-c2c4a896	blood	noun	A2|B1	reading	object-or-context-scene	high	needs_teacher_approved_sense		pending	no
blouse-b7cf5b95	blouse	noun	A2|B1	speaking	object-or-context-scene	high	needs_teacher_approved_sense		pending	no
boarding-pass-a3cfd09d	boarding pass	noun	B1|B2	speaking	context-scene	high	needs_teacher_approved_sense		pending	no
bold-c9b76ae7	bold	adjective	B1|B2	writing	contrast-pair	high	needs_teacher_approved_sense		pending	no
bomb-cd4dc89a	bomb	noun|verb	B1	reading	multi-sense-panel	high	needs_teacher_approved_sense		pending	no
booking-2065075f	booking	noun	B1|B2	reading	object-or-context-scene	high	needs_teacher_approved_sense		pending	no
bookshelf-8e435573	bookshelf	noun	A2|B1	speaking	object-or-context-scene	high	needs_teacher_approved_sense		pending	no
border-ca6bcd4b	border	noun|verb	B1|B2	reading	multi-sense-panel	high	needs_teacher_approved_sense		pending	no
bossy-801ed8fc	bossy	adjective	B1|B2	writing	contrast-pair	high	needs_teacher_approved_sense		pending	no
bother-ddb1e7c9	bother	verb	B1	reading	action-scene	high	needs_teacher_approved_sense		pending	no
boyfriend-5fe6acd9	boyfriend	noun	A1|B1	reading	object-or-context-scene	high	needs_teacher_approved_sense		pending	no
brain-8b9248a4	brain	noun	A2|B1	reading	object-or-context-scene	high	needs_teacher_approved_sense		pending	no
brake-39cabc71	brake	noun|verb	A2|B1	speaking	multi-sense-panel	high	needs_teacher_approved_sense		pending	no
brave-9fc1aa64	brave	adjective	B1	reading	contrast-pair	high	needs_teacher_approved_sense		pending	no
break-down-3fa307ae	break down	phrasal verb|verb|verb phrase	B1|B2	speaking	context-scene	high	needs_teacher_approved_sense		pending	no
breath-a99a9c01	breath	noun	B1	reading	object-or-context-scene	high	needs_teacher_approved_sense		pending	no
breathe-5224feaa	breathe	verb	B1	reading	action-scene	high	needs_teacher_approved_sense		pending	no
breeze-6e2ad22e	breeze	noun	B1	listening	object-or-context-scene	high	needs_teacher_approved_sense		pending	no
brick-e56bb5ac	brick	noun	B2	reading	object-or-context-scene	high	needs_teacher_approved_sense		pending	no
bride-bbd39e73	bride	noun	B1	reading	object-or-context-scene	high	needs_teacher_approved_sense		pending	no
brief-57c8ddb0	brief	adjective	B1|B2	writing	contrast-pair	high	needs_teacher_approved_sense		pending	no
bright-0570b92f	bright	adjective	A2|B1	reading	contrast-pair	high	needs_teacher_approved_sense		pending	no
broad-7e06da1f	broad	adjective	B1|B2	writing	contrast-pair	high	needs_teacher_approved_sense		pending	no
broadcast-b58ccb78	broadcast	noun|verb	B2	reading	multi-sense-panel	high	needs_teacher_approved_sense		pending	no
brochure-3605000e	brochure	noun	B1|B2	reading	object-or-context-scene	high	needs_teacher_approved_sense		pending	no
broken-0b8a1cae	broken	adjective	A2|B1	reading	contrast-pair	high	needs_teacher_approved_sense		pending	no
brush-0f445105	brush	noun|verb	A2|B1	reading	multi-sense-panel	high	needs_teacher_approved_sense		pending	no
bug-68858584	bug	noun	B1|B2	reading	object-or-context-scene	high	needs_teacher_approved_sense		pending	no
bunch-277bcd4d	bunch	noun	B1|B2	reading	object-or-context-scene	high	needs_teacher_approved_sense		pending	no
bury-139d7cf1	bury	verb	B1	reading	action-scene	high	needs_teacher_approved_sense		pending	no
bus-station-8e2a8839	bus station	noun	A2|B1	speaking	context-scene	high	needs_teacher_approved_sense		pending	no
bus-stop-5c478416	bus stop	noun	A2|B1	speaking	context-scene	high	needs_teacher_approved_sense		pending	no
bush-77a95648	bush	noun	B1|B2	reading	object-or-context-scene	high	needs_teacher_approved_sense		pending	no
businesswoman-cf0aaf13	businesswoman	noun	A2|B1	speaking	object-or-context-scene	high	needs_teacher_approved_sense		pending	no
button-7b7fcc78	button	noun	A2|B1	reading	object-or-context-scene	high	needs_teacher_approved_sense		pending	no
cab-098ea07a	cab	noun	B1	listening	object-or-context-scene	high	needs_teacher_approved_sense		pending	no
cabin-3efe1415	cabin	noun	B1|B2	reading	object-or-context-scene	high	needs_teacher_approved_sense		pending	no
cabinet-69d203a8	cabinet	noun	B1|C1	reading	object-or-context-scene	high	needs_teacher_approved_sense		pending	no
cable-e97ba6ae	cable	noun	B1|B2	reading	object-or-context-scene	high	needs_teacher_approved_sense		pending	no
cafeteria-90e0948a	cafeteria	noun	B1	listening	object-or-context-scene	high	needs_teacher_approved_sense		pending	no
calm-2ec3d0c7	calm	adjective|noun|verb	B1	reading	multi-sense-panel	high	needs_teacher_approved_sense		pending	no
camel-45b72498	camel	noun	A2|B1	speaking	object-or-context-scene	high	needs_teacher_approved_sense		pending	no
camping-64634fd2	camping	noun	A2|B1	reading	object-or-context-scene	high	needs_teacher_approved_sense		pending	no
campsite-794b4f1a	campsite	noun	A2|B1	speaking	object-or-context-scene	high	needs_teacher_approved_sense		pending	no
campus-3930d908	campus	noun	B1|B2	reading	object-or-context-scene	high	needs_teacher_approved_sense		pending	no
cancel-4fd0653c	cancel	verb	B1|B2	reading	action-scene	high	needs_teacher_approved_sense		pending	no
candidate-266ec841	candidate	noun	B1	reading	object-or-context-scene	high	needs_teacher_approved_sense		pending	no
cap-ac4be5ac	cap	noun	B1	reading	object-or-context-scene	high	needs_teacher_approved_sense		pending	no
car-park-ef7965dd	car park	noun	B1	listening	context-scene	high	needs_teacher_approved_sense		pending	no
carbon-dioxide-25dd4d58	carbon dioxide	noun	B2	listening	context-scene	high	needs_teacher_approved_sense		pending	no
care-ec1deb95	care	noun|verb	A2|B1	reading	multi-sense-panel	high	needs_teacher_approved_sense		pending	no
carefully-00f74c9d	carefully	adverb	A2|B1	reading	manner-sequence	high	needs_teacher_approved_sense		pending	no
careless-eeaae8b6	careless	adjective	B1	reading	contrast-pair	high	needs_teacher_approved_sense		pending	no
case-6406510c	case	noun	A2|B1	reading	object-or-context-scene	high	needs_teacher_approved_sense		pending	no
cast-39aa12e6	cast	noun|verb	B2	reading	multi-sense-panel	high	needs_teacher_approved_sense		pending	no
casual-7b664f70	casual	adjective	B1|B2	writing	contrast-pair	high	needs_teacher_approved_sense		pending	no
casualty-f8f69957	casualty	noun	B2|C1	reading	object-or-context-scene	high	needs_teacher_approved_sense		pending	no
catchy-b06216ab	catchy	adjective	B2|C1	writing	contrast-pair	high	needs_teacher_approved_sense		pending	no
cater-5d3ed556	cater	verb	B2|C1	reading	action-scene	high	needs_teacher_approved_sense		pending	no
cathedral-5c92c39a	cathedral	noun	A2|B1	speaking	object-or-context-scene	high	needs_teacher_approved_sense		pending	no
cause-ccadf5de	cause	noun|verb|verb phrase	A2|B2	speaking	multi-sense-panel	high	needs_teacher_approved_sense		pending	no
cd-player-0e785af2	CD player	noun	A2|B1	speaking	context-scene	high	needs_teacher_approved_sense		pending	no
ceiling-baacee0a	ceiling	noun	B1	reading	object-or-context-scene	high	needs_teacher_approved_sense		pending	no
celebrate-fc05e0e4	celebrate	verb	A2|B1	reading	action-scene	high	needs_teacher_approved_sense		pending	no
celebration-b7bdf51b	celebration	noun	B1	reading	concept-metaphor	high	needs_teacher_approved_sense		pending	no
cement-c1f46997	cement	noun	B2	listening	concept-metaphor	high	needs_teacher_approved_sense		pending	no
centimetre-31d8fcf3	centimetre	noun	A2|B1	speaking	object-or-context-scene	high	needs_teacher_approved_sense		pending	no
central-233ec5bd	central	adjective	B1	reading	contrast-pair	high	needs_teacher_approved_sense		pending	no
centre-2bd5fb5d	centre	noun|verb	A1|A2|B1	reading	multi-sense-panel	high	needs_teacher_approved_sense		pending	no
ceremony-92efd0d1	ceremony	noun	B1	reading	object-or-context-scene	high	needs_teacher_approved_sense		pending	no
certainly-not-a0bfc826	certainly not	adverb	A2|B1	speaking	context-scene	high	needs_teacher_approved_sense		pending	no
chain-2cf64e44	chain	noun|verb	B1|B2	reading	multi-sense-panel	high	needs_teacher_approved_sense		pending	no
challenge-bb064b23	challenge	noun|verb	B1|B2	reading	multi-sense-panel	high	needs_teacher_approved_sense		pending	no
challenging-c7d93322	challenging	adjective	B1|B2	writing	contrast-pair	high	needs_teacher_approved_sense		pending	no
champion-e79efc45	champion	noun	B1	reading	object-or-context-scene	high	needs_teacher_approved_sense		pending	no
chance-f49f577d	chance	noun	A2|B1	reading	concept-metaphor	high	needs_teacher_approved_sense		pending	no
charge-5ea9c348	charge	noun|verb	B1	reading	multi-sense-panel	high	needs_teacher_approved_sense		pending	no
charming-786f732f	charming	adjective	B1|B2	writing	contrast-pair	high	needs_teacher_approved_sense		pending	no
chat-show-7061b47c	chat show	noun	B1|B2	speaking	context-scene	high	needs_teacher_approved_sense		pending	no
chatroom-95608ed6	chatroom	noun	A2|B1	speaking	object-or-context-scene	high	needs_teacher_approved_sense		pending	no
cheat-8e132eb5	cheat	noun|verb	B1	reading	multi-sense-panel	high	needs_teacher_approved_sense		pending	no
cheek-e5c0b67b	cheek	noun	B1|B2	reading	object-or-context-scene	high	needs_teacher_approved_sense		pending	no
chef-d5f2e5c7	chef	noun	A2|B1	reading	object-or-context-scene	high	needs_teacher_approved_sense		pending	no
chemical-4d3d0a8d	chemical	adjective|noun	B1|B2	writing	multi-sense-panel	high	needs_teacher_approved_sense		pending	no
chest-of-drawers-41e8f25f	chest of drawers	noun	B1|B2	speaking	context-scene	high	needs_teacher_approved_sense		pending	no
childhood-d26dc0db	childhood	noun	B1	reading	concept-metaphor	high	needs_teacher_approved_sense		pending	no
chimney-3cdca8b6	chimney	noun	B2	listening	object-or-context-scene	high	needs_teacher_approved_sense		pending	no
chip-c6b6df0a	chip	noun	A2|B1	reading	object-or-context-scene	high	needs_teacher_approved_sense		pending	no
choice-630af549	choice	noun	A2|B1	reading	object-or-context-scene	high	needs_teacher_approved_sense		pending	no
choir-dec84867	choir	noun	B2	reading	object-or-context-scene	high	needs_teacher_approved_sense		pending	no
chop-0914b71d	chop	verb	B2	reading	action-scene	high	needs_teacher_approved_sense		pending	no
circle-00b7b811	circle	noun|verb	A2|B1	reading	multi-sense-panel	high	needs_teacher_approved_sense		pending	no
circuit-4690d8ff	circuit	noun	B2	listening	object-or-context-scene	high	needs_teacher_approved_sense		pending	no
circus-3f2c0d97	circus	noun	A2|B1	speaking	object-or-context-scene	high	needs_teacher_approved_sense		pending	no
classmate-4d4dde8a	classmate	noun	A2|B1	speaking	object-or-context-scene	high	needs_teacher_approved_sense		pending	no
clearly-27eddd83	clearly	adverb	A2|B1	reading	manner-sequence	high	needs_teacher_approved_sense		pending	no
clerk-f38de235	clerk	noun	B2	listening	object-or-context-scene	high	needs_teacher_approved_sense		pending	no
climbing-2bbed958	climbing	noun	B1	listening	object-or-context-scene	high	needs_teacher_approved_sense		pending	no
clothing-73a98bde	clothing	noun	A2|B1	reading	object-or-context-scene	high	needs_teacher_approved_sense		pending	no
cloudy-5a53260b	cloudy	adjective	A2|B1	speaking	contrast-pair	high	needs_teacher_approved_sense		pending	no
clown-6725c9e2	clown	noun	A2|B1	speaking	object-or-context-scene	high	needs_teacher_approved_sense		pending	no
clue-452d2582	clue	noun	B1|B2	reading	object-or-context-scene	high	needs_teacher_approved_sense		pending	no
coal-4a31e8e8	coal	noun	B1	listening	object-or-context-scene	high	needs_teacher_approved_sense		pending	no
coin-3478fe69	coin	noun	B1	reading	object-or-context-scene	high	needs_teacher_approved_sense		pending	no
collection-2037de43	collection	noun	B1	reading	concept-metaphor	high	needs_teacher_approved_sense		pending	no
coloured-b681c9e5	coloured	adjective	B1	listening	contrast-pair	high	needs_teacher_approved_sense		pending	no
colourful-f74a5be9	colourful	adjective	B1|B2	writing	contrast-pair	high	needs_teacher_approved_sense		pending	no
comb-e51f8984	comb	noun|verb	A2|B1	speaking	multi-sense-panel	high	needs_teacher_approved_sense		pending	no
comfort-4ea61f94	comfort	noun|verb	B1|B2	reading	multi-sense-panel	high	needs_teacher_approved_sense		pending	no
comic-040432c6	comic	adjective|noun	B1|B2	writing	multi-sense-panel	high	needs_teacher_approved_sense		pending	no
comment-118a9989	comment	noun|verb	A2|B1	reading	multi-sense-panel	high	needs_teacher_approved_sense		pending	no
communicate-4ab2558b	communicate	verb	A2|B1	reading	action-scene	high	needs_teacher_approved_sense		pending	no
communication-60c58ad2	communication	noun	B1	reading	concept-metaphor	high	needs_teacher_approved_sense		pending	no
community-418b03c9	community	noun	A2|B2	writing	concept-metaphor	high	needs_teacher_approved_sense		pending	no
compare-b64ca250	compare	verb	A1|B1	reading	action-scene	high	needs_teacher_approved_sense		pending	no
compelling-2bf274e6	compelling	adjective	B2|C1	writing	contrast-pair	high	needs_teacher_approved_sense		pending	no
compete-755268f1	compete	verb	A2|B1	reading	action-scene	high	needs_teacher_approved_sense		pending	no
competitor-52143c6b	competitor	noun	B1	reading	object-or-context-scene	high	needs_teacher_approved_sense		pending	no
complain-6a915782	complain	verb	A2|B1	reading	action-scene	high	needs_teacher_approved_sense		pending	no
complaint-903571af	complaint	noun	B1	reading	object-or-context-scene	high	needs_teacher_approved_sense		pending	no
complete-0737c22d	complete	adjective|verb	A1|B1	reading	multi-sense-panel	high	needs_teacher_approved_sense		pending	no
completely-36152587	completely	adverb	A2|B1	reading	manner-sequence	high	needs_teacher_approved_sense		pending	no
complicated-d27c7a19	complicated	adjective	B1|B2	writing	contrast-pair	high	needs_teacher_approved_sense		pending	no
composer-874ad8df	composer	noun	B2	reading	object-or-context-scene	high	needs_teacher_approved_sense		pending	no
composition-e93600b8	composition	noun	B1|C1	writing	concept-metaphor	high	needs_teacher_approved_sense		pending	no
compound-c2e2f801	compound	noun	B2	listening	object-or-context-scene	high	needs_teacher_approved_sense		pending	no
comprehensive-a4b3ee46	comprehensive	adjective	B2	writing	contrast-pair	high	needs_teacher_approved_sense		pending	no
concerned-aac69b54	concerned	adjective	B2	writing	contrast-pair	high	needs_teacher_approved_sense		pending	no
conclusion-6a38a38f	conclusion	noun	B1	reading	concept-metaphor	high	needs_teacher_approved_sense		pending	no
concrete-aec5c8ea	concrete	adjective|noun	B2	listening	multi-sense-panel	high	needs_teacher_approved_sense		pending	no
condition-afad9a69	condition	noun	A2|B1	reading	concept-metaphor	high	needs_teacher_approved_sense		pending	no
conduct-1f005da3	conduct	noun|verb	B2|C1	reading	multi-sense-panel	high	needs_teacher_approved_sense		pending	no
conductor-433f12ff	conductor	noun	B2	listening	object-or-context-scene	high	needs_teacher_approved_sense		pending	no
conference-089f6953	conference	noun	A2|B1	reading	concept-metaphor	high	needs_teacher_approved_sense		pending	no
confidence-01656883	confidence	noun	B2	listening	concept-metaphor	high	needs_teacher_approved_sense		pending	no
confirm-d0c4047c	confirm	verb	B1	reading	action-scene	high	needs_teacher_approved_sense		pending	no
confused-bc622619	confused	adjective	B1	reading	contrast-pair	high	needs_teacher_approved_sense		pending	no
connect-f11a107f	connect	verb	A2|B1	reading	action-scene	high	needs_teacher_approved_sense		pending	no
connection-814605c6	connection	noun	B1	reading	concept-metaphor	high	needs_teacher_approved_sense		pending	no
consider-9cef6dd4	consider	verb	A2|B1	reading	action-scene	high	needs_teacher_approved_sense		pending	no
consist-80fd353e	consist	verb	B1	reading	action-scene	high	needs_teacher_approved_sense		pending	no
contact-1a73af9e	contact	noun|verb	B1	reading	multi-sense-panel	high	needs_teacher_approved_sense		pending	no
contain-c1380af4	contain	verb	A2|B1	reading	action-scene	high	needs_teacher_approved_sense		pending	no
content-040f06fd	content	adjective|noun	B1|C1	writing	multi-sense-panel	high	needs_teacher_approved_sense		pending	no
contest-86d9312f	contest	noun|verb	B1|B2	reading	multi-sense-panel	high	needs_teacher_approved_sense		pending	no
continent-15bfe840	continent	noun	A2|B1	reading	object-or-context-scene	high	needs_teacher_approved_sense		pending	no
continue-eee0bbba	continue	verb	A2|B1	reading	action-scene	high	needs_teacher_approved_sense		pending	no
contract-d61ceadb	contract	noun|verb	B1|B2	reading	multi-sense-panel	high	needs_teacher_approved_sense		pending	no
control-2aeede80	control	noun|verb	A2|B1	reading	multi-sense-panel	high	needs_teacher_approved_sense		pending	no
conventional-5062a63a	conventional	adjective	B2	writing	contrast-pair	high	needs_teacher_approved_sense		pending	no
convince-485958db	convince	verb	B1	reading	action-scene	high	needs_teacher_approved_sense		pending	no
convincing-f6e67883	convincing	adjective	B2	writing	contrast-pair	high	needs_teacher_approved_sense		pending	no
cooking-c2c1a106	cooking	noun	A1|B1	reading	object-or-context-scene	high	needs_teacher_approved_sense		pending	no
copy-f84e2e2d	copy	noun|verb	A2|B1	reading	multi-sense-panel	high	needs_teacher_approved_sense		pending	no
core-94a0426e	core	adjective|noun	B2	listening	multi-sense-panel	high	needs_teacher_approved_sense		pending	no
correction-fb5246f0	correction	noun	B1|C1	writing	concept-metaphor	high	needs_teacher_approved_sense		pending	no
count-ee9f38e1	count	noun|verb	A2|B1	reading	multi-sense-panel	high	needs_teacher_approved_sense		pending	no
courage-a2d90f4e	courage	noun	B1|B2	reading	object-or-context-scene	high	needs_teacher_approved_sense		pending	no
cover-a28100fa	cover	noun|verb	A2|B1	reading	multi-sense-panel	high	needs_teacher_approved_sense		pending	no
crash-2fc7f145	crash	noun|verb	B1|B2	reading	multi-sense-panel	high	needs_teacher_approved_sense		pending	no
create-9b7c68a9	create	verb	A1|B1	reading	action-scene	high	needs_teacher_approved_sense		pending	no
creation-5afe575e	creation	noun	B2	listening	concept-metaphor	high	needs_teacher_approved_sense		pending	no
creativity-8029201c	creativity	noun	B2	listening	concept-metaphor	high	needs_teacher_approved_sense		pending	no
credit-9cf5e7cd	credit	noun|verb	A2|B1|B2	reading	multi-sense-panel	high	needs_teacher_approved_sense		pending	no
creep-5f008f9f	creep	verb	B2|C1	reading	action-scene	high	needs_teacher_approved_sense		pending	no
cricket-4f8ef089	cricket	noun	B1	listening	object-or-context-scene	high	needs_teacher_approved_sense		pending	no
crime-cdde326f	crime	noun	A2|B1	reading	object-or-context-scene	high	needs_teacher_approved_sense		pending	no
criminal-dcff95ac	criminal	adjective|noun	A2|B1	reading	multi-sense-panel	high	needs_teacher_approved_sense		pending	no
critic-cb6c38de	critic	noun	B2	reading	object-or-context-scene	high	needs_teacher_approved_sense		pending	no
crossing-a275805e	crossing	noun	A2|B1	speaking	object-or-context-scene	high	needs_teacher_approved_sense		pending	no
crossroads-625f5f0e	crossroads	noun	A2|B1	speaking	object-or-context-scene	high	needs_teacher_approved_sense		pending	no
crucial-dd3cf290	crucial	adjective	B2|C1	writing	contrast-pair	high	needs_teacher_approved_sense		pending	no
cruel-eccec79c	cruel	adjective	B1	reading	contrast-pair	high	needs_teacher_approved_sense		pending	no
cruise-b1890790	cruise	noun|verb	B1|B2	reading	multi-sense-panel	high	needs_teacher_approved_sense		pending	no
cure-1820b942	cure	noun|verb	B1|B2	reading	multi-sense-panel	high	needs_teacher_approved_sense		pending	no
curious-293028aa	curious	adjective	B1|B2	writing	contrast-pair	high	needs_teacher_approved_sense		pending	no
curly-e122d28c	curly	adjective	A2|B1	reading	contrast-pair	high	needs_teacher_approved_sense		pending	no
currency-001517ee	currency	noun	B1	reading	concept-metaphor	high	needs_teacher_approved_sense		pending	no
curtain-c8158837	curtain	noun	B1	reading	object-or-context-scene	high	needs_teacher_approved_sense		pending	no
curved-33d59279	curved	adjective	B2	listening	contrast-pair	high	needs_teacher_approved_sense		pending	no
cushion-db894fbf	cushion	noun	B1|B2	reading	object-or-context-scene	high	needs_teacher_approved_sense		pending	no
custom-f9ac14b6	custom	noun	B1	reading	object-or-context-scene	high	needs_teacher_approved_sense		pending	no
cute-c62a1190	cute	adjective	B1|B2	writing	contrast-pair	high	needs_teacher_approved_sense		pending	no
cycling-76069362	cycling	noun	B1	listening	object-or-context-scene	high	needs_teacher_approved_sense		pending	no
cyclist-5515a2c7	cyclist	noun	B1|B2	reading	object-or-context-scene	high	needs_teacher_approved_sense		pending	no
dairy-886f1e87	dairy	adjective|noun	B2	writing	multi-sense-panel	high	needs_teacher_approved_sense		pending	no
damage-54198309	damage	noun|verb	B1	reading	multi-sense-panel	high	needs_teacher_approved_sense		pending	no
dancer-a6b4f3a5	dancer	noun	A1|B1	reading	object-or-context-scene	high	needs_teacher_approved_sense		pending	no
darkness-60eb7e5f	darkness	noun	B2	writing	concept-metaphor	high	needs_teacher_approved_sense		pending	no
data-a17c9aaa	data	noun	A2|B1	reading	object-or-context-scene	high	needs_teacher_approved_sense		pending	no
deal-60f59e2b	deal	noun|verb	A2|B1	reading	multi-sense-panel	high	needs_teacher_approved_sense		pending	no
death-4f14c08f	death	noun	A2|B1	reading	object-or-context-scene	high	needs_teacher_approved_sense		pending	no
debt-e52ec7a1	debt	noun	B2	listening	object-or-context-scene	high	needs_teacher_approved_sense		pending	no
decade-964ec44c	decade	noun	B1	listening	object-or-context-scene	high	needs_teacher_approved_sense		pending	no
declare-a0910bc7	declare	verb	B1|B2	reading	action-scene	high	needs_teacher_approved_sense		pending	no
decorate-836a8ef5	decorate	verb	B1	reading	action-scene	high	needs_teacher_approved_sense		pending	no
decorator-ee329fb6	decorator	noun	B2	listening	object-or-context-scene	high	needs_teacher_approved_sense		pending	no
decrease-110dd32f	decrease	noun|verb	B1|B2	reading	multi-sense-panel	high	needs_teacher_approved_sense		pending	no
deep-3dde59ff	deep	adjective|adverb	A2|B1	reading	multi-sense-panel	high	needs_teacher_approved_sense		pending	no
defeat-8f98d09e	defeat	noun|verb	B1|B2	reading	multi-sense-panel	high	needs_teacher_approved_sense		pending	no
defence-2baf9529	defence	noun	B1|B2	writing	concept-metaphor	high	needs_teacher_approved_sense		pending	no
defend-a4555a4b	defend	verb	B1|B2	reading	action-scene	high	needs_teacher_approved_sense		pending	no
definitely-458af8cd	definitely	adverb	A2|B1	reading	manner-sequence	high	needs_teacher_approved_sense		pending	no
delete-9485989f	delete	verb	B1|B2	reading	action-scene	high	needs_teacher_approved_sense		pending	no
delicious-7ab9d188	delicious	adjective	A1|B1	reading	contrast-pair	high	needs_teacher_approved_sense		pending	no
deliver-c3a71b15	deliver	verb	B1	reading	action-scene	high	needs_teacher_approved_sense		pending	no
delivery-391cb1e0	delivery	noun	B1|B2	reading	object-or-context-scene	high	needs_teacher_approved_sense		pending	no
demand-49c2c209	demand	noun|verb	B1|B2	reading	multi-sense-panel	high	needs_teacher_approved_sense		pending	no
demonstration-80145307	demonstration	noun	B2	listening	concept-metaphor	high	needs_teacher_approved_sense		pending	no
depart-147bc781	depart	verb	B1|B2	reading	action-scene	high	needs_teacher_approved_sense		pending	no
department-store-18556bb1	department store	noun	B1	listening	context-scene	high	needs_teacher_approved_sense		pending	no
departure-8eb9612e	departure	noun	B1	reading	object-or-context-scene	high	needs_teacher_approved_sense		pending	no
depressed-2f27bbc5	depressed	adjective	B1|B2	writing	contrast-pair	high	needs_teacher_approved_sense		pending	no
depressing-e3ed6f78	depressing	adjective	B2|C1	writing	contrast-pair	high	needs_teacher_approved_sense		pending	no
depression-e25d80de	depression	noun	B2	writing	concept-metaphor	high	needs_teacher_approved_sense		pending	no
description-cb329146	description	noun	A1|B1	reading	concept-metaphor	high	needs_teacher_approved_sense		pending	no
deserve-1fbe4346	deserve	verb	B1|B2	reading	action-scene	high	needs_teacher_approved_sense		pending	no
design-056f1182	design	noun|verb	A1|B1	reading	multi-sense-panel	high	needs_teacher_approved_sense		pending	no
destination-0cf1bc84	destination	noun	B1	reading	concept-metaphor	high	needs_teacher_approved_sense		pending	no
destroy-68700108	destroy	verb	A2|B1	reading	action-scene	high	needs_teacher_approved_sense		pending	no
detail-b7f90d4c	detail	noun|verb	A1|B1|B2	reading	multi-sense-panel	high	needs_teacher_approved_sense		pending	no
detective-ef097008	detective	noun	A2|B1	reading	object-or-context-scene	high	needs_teacher_approved_sense		pending	no
determined-3e3e6c7b	determined	adjective	B1|B2	writing	contrast-pair	high	needs_teacher_approved_sense		pending	no
development-05134426	development	noun	B1	reading	concept-metaphor	high	needs_teacher_approved_sense		pending	no
diagram-87370935	diagram	noun	B1	reading	object-or-context-scene	high	needs_teacher_approved_sense		pending	no
diet-0a96963b	diet	noun	A1|B1	reading	object-or-context-scene	high	needs_teacher_approved_sense		pending	no
difficulty-bf1a8792	difficulty	noun	B1	reading	object-or-context-scene	high	needs_teacher_approved_sense		pending	no
dig-9080a51c	dig	verb	B1|B2	reading	action-scene	high	needs_teacher_approved_sense		pending	no
dinosaur-dd28db90	dinosaur	noun	A2|B1	speaking	object-or-context-scene	high	needs_teacher_approved_sense		pending	no
direct-24a1733c	direct	adjective|adverb|verb	A2|B1	reading	multi-sense-panel	high	needs_teacher_approved_sense		pending	no
direction-57077e98	direction	noun	A2|B1	reading	concept-metaphor	high	needs_teacher_approved_sense		pending	no
directly-7a4cc7e1	directly	adverb	B1	reading	manner-sequence	high	needs_teacher_approved_sense		pending	no
dirt-7c97ce27	dirt	noun	B1	reading	object-or-context-scene	high	needs_teacher_approved_sense		pending	no
disabled-07596f18	disabled	adjective	B1|B2	writing	contrast-pair	high	needs_teacher_approved_sense		pending	no
disadvantage-1b5e032f	disadvantage	noun	B1	reading	object-or-context-scene	high	needs_teacher_approved_sense		pending	no
disagree-f584439d	disagree	verb	A2|B1	reading	action-scene	high	needs_teacher_approved_sense		pending	no
disappear-dbec9594	disappear	verb	A2|B1	reading	action-scene	high	needs_teacher_approved_sense		pending	no
disappointing-793ff57f	disappointing	adjective	B1	reading	contrast-pair	high	needs_teacher_approved_sense		pending	no
disappointment-c85014f4	disappointment	noun	B1|B2	writing	concept-metaphor	high	needs_teacher_approved_sense		pending	no
disco-9a1c2a67	disco	noun	A2|B1	speaking	object-or-context-scene	high	needs_teacher_approved_sense		pending	no
discover-1eb0b8dc	discover	verb	A2|B1	reading	action-scene	high	needs_teacher_approved_sense		pending	no
discovery-c2c45258	discovery	noun	A2|B1	reading	object-or-context-scene	high	needs_teacher_approved_sense		pending	no
discussion-c255751d	discussion	noun	A2|B1	reading	concept-metaphor	high	needs_teacher_approved_sense		pending	no
disk-a07bdcbc	disk	noun	B1	listening	object-or-context-scene	high	needs_teacher_approved_sense		pending	no
dislike-aedf6156	dislike	noun|verb	B1	reading	multi-sense-panel	high	needs_teacher_approved_sense		pending	no
disorder-ce2fcff2	disorder	noun	B2|C1	reading	object-or-context-scene	high	needs_teacher_approved_sense		pending	no
distance-104082c0	distance	noun	A2|B1	reading	concept-metaphor	high	needs_teacher_approved_sense		pending	no
distinctive-0c95a462	distinctive	adjective	B2|C1	writing	contrast-pair	high	needs_teacher_approved_sense		pending	no
district-dfbbe7ed	district	noun	B1|B2	reading	object-or-context-scene	high	needs_teacher_approved_sense		pending	no
disturb-f7b617c1	disturb	verb	B1|B2	reading	action-scene	high	needs_teacher_approved_sense		pending	no
dive-5ea67a15	dive	noun|verb	B1|B2	reading	multi-sense-panel	high	needs_teacher_approved_sense		pending	no
diverse-f622104b	diverse	adjective	B2|C1	writing	contrast-pair	high	needs_teacher_approved_sense		pending	no
diversity-a63b60ee	diversity	noun	B2|C1	writing	concept-metaphor	high	needs_teacher_approved_sense		pending	no
divide-c4da7b60	divide	noun|verb	B1|B2	reading	multi-sense-panel	high	needs_teacher_approved_sense		pending	no
diving-35d1b362	diving	noun	B1|B2	reading	object-or-context-scene	high	needs_teacher_approved_sense		pending	no
document-4f8278c8	document	noun|verb	A2|B1|B2	writing	multi-sense-panel	high	needs_teacher_approved_sense		pending	no
dolphin-4bbf2ddc	dolphin	noun	A2|B1	speaking	object-or-context-scene	high	needs_teacher_approved_sense		pending	no
domestic-9ca881d7	domestic	adjective	B2	writing	contrast-pair	high	needs_teacher_approved_sense		pending	no
donate-f57f7c97	donate	verb	B1	listening	action-scene	high	needs_teacher_approved_sense		pending	no
doubt-d69cbcb4	doubt	noun|verb	B1	reading	multi-sense-panel	high	needs_teacher_approved_sense		pending	no
downwards-e593175c	downwards	adverb	B2|C1	writing	manner-sequence	high	needs_teacher_approved_sense		pending	no
dozen-04500e0d	dozen	determiner|noun	B1|B2	reading	object-or-context-scene	high	needs_teacher_approved_sense		pending	no
drag-a4e2dc76	drag	verb	B1|B2	reading	action-scene	high	needs_teacher_approved_sense		pending	no
dramatic-2993754a	dramatic	adjective	B2	writing	contrast-pair	high	needs_teacher_approved_sense		pending	no
dressed-8a166ee6	dressed	adjective	B1	reading	contrast-pair	high	needs_teacher_approved_sense		pending	no
driver-fdda0c46	driver	noun	A1|B1	reading	object-or-context-scene	high	needs_teacher_approved_sense		pending	no
driving-licence-3eff8c94	driving licence	noun	A2|B1	speaking	context-scene	high	needs_teacher_approved_sense		pending	no
drop-aa20c3bf	drop	noun|verb	A2|B1	reading	multi-sense-panel	high	needs_teacher_approved_sense		pending	no
due-30cdf73e	due	adjective	B1	reading	contrast-pair	high	needs_teacher_approved_sense		pending	no
dusty-c3ae6b62	dusty	adjective	B1	listening	contrast-pair	high	needs_teacher_approved_sense		pending	no
duty-d1f30ba1	duty	noun	B1	reading	object-or-context-scene	high	needs_teacher_approved_sense		pending	no
duvet-eabd3dff	duvet	noun	B1|B2	reading	object-or-context-scene	high	needs_teacher_approved_sense		pending	no
dvd-player-2025d404	DVD player	noun	A2|B1	speaking	context-scene	high	needs_teacher_approved_sense		pending	no
earth-44d47627	earth	noun	A2|B1	reading	object-or-context-scene	high	needs_teacher_approved_sense		pending	no
earthquake-e8dea393	earthquake	noun	B1	listening	object-or-context-scene	high	needs_teacher_approved_sense		pending	no
easily-022c24ff	easily	adverb	A2|B1	reading	manner-sequence	high	needs_teacher_approved_sense		pending	no
eastern-26e8e3d3	eastern	adjective	B1	reading	contrast-pair	high	needs_teacher_approved_sense		pending	no
edge-a0f2c69a	edge	noun	B1	reading	object-or-context-scene	high	needs_teacher_approved_sense		pending	no
edit-9ead47a8	edit	verb	B2	listening	action-scene	high	needs_teacher_approved_sense		pending	no
education-24e7451d	education	noun	A2|B1	reading	concept-metaphor	high	needs_teacher_approved_sense		pending	no
effect-68d1dae1	effect	noun	A2|B1	reading	object-or-context-scene	high	needs_teacher_approved_sense		pending	no
effort-3f1e7273	effort	noun	B1	reading	object-or-context-scene	high	needs_teacher_approved_sense		pending	no
either-fa98d8d4	either	adverb|determiner|pronoun	A2|B1	reading	manner-sequence	high	needs_teacher_approved_sense		pending	no
elbow-3b102812	elbow	noun	B1|B2	reading	object-or-context-scene	high	needs_teacher_approved_sense		pending	no
elder-f429030c	elder	adjective|noun	B1|C1	writing	multi-sense-panel	high	needs_teacher_approved_sense		pending	no
elderly-eb229eda	elderly	adjective	B1|B2	writing	contrast-pair	high	needs_teacher_approved_sense		pending	no
election-ed9c23ea	election	noun	B1	reading	concept-metaphor	high	needs_teacher_approved_sense		pending	no
electrical-73a097c0	electrical	adjective	A2|B1	reading	contrast-pair	high	needs_teacher_approved_sense		pending	no
electronic-3797c42f	electronic	adjective	A2|B1	reading	contrast-pair	high	needs_teacher_approved_sense		pending	no
elementary-b67ea5e6	elementary	adjective	B1|B2	writing	contrast-pair	high	needs_teacher_approved_sense		pending	no
embarrassed-ecc16fe2	embarrassed	adjective	B1	reading	contrast-pair	high	needs_teacher_approved_sense		pending	no
embarrassing-cac2a0e5	embarrassing	adjective	B1	reading	contrast-pair	high	needs_teacher_approved_sense		pending	no
embarrassment-c6fabd2a	embarrassment	noun	B2|C1	writing	concept-metaphor	high	needs_teacher_approved_sense		pending	no
emerge-053b84de	emerge	verb	B2	reading	action-scene	high	needs_teacher_approved_sense		pending	no
emergency-a4b7517f	emergency	noun	B1	reading	concept-metaphor	high	needs_teacher_approved_sense		pending	no
emission-b5da25e0	emission	noun	B2	writing	concept-metaphor	high	needs_teacher_approved_sense		pending	no
employ-8915865c	employ	verb	A2|B1	reading	action-scene	high	needs_teacher_approved_sense		pending	no
encourage-808cae8b	encourage	verb	B1	reading	action-scene	high	needs_teacher_approved_sense		pending	no
ending-5bd4bf68	ending	noun	A2|B1	reading	object-or-context-scene	high	needs_teacher_approved_sense		pending	no
enemy-706c3c29	enemy	noun	B1	reading	object-or-context-scene	high	needs_teacher_approved_sense		pending	no
energetic-10392295	energetic	adjective	B2	listening	contrast-pair	high	needs_teacher_approved_sense		pending	no
energy-173d9168	energy	noun	A2|B1	reading	object-or-context-scene	high	needs_teacher_approved_sense		pending	no
engagement-d8db051b	engagement	noun	B2|C1	writing	concept-metaphor	high	needs_teacher_approved_sense		pending	no
engineering-72917ef6	engineering	noun	B1	reading	object-or-context-scene	high	needs_teacher_approved_sense		pending	no
enjoyable-8bc92583	enjoyable	adjective	B1|B2	writing	contrast-pair	high	needs_teacher_approved_sense		pending	no
enormous-b3d6a9b7	enormous	adjective	A2|B1	reading	contrast-pair	high	needs_teacher_approved_sense		pending	no
enquire-14e2a0ed	enquire	verb	B1|C1	reading	action-scene	high	needs_teacher_approved_sense		pending	no
enquiry-61835f93	enquiry	noun	B1|B2	reading	object-or-context-scene	high	needs_teacher_approved_sense		pending	no
entertain-52a0a5c2	entertain	verb	B1	reading	action-scene	high	needs_teacher_approved_sense		pending	no
entertaining-648a04ab	entertaining	adjective	B2	writing	contrast-pair	high	needs_teacher_approved_sense		pending	no
entertainment-c32b941d	entertainment	noun	B1	reading	concept-metaphor	high	needs_teacher_approved_sense		pending	no
enthusiastic-88e101a6	enthusiastic	adjective	B2	writing	contrast-pair	high	needs_teacher_approved_sense		pending	no
entry-61c4128c	entry	noun	B1	reading	object-or-context-scene	high	needs_teacher_approved_sense		pending	no
environmental-0b599ed9	environmental	adjective	B1	reading	contrast-pair	high	needs_teacher_approved_sense		pending	no
equal-f57b2d31	equal	adjective|noun|verb	B1|B2	writing	multi-sense-panel	high	needs_teacher_approved_sense		pending	no
equipment-bedcc40e	equipment	noun	A2|B1	reading	concept-metaphor	high	needs_teacher_approved_sense		pending	no
escape-cdecabe1	escape	noun|verb	B1	reading	multi-sense-panel	high	needs_teacher_approved_sense		pending	no
especially-8284b5c9	especially	adverb	A2|B1	reading	manner-sequence	high	needs_teacher_approved_sense		pending	no
essential-16e73bca	essential	adjective	B1	reading	contrast-pair	high	needs_teacher_approved_sense		pending	no
estate-2528fc84	estate	noun	B2	reading	object-or-context-scene	high	needs_teacher_approved_sense		pending	no
event-5006ed02	event	noun	A1|B1	reading	object-or-context-scene	high	needs_teacher_approved_sense		pending	no
evidence-100ec446	evidence	noun	A2|B2	writing	concept-metaphor	high	needs_teacher_approved_sense		pending	no
evolution-a21019ab	evolution	noun	B2	listening	concept-metaphor	high	needs_teacher_approved_sense		pending	no
evolve-c28818d7	evolve	verb	B2|C1	reading	action-scene	high	needs_teacher_approved_sense		pending	no
exact-b55e22fe	exact	adjective	A2|B1	reading	contrast-pair	high	needs_teacher_approved_sense		pending	no
exactly-fa361dc6	exactly	adverb	A2|B1	reading	manner-sequence	high	needs_teacher_approved_sense		pending	no
examination-exam-2e6c2ceb	examination/exam	noun	A2|B1	speaking	object-or-context-scene	high	needs_teacher_approved_sense		pending	no
exchange-a3497f3e	exchange	noun|verb	B1	reading	multi-sense-panel	high	needs_teacher_approved_sense		pending	no
excitement-a66cd1a2	excitement	noun	B1	reading	concept-metaphor	high	needs_teacher_approved_sense		pending	no
exhibit-d7be268f	exhibit	noun|verb	B2	listening	multi-sense-panel	high	needs_teacher_approved_sense		pending	no
exist-7e89f247	exist	verb	A2|B1	reading	action-scene	high	needs_teacher_approved_sense		pending	no
exotic-5d52443f	exotic	adjective	B2	writing	contrast-pair	high	needs_teacher_approved_sense		pending	no
expect-ff93c451	expect	verb	A2|B1	reading	action-scene	high	needs_teacher_approved_sense		pending	no
expedition-843e93f6	expedition	noun	B1	reading	concept-metaphor	high	needs_teacher_approved_sense		pending	no
experienced-a229f492	experienced	adjective	B1	reading	contrast-pair	high	needs_teacher_approved_sense		pending	no
expert-b780d252	expert	adjective|noun	A2|B1	reading	multi-sense-panel	high	needs_teacher_approved_sense		pending	no
explanation-73b8427e	explanation	noun	A2|B1	reading	concept-metaphor	high	needs_teacher_approved_sense		pending	no
explode-417460b2	explode	verb	B1	reading	action-scene	high	needs_teacher_approved_sense		pending	no
explorer-f5da2570	explorer	noun	A2|B1	speaking	object-or-context-scene	high	needs_teacher_approved_sense		pending	no
exposure-aea93ac5	exposure	noun	B2|C1	reading	object-or-context-scene	high	needs_teacher_approved_sense		pending	no
extension-f9896101	extension	noun	B2|C1	writing	concept-metaphor	high	needs_teacher_approved_sense		pending	no
extraordinary-185acd93	extraordinary	adjective	B1|B2	writing	contrast-pair	high	needs_teacher_approved_sense		pending	no
extreme-6928e849	extreme	adjective|noun	A2|B2	writing	multi-sense-panel	high	needs_teacher_approved_sense		pending	no
extremely-51a6f884	extremely	adverb	A2|B1	reading	manner-sequence	high	needs_teacher_approved_sense		pending	no
eye-79df4b17	eye	noun	A1|B1	reading	object-or-context-scene	high	needs_teacher_approved_sense		pending	no
fabric-19d3cef9	fabric	noun	B2	listening	object-or-context-scene	high	needs_teacher_approved_sense		pending	no
fabulous-f4875f95	fabulous	adjective	B2	listening	contrast-pair	high	needs_teacher_approved_sense		pending	no
facilities-f2115ede	facilities	noun	B1	listening	object-or-context-scene	high	needs_teacher_approved_sense		pending	no
fact-58dbfe3d	fact	noun	A1|B1	reading	object-or-context-scene	high	needs_teacher_approved_sense		pending	no
fairly-e94221b1	fairly	adverb	B1	reading	manner-sequence	high	needs_teacher_approved_sense		pending	no
false-7cb6efb9	false	adjective	A1|B1	reading	contrast-pair	high	needs_teacher_approved_sense		pending	no
fancy-2fe634d7	fancy	adjective|verb	B1	reading	multi-sense-panel	high	needs_teacher_approved_sense		pending	no
fantasy-ec1e111d	fantasy	noun	B2	reading	object-or-context-scene	high	needs_teacher_approved_sense		pending	no
farmer-43cf2e25	farmer	noun	A1|B1	reading	object-or-context-scene	high	needs_teacher_approved_sense		pending	no
farming-c96529e4	farming	noun	A2|B1	reading	object-or-context-scene	high	needs_teacher_approved_sense		pending	no
fascinating-f9c83941	fascinating	adjective	B1|B2	writing	contrast-pair	high	needs_teacher_approved_sense		pending	no
fashionable-1c4820fe	fashionable	adjective	B1	reading	contrast-pair	high	needs_teacher_approved_sense		pending	no
fast-food-36dc465b	fast food	noun	A2|B1	speaking	context-scene	high	needs_teacher_approved_sense		pending	no
fasten-8d787ecf	fasten	verb	B1	reading	action-scene	high	needs_teacher_approved_sense		pending	no
fault-586cbf6a	fault	noun	B1|B2	reading	object-or-context-scene	high	needs_teacher_approved_sense		pending	no
favour-0f86dd5c	favour	noun|verb	B1|B2	reading	multi-sense-panel	high	needs_teacher_approved_sense		pending	no
feather-85f15bc5	feather	noun	B2	listening	object-or-context-scene	high	needs_teacher_approved_sense		pending	no
fee-9c15cdad	fee	noun	B1|B2	reading	object-or-context-scene	high	needs_teacher_approved_sense		pending	no
feed-65c3466e	feed	noun|verb	A2|B1|B2	reading	multi-sense-panel	high	needs_teacher_approved_sense		pending	no
feeling-b3b6db05	feeling	noun	A1|B1	reading	object-or-context-scene	high	needs_teacher_approved_sense		pending	no
fellow-04915514	fellow	adjective	B2|C1	writing	contrast-pair	high	needs_teacher_approved_sense		pending	no
female-96a1a08d	female	adjective|noun	A2|B1	reading	multi-sense-panel	high	needs_teacher_approved_sense		pending	no
fence-212e1d38	fence	noun	B1|B2	reading	concept-metaphor	high	needs_teacher_approved_sense		pending	no
ferry-aa4835f7	ferry	noun	B1	listening	object-or-context-scene	high	needs_teacher_approved_sense		pending	no
fever-e2f347fb	fever	noun	B1|B2	reading	object-or-context-scene	high	needs_teacher_approved_sense		pending	no
fibre-e07d0231	fibre	noun	B2|C1	reading	object-or-context-scene	high	needs_teacher_approved_sense		pending	no
fight-517bd000	fight	noun|verb	A2|B1	reading	multi-sense-panel	high	needs_teacher_approved_sense		pending	no
file-971c419d	file	noun|verb	B1|B2	reading	multi-sense-panel	high	needs_teacher_approved_sense		pending	no
fill-in-f8c2fc47	fill in	phrasal verb|verb	A2|B1	speaking	context-scene	high	needs_teacher_approved_sense		pending	no
final-d594c2cc	final	adjective|noun	A1|A2|B1	reading	multi-sense-panel	high	needs_teacher_approved_sense		pending	no
finally-8f4e3e3c	finally	adverb	A2|B1	reading	manner-sequence	high	needs_teacher_approved_sense		pending	no
financial-43d49914	financial	adjective	B1	reading	contrast-pair	high	needs_teacher_approved_sense		pending	no
finger-ec654d9c	finger	noun	A2|B1	reading	object-or-context-scene	high	needs_teacher_approved_sense		pending	no
firefighter-2f1b0289	firefighter	noun	B1|B2	reading	object-or-context-scene	high	needs_teacher_approved_sense		pending	no
firework-4c5f994e	firework	noun	B1|B2	reading	object-or-context-scene	high	needs_teacher_approved_sense		pending	no
fishing-eab0f0d6	fishing	noun	A2|B1	reading	object-or-context-scene	high	needs_teacher_approved_sense		pending	no
fitness-054ea988	fitness	noun	B1	reading	concept-metaphor	high	needs_teacher_approved_sense		pending	no
fix-99f707ef	fix	noun|verb	A2|B1|B2	reading	multi-sense-panel	high	needs_teacher_approved_sense		pending	no
flag-112f3a99	flag	noun	B1	reading	object-or-context-scene	high	needs_teacher_approved_sense		pending	no
float-685e8036	float	verb	B1|B2	reading	action-scene	high	needs_teacher_approved_sense		pending	no
flour-3bcfa747	flour	noun	B1	reading	object-or-context-scene	high	needs_teacher_approved_sense		pending	no
fog-dfebbda7	fog	noun	A2|B1	speaking	object-or-context-scene	high	needs_teacher_approved_sense		pending	no
foggy-bda9d8b6	foggy	adjective	A2|B1	speaking	contrast-pair	high	needs_teacher_approved_sense		pending	no
fold-c5b2b01d	fold	noun|verb	B1|B2	reading	multi-sense-panel	high	needs_teacher_approved_sense		pending	no
following-6cbf68c5	following	adjective|noun|preposition	A2|B1|B2	writing	multi-sense-panel	high	needs_teacher_approved_sense		pending	no
fond-bf068ea9	fond	adjective	B1|B2	writing	contrast-pair	high	needs_teacher_approved_sense		pending	no
fool-33655e63	fool	noun	B1|B2	reading	object-or-context-scene	high	needs_teacher_approved_sense		pending	no
foreigner-322f5426	foreigner	noun	B1|C1	reading	object-or-context-scene	high	needs_teacher_approved_sense		pending	no
forever-e07f8c4a	forever	adverb	B1	reading	manner-sequence	high	needs_teacher_approved_sense		pending	no
forgive-fe2c8eca	forgive	verb	B1|B2	reading	action-scene	high	needs_teacher_approved_sense		pending	no
former-46102433	former	adjective	B1|B2	writing	contrast-pair	high	needs_teacher_approved_sense		pending	no
fortnight-d803e9bd	fortnight	noun	B1	listening	object-or-context-scene	high	needs_teacher_approved_sense		pending	no
fortunately-7ef172de	fortunately	adverb	A2|B1	reading	manner-sequence	high	needs_teacher_approved_sense		pending	no
forward-ace0c5e9	forward	adjective|adverb	A2|B1|B2	writing	multi-sense-panel	high	needs_teacher_approved_sense		pending	no
frame-39d88b57	frame	noun|verb	B1	reading	multi-sense-panel	high	needs_teacher_approved_sense		pending	no
freeze-adcdee7c	freeze	verb	B1	reading	action-scene	high	needs_teacher_approved_sense		pending	no
freezer-3e835a54	freezer	noun	B1|B2	reading	object-or-context-scene	high	needs_teacher_approved_sense		pending	no
frequency-48a8832d	frequency	noun	B2	listening	concept-metaphor	high	needs_teacher_approved_sense		pending	no
frequent-79eb183e	frequent	adjective	B1|B2	writing	contrast-pair	high	needs_teacher_approved_sense		pending	no
frequently-da2f4ce9	frequently	adverb	B1	reading	manner-sequence	high	needs_teacher_approved_sense		pending	no
fried-982d88e0	fried	adjective	A2|B1	speaking	contrast-pair	high	needs_teacher_approved_sense		pending	no
friendship-850b4d7a	friendship	noun	B1	reading	concept-metaphor	high	needs_teacher_approved_sense		pending	no
frightened-817fe623	frightened	adjective	B1	reading	contrast-pair	high	needs_teacher_approved_sense		pending	no
frightening-42a574a5	frightening	adjective	B1	reading	contrast-pair	high	needs_teacher_approved_sense		pending	no
frog-b3e0f62f	frog	noun	A2|B1	reading	object-or-context-scene	high	needs_teacher_approved_sense		pending	no
frozen-c405fd11	frozen	adjective	B1	reading	contrast-pair	high	needs_teacher_approved_sense		pending	no
fuel-43505540	fuel	noun|verb	B1|B2	reading	multi-sense-panel	high	needs_teacher_approved_sense		pending	no
full-52e6d8ab	full	adjective	A1|B1	reading	contrast-pair	high	needs_teacher_approved_sense		pending	no
fully-9ec39888	fully	adverb	B1|B2	writing	manner-sequence	high	needs_teacher_approved_sense		pending	no
function-c218e39e	function	noun|verb	B1|B2|C1	writing	multi-sense-panel	high	needs_teacher_approved_sense		pending	no
furious-de09d110	furious	adjective	B2	writing	contrast-pair	high	needs_teacher_approved_sense		pending	no
further-8aeff27d	further	adjective|adverb	A2|B1	reading	multi-sense-panel	high	needs_teacher_approved_sense		pending	no
future-d848c971	future	adjective|noun	A1|A2|B1	reading	multi-sense-panel	high	needs_teacher_approved_sense		pending	no
gadget-e00b554d	gadget	noun	B2	listening	object-or-context-scene	high	needs_teacher_approved_sense		pending	no
gain-5fe05a50	gain	noun|verb	B1|B2	reading	multi-sense-panel	high	needs_teacher_approved_sense		pending	no
gallery-5b47b903	gallery	noun	A2|B1	reading	object-or-context-scene	high	needs_teacher_approved_sense		pending	no
gap-81bf0145	gap	noun	A2|B1	reading	object-or-context-scene	high	needs_teacher_approved_sense		pending	no
gaze-7d0e828e	gaze	noun|verb	B2|C1	reading	multi-sense-panel	high	needs_teacher_approved_sense		pending	no
gender-b02b5038	gender	noun	B2	listening	object-or-context-scene	high	needs_teacher_approved_sense		pending	no
general-dfe2db74	general	adjective	A2|B1	reading	contrast-pair	high	needs_teacher_approved_sense		pending	no
generally-eafd8d1c	generally	adverb	B1	reading	manner-sequence	high	needs_teacher_approved_sense		pending	no
get-fit-ca05c96b	get fit	verb	A2|B1	speaking	context-scene	high	needs_teacher_approved_sense		pending	no
get-off-0e5b12a3	get off	phrasal verb|verb	A2|B1	speaking	context-scene	high	needs_teacher_approved_sense		pending	no
get-on-b329ae67	get on	phrasal verb|verb	A2|B1	speaking	context-scene	high	needs_teacher_approved_sense		pending	no
get-up-3f2d515e	get up	phrasal verb|verb	A2|B1	speaking	context-scene	high	needs_teacher_approved_sense		pending	no
giant-0d956e86	giant	adjective|noun	B1	reading	multi-sense-panel	high	needs_teacher_approved_sense		pending	no
gift-b7b2fb74	gift	noun	A2|B1	reading	object-or-context-scene	high	needs_teacher_approved_sense		pending	no
girlfriend-74ab78d8	girlfriend	noun	A1|B1	reading	object-or-context-scene	high	needs_teacher_approved_sense		pending	no
give-up-54ceacd5	give up	phrasal verb|verb|verb phrase	B1|B2	speaking	context-scene	high	needs_teacher_approved_sense		pending	no
glasses-ba22ef34	glasses	noun	A2|B1	speaking	object-or-context-scene	high	needs_teacher_approved_sense		pending	no
glimpse-eeb0893f	glimpse	noun|verb	B2|C1	reading	multi-sense-panel	high	needs_teacher_approved_sense		pending	no
glove-070a6b22	glove	noun	B1	reading	object-or-context-scene	high	needs_teacher_approved_sense		pending	no
go-for-125377b8	go for	phrasal verb|verb|verb phrase	B1|B2	speaking	context-scene	high	needs_teacher_approved_sense		pending	no
go-on-4c6dd761	go on	phrasal verb|verb|verb phrase	B1|B2	speaking	context-scene	high	needs_teacher_approved_sense		pending	no
go-out-52f7f7cc	go out	phrasal verb|verb	A2|B1	speaking	context-scene	high	needs_teacher_approved_sense		pending	no
golden-ec30adc7	golden	adjective	B1|B2	writing	contrast-pair	high	needs_teacher_approved_sense		pending	no
goods-3f762071	goods	noun	B1	reading	object-or-context-scene	high	needs_teacher_approved_sense		pending	no
gorgeous-0a6af09f	gorgeous	adjective	B1|B2	writing	contrast-pair	high	needs_teacher_approved_sense		pending	no
grab-d9483b23	grab	verb	B1|B2	reading	action-scene	high	needs_teacher_approved_sense		pending	no
grade-39a6bd43	grade	noun|verb	B1|B2	reading	multi-sense-panel	high	needs_teacher_approved_sense		pending	no
gram-58d67c9d	gram	noun	A2|B1	speaking	object-or-context-scene	high	needs_teacher_approved_sense		pending	no
grandad-2d0c850c	grandad	noun	A2|B1	speaking	object-or-context-scene	high	needs_teacher_approved_sense		pending	no
grandchild-302255c5	grandchild	noun	A2|B1	speaking	object-or-context-scene	high	needs_teacher_approved_sense		pending	no
granddaughter-55e5ff8a	granddaughter	noun	A2|B1	speaking	object-or-context-scene	high	needs_teacher_approved_sense		pending	no
grandma-88ebe8bf	grandma	noun	A2|B1	speaking	object-or-context-scene	high	needs_teacher_approved_sense		pending	no
grandpa-7f136523	grandpa	noun	A2|B1	speaking	object-or-context-scene	high	needs_teacher_approved_sense		pending	no
grandson-112353d1	grandson	noun	A2|B1	speaking	object-or-context-scene	high	needs_teacher_approved_sense		pending	no
grant-7561d7b6	grant	noun|verb	B1|B2	reading	multi-sense-panel	high	needs_teacher_approved_sense		pending	no
grape-bc8a2f8c	grape	noun	A2|B1	speaking	object-or-context-scene	high	needs_teacher_approved_sense		pending	no
grateful-54bb9bd5	grateful	adjective	B1	reading	contrast-pair	high	needs_teacher_approved_sense		pending	no
greet-35ff7178	greet	verb	A2|B1	reading	action-scene	high	needs_teacher_approved_sense		pending	no
grilled-9a7f516a	grilled	adjective	A2|B1	speaking	contrast-pair	high	needs_teacher_approved_sense		pending	no
ground-cd12af96	ground	adjective|noun	A2|B1	reading	multi-sense-panel	high	needs_teacher_approved_sense		pending	no
grow-up-136803b5	grow up	phrasal verb|verb	A2|B1	speaking	context-scene	high	needs_teacher_approved_sense		pending	no
guess-77361fca	guess	noun|verb	A1|B1	reading	multi-sense-panel	high	needs_teacher_approved_sense		pending	no
guest-house-c3199376	guest-house	noun	A2|B1	speaking	object-or-context-scene	high	needs_teacher_approved_sense		pending	no
guidebook-4e675f7f	guidebook	noun	A2|B1	speaking	object-or-context-scene	high	needs_teacher_approved_sense		pending	no
gun-ebebee19	gun	noun	A2|B1	reading	object-or-context-scene	high	needs_teacher_approved_sense		pending	no
gymnastics-b516080b	gymnastics	noun	B1|B2	reading	object-or-context-scene	high	needs_teacher_approved_sense		pending	no
habit-3800515d	habit	noun	A2|B1	reading	object-or-context-scene	high	needs_teacher_approved_sense		pending	no
hairdresser-b380dfeb	hairdresser	noun	A2|B1	speaking	object-or-context-scene	high	needs_teacher_approved_sense		pending	no
hairdryer-011a6d55	hairdryer	noun	A2|B1	speaking	object-or-context-scene	high	needs_teacher_approved_sense		pending	no
hand-held-1cd2a004	hand-held	adjective	B1|C1	writing	contrast-pair	high	needs_teacher_approved_sense		pending	no
handle-a2dd7ec6	handle	noun|verb	B1|B2	reading	multi-sense-panel	high	needs_teacher_approved_sense		pending	no
hang-824ee68a	hang	verb	B1	reading	action-scene	high	needs_teacher_approved_sense		pending	no
hang-out-1b537010	hang out	phrasal verb|verb|verb phrase	B1|B2	speaking	context-scene	high	needs_teacher_approved_sense		pending	no
happily-8ae5c086	happily	adverb	A2|B1	reading	manner-sequence	high	needs_teacher_approved_sense		pending	no
happiness-554d0290	happiness	noun	B1	reading	concept-metaphor	high	needs_teacher_approved_sense		pending	no
harbour-6168b790	harbour	noun	B1|B2	reading	object-or-context-scene	high	needs_teacher_approved_sense		pending	no
hardly-be67ab6f	hardly	adverb	B1	reading	manner-sequence	high	needs_teacher_approved_sense		pending	no
hardware-608cb271	hardware	noun	B1|C1	reading	object-or-context-scene	high	needs_teacher_approved_sense		pending	no
harmony-5343a781	harmony	noun	B2|C1	reading	object-or-context-scene	high	needs_teacher_approved_sense		pending	no
headache-9023bc9b	headache	noun	A2|B1	reading	object-or-context-scene	high	needs_teacher_approved_sense		pending	no
headline-9cd7c186	headline	noun	B1	reading	object-or-context-scene	high	needs_teacher_approved_sense		pending	no
heat-853911dc	heat	noun|verb	A2|B1	reading	multi-sense-panel	high	needs_teacher_approved_sense		pending	no
heel-9ab5da88	heel	noun	B1|B2	reading	object-or-context-scene	high	needs_teacher_approved_sense		pending	no
hello-aaf4c61d	hello	exclamation|noun	A1|B1	reading	object-or-context-scene	high	needs_teacher_approved_sense		pending	no
herb-9e12a3d2	herb	noun	B1|B2	reading	object-or-context-scene	high	needs_teacher_approved_sense		pending	no
hero-0911aed6	hero	noun	A2|B1	reading	object-or-context-scene	high	needs_teacher_approved_sense		pending	no
hidden-99d72c7f	hidden	adjective	B1|B2	writing	contrast-pair	high	needs_teacher_approved_sense		pending	no
hide-93c8c96b	hide	verb	A2|B1	reading	action-scene	high	needs_teacher_approved_sense		pending	no
hip-hop-1ab40b95	hip hop	noun	A2|B1	speaking	context-scene	high	needs_teacher_approved_sense		pending	no
hire-c498ae69	hire	noun|verb	B1|B2	reading	multi-sense-panel	high	needs_teacher_approved_sense		pending	no
historian-8ab500bf	historian	noun	B2	reading	object-or-context-scene	high	needs_teacher_approved_sense		pending	no
hold-43c88f6f	hold	noun|verb	A2|B1|B2	reading	multi-sense-panel	high	needs_teacher_approved_sense		pending	no
hole-0e214870	hole	noun	A2|B1	reading	object-or-context-scene	high	needs_teacher_approved_sense		pending	no
hopeful-05a2a1ad	hopeful	adjective	B1|C1	writing	contrast-pair	high	needs_teacher_approved_sense		pending	no
hopefully-2235dfef	hopefully	adverb	B1|B2	writing	manner-sequence	high	needs_teacher_approved_sense		pending	no
hopeless-0a923107	hopeless	adjective	B1|B2	writing	contrast-pair	high	needs_teacher_approved_sense		pending	no
horrible-b41a364b	horrible	adjective	B1	reading	contrast-pair	high	needs_teacher_approved_sense		pending	no
horror-bf7b06aa	horror	adjective|noun	B1	reading	multi-sense-panel	high	needs_teacher_approved_sense		pending	no
hostel-028cd03a	hostel	noun	B1	listening	object-or-context-scene	high	needs_teacher_approved_sense		pending	no
household-6a7855ea	household	noun	B2	reading	object-or-context-scene	high	needs_teacher_approved_sense		pending	no
however-500f872e	however	adverb	A1|B1	reading	manner-sequence	high	needs_teacher_approved_sense		pending	no
huge-f2104f95	huge	adjective	A2|B1	reading	contrast-pair	high	needs_teacher_approved_sense		pending	no
human-d787f56b	human	adjective|noun	A2|B1	reading	multi-sense-panel	high	needs_teacher_approved_sense		pending	no
humanities-905db83d	humanities	noun	B2	listening	object-or-context-scene	high	needs_teacher_approved_sense		pending	no
humorous-6b3c0441	humorous	adjective	B2	writing	contrast-pair	high	needs_teacher_approved_sense		pending	no
hunger-e2e63b38	hunger	noun	B1|B2	reading	object-or-context-scene	high	needs_teacher_approved_sense		pending	no
hurricane-38382655	hurricane	noun	B1	listening	object-or-context-scene	high	needs_teacher_approved_sense		pending	no
hut-00020d35	hut	noun	B1	listening	object-or-context-scene	high	needs_teacher_approved_sense		pending	no
id-87ea5dfc	ID	noun	B1|B2	reading	object-or-context-scene	high	needs_teacher_approved_sense		pending	no
identification-2b4a5042	identification	noun	B1|C1	writing	concept-metaphor	high	needs_teacher_approved_sense		pending	no
identify-9bf0f8ff	identify	verb	A2|B1	reading	action-scene	high	needs_teacher_approved_sense		pending	no
ignore-8ccbde83	ignore	verb	B1	reading	action-scene	high	needs_teacher_approved_sense		pending	no
illness-8ff90d83	illness	noun	A2|B1	reading	concept-metaphor	high	needs_teacher_approved_sense		pending	no
imagination-bab4f37d	imagination	noun	B1|B2	writing	concept-metaphor	high	needs_teacher_approved_sense		pending	no
imagine-971687e3	imagine	verb	A1|B1	reading	action-scene	high	needs_teacher_approved_sense		pending	no
immigration-2f477683	immigration	noun	B1|B2	writing	concept-metaphor	high	needs_teacher_approved_sense		pending	no
impact-a9a58100	impact	noun|verb	B1|B2	reading	multi-sense-panel	high	needs_teacher_approved_sense		pending	no
importance-f6fa22a7	importance	noun	B1	reading	concept-metaphor	high	needs_teacher_approved_sense		pending	no
impressive-2193563c	impressive	adjective	B1|B2	writing	contrast-pair	high	needs_teacher_approved_sense		pending	no
improvement-a1e31243	improvement	noun	B1	reading	concept-metaphor	high	needs_teacher_approved_sense		pending	no
incentive-9b5ee7d3	incentive	noun	B2|C1	reading	object-or-context-scene	high	needs_teacher_approved_sense		pending	no
inch-02bbb02e	inch	noun	B1|B2	reading	object-or-context-scene	high	needs_teacher_approved_sense		pending	no
incident-83ea8112	incident	noun	B2|C1	reading	object-or-context-scene	high	needs_teacher_approved_sense		pending	no
income-0f613350	income	noun	B2	listening	object-or-context-scene	high	needs_teacher_approved_sense		pending	no
incorrect-6c03ac0e	incorrect	adjective	B1|B2	writing	contrast-pair	high	needs_teacher_approved_sense		pending	no
increase-f9c9758a	increase	noun|verb	A2|B1	reading	multi-sense-panel	high	needs_teacher_approved_sense		pending	no
incredible-0bd08706	incredible	adjective	A2|B1	reading	contrast-pair	high	needs_teacher_approved_sense		pending	no
incredibly-711ee3d3	incredibly	adverb	B1	reading	manner-sequence	high	needs_teacher_approved_sense		pending	no
indeed-a85ed0f0	indeed	adverb	B1	reading	manner-sequence	high	needs_teacher_approved_sense		pending	no
independent-7601834e	independent	adjective	A2|B1	reading	contrast-pair	high	needs_teacher_approved_sense		pending	no
industrial-d09675fc	industrial	adjective	B2	writing	contrast-pair	high	needs_teacher_approved_sense		pending	no
industry-1984337f	industry	noun	A2|B1	reading	object-or-context-scene	high	needs_teacher_approved_sense		pending	no
influence-9764308d	influence	noun|verb	B1	reading	multi-sense-panel	high	needs_teacher_approved_sense		pending	no
inform-c44cec63	inform	verb	B1|B2	reading	action-scene	high	needs_teacher_approved_sense		pending	no
ingredient-611a2ab1	ingredient	noun	B1	reading	object-or-context-scene	high	needs_teacher_approved_sense		pending	no
inhabitant-ee4c1003	inhabitant	noun	B2	reading	object-or-context-scene	high	needs_teacher_approved_sense		pending	no
initial-8ad7d21c	initial	adjective|noun	B1|B2	writing	multi-sense-panel	high	needs_teacher_approved_sense		pending	no
injure-6a7d2ef3	injure	verb	B1	reading	action-scene	high	needs_teacher_approved_sense		pending	no
ink-ec437ab6	ink	noun	B1|B2	reading	object-or-context-scene	high	needs_teacher_approved_sense		pending	no
innovation-a658ee4c	innovation	noun	B2|C1	writing	concept-metaphor	high	needs_teacher_approved_sense		pending	no
insist-7d133180	insist	verb	B1|B2	reading	action-scene	high	needs_teacher_approved_sense		pending	no
inspire-646247ec	inspire	verb	B1|B2	reading	action-scene	high	needs_teacher_approved_sense		pending	no
instance-c3bec6bc	instance	noun	B1|B2	writing	concept-metaphor	high	needs_teacher_approved_sense		pending	no
instead-of-cb82821f	instead of	adverb|preposition|prepositional phrase	A2|B1	speaking	context-scene	high	needs_teacher_approved_sense		pending	no
instructions-31a80866	instructions	noun	A2|B1	speaking	object-or-context-scene	high	needs_teacher_approved_sense		pending	no
instructor-5db3005d	instructor	noun	A2|B1	reading	object-or-context-scene	high	needs_teacher_approved_sense		pending	no
integrate-33d3f70d	integrate	verb	B2|C1	reading	action-scene	high	needs_teacher_approved_sense		pending	no
intelligent-065e43c0	intelligent	adjective	A2|B1	reading	contrast-pair	high	needs_teacher_approved_sense		pending	no
intend-f72c7b77	intend	verb	B1	reading	action-scene	high	needs_teacher_approved_sense		pending	no
interaction-fd60a1db	interaction	noun	B2|C1	writing	concept-metaphor	high	needs_teacher_approved_sense		pending	no
interest-5e8aa8df	interest	noun|verb	A1|B1	reading	multi-sense-panel	high	needs_teacher_approved_sense		pending	no
interrupt-691911bb	interrupt	verb	B1|B2	reading	action-scene	high	needs_teacher_approved_sense		pending	no
interval-84f4675c	interval	noun	B1|B2	reading	object-or-context-scene	high	needs_teacher_approved_sense		pending	no
introduce-a69afe5d	introduce	verb	A1|B1	reading	action-scene	high	needs_teacher_approved_sense		pending	no
introduction-26aca794	introduction	noun	A2|B1	reading	concept-metaphor	high	needs_teacher_approved_sense		pending	no
invade-94161e77	invade	verb	B2	reading	action-scene	high	needs_teacher_approved_sense		pending	no
invasion-d6dc139f	invasion	noun	B2	writing	concept-metaphor	high	needs_teacher_approved_sense		pending	no
invent-1e489c2d	invent	verb	A2|B1	reading	action-scene	high	needs_teacher_approved_sense		pending	no
invention-94ac0576	invention	noun	A2|B1	reading	concept-metaphor	high	needs_teacher_approved_sense		pending	no
investment-ea213780	investment	noun	B2|C1	writing	concept-metaphor	high	needs_teacher_approved_sense		pending	no
invitation-923cba46	invitation	noun	A2|B1	reading	concept-metaphor	high	needs_teacher_approved_sense		pending	no
involve-968d77ca	involve	verb	A2|B1	reading	action-scene	high	needs_teacher_approved_sense		pending	no
iron-b6a8f895	iron	noun|verb	B1	reading	multi-sense-panel	high	needs_teacher_approved_sense		pending	no
issue-00819c0e	issue	noun|verb	B1|B2	reading	multi-sense-panel	high	needs_teacher_approved_sense		pending	no
item-3a7d9767	item	noun	A2|B1	reading	object-or-context-scene	high	needs_teacher_approved_sense		pending	no
jail-1b3cd766	jail	noun|verb	B1|B2	reading	multi-sense-panel	high	needs_teacher_approved_sense		pending	no
jazz-6abc743b	jazz	noun	A2|B1	reading	object-or-context-scene	high	needs_teacher_approved_sense		pending	no
jealous-b12fb7ef	jealous	adjective	B1|B2	writing	contrast-pair	high	needs_teacher_approved_sense		pending	no
jet-2f659ba6	jet	noun	B1|B2	reading	object-or-context-scene	high	needs_teacher_approved_sense		pending	no
jewellery-13b220cd	jewellery	noun	A2|B1	reading	object-or-context-scene	high	needs_teacher_approved_sense		pending	no
joke-355c72d4	joke	noun|verb	A2|B1	reading	multi-sense-panel	high	needs_teacher_approved_sense		pending	no
judge-d1c10fb0	judge	noun|verb	B1	reading	multi-sense-panel	high	needs_teacher_approved_sense		pending	no
judo-95513ec3	judo	noun	B2	listening	object-or-context-scene	high	needs_teacher_approved_sense		pending	no
junior-9009337c	junior	adjective	B2	listening	contrast-pair	high	needs_teacher_approved_sense		pending	no
keen-ec00cfc2	keen	adjective	B1	reading	contrast-pair	high	needs_teacher_approved_sense		pending	no
kick-eac61365	kick	noun|verb	B1	reading	multi-sense-panel	high	needs_teacher_approved_sense		pending	no
kid-3f158d4c	kid	noun	A2|B1	reading	object-or-context-scene	high	needs_teacher_approved_sense		pending	no
kill-c80f5bc1	kill	verb	A2|B1	reading	action-scene	high	needs_teacher_approved_sense		pending	no
kilometre-cc61f887	kilometre	noun	A1|B1	reading	object-or-context-scene	high	needs_teacher_approved_sense		pending	no
kindergarten-fe721fb4	kindergarten	noun	B2	listening	object-or-context-scene	high	needs_teacher_approved_sense		pending	no
kiss-07a2e256	kiss	noun|verb	B1	reading	multi-sense-panel	high	needs_teacher_approved_sense		pending	no
kit-b17eb192	kit	noun	B1|B2	reading	object-or-context-scene	high	needs_teacher_approved_sense		pending	no
kite-34e1c787	kite	noun	A2|B1	speaking	object-or-context-scene	high	needs_teacher_approved_sense		pending	no
knee-d22dda44	knee	noun	A2|B1	reading	object-or-context-scene	high	needs_teacher_approved_sense		pending	no
knock-03c065ba	knock	noun|verb	A2|B1	reading	multi-sense-panel	high	needs_teacher_approved_sense		pending	no
lack-d6658a9d	lack	noun|verb	B1	reading	multi-sense-panel	high	needs_teacher_approved_sense		pending	no
ladder-0c3ddcfc	ladder	noun	B1|B2	reading	object-or-context-scene	high	needs_teacher_approved_sense		pending	no
lady-5c05775c	lady	noun	A2|B1	reading	object-or-context-scene	high	needs_teacher_approved_sense		pending	no
land-3d3b60b2	land	noun|verb	A1|A2|B1	reading	multi-sense-panel	high	needs_teacher_approved_sense		pending	no
landing-b9561877	landing	noun	B2	reading	object-or-context-scene	high	needs_teacher_approved_sense		pending	no
lane-d2c5d61a	lane	noun	B2	listening	object-or-context-scene	high	needs_teacher_approved_sense		pending	no
lately-e39e8b7c	lately	adverb	B1|B2	writing	manner-sequence	high	needs_teacher_approved_sense		pending	no
latest-1481d0a0	latest	adjective|noun	B1|B2	writing	multi-sense-panel	high	needs_teacher_approved_sense		pending	no
lawyer-3a16417e	lawyer	noun	A2|B1	reading	object-or-context-scene	high	needs_teacher_approved_sense		pending	no
lay-b455d385	lay	verb	B1	reading	action-scene	high	needs_teacher_approved_sense		pending	no
leader-b25f5987	leader	noun	A2|B1	reading	object-or-context-scene	high	needs_teacher_approved_sense		pending	no
leadership-911224d5	leadership	noun	B2	listening	concept-metaphor	high	needs_teacher_approved_sense		pending	no
leaf-98798241	leaf	noun	B1	reading	object-or-context-scene	high	needs_teacher_approved_sense		pending	no
leaflet-5f5555f4	leaflet	noun	B2	listening	object-or-context-scene	high	needs_teacher_approved_sense		pending	no
league-2df73064	league	noun	B1|B2	reading	object-or-context-scene	high	needs_teacher_approved_sense		pending	no
lean-8be47d2b	lean	adjective|verb	B2	writing	multi-sense-panel	high	needs_teacher_approved_sense		pending	no
least-b9e3680a	least	adjective|adverb|determiner|pronoun	A2|B1	reading	multi-sense-panel	high	needs_teacher_approved_sense		pending	no
leisure-6188ba09	leisure	noun	B1	reading	object-or-context-scene	high	needs_teacher_approved_sense		pending	no
lemonade-49a33751	lemonade	noun	A2|B1	speaking	object-or-context-scene	high	needs_teacher_approved_sense		pending	no
lend-5e4fc9a5	lend	verb	A2|B1	reading	action-scene	high	needs_teacher_approved_sense		pending	no
lie-54e2fcb9	lie	noun|verb	A1|B1	reading	multi-sense-panel	high	needs_teacher_approved_sense		pending	no
lie-down-e4edb8cc	lie down	phrasal verb|verb	A2|B1	speaking	context-scene	high	needs_teacher_approved_sense		pending	no
likely-3dd3164f	likely	adjective	A2|B1	reading	contrast-pair	high	needs_teacher_approved_sense		pending	no
limit-e4d68c5a	limit	noun|verb	B1	reading	multi-sense-panel	high	needs_teacher_approved_sense		pending	no
limited-1eb7d5c2	limited	adjective	B1|B2	writing	contrast-pair	high	needs_teacher_approved_sense		pending	no
link-4f0aa52d	link	noun|verb	A2|B1	reading	multi-sense-panel	high	needs_teacher_approved_sense		pending	no
lip-7d72878c	lip	noun	B1	reading	object-or-context-scene	high	needs_teacher_approved_sense		pending	no
liquid-91d9c4ec	liquid	adjective|noun	B1	reading	multi-sense-panel	high	needs_teacher_approved_sense		pending	no
list-38b62be4	list	noun|verb	A1|B1	reading	multi-sense-panel	high	needs_teacher_approved_sense		pending	no
literary-489998b2	literary	adjective	B2	listening	contrast-pair	high	needs_teacher_approved_sense		pending	no
litter-5f04582c	litter	noun	B1|B2	reading	object-or-context-scene	high	needs_teacher_approved_sense		pending	no
living-room-122604de	living room	noun	A2|B1	speaking	context-scene	high	needs_teacher_approved_sense		pending	no
load-5dbc716c	load	noun|verb	B1|B2	reading	multi-sense-panel	high	needs_teacher_approved_sense		pending	no
loan-5826e374	loan	noun	B1|B2	reading	object-or-context-scene	high	needs_teacher_approved_sense		pending	no
locate-d108e833	locate	verb	B1	reading	action-scene	high	needs_teacher_approved_sense		pending	no
lock-e1177974	lock	noun|verb	A2|B1	reading	multi-sense-panel	high	needs_teacher_approved_sense		pending	no
logo-5807dd60	logo	noun	B1|B2	reading	object-or-context-scene	high	needs_teacher_approved_sense		pending	no
lonely-2689a5aa	lonely	adjective	B1	reading	contrast-pair	high	needs_teacher_approved_sense		pending	no
look-after-6d490228	look after	phrasal verb|verb	A2|B1	speaking	context-scene	high	needs_teacher_approved_sense		pending	no
look-at-adbee7e1	look at	phrasal verb|verb	A2|B1	speaking	context-scene	high	needs_teacher_approved_sense		pending	no
look-for-683aa586	look for	phrasal verb|verb	A2|B1	speaking	context-scene	high	needs_teacher_approved_sense		pending	no
look-out-eedba782	look out	phrasal verb|verb	A2|B1	speaking	context-scene	high	needs_teacher_approved_sense		pending	no
loose-67805069	loose	adjective	B1|B2	writing	contrast-pair	high	needs_teacher_approved_sense		pending	no
lost-2010281d	lost	adjective	A2|B1	reading	contrast-pair	high	needs_teacher_approved_sense		pending	no
lottery-46b1499f	lottery	noun	B1|B2	reading	object-or-context-scene	high	needs_teacher_approved_sense		pending	no
loudly-afdced5d	loudly	adverb	A2|B1	reading	manner-sequence	high	needs_teacher_approved_sense		pending	no
loyalty-88ef7145	loyalty	noun	B2|C1	reading	object-or-context-scene	high	needs_teacher_approved_sense		pending	no
luggage-a750c613	luggage	noun	A2|B1	speaking	object-or-context-scene	high	needs_teacher_approved_sense		pending	no
luxurious-9341b1cf	luxurious	adjective	B2	listening	contrast-pair	high	needs_teacher_approved_sense		pending	no
luxury-95566835	luxury	noun	B1	reading	object-or-context-scene	high	needs_teacher_approved_sense		pending	no
mad-1b3cccda	mad	adjective	B1	reading	contrast-pair	high	needs_teacher_approved_sense		pending	no
magic-b40981aa	magic	adjective|noun	B1	reading	multi-sense-panel	high	needs_teacher_approved_sense		pending	no
magnificent-cd706919	magnificent	adjective	B1|B2	writing	contrast-pair	high	needs_teacher_approved_sense		pending	no
mail-1d6e1cf7	mail	noun|verb	A2|B1	reading	multi-sense-panel	high	needs_teacher_approved_sense		pending	no
main-b28b7af6	main	adjective	A1|B1	reading	contrast-pair	high	needs_teacher_approved_sense		pending	no
mainly-6cac58e6	mainly	adverb	B1	reading	manner-sequence	high	needs_teacher_approved_sense		pending	no
make-up-a65504d2	make up	noun|phrasal verb|verb	A2|B2	speaking	multi-sense-panel	high	needs_teacher_approved_sense		pending	no
make-up-9fca05d0	make-up	noun	B1|B2	reading	object-or-context-scene	high	needs_teacher_approved_sense		pending	no
male-030ef4a5	male	adjective|noun	A2|B1	reading	multi-sense-panel	high	needs_teacher_approved_sense		pending	no
mall-4b044406	mall	noun	B1	reading	object-or-context-scene	high	needs_teacher_approved_sense		pending	no
manage-3f282fcb	manage	verb	A2|B1	reading	action-scene	high	needs_teacher_approved_sense		pending	no
management-982d46d2	management	noun	B1	listening	concept-metaphor	high	needs_teacher_approved_sense		pending	no
manufacture-e6c5b8f1	manufacture	verb	B2	listening	action-scene	high	needs_teacher_approved_sense		pending	no
marathon-f7e04610	marathon	noun	B2	reading	object-or-context-scene	high	needs_teacher_approved_sense		pending	no
marriage-cb90f373	marriage	noun	B1	reading	object-or-context-scene	high	needs_teacher_approved_sense		pending	no
marry-1155e8b0	marry	verb	A2|B1	reading	action-scene	high	needs_teacher_approved_sense		pending	no
mass-96dcf3a3	mass	adjective|noun	B2	listening	multi-sense-panel	high	needs_teacher_approved_sense		pending	no
mate-e1a465e4	mate	noun|verb	B1|B2	reading	multi-sense-panel	high	needs_teacher_approved_sense		pending	no
maximum-e77a3159	maximum	adjective|noun	B1|B2	writing	multi-sense-panel	high	needs_teacher_approved_sense		pending	no
may-f458ef05	may	modal verb|verb	A2|B1	reading	action-scene	high	needs_teacher_approved_sense		pending	yes
meaning-2a9079f5	meaning	noun	A1|B1	reading	object-or-context-scene	high	needs_teacher_approved_sense		pending	no
meanwhile-6c246f4b	meanwhile	adverb	B1	reading	manner-sequence	high	needs_teacher_approved_sense		pending	no
measure-0e43727e	measure	noun|verb	B1	reading	multi-sense-panel	high	needs_teacher_approved_sense		pending	no
medieval-30212f05	medieval	adjective	B2|C1	writing	contrast-pair	high	needs_teacher_approved_sense		pending	no
medium-20af4186	medium	adjective|noun	B1|B2	writing	multi-sense-panel	high	needs_teacher_approved_sense		pending	no
melt-c6a0f6ff	melt	verb	B2	reading	action-scene	high	needs_teacher_approved_sense		pending	no
membership-99ef7e9b	membership	noun	B1|B2	writing	concept-metaphor	high	needs_teacher_approved_sense		pending	no
memory-81c5d49b	memory	noun	A2|B1	reading	object-or-context-scene	high	needs_teacher_approved_sense		pending	no
mention-7ee02fc6	mention	noun|verb	A2|B1	reading	multi-sense-panel	high	needs_teacher_approved_sense		pending	no
mess-ad367612	mess	noun	B1	reading	object-or-context-scene	high	needs_teacher_approved_sense		pending	no
messy-fd278a35	messy	adjective	B1|B2	writing	contrast-pair	high	needs_teacher_approved_sense		pending	no
method-bfbaf8b2	method	noun	A2|B1	reading	object-or-context-scene	high	needs_teacher_approved_sense		pending	no
midday-8dc90b4f	midday	noun	B1	listening	object-or-context-scene	high	needs_teacher_approved_sense		pending	no
might-13f29965	might	modal verb|verb	A2|B1	reading	action-scene	high	needs_teacher_approved_sense		pending	no
mineral-water-1b4a435c	mineral water	noun	A2|B1	speaking	context-scene	high	needs_teacher_approved_sense		pending	no
minimum-bd164fda	minimum	adjective|noun	B1|B2	writing	multi-sense-panel	high	needs_teacher_approved_sense		pending	no
misery-f40b6f1d	misery	noun	B2|C1	reading	object-or-context-scene	high	needs_teacher_approved_sense		pending	no
missing-5a013c49	missing	adjective	A2|B1	reading	contrast-pair	high	needs_teacher_approved_sense		pending	no
mix-38743fbb	mix	noun|verb	B1	reading	multi-sense-panel	high	needs_teacher_approved_sense		pending	no
model-1d06a0d7	model	noun|verb	A1|B1|B2	reading	multi-sense-panel	high	needs_teacher_approved_sense		pending	no
modest-0a1784bf	modest	adjective	B2	writing	contrast-pair	high	needs_teacher_approved_sense		pending	no
monster-0e818bfa	monster	noun	B1|B2	reading	object-or-context-scene	high	needs_teacher_approved_sense		pending	no
monument-e10fc4ad	monument	noun	B1|B2	writing	concept-metaphor	high	needs_teacher_approved_sense		pending	no
mood-89b9fb53	mood	noun	B1	reading	object-or-context-scene	high	needs_teacher_approved_sense		pending	no
mortgage-53a64aee	mortgage	noun	B2	listening	object-or-context-scene	high	needs_teacher_approved_sense		pending	no
mosque-33bdc5de	mosque	noun	B2	reading	object-or-context-scene	high	needs_teacher_approved_sense		pending	no
mostly-fda522f1	mostly	adverb	A2|B1	reading	manner-sequence	high	needs_teacher_approved_sense		pending	no
motorbike-1ee60938	motorbike	noun	A2|B1	speaking	object-or-context-scene	high	needs_teacher_approved_sense		pending	no
motorcycle-438bc3e3	motorcycle	noun	A2|B1	reading	object-or-context-scene	high	needs_teacher_approved_sense		pending	no
motorway-453315ec	motorway	noun	A2|B1	speaking	object-or-context-scene	high	needs_teacher_approved_sense		pending	no
movie-94b19a10	movie	noun	A1|B1	reading	object-or-context-scene	high	needs_teacher_approved_sense		pending	no
moving-3ea68c99	moving	adjective	B2	writing	contrast-pair	high	needs_teacher_approved_sense		pending	no
mr-8e7be411	Mr	noun	A2|B1	speaking	object-or-context-scene	high	needs_teacher_approved_sense		pending	no
mrs-a9937de3	Mrs	noun	A2|B1	speaking	object-or-context-scene	high	needs_teacher_approved_sense		pending	no
ms-26cc3217	Ms	noun	A2|B1	speaking	object-or-context-scene	high	needs_teacher_approved_sense		pending	no
mud-589539e9	mud	noun	B1|B2	reading	object-or-context-scene	high	needs_teacher_approved_sense		pending	no
multiply-07fcd2c2	multiply	verb	B1|B2	reading	action-scene	high	needs_teacher_approved_sense		pending	no
murder-dfb04e6f	murder	noun|verb	B1|B2	reading	multi-sense-panel	high	needs_teacher_approved_sense		pending	no
mushroom-917eaf5e	mushroom	noun	B1	listening	object-or-context-scene	high	needs_teacher_approved_sense		pending	no
mystery-4dc232a0	mystery	noun	B1	reading	object-or-context-scene	high	needs_teacher_approved_sense		pending	no
narrative-4c501dfa	narrative	adjective|noun	B1	listening	multi-sense-panel	high	needs_teacher_approved_sense		pending	no
narrow-e1b335fb	narrow	adjective|verb	A2|B1|B2	writing	multi-sense-panel	high	needs_teacher_approved_sense		pending	no
nasty-f7a917bd	nasty	adjective	B1|B2	writing	contrast-pair	high	needs_teacher_approved_sense		pending	no
nationality-5f2321ee	nationality	noun	A2|B1	speaking	concept-metaphor	high	needs_teacher_approved_sense		pending	no
natural-11e60b0e	natural	adjective	A1|B1	reading	contrast-pair	high	needs_teacher_approved_sense		pending	no
nearby-88090209	nearby	adjective|adverb	B1|B2	writing	multi-sense-panel	high	needs_teacher_approved_sense		pending	no
neat-4a95dcc4	neat	adjective	B1|B2	writing	contrast-pair	high	needs_teacher_approved_sense		pending	no
negative-cb47297f	negative	adjective|noun	A1|B1|B2	writing	multi-sense-panel	high	needs_teacher_approved_sense		pending	no
neighbourhood-6b719d2b	neighbourhood	noun	B1	reading	concept-metaphor	high	needs_teacher_approved_sense		pending	no
neither-f1078caa	neither	adverb|determiner|pronoun	A2|B1	reading	manner-sequence	high	needs_teacher_approved_sense		pending	no
nephew-51530c6f	nephew	noun	B1|B2	reading	object-or-context-scene	high	needs_teacher_approved_sense		pending	no
nervous-e159bc52	nervous	adjective	A2|B1	reading	contrast-pair	high	needs_teacher_approved_sense		pending	no
nest-10eff628	nest	noun	B1|C1	reading	object-or-context-scene	high	needs_teacher_approved_sense		pending	no
network-c112e881	network	noun	A2|B1	reading	object-or-context-scene	high	needs_teacher_approved_sense		pending	no
nightlife-d50af91d	nightlife	noun	B1|B2	reading	object-or-context-scene	high	needs_teacher_approved_sense		pending	no
nightmare-0ffa9326	nightmare	noun	B1|B2	reading	object-or-context-scene	high	needs_teacher_approved_sense		pending	no
noise-9424ac79	noise	noun	A2|B1	reading	object-or-context-scene	high	needs_teacher_approved_sense		pending	no
normally-dac594fd	normally	adverb	A2|B1	reading	manner-sequence	high	needs_teacher_approved_sense		pending	no
northern-42c65f1a	northern	adjective	B1	reading	contrast-pair	high	needs_teacher_approved_sense		pending	no
notebook-5280933c	notebook	noun	B1|B2	reading	object-or-context-scene	high	needs_teacher_approved_sense		pending	no
notice-a81b09d9	notice	noun|verb	A2|B1	reading	multi-sense-panel	high	needs_teacher_approved_sense		pending	no
nowadays-db25fc77	nowadays	adverb	B1|B2	writing	manner-sequence	high	needs_teacher_approved_sense		pending	no
object-1615307c	object	noun|verb	A1|B1|B2	reading	multi-sense-panel	high	needs_teacher_approved_sense		pending	no
observe-4f4224f4	observe	verb	B2	reading	action-scene	high	needs_teacher_approved_sense		pending	no
obvious-e3ff2d9f	obvious	adjective	B1	reading	contrast-pair	high	needs_teacher_approved_sense		pending	no
obviously-9fe5e197	obviously	adverb	B1	reading	manner-sequence	high	needs_teacher_approved_sense		pending	no
occasion-84eeb849	occasion	noun	B1	reading	concept-metaphor	high	needs_teacher_approved_sense		pending	no
occasionally-11b0b7df	occasionally	adverb	B1|B2	writing	manner-sequence	high	needs_teacher_approved_sense		pending	no
ocean-721a45b6	ocean	noun	A2|B1	reading	object-or-context-scene	high	needs_teacher_approved_sense		pending	no
offer-98362e3f	offer	noun|verb	A2|B1	reading	multi-sense-panel	high	needs_teacher_approved_sense		pending	no
officer-f90409b9	officer	noun	A2|B1	reading	object-or-context-scene	high	needs_teacher_approved_sense		pending	no
old-fashioned-44cd276f	old-fashioned	adjective	B1	reading	contrast-pair	high	needs_teacher_approved_sense		pending	no
omelette-178a57f0	omelette	noun	A2|B1	speaking	object-or-context-scene	high	needs_teacher_approved_sense		pending	no
operate-ddb3ef2a	operate	verb	B1|B2	reading	action-scene	high	needs_teacher_approved_sense		pending	no
operation-fcb60bc5	operation	noun	B1	reading	concept-metaphor	high	needs_teacher_approved_sense		pending	no
operator-fe96dd39	operator	noun	B1|B2	reading	object-or-context-scene	high	needs_teacher_approved_sense		pending	no
opinion-b0af31bd	opinion	noun	A1|B1	reading	object-or-context-scene	high	needs_teacher_approved_sense		pending	no
optimistic-f1913a74	optimistic	adjective	B2	listening	contrast-pair	high	needs_teacher_approved_sense		pending	no
option-14eb14ec	option	noun	A2|B1	reading	concept-metaphor	high	needs_teacher_approved_sense		pending	no
ordinary-eb9e4a90	ordinary	adjective	A2|B1	reading	contrast-pair	high	needs_teacher_approved_sense		pending	no
organic-2ee79daa	organic	adjective	B2	writing	contrast-pair	high	needs_teacher_approved_sense		pending	no
otherwise-80427506	otherwise	adverb	B1|B2	writing	manner-sequence	high	needs_teacher_approved_sense		pending	no
ought-9f7a912e	ought	modal verb|verb	B1	reading	action-scene	high	needs_teacher_approved_sense		pending	no
outcome-dfcb43ff	outcome	noun	B2|C1	reading	object-or-context-scene	high	needs_teacher_approved_sense		pending	no
outfit-87817d68	outfit	noun	B2	reading	object-or-context-scene	high	needs_teacher_approved_sense		pending	no
outstanding-b5efd490	outstanding	adjective	B2	writing	contrast-pair	high	needs_teacher_approved_sense		pending	no
overnight-24206350	overnight	adjective|adverb	B1|B2	writing	multi-sense-panel	high	needs_teacher_approved_sense		pending	no
owe-f66d5d14	owe	verb	B1|B2	reading	action-scene	high	needs_teacher_approved_sense		pending	no
owner-579233b2	owner	noun	A2|B1	reading	object-or-context-scene	high	needs_teacher_approved_sense		pending	no
oxygen-a3bada55	oxygen	noun	B2	listening	object-or-context-scene	high	needs_teacher_approved_sense		pending	no
p-m-8b651ab6	p.m.	adverb	A2|B1	speaking	manner-sequence	high	needs_teacher_approved_sense		pending	no
packet-44f19672	packet	noun	B1|B2	reading	object-or-context-scene	high	needs_teacher_approved_sense		pending	no
painful-d14dc06d	painful	adjective	B1	reading	contrast-pair	high	needs_teacher_approved_sense		pending	no
painter-32562db2	painter	noun	A2|B1	reading	object-or-context-scene	high	needs_teacher_approved_sense		pending	no
pale-c1df0ba9	pale	adjective	B1	reading	contrast-pair	high	needs_teacher_approved_sense		pending	no
pan-bd2bd821	pan	noun	B1	reading	object-or-context-scene	high	needs_teacher_approved_sense		pending	no
panel-7040cb72	panel	noun	B2|C1	reading	object-or-context-scene	high	needs_teacher_approved_sense		pending	no
panic-c1ab1b73	panic	noun|verb	B2|C1	reading	multi-sense-panel	high	needs_teacher_approved_sense		pending	no
pants-e65aace9	pants	noun	A2|B1	reading	object-or-context-scene	high	needs_teacher_approved_sense		pending	no
paragraph-f416747c	paragraph	noun	A1|B1	reading	object-or-context-scene	high	needs_teacher_approved_sense		pending	no
parking-3c9e20a0	parking	noun	A2|B1	reading	object-or-context-scene	high	needs_teacher_approved_sense		pending	no
parliament-7d9ac982	parliament	noun	B2	listening	concept-metaphor	high	needs_teacher_approved_sense		pending	no
parrot-ab9a418f	parrot	noun	A2|B1	speaking	object-or-context-scene	high	needs_teacher_approved_sense		pending	no
particular-8c4a6b36	particular	adjective	A2|B1	reading	contrast-pair	high	needs_teacher_approved_sense		pending	no
particularly-2dc7c1a0	particularly	adverb	B1	reading	manner-sequence	high	needs_teacher_approved_sense		pending	no
partly-446855cd	partly	adverb	B1|B2	writing	manner-sequence	high	needs_teacher_approved_sense		pending	no
passionate-26c3d35a	passionate	adjective	B2	writing	contrast-pair	high	needs_teacher_approved_sense		pending	no
password-5baa61e4	password	noun	B1|B2	reading	object-or-context-scene	high	needs_teacher_approved_sense		pending	no
patient-b1b0b8de	patient	adjective|noun	A2|B1|B2	writing	multi-sense-panel	high	needs_teacher_approved_sense		pending	no
pattern-91cc2e92	pattern	noun	A2|B1	reading	object-or-context-scene	high	needs_teacher_approved_sense		pending	no
pause-ef8d2995	pause	noun|verb	B1|B2	reading	multi-sense-panel	high	needs_teacher_approved_sense		pending	no
peace-d7c50a08	peace	noun	A2|B1	reading	object-or-context-scene	high	needs_teacher_approved_sense		pending	no
peel-9e858e75	peel	verb	B1|B2	reading	action-scene	high	needs_teacher_approved_sense		pending	no
peer-2b974ba4	peer	noun|verb	B2	reading	multi-sense-panel	high	needs_teacher_approved_sense		pending	no
pence-8486abc5	pence	noun	A2|B1	speaking	concept-metaphor	high	needs_teacher_approved_sense		pending	no
pencil-case-5ee7ce92	pencil case	noun	A2|B1	speaking	context-scene	high	needs_teacher_approved_sense		pending	no
penguin-73335c22	penguin	noun	B1	listening	object-or-context-scene	high	needs_teacher_approved_sense		pending	no
pension-5257ab4b	pension	noun	B2	writing	concept-metaphor	high	needs_teacher_approved_sense		pending	no
perception-a001cafb	perception	noun	B2|C1	writing	concept-metaphor	high	needs_teacher_approved_sense		pending	no
perfect-c73c99fd	perfect	adjective	A1|B1	reading	contrast-pair	high	needs_teacher_approved_sense		pending	no
perfectly-85f13df7	perfectly	adverb	B1	reading	manner-sequence	high	needs_teacher_approved_sense		pending	no
perform-f6a0d6c9	perform	verb	A2|B1	reading	action-scene	high	needs_teacher_approved_sense		pending	no
period-54235b8b	period	noun	A1|B1	reading	object-or-context-scene	high	needs_teacher_approved_sense		pending	no
permission-6d244f58	permission	noun	A2|B1	reading	concept-metaphor	high	needs_teacher_approved_sense		pending	no
permit-cf0f3f41	permit	noun|verb	B1|B2	reading	multi-sense-panel	high	needs_teacher_approved_sense		pending	no
personal-db69db5f	personal	adjective	A1|B1	reading	contrast-pair	high	needs_teacher_approved_sense		pending	no
personally-396be4c7	personally	adverb	B1	reading	manner-sequence	high	needs_teacher_approved_sense		pending	no
perspective-aa6af31d	perspective	noun	B2|C1	reading	object-or-context-scene	high	needs_teacher_approved_sense		pending	no
petrol-station-f3869d4f	petrol station	noun	A2|B1	speaking	context-scene	high	needs_teacher_approved_sense		pending	no
pharmacy-adfa59cc	pharmacy	noun	A2|B1	speaking	concept-metaphor	high	needs_teacher_approved_sense		pending	no
philosophy-00b32f65	philosophy	noun	B2	listening	object-or-context-scene	high	needs_teacher_approved_sense		pending	no
photograph-5df588cd	photograph	noun|verb	A1|A2|B1	reading	multi-sense-panel	high	needs_teacher_approved_sense		pending	no
photographer-9ce9b6ec	photographer	noun	B1	reading	object-or-context-scene	high	needs_teacher_approved_sense		pending	no
phrase-5896b2d6	phrase	noun	A1|B1	reading	object-or-context-scene	high	needs_teacher_approved_sense		pending	no
pick-4c2e8554	pick	noun|verb	A2|B1|B2	reading	multi-sense-panel	high	needs_teacher_approved_sense		pending	no
pig-2cd4ba93	pig	noun	A1|B1	reading	object-or-context-scene	high	needs_teacher_approved_sense		pending	no
pile-eb212bb2	pile	noun|verb	B1|B2	reading	multi-sense-panel	high	needs_teacher_approved_sense		pending	no
pill-93720caa	pill	noun	B1|B2	reading	object-or-context-scene	high	needs_teacher_approved_sense		pending	no
pillow-81cebb9e	pillow	noun	A2|B1	speaking	object-or-context-scene	high	needs_teacher_approved_sense		pending	no
pin-d145a2a9	pin	noun|verb	B1	reading	multi-sense-panel	high	needs_teacher_approved_sense		pending	no
pirate-466f24c9	pirate	noun	B1|C1	reading	object-or-context-scene	high	needs_teacher_approved_sense		pending	no
planet-c8fb554a	planet	noun	A2|B1	reading	object-or-context-scene	high	needs_teacher_approved_sense		pending	no
player-889c6853	player	noun	A1|B1	reading	object-or-context-scene	high	needs_teacher_approved_sense		pending	no
playground-d191430e	playground	noun	A2|B1	speaking	object-or-context-scene	high	needs_teacher_approved_sense		pending	no
pleased-b2820646	pleased	adjective	A2|B1	reading	contrast-pair	high	needs_teacher_approved_sense		pending	no
plug-68560150	plug	noun|verb	B1|C1	reading	multi-sense-panel	high	needs_teacher_approved_sense		pending	no
plus-6a8437dd	plus	adjective|conjunction|noun|preposition	B1|B2	writing	multi-sense-panel	high	needs_teacher_approved_sense		pending	no
poem-69d27e80	poem	noun	B1	reading	object-or-context-scene	high	needs_teacher_approved_sense		pending	no
poet-16e6d7b8	poet	noun	B1	reading	object-or-context-scene	high	needs_teacher_approved_sense		pending	no
poetry-0e23246b	poetry	noun	B1	reading	object-or-context-scene	high	needs_teacher_approved_sense		pending	no
police-officer-8f7cde31	police officer	noun	A2|B1	speaking	context-scene	high	needs_teacher_approved_sense		pending	no
police-station-1bc72c3e	police station	noun	A2|B1	speaking	context-scene	high	needs_teacher_approved_sense		pending	no
policeman-172ce8ba	policeman	noun	A1|B1	reading	object-or-context-scene	high	needs_teacher_approved_sense		pending	no
polite-16f57568	polite	adjective	A2|B1	reading	contrast-pair	high	needs_teacher_approved_sense		pending	no
political-0574d7ef	political	adjective	B1	reading	contrast-pair	high	needs_teacher_approved_sense		pending	no
politician-8279ece1	politician	noun	B1	reading	object-or-context-scene	high	needs_teacher_approved_sense		pending	no
port-062d8a9d	port	noun	B1	reading	object-or-context-scene	high	needs_teacher_approved_sense		pending	no
portion-7b813d63	portion	noun	B2	writing	concept-metaphor	high	needs_teacher_approved_sense		pending	no
portrait-25c60488	portrait	noun	B1|B2	reading	object-or-context-scene	high	needs_teacher_approved_sense		pending	no
position-90be1658	position	noun|verb	A2|B1|B2	writing	multi-sense-panel	high	needs_teacher_approved_sense		pending	no
positive-c4c6c572	positive	adjective|noun	A1|B1|B2	writing	multi-sense-panel	high	needs_teacher_approved_sense		pending	no
possibility-f0fa2884	possibility	noun	A2|B1	reading	concept-metaphor	high	needs_teacher_approved_sense		pending	no
possibly-f80adca8	possibly	adverb	B1	reading	manner-sequence	high	needs_teacher_approved_sense		pending	no
post-office-36441bb2	post office	noun	A2|B1	speaking	context-scene	high	needs_teacher_approved_sense		pending	no
postcard-1a5a9cec	postcard	noun	A2|B1	speaking	object-or-context-scene	high	needs_teacher_approved_sense		pending	no
postpone-cdbd03bc	postpone	verb	B1|C1	reading	action-scene	high	needs_teacher_approved_sense		pending	no
pot-cb79bd0c	pot	noun	B1	reading	object-or-context-scene	high	needs_teacher_approved_sense		pending	no
potential-0f196109	potential	adjective|noun	B2|C1	writing	multi-sense-panel	high	needs_teacher_approved_sense		pending	no
poverty-5ac8834c	poverty	noun	B1	listening	object-or-context-scene	high	needs_teacher_approved_sense		pending	no
powder-823fafde	powder	noun	B1	reading	object-or-context-scene	high	needs_teacher_approved_sense		pending	no
power-b573f24e	power	noun|verb	A2|B1|B2	reading	multi-sense-panel	high	needs_teacher_approved_sense		pending	no
powerful-0e1ce4b9	powerful	adjective	B1	reading	contrast-pair	high	needs_teacher_approved_sense		pending	no
pray-77973d44	pray	verb	B1	reading	action-scene	high	needs_teacher_approved_sense		pending	no
prayer-12df55df	prayer	noun	B1	reading	object-or-context-scene	high	needs_teacher_approved_sense		pending	no
predict-5226c875	predict	verb	A2|B1	reading	action-scene	high	needs_teacher_approved_sense		pending	no
predictable-254ed7b8	predictable	adjective	B2	writing	contrast-pair	high	needs_teacher_approved_sense		pending	no
pregnant-cc5d56ab	pregnant	adjective	B1|B2	writing	contrast-pair	high	needs_teacher_approved_sense		pending	no
prehistoric-fc96aa30	prehistoric	adjective	B2|C1	writing	contrast-pair	high	needs_teacher_approved_sense		pending	no
preparation-732cadf5	preparation	noun	B1|B2	writing	concept-metaphor	high	needs_teacher_approved_sense		pending	no
prepare-4197eb0c	prepare	verb	A1|B1	reading	action-scene	high	needs_teacher_approved_sense		pending	no
prepared-61b5e912	prepared	adjective	B1	reading	contrast-pair	high	needs_teacher_approved_sense		pending	no
president-3fd16b27	president	noun	A2|B1	reading	object-or-context-scene	high	needs_teacher_approved_sense		pending	no
press-cd09e18a	press	noun|verb	B1	reading	multi-sense-panel	high	needs_teacher_approved_sense		pending	no
prevent-1b2bf1ce	prevent	verb	A2|B1	reading	action-scene	high	needs_teacher_approved_sense		pending	no
previous-355f28f2	previous	adjective	B1	reading	contrast-pair	high	needs_teacher_approved_sense		pending	no
previously-3523c6c1	previously	adverb	B1	reading	manner-sequence	high	needs_teacher_approved_sense		pending	no
pride-ac1cea31	pride	noun	B2	reading	object-or-context-scene	high	needs_teacher_approved_sense		pending	no
prince-a47b5cc8	prince	noun	B1	reading	object-or-context-scene	high	needs_teacher_approved_sense		pending	no
princess-775bb961	princess	noun	B1	reading	object-or-context-scene	high	needs_teacher_approved_sense		pending	no
prison-6fab4b2b	prison	noun	A2|B1	reading	object-or-context-scene	high	needs_teacher_approved_sense		pending	no
prisoner-3074d3d1	prisoner	noun	B1	reading	object-or-context-scene	high	needs_teacher_approved_sense		pending	no
probably-a843d409	probably	adverb	A1|B1	reading	manner-sequence	high	needs_teacher_approved_sense		pending	no
process-c2e2d662	process	noun|verb	A2|B2	listening	multi-sense-panel	high	needs_teacher_approved_sense		pending	no
produce-432f62c7	produce	noun|verb	A2|B1|B2	reading	multi-sense-panel	high	needs_teacher_approved_sense		pending	no
product-38a00715	product	noun	A1|B1	reading	object-or-context-scene	high	needs_teacher_approved_sense		pending	no
production-90a8834d	production	noun	B1	reading	concept-metaphor	high	needs_teacher_approved_sense		pending	no
professional-18342d1b	professional	adjective|noun	A2|B1|B2	writing	multi-sense-panel	high	needs_teacher_approved_sense		pending	no
program-81d9aeea	program	noun|verb	A2|B1	reading	multi-sense-panel	high	needs_teacher_approved_sense		pending	no
progress-5aaf8905	progress	noun|verb	A2|B1|B2	reading	multi-sense-panel	high	needs_teacher_approved_sense		pending	no
promise-8c2fd844	promise	noun|verb	A2|B1	reading	multi-sense-panel	high	needs_teacher_approved_sense		pending	no
promote-aa87dc4e	promote	verb	B1	reading	action-scene	high	needs_teacher_approved_sense		pending	no
promotion-410c25c9	promotion	noun	B2	writing	concept-metaphor	high	needs_teacher_approved_sense		pending	no
pronounce-080aebbf	pronounce	verb	A2|B1	reading	action-scene	high	needs_teacher_approved_sense		pending	no
proper-862e3cb6	proper	adjective	B1	reading	contrast-pair	high	needs_teacher_approved_sense		pending	no
properly-6348da66	properly	adverb	B1	reading	manner-sequence	high	needs_teacher_approved_sense		pending	no
property-269fe373	property	noun	B1	reading	object-or-context-scene	high	needs_teacher_approved_sense		pending	no
proportion-4374404e	proportion	noun	B2|C1	writing	concept-metaphor	high	needs_teacher_approved_sense		pending	no
prospectus-0096ec34	prospectus	noun	B2|C1	reading	object-or-context-scene	high	needs_teacher_approved_sense		pending	no
protect-145969f1	protect	verb	A2|B1	reading	action-scene	high	needs_teacher_approved_sense		pending	no
prove-82ffc943	prove	verb	B1	reading	action-scene	high	needs_teacher_approved_sense		pending	no
provide-4ab69d1f	provide	verb	A2|B1	reading	action-scene	high	needs_teacher_approved_sense		pending	no
psychologist-487bf0f5	psychologist	noun	B2	listening	object-or-context-scene	high	needs_teacher_approved_sense		pending	no
public-61c9b2b1	public	adjective|noun	A2|B1	reading	multi-sense-panel	high	needs_teacher_approved_sense		pending	no
publication-2ff2febe	publication	noun	B2	listening	concept-metaphor	high	needs_teacher_approved_sense		pending	no
publish-5e2fb0c2	publish	verb	A2|B1	reading	action-scene	high	needs_teacher_approved_sense		pending	no
pump-94c8197e	pump	noun|verb	B1|C1	reading	multi-sense-panel	high	needs_teacher_approved_sense		pending	no
punish-f45ee144	punish	verb	B1	reading	action-scene	high	needs_teacher_approved_sense		pending	no
purchase-d376ca29	purchase	noun|verb	B2	listening	multi-sense-panel	high	needs_teacher_approved_sense		pending	no
pure-afe003f1	pure	adjective	B1|B2	writing	contrast-pair	high	needs_teacher_approved_sense		pending	no
purpose-231e6568	purpose	noun	A2|B1	reading	object-or-context-scene	high	needs_teacher_approved_sense		pending	no
purse-a7e54671	purse	noun	A2|B1	speaking	object-or-context-scene	high	needs_teacher_approved_sense		pending	no
puzzle-ddcb4be4	puzzle	noun	B1|B2	reading	object-or-context-scene	high	needs_teacher_approved_sense		pending	no
qualification-006442b3	qualification	noun	B1	reading	concept-metaphor	high	needs_teacher_approved_sense		pending	no
qualified-9f04d6a7	qualified	adjective	B1	reading	contrast-pair	high	needs_teacher_approved_sense		pending	no
quality-4ff18f00	quality	noun	A2|B1	reading	concept-metaphor	high	needs_teacher_approved_sense		pending	no
quantity-6a4060f4	quantity	noun	A2|B1	reading	concept-metaphor	high	needs_teacher_approved_sense		pending	no
queue-1038345e	queue	noun|verb	B1	reading	multi-sense-panel	high	needs_teacher_approved_sense		pending	no
quickly-0b35c19a	quickly	adverb	A1|B1	reading	manner-sequence	high	needs_teacher_approved_sense		pending	no
quietly-c60db3ad	quietly	adverb	A2|B1	reading	manner-sequence	high	needs_teacher_approved_sense		pending	no
quit-f5911871	quit	verb	B1	reading	action-scene	high	needs_teacher_approved_sense		pending	no
quiz-d501d3ec	quiz	noun	A2|B1	speaking	object-or-context-scene	high	needs_teacher_approved_sense		pending	no
racing-cd1b33e2	racing	noun	B1	reading	object-or-context-scene	high	needs_teacher_approved_sense		pending	no
rail-a241b037	rail	noun	B1|B2	reading	object-or-context-scene	high	needs_teacher_approved_sense		pending	no
raincoat-4318f82e	raincoat	noun	A2|B1	speaking	object-or-context-scene	high	needs_teacher_approved_sense		pending	no
raise-657db1e0	raise	verb	A2|B1	reading	action-scene	high	needs_teacher_approved_sense		pending	no
range-4d55af37	range	noun|verb	B1|B2	reading	multi-sense-panel	high	needs_teacher_approved_sense		pending	no
rap-51c4ccfd	rap	noun	A2|B1	speaking	object-or-context-scene	high	needs_teacher_approved_sense		pending	no
rare-d5e62fc1	rare	adjective	B1	reading	contrast-pair	high	needs_teacher_approved_sense		pending	no
rarely-bc87c943	rarely	adverb	B1	reading	manner-sequence	high	needs_teacher_approved_sense		pending	no
raw-ce15802a	raw	adjective	B1|B2	writing	contrast-pair	high	needs_teacher_approved_sense		pending	no
reach-baff1506	reach	noun|verb	A2|B1|B2	reading	multi-sense-panel	high	needs_teacher_approved_sense		pending	no
react-6b810c90	react	verb	A2|B1	reading	action-scene	high	needs_teacher_approved_sense		pending	no
reaction-a9043ffe	reaction	noun	B1|B2	writing	concept-metaphor	high	needs_teacher_approved_sense		pending	no
reader-24b55fe8	reader	noun	A1|B1	reading	object-or-context-scene	high	needs_teacher_approved_sense		pending	no
reading-227f38db	reading	noun	A1|B1	reading	object-or-context-scene	high	needs_teacher_approved_sense		pending	no
reality-1dd4642c	reality	noun	B1	reading	concept-metaphor	high	needs_teacher_approved_sense		pending	no
reason-7947e92e	reason	noun	A1|B1	reading	object-or-context-scene	high	needs_teacher_approved_sense		pending	no
reasonably-ad55c1b2	reasonably	adverb	B1|B2	writing	manner-sequence	high	needs_teacher_approved_sense		pending	no
rebuild-2dba2861	rebuild	verb	B1|B2	reading	action-scene	high	needs_teacher_approved_sense		pending	no
receipt-14e60ace	receipt	noun	B1	reading	object-or-context-scene	high	needs_teacher_approved_sense		pending	no
receive-f1655af9	receive	verb	A2|B1	reading	action-scene	high	needs_teacher_approved_sense		pending	no
recent-7a7d1b8a	recent	adjective	A2|B1	reading	contrast-pair	high	needs_teacher_approved_sense		pending	no
recipe-e2a2270c	recipe	noun	A2|B1	reading	object-or-context-scene	high	needs_teacher_approved_sense		pending	no
recommend-1fe94581	recommend	verb	A2|B1	reading	action-scene	high	needs_teacher_approved_sense		pending	no
recording-5d7c6eae	recording	noun	A2|B1	reading	object-or-context-scene	high	needs_teacher_approved_sense		pending	no
recover-55bc5de4	recover	verb	B1|B2	reading	action-scene	high	needs_teacher_approved_sense		pending	no
recruitment-fedb98f7	recruitment	noun	B2	listening	concept-metaphor	high	needs_teacher_approved_sense		pending	no
recycle-089f4e36	recycle	verb	A2|B1	reading	action-scene	high	needs_teacher_approved_sense		pending	no
reduce-48c3689f	reduce	verb	A2|B1	reading	action-scene	high	needs_teacher_approved_sense		pending	no
refrigerator-a473593d	refrigerator	noun	B1	listening	object-or-context-scene	high	needs_teacher_approved_sense		pending	no
refund-b51118f5	refund	noun	B1|C1	reading	object-or-context-scene	high	needs_teacher_approved_sense		pending	no
refuse-106f0aba	refuse	verb	A2|B1	reading	action-scene	high	needs_teacher_approved_sense		pending	no
region-a94a5840	region	noun	A2|B1	reading	object-or-context-scene	high	needs_teacher_approved_sense		pending	no
registration-5b0df6a8	registration	noun	B1|B2	writing	concept-metaphor	high	needs_teacher_approved_sense		pending	no
regret-66450d95	regret	noun|verb	B1|B2	reading	multi-sense-panel	high	needs_teacher_approved_sense		pending	no
regular-5f51efbe	regular	adjective	A2|B1	reading	contrast-pair	high	needs_teacher_approved_sense		pending	no
regularly-8cd0f11a	regularly	adverb	B1	reading	manner-sequence	high	needs_teacher_approved_sense		pending	no
relation-2d5badbd	relation	noun	B1	reading	concept-metaphor	high	needs_teacher_approved_sense		pending	no
relationship-6a73a912	relationship	noun	A2|B1	reading	concept-metaphor	high	needs_teacher_approved_sense		pending	no
relax-63bb094c	relax	verb	A1|B1	reading	action-scene	high	needs_teacher_approved_sense		pending	no
religion-c2368a33	religion	noun	B1	reading	object-or-context-scene	high	needs_teacher_approved_sense		pending	no
remain-7649a446	remain	verb	B1	reading	action-scene	high	needs_teacher_approved_sense		pending	no
remarkable-3079ecd8	remarkable	adjective	B2|C1	writing	contrast-pair	high	needs_teacher_approved_sense		pending	no
remind-aa6f9372	remind	verb	B1	reading	action-scene	high	needs_teacher_approved_sense		pending	no
remove-db998458	remove	verb	A2|B1	reading	action-scene	high	needs_teacher_approved_sense		pending	no
repeat-c0ac4842	repeat	noun|verb	A1|B1	reading	multi-sense-panel	high	needs_teacher_approved_sense		pending	no
replace-3cacc7bf	replace	verb	A2|B1	reading	action-scene	high	needs_teacher_approved_sense		pending	no
reply-a5dfd1e2	reply	noun|verb	A2|B1	reading	multi-sense-panel	high	needs_teacher_approved_sense		pending	no
report-a27297bd	report	noun|verb	A1|A2|B1	reading	multi-sense-panel	high	needs_teacher_approved_sense		pending	no
reporter-40a630e1	reporter	noun	A2|B1	reading	object-or-context-scene	high	needs_teacher_approved_sense		pending	no
request-088e29b0	request	noun|verb	A2|B1	reading	multi-sense-panel	high	needs_teacher_approved_sense		pending	no
require-623e76c3	require	verb	B1	reading	action-scene	high	needs_teacher_approved_sense		pending	no
rescue-252c6c77	rescue	noun|verb	B1|B2	reading	multi-sense-panel	high	needs_teacher_approved_sense		pending	no
reserve-5bac43c0	reserve	noun|verb	B1|B2	reading	multi-sense-panel	high	needs_teacher_approved_sense		pending	no
resident-891cde22	resident	adjective|noun	B2	writing	multi-sense-panel	high	needs_teacher_approved_sense		pending	no
residential-ae373ebf	residential	adjective	B2|C1	writing	contrast-pair	high	needs_teacher_approved_sense		pending	no
resort-0cc45987	resort	noun	B1|B2	reading	object-or-context-scene	high	needs_teacher_approved_sense		pending	no
resource-7a104738	resource	noun	B1|B2	reading	object-or-context-scene	high	needs_teacher_approved_sense		pending	no
respect-14012cd1	respect	noun|verb	B1	reading	multi-sense-panel	high	needs_teacher_approved_sense		pending	no
responsible-37926bac	responsible	adjective	B1	reading	contrast-pair	high	needs_teacher_approved_sense		pending	no
result-37a5301a	result	noun|verb	A1|B1	reading	multi-sense-panel	high	needs_teacher_approved_sense		pending	no
retirement-c326dd76	retirement	noun	B1|B2	writing	concept-metaphor	high	needs_teacher_approved_sense		pending	no
revision-eae79d6e	revision	noun	B1|B2	writing	concept-metaphor	high	needs_teacher_approved_sense		pending	no
revolution-75d62521	revolution	noun	B2	listening	concept-metaphor	high	needs_teacher_approved_sense		pending	no
reward-a4402e79	reward	noun|verb	B1|B2	reading	multi-sense-panel	high	needs_teacher_approved_sense		pending	no
rhythm-da06f0d7	rhythm	noun	B2	reading	object-or-context-scene	high	needs_teacher_approved_sense		pending	no
ring-5c7d283d	ring	noun|verb	A2|B1	reading	multi-sense-panel	high	needs_teacher_approved_sense		pending	no
rise-e5edb94e	rise	noun|verb	A2|B1	reading	multi-sense-panel	high	needs_teacher_approved_sense		pending	no
rival-9ba5eef5	rival	adjective|noun	B2	writing	multi-sense-panel	high	needs_teacher_approved_sense		pending	no
roast-08eb6cc8	roast	adjective|verb	A2|B1	speaking	multi-sense-panel	high	needs_teacher_approved_sense		pending	no
robbery-cf923fd1	robbery	noun	B2	reading	object-or-context-scene	high	needs_teacher_approved_sense		pending	no
rocket-ef89a3a8	rocket	noun	B1|B2	reading	object-or-context-scene	high	needs_teacher_approved_sense		pending	no
role-8dca4642	role	noun	A2|B1	reading	object-or-context-scene	high	needs_teacher_approved_sense		pending	no
roll-7f7889ba	roll	noun|verb	B1	reading	multi-sense-panel	high	needs_teacher_approved_sense		pending	no
romantic-346f5986	romantic	adjective	B1	reading	contrast-pair	high	needs_teacher_approved_sense		pending	no
root-dc76e9f0	root	noun	B2	reading	object-or-context-scene	high	needs_teacher_approved_sense		pending	no
roots-e2b4a430	roots	noun	B2	listening	object-or-context-scene	high	needs_teacher_approved_sense		pending	no
rope-03976920	rope	noun	B1	reading	object-or-context-scene	high	needs_teacher_approved_sense		pending	no
rose-7b7074fc	rose	noun	B1|B2	reading	object-or-context-scene	high	needs_teacher_approved_sense		pending	no
rough-6bb57c7e	rough	adjective	B1	reading	contrast-pair	high	needs_teacher_approved_sense		pending	no
roundabout-6b705719	roundabout	noun	A2|B1	speaking	object-or-context-scene	high	needs_teacher_approved_sense		pending	no
route-fc166eb8	route	noun	A2|B1	reading	object-or-context-scene	high	needs_teacher_approved_sense		pending	no
routine-012da8a9	routine	adjective|noun	A1|B1|B2	writing	multi-sense-panel	high	needs_teacher_approved_sense		pending	no
row-e8cdc05b	row	noun	B1	reading	object-or-context-scene	high	needs_teacher_approved_sense		pending	no
rubbish-62133029	rubbish	noun	A2|B1	reading	object-or-context-scene	high	needs_teacher_approved_sense		pending	no
ruin-e1559d67	ruin	noun|verb	B1|B2	reading	multi-sense-panel	high	needs_teacher_approved_sense		pending	no
rule-0f400122	rule	noun|verb	A1|B1	reading	multi-sense-panel	high	needs_teacher_approved_sense		pending	no
runner-63a5fd3b	runner	noun	A2|B1	reading	object-or-context-scene	high	needs_teacher_approved_sense		pending	no
running-3c49d9cc	running	noun	A2|B1	reading	object-or-context-scene	high	needs_teacher_approved_sense		pending	no
rural-9ba97332	rural	adjective	B2	writing	contrast-pair	high	needs_teacher_approved_sense		pending	no
sailor-994a4f19	sailor	noun	B1	reading	object-or-context-scene	high	needs_teacher_approved_sense		pending	no
sand-42625bfe	sand	noun	B1	reading	object-or-context-scene	high	needs_teacher_approved_sense		pending	no
sandal-5e8aa201	sandal	noun	B1|B2	reading	object-or-context-scene	high	needs_teacher_approved_sense		pending	no
satellite-36293200	satellite	noun	B2	listening	object-or-context-scene	high	needs_teacher_approved_sense		pending	no
satisfactory-c4800c64	satisfactory	adjective	B1	listening	contrast-pair	high	needs_teacher_approved_sense		pending	no
sauce-80e6e79c	sauce	noun	A2|B1	reading	object-or-context-scene	high	needs_teacher_approved_sense		pending	no
scale-60020d1b	scale	noun	B2|C1	reading	object-or-context-scene	high	needs_teacher_approved_sense		pending	no
scary-10e0b28d	scary	adjective	A2|B1	reading	contrast-pair	high	needs_teacher_approved_sense		pending	no
scene-ea5e0445	scene	noun	A2|B1	reading	object-or-context-scene	high	needs_teacher_approved_sense		pending	no
schedule-11e9ba26	schedule	noun|verb	A2|B2	listening	multi-sense-panel	high	needs_teacher_approved_sense		pending	no
scientific-731f1ade	scientific	adjective	B1	reading	contrast-pair	high	needs_teacher_approved_sense		pending	no
scooter-26f3cd23	scooter	noun	A2|B1	speaking	object-or-context-scene	high	needs_teacher_approved_sense		pending	no
scream-0e122218	scream	noun|verb	B1|B2	reading	multi-sense-panel	high	needs_teacher_approved_sense		pending	no
script-cb5346a0	script	noun	B1|B2	reading	object-or-context-scene	high	needs_teacher_approved_sense		pending	no
search-3559d7ac	search	noun|verb	A2|B1	reading	multi-sense-panel	high	needs_teacher_approved_sense		pending	no
season-76f5e403	season	noun	A2|B1	reading	object-or-context-scene	high	needs_teacher_approved_sense		pending	no
seat-belt-5646c290	seat belt	noun	B1|B2	speaking	context-scene	high	needs_teacher_approved_sense		pending	no
secret-e5e9fa1b	secret	adjective|noun	A2|B1	reading	multi-sense-panel	high	needs_teacher_approved_sense		pending	no
section-20182fbc	section	noun	A1|B1	reading	concept-metaphor	high	needs_teacher_approved_sense		pending	no
security-8eec7bc4	security	noun	B1	reading	concept-metaphor	high	needs_teacher_approved_sense		pending	no
seed-92713d47	seed	noun	B1	listening	object-or-context-scene	high	needs_teacher_approved_sense		pending	no
seem-72f15b25	seem	verb	A2|B1	reading	action-scene	high	needs_teacher_approved_sense		pending	no
select-81448fe2	select	verb	B1|B2	reading	action-scene	high	needs_teacher_approved_sense		pending	no
selfish-f3854546	selfish	adjective	B1|B2	writing	contrast-pair	high	needs_teacher_approved_sense		pending	no
seminar-649ccf04	seminar	noun	B2	reading	object-or-context-scene	high	needs_teacher_approved_sense		pending	no
senior-2c0b43fe	senior	adjective	B2	listening	contrast-pair	high	needs_teacher_approved_sense		pending	no
sense-e9a38c05	sense	noun|verb	A2|B1|B2	reading	multi-sense-panel	high	needs_teacher_approved_sense		pending	no
separate-afddd76f	separate	adjective|verb	A2|B1	reading	multi-sense-panel	high	needs_teacher_approved_sense		pending	no
serious-2b334818	serious	adjective	A2|B1	reading	contrast-pair	high	needs_teacher_approved_sense		pending	no
seriously-4cd8c6ee	seriously	adverb	B1	reading	manner-sequence	high	needs_teacher_approved_sense		pending	no
serve-b88fb872	serve	verb	A2|B1	reading	action-scene	high	needs_teacher_approved_sense		pending	no
service-4cf5bc59	service	noun	A2|B1	reading	object-or-context-scene	high	needs_teacher_approved_sense		pending	no
session-fcbdc4c2	session	noun	B1|B2	writing	concept-metaphor	high	needs_teacher_approved_sense		pending	no
set-65c10dc3	set	noun|verb	B1	reading	multi-sense-panel	high	needs_teacher_approved_sense		pending	no
sex-68bb04bd	sex	noun	B1	reading	object-or-context-scene	high	needs_teacher_approved_sense		pending	no
shadow-ed9d3d83	shadow	noun	B1|B2	reading	object-or-context-scene	high	needs_teacher_approved_sense		pending	no
shake-fe2446e9	shake	noun|verb	A2|B1	reading	multi-sense-panel	high	needs_teacher_approved_sense		pending	no
shallow-05019ac2	shallow	adjective	B2	writing	contrast-pair	high	needs_teacher_approved_sense		pending	no
shame-d4ef5822	shame	noun	B1|B2	reading	object-or-context-scene	high	needs_teacher_approved_sense		pending	no
shampoo-3906b343	shampoo	noun|verb	A2|B1	speaking	multi-sense-panel	high	needs_teacher_approved_sense		pending	no
shape-5080fd62	shape	noun|verb	A2|B1|B2	reading	multi-sense-panel	high	needs_teacher_approved_sense		pending	no
share-aab90dfe	share	noun|verb	A1|B1	reading	multi-sense-panel	high	needs_teacher_approved_sense		pending	no
sharp-ca0b6293	sharp	adjective	B1	reading	contrast-pair	high	needs_teacher_approved_sense		pending	no
shed-46eb1094	shed	noun|verb	B2|C1	reading	multi-sense-panel	high	needs_teacher_approved_sense		pending	no
sheep-6525f2e6	sheep	noun	A1|B1	reading	object-or-context-scene	high	needs_teacher_approved_sense		pending	no
shine-3da90bd3	shine	verb	B1	reading	action-scene	high	needs_teacher_approved_sense		pending	no
shiny-0d483644	shiny	adjective	B1	reading	contrast-pair	high	needs_teacher_approved_sense		pending	no
shock-3dbcdd8b	shock	noun|verb	B1|B2	reading	multi-sense-panel	high	needs_teacher_approved_sense		pending	no
shocked-40d726c2	shocked	adjective	B1|B2	writing	contrast-pair	high	needs_teacher_approved_sense		pending	no
shocking-63ae2115	shocking	adjective	B1|B2	writing	contrast-pair	high	needs_teacher_approved_sense		pending	no
shop-assistant-d730cb4e	shop assistant	noun	A2|B1	speaking	context-scene	high	needs_teacher_approved_sense		pending	no
shopping-c6514452	shopping	noun	A1|B1	reading	object-or-context-scene	high	needs_teacher_approved_sense		pending	no
shore-24dc6316	shore	noun	B1|B2	reading	object-or-context-scene	high	needs_teacher_approved_sense		pending	no
shortly-5a2d28b1	shortly	adverb	B1|B2	writing	manner-sequence	high	needs_teacher_approved_sense		pending	no
shorts-9e32d15b	shorts	noun	A2|B1	speaking	object-or-context-scene	high	needs_teacher_approved_sense		pending	no
shoulder-a460abdc	shoulder	noun	A2|B1	reading	object-or-context-scene	high	needs_teacher_approved_sense		pending	no
sibling-f95b5fe2	sibling	noun	B2|C1	reading	object-or-context-scene	high	needs_teacher_approved_sense		pending	no
sigh-49ac96a9	sigh	noun|verb	B2|C1	reading	multi-sense-panel	high	needs_teacher_approved_sense		pending	no
sight-89be8e39	sight	noun	B1	reading	object-or-context-scene	high	needs_teacher_approved_sense		pending	no
sign-81e9209e	sign	noun|verb	A2|B1	reading	multi-sense-panel	high	needs_teacher_approved_sense		pending	no
signal-36ab4aaa	signal	noun|verb	B1	reading	multi-sense-panel	high	needs_teacher_approved_sense		pending	no
signature-fab5f628	signature	noun	B1|B2	reading	object-or-context-scene	high	needs_teacher_approved_sense		pending	no
silence-ca456ebf	silence	noun	B1|B2	writing	concept-metaphor	high	needs_teacher_approved_sense		pending	no
silent-b32285bf	silent	adjective	B1	reading	contrast-pair	high	needs_teacher_approved_sense		pending	no
silly-e891b554	silly	adjective	B1	reading	contrast-pair	high	needs_teacher_approved_sense		pending	no
similar-af62f302	similar	adjective	A1|B1	reading	contrast-pair	high	needs_teacher_approved_sense		pending	no
simple-0f7d0d08	simple	adjective	A2|B1	reading	contrast-pair	high	needs_teacher_approved_sense		pending	no
sincerely-aac84030	sincerely	adverb	A2|B1	speaking	manner-sequence	high	needs_teacher_approved_sense		pending	no
singer-5fdccf09	singer	noun	A1|B1	reading	object-or-context-scene	high	needs_teacher_approved_sense		pending	no
singing-de77a66e	singing	noun	A2|B1	reading	object-or-context-scene	high	needs_teacher_approved_sense		pending	no
sink-6f2b8356	sink	noun|verb	B1	reading	multi-sense-panel	high	needs_teacher_approved_sense		pending	no
sir-e5f37c1b	sir	noun	A2|B1	reading	object-or-context-scene	high	needs_teacher_approved_sense		pending	no
sit-down-1e3845ae	sit down	phrasal verb|verb	A2|B1	speaking	context-scene	high	needs_teacher_approved_sense		pending	no
sitting-room-11f2a824	sitting room	noun	A2|B1	speaking	context-scene	high	needs_teacher_approved_sense		pending	no
situated-3b442b1a	situated	adjective	B1|C1	writing	contrast-pair	high	needs_teacher_approved_sense		pending	no
situation-eea0325f	situation	noun	A1|B1	reading	concept-metaphor	high	needs_teacher_approved_sense		pending	no
skate-71701bca	skate	noun|verb	A2|B1	speaking	multi-sense-panel	high	needs_teacher_approved_sense		pending	no
skateboard-452d5995	skateboard	noun|verb	A2|B1	speaking	multi-sense-panel	high	needs_teacher_approved_sense		pending	no
skateboarding-52920882	skateboarding	noun	B1	listening	object-or-context-scene	high	needs_teacher_approved_sense		pending	no
sketch-3e862665	sketch	noun	B2|C1	reading	object-or-context-scene	high	needs_teacher_approved_sense		pending	no
skiing-5ba72730	skiing	noun	A2|B1	reading	object-or-context-scene	high	needs_teacher_approved_sense		pending	no
skill-34b33e00	skill	noun	A1|B1	reading	object-or-context-scene	high	needs_teacher_approved_sense		pending	no
skin-d0cb2acd	skin	noun	A2|B1	reading	object-or-context-scene	high	needs_teacher_approved_sense		pending	no
sleeveless-2f35fa0e	sleeveless	adjective	B1|B2	writing	contrast-pair	high	needs_teacher_approved_sense		pending	no
slide-e75e1be6	slide	noun|verb	B1|B2	reading	multi-sense-panel	high	needs_teacher_approved_sense		pending	no
slightly-c28dd595	slightly	adverb	B1	reading	manner-sequence	high	needs_teacher_approved_sense		pending	no
slip-191c1609	slip	verb	B1|B2	reading	action-scene	high	needs_teacher_approved_sense		pending	no
slope-f64c7429	slope	noun|verb	B2	reading	multi-sense-panel	high	needs_teacher_approved_sense		pending	no
slowly-b972c8ef	slowly	adverb	A2|B1	reading	manner-sequence	high	needs_teacher_approved_sense		pending	no
smartphone-b520dff5	smartphone	noun	A2|B1	reading	object-or-context-scene	high	needs_teacher_approved_sense		pending	no
smash-31fe827a	smash	noun|verb	B2|C1	reading	multi-sense-panel	high	needs_teacher_approved_sense		pending	no
smell-410acf5e	smell	noun|verb	A2|B1	reading	multi-sense-panel	high	needs_teacher_approved_sense		pending	no
smile-26f580ae	smile	noun|verb	A2|B1	reading	multi-sense-panel	high	needs_teacher_approved_sense		pending	no
smoking-b5706d7a	smoking	noun	A2|B1	reading	object-or-context-scene	high	needs_teacher_approved_sense		pending	no
smooth-254f7697	smooth	adjective	B1	reading	contrast-pair	high	needs_teacher_approved_sense		pending	no
snack-1ba61a11	snack	noun	A2|B1	speaking	object-or-context-scene	high	needs_teacher_approved_sense		pending	no
snake-14862708	snake	noun	A1|B1	reading	object-or-context-scene	high	needs_teacher_approved_sense		pending	no
snowboard-9d7e089d	snowboard	noun|verb	A2|B1	speaking	multi-sense-panel	high	needs_teacher_approved_sense		pending	no
soap-opera-3bb6bc98	soap opera	noun	B1|B2	speaking	context-scene	high	needs_teacher_approved_sense		pending	no
society-4abdad28	society	noun	A2|B1	reading	object-or-context-scene	high	needs_teacher_approved_sense		pending	no
software-c981d125	software	noun	B1	reading	object-or-context-scene	high	needs_teacher_approved_sense		pending	no
soil-118e80c0	soil	noun	B1|B2	reading	object-or-context-scene	high	needs_teacher_approved_sense		pending	no
soldier-5a58d848	soldier	noun	A2|B1	reading	object-or-context-scene	high	needs_teacher_approved_sense		pending	no
solo-49f25741	solo	adjective|noun	B2|C1	writing	multi-sense-panel	high	needs_teacher_approved_sense		pending	no
solution-00f97cb5	solution	noun	A2|B1	reading	concept-metaphor	high	needs_teacher_approved_sense		pending	no
solve-f544e4c9	solve	noun|verb	A2|B1	reading	multi-sense-panel	high	needs_teacher_approved_sense		pending	no
somehow-b3b1c92c	somehow	adverb	B1|B2	writing	manner-sequence	high	needs_teacher_approved_sense		pending	no
sore-f7db00c2	sore	adjective	B1|B2	writing	contrast-pair	high	needs_teacher_approved_sense		pending	no
sort-98c4b8f6	sort	noun|verb	A2|B1	reading	multi-sense-panel	high	needs_teacher_approved_sense		pending	no
soul-0867322e	soul	noun	B1|B2	reading	object-or-context-scene	high	needs_teacher_approved_sense		pending	no
soundtrack-10d41994	soundtrack	noun	B1|B2	reading	object-or-context-scene	high	needs_teacher_approved_sense		pending	no
southern-5fd2a36e	southern	adjective	B1	reading	contrast-pair	high	needs_teacher_approved_sense		pending	no
souvenir-e59e3db3	souvenir	noun	B1	listening	object-or-context-scene	high	needs_teacher_approved_sense		pending	no
spare-8715c95f	spare	adjective|verb	B1|B2|C1	writing	multi-sense-panel	high	needs_teacher_approved_sense		pending	no
speaker-9ee31843	speaker	noun	A2|B1	reading	object-or-context-scene	high	needs_teacher_approved_sense		pending	no
specialist-b91a5225	specialist	adjective|noun	B2	listening	multi-sense-panel	high	needs_teacher_approved_sense		pending	no
speculate-21b80bf1	speculate	verb	B2|C1	reading	action-scene	high	needs_teacher_approved_sense		pending	no
speed-92b63208	speed	noun|verb	A2|B1|B2	reading	multi-sense-panel	high	needs_teacher_approved_sense		pending	no
spelling-d3c00bb4	spelling	noun	A1|B1	reading	object-or-context-scene	high	needs_teacher_approved_sense		pending	no
spice-7c05204d	spice	noun	B1|B2	reading	object-or-context-scene	high	needs_teacher_approved_sense		pending	no
spill-c97bf254	spill	verb	B1|B2	reading	action-scene	high	needs_teacher_approved_sense		pending	no
spite-9b42e50f	spite	noun	B1|B2	reading	object-or-context-scene	high	needs_teacher_approved_sense		pending	no
spoil-de4030a2	spoil	verb	B1|B2	reading	action-scene	high	needs_teacher_approved_sense		pending	no
spy-3e6a7174	spy	noun|verb	B1|C1	reading	multi-sense-panel	high	needs_teacher_approved_sense		pending	no
stairs-5f56addc	stairs	noun	A2|B1	speaking	object-or-context-scene	high	needs_teacher_approved_sense		pending	no
stall-6e1c6c9e	stall	noun	B1|B2	reading	object-or-context-scene	high	needs_teacher_approved_sense		pending	no
stare-bdd9b993	stare	verb	B2	reading	action-scene	high	needs_teacher_approved_sense		pending	no
statistic-b482dfd7	statistic	noun	B1	listening	object-or-context-scene	high	needs_teacher_approved_sense		pending	no
statue-0561c01c	statue	noun	B1	reading	object-or-context-scene	high	needs_teacher_approved_sense		pending	no
steak-a7694d21	steak	noun	A2|B1	speaking	object-or-context-scene	high	needs_teacher_approved_sense		pending	no
steel-f91421de	steel	noun	B2	listening	object-or-context-scene	high	needs_teacher_approved_sense		pending	no
step-bd370d1b	step	noun|verb	A2|B1|B2	reading	multi-sense-panel	high	needs_teacher_approved_sense		pending	no
stiff-69a1dfc0	stiff	adjective	B2|C1	writing	contrast-pair	high	needs_teacher_approved_sense		pending	no
straightforward-ffaecb2c	straightforward	adjective	B2|C1	writing	contrast-pair	high	needs_teacher_approved_sense		pending	no
stranger-ed5acfe8	stranger	noun	B1	reading	object-or-context-scene	high	needs_teacher_approved_sense		pending	no
stressful-828e3de6	stressful	adjective	B1|C1	writing	contrast-pair	high	needs_teacher_approved_sense		pending	no
strict-41eaab87	strict	adjective	B1|B2	writing	contrast-pair	high	needs_teacher_approved_sense		pending	no
studies-a513ed5b	studies	noun	A2|B1	speaking	object-or-context-scene	high	needs_teacher_approved_sense		pending	no
studio-9a12c50f	studio	noun	B1	reading	object-or-context-scene	high	needs_teacher_approved_sense		pending	no
stunning-00cf3e92	stunning	adjective	B2	writing	contrast-pair	high	needs_teacher_approved_sense		pending	no
stupid-5514ae81	stupid	adjective	A2|B1	reading	contrast-pair	high	needs_teacher_approved_sense		pending	no
substance-54ccb2d9	substance	noun	B1|B2	writing	concept-metaphor	high	needs_teacher_approved_sense		pending	no
substantial-c93d7051	substantial	adjective	B2|C1	writing	contrast-pair	high	needs_teacher_approved_sense		pending	no
suburb-26967ae2	suburb	noun	B2	listening	object-or-context-scene	high	needs_teacher_approved_sense		pending	no
suburbs-5c221d05	suburbs	noun	B2|C1	reading	object-or-context-scene	high	needs_teacher_approved_sense		pending	no
subway-b26e5ebd	subway	noun	B1	listening	object-or-context-scene	high	needs_teacher_approved_sense		pending	no
succeed-013b6e6f	succeed	verb	A2|B1	reading	action-scene	high	needs_teacher_approved_sense		pending	no
successful-33375351	successful	adjective	A2|B1	reading	contrast-pair	high	needs_teacher_approved_sense		pending	no
sudden-77b8a755	sudden	adjective	B1	reading	contrast-pair	high	needs_teacher_approved_sense		pending	no
suffer-6df580ae	suffer	verb	B1	reading	action-scene	high	needs_teacher_approved_sense		pending	no
sufficient-073c168c	sufficient	adjective	B2	listening	contrast-pair	high	needs_teacher_approved_sense		pending	no
suggestion-97e9422a	suggestion	noun	A2|B1	reading	concept-metaphor	high	needs_teacher_approved_sense		pending	no
suitcase-b6d19848	suitcase	noun	A2|B1	speaking	object-or-context-scene	high	needs_teacher_approved_sense		pending	no
sum-e9dff355	sum	noun|verb	B1|B2	reading	multi-sense-panel	high	needs_teacher_approved_sense		pending	no
sunny-b892f067	sunny	adjective	A2|B1	speaking	contrast-pair	high	needs_teacher_approved_sense		pending	no
superb-e394f7be	superb	adjective	B2|C1	writing	contrast-pair	high	needs_teacher_approved_sense		pending	no
supervision-b795b70a	supervision	noun	B2|C1	writing	concept-metaphor	high	needs_teacher_approved_sense		pending	no
supper-2b0163a9	supper	noun	A2|B1	speaking	object-or-context-scene	high	needs_teacher_approved_sense		pending	no
supply-076df715	supply	noun|verb	B1	reading	multi-sense-panel	high	needs_teacher_approved_sense		pending	no
supporter-7ca68bd6	supporter	noun	B1	reading	object-or-context-scene	high	needs_teacher_approved_sense		pending	no
surfboard-c5824d15	surfboard	noun	A2|B1	speaking	object-or-context-scene	high	needs_teacher_approved_sense		pending	no
surgery-59f6a267	surgery	noun	B2	reading	object-or-context-scene	high	needs_teacher_approved_sense		pending	no
surname-81854c97	surname	noun	A2|B1	speaking	object-or-context-scene	high	needs_teacher_approved_sense		pending	no
surround-31292d34	surround	verb	B1|B2	reading	action-scene	high	needs_teacher_approved_sense		pending	no
survey-62380fcb	survey	noun|verb	A2|B2	listening	multi-sense-panel	high	needs_teacher_approved_sense		pending	no
survival-f03ba404	survival	noun	B2	reading	object-or-context-scene	high	needs_teacher_approved_sense		pending	no
survive-8dd6d34d	survive	verb	B1|B2	reading	action-scene	high	needs_teacher_approved_sense		pending	no
survivor-f52d1b09	survivor	noun	B2	reading	object-or-context-scene	high	needs_teacher_approved_sense		pending	no
sustainable-428a6de2	sustainable	adjective	B2|C1	writing	contrast-pair	high	needs_teacher_approved_sense		pending	no
swimming-pool-4d0008e5	swimming pool	noun	B1	listening	context-scene	high	needs_teacher_approved_sense		pending	no
switch-01ba7992	switch	noun|verb	B1|B2	reading	multi-sense-panel	high	needs_teacher_approved_sense		pending	no
sympathetic-28760016	sympathetic	adjective	B2	writing	contrast-pair	high	needs_teacher_approved_sense		pending	no
symptom-3e15bf38	symptom	noun	B1|B2	reading	object-or-context-scene	high	needs_teacher_approved_sense		pending	no
system-317f1e76	system	noun	A2|B1	reading	object-or-context-scene	high	needs_teacher_approved_sense		pending	no
tablet-6f4d3f36	tablet	noun	A2|B1	reading	object-or-context-scene	high	needs_teacher_approved_sense		pending	no
take-up-88cb257c	take up	phrasal verb|verb|verb phrase	B1|B2	speaking	context-scene	high	needs_teacher_approved_sense		pending	no
talent-b842d596	talent	noun	B1	reading	object-or-context-scene	high	needs_teacher_approved_sense		pending	no
tasty-bf34ccd7	tasty	adjective	B1|B2	writing	contrast-pair	high	needs_teacher_approved_sense		pending	no
tax-e8e27c0a	tax	noun|verb	B1	reading	multi-sense-panel	high	needs_teacher_approved_sense		pending	no
teaching-411b089d	teaching	noun	A2|B1	reading	object-or-context-scene	high	needs_teacher_approved_sense		pending	no
tear-57c16e02	tear	noun|verb	B1|B2	reading	multi-sense-panel	high	needs_teacher_approved_sense		pending	no
technique-b41c6aff	technique	noun	B1	reading	object-or-context-scene	high	needs_teacher_approved_sense		pending	no
tense-5d8798fd	tense	adjective|noun	B1|B2	writing	multi-sense-panel	high	needs_teacher_approved_sense		pending	no
terminal-46d551da	terminal	adjective|noun	B2|C1	writing	multi-sense-panel	high	needs_teacher_approved_sense		pending	no
terribly-1293adb6	terribly	adverb	B1|B2	writing	manner-sequence	high	needs_teacher_approved_sense		pending	no
terrific-6c80e648	terrific	adjective	B1|C1	writing	contrast-pair	high	needs_teacher_approved_sense		pending	no
terrify-b4d36dff	terrify	verb	B2	reading	action-scene	high	needs_teacher_approved_sense		pending	no
text-message-a8adc1e5	text message	noun	A2|B1	speaking	context-scene	high	needs_teacher_approved_sense		pending	no
thanks-6e3f5ad7	thanks	exclamation|noun	A1|B1	reading	object-or-context-scene	high	needs_teacher_approved_sense		pending	no
that-33b82201	that	adverb|conjunction|determiner|pronoun	A1|B1	reading	manner-sequence	high	needs_teacher_approved_sense		pending	no
theft-3df6031b	theft	noun	B2	reading	object-or-context-scene	high	needs_teacher_approved_sense		pending	no
theory-6477d7f1	theory	noun	B1|B2	reading	object-or-context-scene	high	needs_teacher_approved_sense		pending	no
therefore-012071d7	therefore	adverb	B1	reading	manner-sequence	high	needs_teacher_approved_sense		pending	no
thick-8fb4cd18	thick	adjective	A2|B1	reading	contrast-pair	high	needs_teacher_approved_sense		pending	no
though-3b452432	though	adverb|conjunction	B1	reading	manner-sequence	high	needs_teacher_approved_sense		pending	no
thought-af93b391	thought	noun	A2|B1	reading	object-or-context-scene	high	needs_teacher_approved_sense		pending	no
thoughtful-b492d144	thoughtful	adjective	B2|C1	writing	contrast-pair	high	needs_teacher_approved_sense		pending	no
thriller-952a08c4	thriller	noun	B1|B2	reading	object-or-context-scene	high	needs_teacher_approved_sense		pending	no
throat-39736679	throat	noun	B1	reading	object-or-context-scene	high	needs_teacher_approved_sense		pending	no
thumb-d28d2b77	thumb	noun	B1|B2	reading	object-or-context-scene	high	needs_teacher_approved_sense		pending	no
tidy-up-ef141c48	tidy up	phrasal verb|verb	A2|B1	speaking	context-scene	high	needs_teacher_approved_sense		pending	no
tie-d2aac843	tie	noun|verb	A2|B1	reading	multi-sense-panel	high	needs_teacher_approved_sense		pending	no
tiger-46e3d772	tiger	noun	A2|B1	speaking	object-or-context-scene	high	needs_teacher_approved_sense		pending	no
tight-98b9f356	tight	adjective	B1	reading	contrast-pair	high	needs_teacher_approved_sense		pending	no
tights-1e3f67a3	tights	noun	A2|B1	speaking	object-or-context-scene	high	needs_teacher_approved_sense		pending	no
tin-f2691976	tin	noun	B1	reading	object-or-context-scene	high	needs_teacher_approved_sense		pending	no
tiny-d4927dda	tiny	adjective	B1	reading	contrast-pair	high	needs_teacher_approved_sense		pending	no
tip-306a967f	tip	noun|verb	A2|B1	reading	multi-sense-panel	high	needs_teacher_approved_sense		pending	no
tissue-bb8eb17c	tissue	noun	B1|B2	reading	object-or-context-scene	high	needs_teacher_approved_sense		pending	no
title-3c6de1b7	title	noun|verb	A1|B1|B2	reading	multi-sense-panel	high	needs_teacher_approved_sense		pending	no
toe-d756976b	toe	noun	B1	reading	object-or-context-scene	high	needs_teacher_approved_sense		pending	no
tongue-647b3042	tongue	noun	B1	reading	object-or-context-scene	high	needs_teacher_approved_sense		pending	no
toothbrush-c3cc7c6c	toothbrush	noun	A2|B1	speaking	object-or-context-scene	high	needs_teacher_approved_sense		pending	no
totally-59a3b207	totally	adverb	B1	reading	manner-sequence	high	needs_teacher_approved_sense		pending	no
tour-guide-3115689b	tour guide	noun	A2|B1	speaking	context-scene	high	needs_teacher_approved_sense		pending	no
tourism-7d8710ce	tourism	noun	A2|B1	reading	concept-metaphor	high	needs_teacher_approved_sense		pending	no
tourist-information-centre-a2e4c670	tourist information centre	noun	A2|B1	speaking	context-scene	high	needs_teacher_approved_sense		pending	no
tournament-cb9d7f7e	tournament	noun	B1|B2	writing	concept-metaphor	high	needs_teacher_approved_sense		pending	no
tower-54efaa66	tower	noun	A2|B1	reading	object-or-context-scene	high	needs_teacher_approved_sense		pending	no
traditional-c949c0af	traditional	adjective	A2|B1	reading	contrast-pair	high	needs_teacher_approved_sense		pending	no
trainer-297e1479	trainer	noun	A2|B1	reading	object-or-context-scene	high	needs_teacher_approved_sense		pending	no
transfer-34420cf5	transfer	noun|verb	B1|B2	reading	multi-sense-panel	high	needs_teacher_approved_sense		pending	no
transition-56bf8ae8	transition	noun	B2|C1	writing	concept-metaphor	high	needs_teacher_approved_sense		pending	no
translate-3ed950b3	translate	verb	B1	reading	action-scene	high	needs_teacher_approved_sense		pending	no
translation-efd7fd7f	translation	noun	B1	reading	concept-metaphor	high	needs_teacher_approved_sense		pending	no
transport-a8e6012e	transport	noun|verb	A2|B1	reading	multi-sense-panel	high	needs_teacher_approved_sense		pending	no
travel-agent-2c81e33e	travel agent	noun	A2|B1	speaking	context-scene	high	needs_teacher_approved_sense		pending	no
trend-48075864	trend	noun	B1	reading	object-or-context-scene	high	needs_teacher_approved_sense		pending	no
tribe-c9a7eef6	tribe	noun	B2	reading	object-or-context-scene	high	needs_teacher_approved_sense		pending	no
trick-1cb0f0d6	trick	noun|verb	B1	reading	multi-sense-panel	high	needs_teacher_approved_sense		pending	no
trophy-1f5bbe7f	trophy	noun	B2|C1	reading	object-or-context-scene	high	needs_teacher_approved_sense		pending	no
tropical-4a073902	tropical	adjective	B2	writing	contrast-pair	high	needs_teacher_approved_sense		pending	no
true-5ffe533b	true	adjective	A1|B1	reading	contrast-pair	high	needs_teacher_approved_sense		pending	no
trunk-48878459	trunk	noun	B1	listening	object-or-context-scene	high	needs_teacher_approved_sense		pending	no
trust-fcbc333b	trust	noun|verb	B1|B2	reading	multi-sense-panel	high	needs_teacher_approved_sense		pending	no
truth-45fa151b	truth	noun	B1	reading	object-or-context-scene	high	needs_teacher_approved_sense		pending	no
try-on-1b3afa35	try on	phrasal verb|verb	A2|B1	speaking	context-scene	high	needs_teacher_approved_sense		pending	no
tube-0ae2f41c	tube	noun	B1	reading	object-or-context-scene	high	needs_teacher_approved_sense		pending	no
tune-920ae2fa	tune	noun	B1|B2	reading	object-or-context-scene	high	needs_teacher_approved_sense		pending	no
tunnel-e9c55a92	tunnel	noun	B1|B2	reading	object-or-context-scene	high	needs_teacher_approved_sense		pending	no
turn-off-ff5e957e	turn off	phrasal verb|verb	A2|B1	speaking	context-scene	high	needs_teacher_approved_sense		pending	no
turn-on-2d1f77d0	turn on	phrasal verb|verb	A2|B1	speaking	context-scene	high	needs_teacher_approved_sense		pending	no
tutor-a9bd7a5b	tutor	noun	B2	listening	object-or-context-scene	high	needs_teacher_approved_sense		pending	no
twin-be605983	twin	adjective|noun	A2|B1	reading	multi-sense-panel	high	needs_teacher_approved_sense		pending	no
typical-ff28673d	typical	adjective	A2|B1	reading	contrast-pair	high	needs_teacher_approved_sense		pending	no
typically-fd14374a	typically	adverb	B1	reading	manner-sequence	high	needs_teacher_approved_sense		pending	no
ugly-5377f790	ugly	adjective	B1	reading	contrast-pair	high	needs_teacher_approved_sense		pending	no
unable-95ef18f5	unable	adjective	B1	reading	contrast-pair	high	needs_teacher_approved_sense		pending	no
uncomfortable-9d809d75	uncomfortable	adjective	B1	reading	contrast-pair	high	needs_teacher_approved_sense		pending	no
undergraduate-972f977a	undergraduate	noun	B2|C1	reading	object-or-context-scene	high	needs_teacher_approved_sense		pending	no
underwear-101a7cf3	underwear	noun	B1	reading	object-or-context-scene	high	needs_teacher_approved_sense		pending	no
unemployment-ff922d72	unemployment	noun	B1	reading	concept-metaphor	high	needs_teacher_approved_sense		pending	no
unexpected-fd2a2764	unexpected	adjective	B1|B2	writing	contrast-pair	high	needs_teacher_approved_sense		pending	no
unfair-ee50a54d	unfair	adjective	B1	reading	contrast-pair	high	needs_teacher_approved_sense		pending	no
unfortunately-bf9d6230	unfortunately	adverb	A2|B1	reading	manner-sequence	high	needs_teacher_approved_sense		pending	no
unhappy-8c643cce	unhappy	adjective|noun	A2|B1	reading	multi-sense-panel	high	needs_teacher_approved_sense		pending	no
union-67ad5a07	union	noun	B1	reading	object-or-context-scene	high	needs_teacher_approved_sense		pending	no
unit-0df9eea0	unit	noun	A2|B1	reading	object-or-context-scene	high	needs_teacher_approved_sense		pending	no
universe-244fb75b	universe	noun	B1|B2	reading	object-or-context-scene	high	needs_teacher_approved_sense		pending	no
unknown-50d8b4a9	unknown	adjective	B1|B2	writing	contrast-pair	high	needs_teacher_approved_sense		pending	no
unlikely-eff8ec10	unlikely	adjective	B1	reading	contrast-pair	high	needs_teacher_approved_sense		pending	no
unnecessary-ddc36328	unnecessary	adjective	B1	reading	contrast-pair	high	needs_teacher_approved_sense		pending	no
unpleasant-5cb4fe01	unpleasant	adjective	B1	reading	contrast-pair	high	needs_teacher_approved_sense		pending	no
unusual-7cdf152a	unusual	adjective|adverb	A2|B1	reading	multi-sense-panel	high	needs_teacher_approved_sense		pending	no
upper-c538c170	upper	adjective	B1|B2	writing	contrast-pair	high	needs_teacher_approved_sense		pending	no
urgent-8d0cdea0	urgent	adjective	B1|B2	writing	contrast-pair	high	needs_teacher_approved_sense		pending	no
used-to-34790dc2	used to	modal verb|verb	A2|B1	speaking	context-scene	high	needs_teacher_approved_sense		pending	no
user-12dea96f	user	noun	A2|B1	reading	object-or-context-scene	high	needs_teacher_approved_sense		pending	no
usually-66c2fa4e	usually	adverb	A1|B1	reading	manner-sequence	high	needs_teacher_approved_sense		pending	no
vacancy-e75cb533	vacancy	noun	B2	listening	concept-metaphor	high	needs_teacher_approved_sense		pending	no
vacation-18c0f103	vacation	noun	A1|B2	writing	concept-metaphor	high	needs_teacher_approved_sense		pending	no
vaccination-b15b9ea6	vaccination	noun	B2|C1	writing	concept-metaphor	high	needs_teacher_approved_sense		pending	no
valuable-fc3fb5a9	valuable	adjective	B1	reading	contrast-pair	high	needs_teacher_approved_sense		pending	no
value-f32b67c7	value	noun|verb	B1|B2	reading	multi-sense-panel	high	needs_teacher_approved_sense		pending	no
vast-6a7ebfc5	vast	adjective	B2	listening	contrast-pair	high	needs_teacher_approved_sense		pending	no
vegetarian-35a14b14	vegetarian	adjective|noun	B1	listening	multi-sense-panel	high	needs_teacher_approved_sense		pending	no
vegetation-9066a8ad	vegetation	noun	B2	listening	concept-metaphor	high	needs_teacher_approved_sense		pending	no
vehicle-0b059106	vehicle	noun	A2|B1	reading	object-or-context-scene	high	needs_teacher_approved_sense		pending	no
verse-28146f20	verse	noun	B2|C1	reading	object-or-context-scene	high	needs_teacher_approved_sense		pending	no
version-c692273d	version	noun	B1	reading	concept-metaphor	high	needs_teacher_approved_sense		pending	no
violin-06384a70	violin	noun	A2|B1	speaking	object-or-context-scene	high	needs_teacher_approved_sense		pending	no
virtual-af84d91f	virtual	adjective	B2|C1	writing	contrast-pair	high	needs_teacher_approved_sense		pending	no
virus-68bb75d2	virus	noun	A2|B1	reading	object-or-context-scene	high	needs_teacher_approved_sense		pending	no
visa-68111b2d	visa	noun	B1|B2	reading	object-or-context-scene	high	needs_teacher_approved_sense		pending	yes
vision-625f139d	vision	noun	B2	listening	concept-metaphor	high	needs_teacher_approved_sense		pending	no
vocabulary-21861253	vocabulary	noun	B1	listening	object-or-context-scene	high	needs_teacher_approved_sense		pending	no
voice-47ef6589	voice	noun	A2|B1	reading	object-or-context-scene	high	needs_teacher_approved_sense		pending	no
volleyball-9c758f06	volleyball	noun	A2|B1	speaking	object-or-context-scene	high	needs_teacher_approved_sense		pending	no
volume-d387fc8d	volume	noun	B1|B2	reading	object-or-context-scene	high	needs_teacher_approved_sense		pending	no
voluntary-78f6b9c1	voluntary	adjective	B2	listening	contrast-pair	high	needs_teacher_approved_sense		pending	no
vote-fd63f1ed	vote	noun|verb	B1	reading	multi-sense-panel	high	needs_teacher_approved_sense		pending	no
wake-07edc5e2	wake	verb	A1|B1	reading	action-scene	high	needs_teacher_approved_sense		pending	no
wake-up-22668bf1	wake up	phrasal verb|verb	A2|B1	speaking	context-scene	high	needs_teacher_approved_sense		pending	no
walking-6ac9bf43	walking	noun	B1	listening	object-or-context-scene	high	needs_teacher_approved_sense		pending	no
wallet-c307b632	wallet	noun	A2|B1	speaking	object-or-context-scene	high	needs_teacher_approved_sense		pending	no
war-24a878ae	war	noun	A2|B1	reading	object-or-context-scene	high	needs_teacher_approved_sense		pending	no
wardrobe-149b58b2	wardrobe	noun	B1|B2	reading	object-or-context-scene	high	needs_teacher_approved_sense		pending	no
warn-4c8ea476	warn	verb	B1	reading	action-scene	high	needs_teacher_approved_sense		pending	no
warning-383fd7bf	warning	noun	B1	reading	object-or-context-scene	high	needs_teacher_approved_sense		pending	no
wash-up-cc782551	wash up	phrasal verb|verb	A2|B1	speaking	context-scene	high	needs_teacher_approved_sense		pending	no
waterfall-67f0aef0	waterfall	noun	B1	listening	object-or-context-scene	high	needs_teacher_approved_sense		pending	no
wave-d7ce7446	wave	noun|verb	A2|B1	reading	multi-sense-panel	high	needs_teacher_approved_sense		pending	no
weak-1ded3053	weak	adjective	A2|B1	reading	contrast-pair	high	needs_teacher_approved_sense		pending	no
wear-out-9290c9a3	wear out	adjective|phrasal verb|verb	B1|B2	speaking	multi-sense-panel	high	needs_teacher_approved_sense		pending	no
weather-forecast-265d0a37	weather forecast	noun	B1	listening	context-scene	high	needs_teacher_approved_sense		pending	no
web-ca84d134	web	noun	A2|B1	reading	object-or-context-scene	high	needs_teacher_approved_sense		pending	no
weekday-4a4b1ab4	weekday	noun	A2|B1	speaking	object-or-context-scene	high	needs_teacher_approved_sense		pending	no
weigh-1ea8af94	weigh	verb	B1	reading	action-scene	high	needs_teacher_approved_sense		pending	no
weight-afe04441	weight	noun	A2|B1	reading	object-or-context-scene	high	needs_teacher_approved_sense		pending	no
weird-ffe9451f	weird	adjective	B2|C1	writing	contrast-pair	high	needs_teacher_approved_sense		pending	no
welfare-4a1609e6	welfare	noun	B2	listening	object-or-context-scene	high	needs_teacher_approved_sense		pending	no
wide-414768af	wide	adjective	A2|B1	reading	contrast-pair	high	needs_teacher_approved_sense		pending	no
widespread-353d262b	widespread	adjective	B2|C1	writing	contrast-pair	high	needs_teacher_approved_sense		pending	no
widow-97f732a0	widow	noun	B2|C1	reading	object-or-context-scene	high	needs_teacher_approved_sense		pending	no
willing-d4fed120	willing	adjective	B1|B2	writing	contrast-pair	high	needs_teacher_approved_sense		pending	no
windscreen-f00427fd	windscreen	noun	B1|C1	reading	object-or-context-scene	high	needs_teacher_approved_sense		pending	no
windy-45bf01a8	windy	adjective	A2|B1	speaking	contrast-pair	high	needs_teacher_approved_sense		pending	no
wing-bd6658dc	wing	noun	B1	reading	object-or-context-scene	high	needs_teacher_approved_sense		pending	no
winner-85f940c7	winner	noun	A2|B1	reading	object-or-context-scene	high	needs_teacher_approved_sense		pending	no
wisdom-d7889563	wisdom	noun	B2|C1	writing	concept-metaphor	high	needs_teacher_approved_sense		pending	no
wise-cb129d1d	wise	adjective	B1|B2	writing	contrast-pair	high	needs_teacher_approved_sense		pending	no
wish-7b2577c4	wish	noun|verb	A2|B1	reading	multi-sense-panel	high	needs_teacher_approved_sense		pending	no
withdraw-951f850c	withdraw	verb	B2	listening	action-scene	high	needs_teacher_approved_sense		pending	no
witness-4a86db1f	witness	noun|verb	B2	writing	multi-sense-panel	high	needs_teacher_approved_sense		pending	no
wonder-c37424cc	wonder	noun|verb	B1	reading	multi-sense-panel	high	needs_teacher_approved_sense		pending	no
wooden-fc957726	wooden	adjective	A2|B1	reading	contrast-pair	high	needs_teacher_approved_sense		pending	no
worker-10f5ebe6	worker	noun	A1|B1	reading	object-or-context-scene	high	needs_teacher_approved_sense		pending	no
workforce-91f3be3b	workforce	noun	B2|C1	reading	object-or-context-scene	high	needs_teacher_approved_sense		pending	no
working-8178ea20	working	adjective	A2|B1	reading	contrast-pair	high	needs_teacher_approved_sense		pending	no
workout-c8729250	workout	noun	B1|C1	reading	object-or-context-scene	high	needs_teacher_approved_sense		pending	no
workshop-e17a11ce	workshop	noun	B2	listening	object-or-context-scene	high	needs_teacher_approved_sense		pending	no
worried-7c3dc388	worried	adjective	A2|B1	reading	contrast-pair	high	needs_teacher_approved_sense		pending	no
worse-4f818023	worse	adjective|adverb|noun	A2|B1|B2	writing	multi-sense-panel	high	needs_teacher_approved_sense		pending	no
worst-c5ce11c7	worst	adjective|adverb|noun	A2|B1|B2	writing	multi-sense-panel	high	needs_teacher_approved_sense		pending	no
worth-c5918b66	worth	adjective|noun	B1|B2	writing	multi-sense-panel	high	needs_teacher_approved_sense		pending	no
write-down-c5a11899	write down	phrasal verb|verb	A2|B1	speaking	context-scene	high	needs_teacher_approved_sense		pending	no
writer-fe28f10d	writer	noun	A1|B1	reading	object-or-context-scene	high	needs_teacher_approved_sense		pending	no
writing-1935d7b6	writing	noun	A1|B1	reading	object-or-context-scene	high	needs_teacher_approved_sense		pending	no
written-6180960e	written	adjective	B1	reading	contrast-pair	high	needs_teacher_approved_sense		pending	no
yell-53e20197	yell	verb	B2|C1	reading	action-scene	high	needs_teacher_approved_sense		pending	no
youth-f9925d11	youth	noun	B1	reading	object-or-context-scene	high	needs_teacher_approved_sense		pending	no
zone-b6931b00	zone	noun	B1|B2	reading	object-or-context-scene	high	needs_teacher_approved_sense		pending	no
zoo-4c1f32a5	zoo	noun	A2|B1	speaking	object-or-context-scene	high	needs_teacher_approved_sense		pending	no
act-on-sb-s-468117a3	act on sb's	verb	C1	reading	context-scene	medium	needs_teacher_approved_sense		pending	no
acute-041fab82	acute	adjective	C1	writing	contrast-pair	medium	needs_teacher_approved_sense		pending	no
alter-736d58ea	alter	verb|verb phrase	B2	reading	context-scene	medium	needs_teacher_approved_sense		pending	no
anonymous-0a92fab3	anonymous	adjective	C1	writing	contrast-pair	medium	needs_teacher_approved_sense		pending	no
anticipate-sth-f490fd86	anticipate sth	verb	C1	reading	context-scene	medium	needs_teacher_approved_sense		pending	no
assertion-60544f10	assertion	noun	C1	writing	concept-metaphor	medium	needs_teacher_approved_sense		pending	no
attendance-f61b43b4	attendance	noun	C1	listening	concept-metaphor	medium	needs_teacher_approved_sense		pending	no
back-sth-up-72c4331f	back sth up	verb	C1	reading	context-scene	medium	needs_teacher_approved_sense		pending	no
ban-2580d49f	ban	noun|verb|verb phrase	B1|B2	reading	multi-sense-panel	medium	needs_teacher_approved_sense		pending	no
be-based-on-sth-fdcce9dd	be based on sth	verb|verb phrase	C1	reading	context-scene	medium	needs_teacher_approved_sense		pending	no
be-up-to-sth-795de1aa	be up to sth	verb	C1	reading	context-scene	medium	needs_teacher_approved_sense		pending	no
beloved-c2945cad	beloved	adjective|noun	C1	writing	multi-sense-panel	medium	needs_teacher_approved_sense		pending	no
bilingual-fc0fd9d4	bilingual	adjective	C1	listening	contrast-pair	medium	needs_teacher_approved_sense		pending	no
bounce-b85b9b0d	bounce	verb	C1	reading	action-scene	medium	needs_teacher_approved_sense		pending	no
box-office-e3ef4f04	box office	noun	B2|C1	reading	context-scene	medium	needs_teacher_approved_sense		pending	no
break-up-sth-f3c908b7	break up sth	verb	C1	reading	context-scene	medium	needs_teacher_approved_sense		pending	no
cafe-984e18fe	cafe	noun	A1	listening	object-or-context-scene	medium	needs_teacher_approved_sense		pending	no
call-for-sth-48f7d8c8	call for sth	verb	C1	reading	context-scene	medium	needs_teacher_approved_sense		pending	no
call-sth-off-f1b4efa6	call sth off	verb	C1	reading	context-scene	medium	needs_teacher_approved_sense		pending	no
church-2f1899f2	church	noun	A2	reading	object-or-context-scene	medium	needs_teacher_approved_sense		pending	no
citizenship-f067337d	citizenship	noun	C1	writing	concept-metaphor	medium	needs_teacher_approved_sense		pending	no
cluster-da68bf3a	cluster	noun	C1	listening	object-or-context-scene	medium	needs_teacher_approved_sense		pending	no
clutter-sth-up-dc7cd46c	clutter sth up	verb	C1	reading	context-scene	medium	needs_teacher_approved_sense		pending	no
come-round-9aaca9ff	come round	verb	C1	reading	context-scene	medium	needs_teacher_approved_sense		pending	no
commerce-1b207ba3	commerce	noun	C1	listening	object-or-context-scene	medium	needs_teacher_approved_sense		pending	no
compromise-faaabf11	compromise	noun|verb|verb phrase	B2|C1	reading	multi-sense-panel	medium	needs_teacher_approved_sense		pending	no
cooperative-78e5cf37	cooperative	adjective	C1	writing	contrast-pair	medium	needs_teacher_approved_sense		pending	no
cope-with-sth-028c9bbf	cope with sth	verb	C1	reading	context-scene	medium	needs_teacher_approved_sense		pending	no
copper-9c5c7205	copper	noun	C1	listening	object-or-context-scene	medium	needs_teacher_approved_sense		pending	no
corrupt-a1ce829a	corrupt	adjective	C1	writing	contrast-pair	medium	needs_teacher_approved_sense		pending	no
crude-b48c292b	crude	adjective	C1	writing	contrast-pair	medium	needs_teacher_approved_sense		pending	no
dam-296ef201	dam	noun	C1	listening	object-or-context-scene	medium	needs_teacher_approved_sense		pending	no
deal-with-sth-f17eab08	deal with sth	verb	C1	reading	context-scene	medium	needs_teacher_approved_sense		pending	no
dedication-773a44d3	dedication	noun	C1	writing	concept-metaphor	medium	needs_teacher_approved_sense		pending	no
diagnosis-fe134dc5	diagnosis	noun	C1	reading	object-or-context-scene	medium	needs_teacher_approved_sense		pending	no
dialogue-779e2f50	dialogue	noun	A1	listening	object-or-context-scene	medium	needs_teacher_approved_sense		pending	no
die-out-46088ade	die out	verb	C1	reading	context-scene	medium	needs_teacher_approved_sense		pending	no
disaster-ac58bf0f	disaster	noun	A2	listening	object-or-context-scene	medium	needs_teacher_approved_sense		pending	no
discriminate-7db58c62	discriminate	verb	C1	reading	action-scene	medium	needs_teacher_approved_sense		pending	no
disturbing-1c300df6	disturbing	adjective	C1	writing	contrast-pair	medium	needs_teacher_approved_sense		pending	no
doctor-1f016007	doctor	noun	A1|A2	reading	object-or-context-scene	medium	needs_teacher_approved_sense		pending	no
dream-sth-up-9873da4b	dream sth up	verb	C1	reading	context-scene	medium	needs_teacher_approved_sense		pending	no
driving-38494b4a	driving	adjective|noun	A2|C1	writing	multi-sense-panel	medium	needs_teacher_approved_sense		pending	no
drop-off-f352965f	drop off	verb	C1	reading	context-scene	medium	needs_teacher_approved_sense		pending	no
drop-out-9ad226eb	drop out	verb	C1	reading	context-scene	medium	needs_teacher_approved_sense		pending	no
evolutionary-644588b0	evolutionary	adjective	C1	writing	contrast-pair	medium	needs_teacher_approved_sense		pending	no
exchange-rate-36a16f2f	exchange rate	noun	B1|C1	reading	context-scene	medium	needs_teacher_approved_sense		pending	no
extinct-9269bb4c	extinct	adjective	C1	listening	contrast-pair	medium	needs_teacher_approved_sense		pending	no
feat-6454bd92	feat	noun	C1	reading	object-or-context-scene	medium	needs_teacher_approved_sense		pending	no
fiddle-with-sth-46f6af8b	fiddle with sth	verb	C1	reading	context-scene	medium	needs_teacher_approved_sense		pending	no
fit-in-93750848	fit in	verb	C1	reading	context-scene	medium	needs_teacher_approved_sense		pending	no
flee-7eb86453	flee	verb	C1	reading	action-scene	medium	needs_teacher_approved_sense		pending	no
flourish-21b9dd7b	flourish	verb	C1	reading	action-scene	medium	needs_teacher_approved_sense		pending	no
forthcoming-d60f7198	forthcoming	adjective	C1	writing	contrast-pair	medium	needs_teacher_approved_sense		pending	no
get-down-to-sth-2604f36b	get down to sth	verb	C1	reading	context-scene	medium	needs_teacher_approved_sense		pending	no
get-in-touch-with-sb-3dde53cc	get in touch with sb	verb|verb phrase	B2|C1	reading	context-scene	medium	needs_teacher_approved_sense		pending	no
go-about-doing-sth-167f7668	go about doing sth	verb	C1	reading	context-scene	medium	needs_teacher_approved_sense		pending	no
go-for-n-3a719bb9	go for + n	verb	C1	reading	context-scene	medium	needs_teacher_approved_sense		pending	no
go-for-sth-b201fda1	go for sth	verb	C1	reading	context-scene	medium	needs_teacher_approved_sense		pending	no
grin-a2669868	grin	noun|verb	C1	reading	multi-sense-panel	medium	needs_teacher_approved_sense		pending	no
harm-8bd24ba3	harm	noun|verb|verb phrase	B2	reading	multi-sense-panel	medium	needs_teacher_approved_sense		pending	no
head-for-sth-ae0de844	head for sth	verb	C1	reading	context-scene	medium	needs_teacher_approved_sense		pending	no
higher-education-b9fdee0a	higher education	noun	C1	listening	context-scene	medium	needs_teacher_approved_sense		pending	no
hit-up-sb-for-sth-d5883026	hit up sb for sth	verb	C1	reading	context-scene	medium	needs_teacher_approved_sense		pending	no
hold-down-a-job-a9ffea93	hold down a job	verb	C1	reading	context-scene	medium	needs_teacher_approved_sense		pending	no
immense-78166c52	immense	adjective	C1	listening	contrast-pair	medium	needs_teacher_approved_sense		pending	no
inability-ecfaa9a2	inability	noun	C1	writing	concept-metaphor	medium	needs_teacher_approved_sense		pending	no
influential-fd542a5d	influential	adjective	C1	writing	contrast-pair	medium	needs_teacher_approved_sense		pending	no
inherit-3e26d675	inherit	verb|verb phrase	B2	reading	context-scene	medium	needs_teacher_approved_sense		pending	no
instead-571d5bc7	instead	adverb	A2	reading	manner-sequence	medium	needs_teacher_approved_sense		pending	no
intact-eab9dd6e	intact	adjective	C1	listening	contrast-pair	medium	needs_teacher_approved_sense		pending	no
integration-06eff510	integration	noun	C1	writing	concept-metaphor	medium	needs_teacher_approved_sense		pending	no
intensive-777615f6	intensive	adjective	C1	listening	contrast-pair	medium	needs_teacher_approved_sense		pending	no
keep-up-with-sth-ceae8fe8	keep up with sth	verb	C1	reading	context-scene	medium	needs_teacher_approved_sense		pending	no
landlord-3a3c2036	landlord	noun	C1	listening	object-or-context-scene	medium	needs_teacher_approved_sense		pending	no
lap-sth-up-134d2ab8	lap sth up	verb	C1	reading	context-scene	medium	needs_teacher_approved_sense		pending	no
layout-207b877e	layout	noun	C1	reading	object-or-context-scene	medium	needs_teacher_approved_sense		pending	no
leak-065c5c29	leak	noun|verb|verb phrase	B2|C1	reading	multi-sense-panel	medium	needs_teacher_approved_sense		pending	no
lifelong-e6b9d446	lifelong	adjective	C1	writing	contrast-pair	medium	needs_teacher_approved_sense		pending	no
live-off-sth-707f32a1	live off sth	verb	C1	reading	context-scene	medium	needs_teacher_approved_sense		pending	no
live-sth-down-c316388e	live sth down	verb	C1	reading	context-scene	medium	needs_teacher_approved_sense		pending	no
liver-45b0825b	liver	noun	C1	listening	object-or-context-scene	medium	needs_teacher_approved_sense		pending	no
livestock-6285a5ff	livestock	noun	C1	listening	object-or-context-scene	medium	needs_teacher_approved_sense		pending	no
logic-2c684987	logic	noun	C1	listening	object-or-context-scene	medium	needs_teacher_approved_sense		pending	no
lot-dcf6aa54	lot	adverb|determiner|noun|pronoun	A1|A2	reading	multi-sense-panel	medium	needs_teacher_approved_sense		pending	no
maintain-eb15f8d0	maintain	verb|verb phrase	B2	reading	context-scene	medium	needs_teacher_approved_sense		pending	no
mandatory-cd357c16	mandatory	adjective	C1	listening	contrast-pair	medium	needs_teacher_approved_sense		pending	no
mathematics-860afcbe	mathematics	noun	A2	listening	object-or-context-scene	medium	needs_teacher_approved_sense		pending	no
meet-up-with-sb-95ce0fc7	meet up with sb	verb	C1	reading	context-scene	medium	needs_teacher_approved_sense		pending	no
mob-b56a7ce4	mob	noun	C1	reading	object-or-context-scene	medium	needs_teacher_approved_sense		pending	no
move-on-1b4660e4	move on	verb	C1	reading	context-scene	medium	needs_teacher_approved_sense		pending	no
move-out-43939d5e	move out	verb	C1	reading	context-scene	medium	needs_teacher_approved_sense		pending	no
neglect-02979a49	neglect	noun|verb|verb phrase	B2|C1	reading	multi-sense-panel	medium	needs_teacher_approved_sense		pending	no
newsletter-755df511	newsletter	noun	C1	listening	object-or-context-scene	medium	needs_teacher_approved_sense		pending	no
nursery-02495a77	nursery	noun	C1	listening	object-or-context-scene	medium	needs_teacher_approved_sense		pending	no
overwhelming-be5af533	overwhelming	adjective	C1	writing	contrast-pair	medium	needs_teacher_approved_sense		pending	no
parameter-b75381f0	parameter	noun	C1	reading	object-or-context-scene	medium	needs_teacher_approved_sense		pending	no
pay-up-cd7a4ec1	pay up	verb	C1	reading	context-scene	medium	needs_teacher_approved_sense		pending	no
personnel-fc08ce9e	personnel	noun	C1	reading	object-or-context-scene	medium	needs_teacher_approved_sense		pending	no
pick-sth-out-662513ac	pick sth out	verb	C1	reading	context-scene	medium	needs_teacher_approved_sense		pending	no
pick-up-sth-b73106af	pick up sth	verb	C1	reading	context-scene	medium	needs_teacher_approved_sense		pending	no
poll-4b687891	poll	noun	C1	listening	object-or-context-scene	medium	needs_teacher_approved_sense		pending	no
pond-17b30a3b	pond	noun	C1	listening	object-or-context-scene	medium	needs_teacher_approved_sense		pending	no
programme-9e2f1451	programme	noun	A1|A2	reading	object-or-context-scene	medium	needs_teacher_approved_sense		pending	no
provision-868b357f	provision	noun	C1	writing	concept-metaphor	medium	needs_teacher_approved_sense		pending	no
pull-over-f52288bc	pull over	verb	C1	reading	context-scene	medium	needs_teacher_approved_sense		pending	no
pull-up-abd4db93	pull up	verb	C1	reading	context-scene	medium	needs_teacher_approved_sense		pending	no
put-sth-off-04f783a7	put sth off	verb	C1	reading	context-scene	medium	needs_teacher_approved_sense		pending	no
recipient-dc00fa84	recipient	noun	C1	listening	object-or-context-scene	medium	needs_teacher_approved_sense		pending	no
regime-814189e5	regime	noun	C1	reading	object-or-context-scene	medium	needs_teacher_approved_sense		pending	no
remedy-201bd9db	remedy	noun	C1	listening	object-or-context-scene	medium	needs_teacher_approved_sense		pending	no
resign-8d4ae7a0	resign	verb|verb phrase	B2	reading	context-scene	medium	needs_teacher_approved_sense		pending	no
set-off-sth-6789dd9e	set off sth	verb	C1	reading	context-scene	medium	needs_teacher_approved_sense		pending	no
set-sth-out-45cb1a9b	set sth out	verb|verb phrase	C1	reading	context-scene	medium	needs_teacher_approved_sense		pending	no
set-up-sth-55f9b993	set up sth	verb	C1	reading	context-scene	medium	needs_teacher_approved_sense		pending	no
settle-into-sth-f03202d3	settle into sth	verb	C1	reading	context-scene	medium	needs_teacher_approved_sense		pending	no
settle-on-sth-768821be	settle on sth	verb	C1	reading	context-scene	medium	needs_teacher_approved_sense		pending	no
settle-up-771e1959	settle up	verb	C1	reading	context-scene	medium	needs_teacher_approved_sense		pending	no
sheer-92bf0ede	sheer	adjective	C1	writing	contrast-pair	medium	needs_teacher_approved_sense		pending	no
shrink-b083875b	shrink	verb	C1	reading	action-scene	medium	needs_teacher_approved_sense		pending	no
simultaneously-2b29c3ce	simultaneously	adverb	C1	writing	manner-sequence	medium	needs_teacher_approved_sense		pending	no
spouse-ed2786f7	spouse	noun	C1	reading	object-or-context-scene	medium	needs_teacher_approved_sense		pending	no
stay-behind-2884fddf	stay behind	phrasal verb|verb	B1|C1	reading	context-scene	medium	needs_teacher_approved_sense		pending	no
stem-e1d3fe39	stem	noun|verb	C1	listening	multi-sense-panel	medium	needs_teacher_approved_sense		pending	no
stretch-14431dad	stretch	noun|verb|verb phrase	B2	reading	multi-sense-panel	medium	needs_teacher_approved_sense		pending	no
study-under-sb-559f23e2	study under sb	verb	C1	reading	context-scene	medium	needs_teacher_approved_sense		pending	no
subtle-10a4d47a	subtle	adjective	C1	writing	contrast-pair	medium	needs_teacher_approved_sense		pending	no
suite-5cd55651	suite	noun	C1	listening	object-or-context-scene	medium	needs_teacher_approved_sense		pending	no
summer-6420ed4d	summer	noun	A1|A2	reading	object-or-context-scene	medium	needs_teacher_approved_sense		pending	no
supervise-a25f3fc1	supervise	verb	C1	listening	action-scene	medium	needs_teacher_approved_sense		pending	no
supervisor-0f4d09e4	supervisor	noun	C1	listening	object-or-context-scene	medium	needs_teacher_approved_sense		pending	no
sweep-sth-aside-fec94861	sweep sth aside	verb	C1	reading	context-scene	medium	needs_teacher_approved_sense		pending	no
symbolic-06f9b0fa	symbolic	adjective	C1	writing	contrast-pair	medium	needs_teacher_approved_sense		pending	no
tackle-93d42315	tackle	noun|verb|verb phrase	B2|C1	reading	multi-sense-panel	medium	needs_teacher_approved_sense		pending	no
tease-out-sth-251c1c3b	tease out sth	verb	C1	reading	context-scene	medium	needs_teacher_approved_sense		pending	no
tenant-b32c3765	tenant	noun	C1	listening	object-or-context-scene	medium	needs_teacher_approved_sense		pending	no
tooth-63b3ea55	tooth	noun	A1|A2	reading	object-or-context-scene	medium	needs_teacher_approved_sense		pending	no
traffic-jam-daec3699	traffic jam	noun	B1|C1	reading	context-scene	medium	needs_teacher_approved_sense		pending	no
treadmill-97a4cba3	treadmill	noun	C1	listening	object-or-context-scene	medium	needs_teacher_approved_sense		pending	no
tuition-faca8625	tuition	noun	C1	writing	concept-metaphor	medium	needs_teacher_approved_sense		pending	no
turn-out-98637279	turn out	verb	C1	reading	context-scene	medium	needs_teacher_approved_sense		pending	no
turn-over-f2b227b6	turn over	verb	C1	reading	context-scene	medium	needs_teacher_approved_sense		pending	no
utterly-4ced1e69	utterly	adverb	C1	writing	manner-sequence	medium	needs_teacher_approved_sense		pending	no
veteran-c3313183	veteran	adjective|noun	C1	writing	multi-sense-panel	medium	needs_teacher_approved_sense		pending	no
vote-sb-off-9e9de58b	vote sb off	verb	C1	reading	context-scene	medium	needs_teacher_approved_sense		pending	no
warehouse-4a35c064	warehouse	noun	C1	reading	object-or-context-scene	medium	needs_teacher_approved_sense		pending	no
well-being-19591ab8	well-being	noun	C1	reading	object-or-context-scene	medium	needs_teacher_approved_sense		pending	no
width-70bec8a9	width	noun	C1	listening	object-or-context-scene	medium	needs_teacher_approved_sense		pending	no
wind-sb-up-95743ac8	wind sb up	verb	C1	reading	context-scene	medium	needs_teacher_approved_sense		pending	no
winter-1ef41af4	winter	noun	A1|A2	reading	object-or-context-scene	medium	needs_teacher_approved_sense		pending	no
wipe-sth-out-c416cfe9	wipe sth out	verb	C1	reading	context-scene	medium	needs_teacher_approved_sense		pending	no
wrap-up-bea79731	wrap up	phrasal verb|verb	B1|C1	reading	context-scene	medium	needs_teacher_approved_sense		pending	no
dis-honest-6bcd2ca1	(dis)honest	adjective	B2	writing	contrast-pair	medium	needs_teacher_approved_sense		pending	no
first-round-f6f45bd7	(first) round	noun	B2	reading	context-scene	medium	needs_teacher_approved_sense		pending	no
football-stadium-c7f9a788	(football) stadium	noun	B2	reading	context-scene	medium	needs_teacher_approved_sense		pending	no
golf-club-ef7da29d	(golf) club	noun	B2	reading	context-scene	medium	needs_teacher_approved_sense		pending	no
golf-course-6e621a6c	(golf) course	noun	B2	reading	context-scene	medium	needs_teacher_approved_sense		pending	no
ice-hockey-999045ce	(ice) hockey	noun	B2	reading	context-scene	medium	needs_teacher_approved_sense		pending	no
im-patient-2bcaacd2	(im)patient	adjective	B2	writing	contrast-pair	medium	needs_teacher_approved_sense		pending	no
im-polite-9991ffd0	(im)polite	adjective	B2	writing	contrast-pair	medium	needs_teacher_approved_sense		pending	no
in-tune-9d51dcb1	(in) tune	noun	B2	reading	context-scene	medium	needs_teacher_approved_sense		pending	no
in-considerate-965f8126	(in)considerate	adjective	B2	writing	contrast-pair	medium	needs_teacher_approved_sense		pending	no
taxi-meter-1a3c8a83	(taxi) meter	noun	B2	reading	context-scene	medium	needs_teacher_approved_sense		pending	no
tennis-squash-court-3a32e289	(tennis/squash) court	noun	B2	reading	context-scene	medium	needs_teacher_approved_sense		pending	no
tree-trunk-c1ad5cc9	(tree) trunk	noun	B2	reading	context-scene	medium	needs_teacher_approved_sense		pending	no
un-healthy-e6fa07e1	(un)healthy	adjective	B2	writing	contrast-pair	medium	needs_teacher_approved_sense		pending	no
un-imaginative-60297d9e	(un)imaginative	adjective	B2	writing	contrast-pair	medium	needs_teacher_approved_sense		pending	no
un-kind-c4dbd728	(un)kind	adjective	B2	writing	contrast-pair	medium	needs_teacher_approved_sense		pending	no
un-popular-5d843001	(un)popular	adjective	B2	writing	contrast-pair	medium	needs_teacher_approved_sense		pending	no
un-reliable-24361bab	(un)reliable	adjective	B2	writing	contrast-pair	medium	needs_teacher_approved_sense		pending	no
wet-dry-season-9f4cf83a	(wet/dry) season	noun	B2	reading	context-scene	medium	needs_teacher_approved_sense		pending	no
abandon-f930859e	abandon	verb	B2	reading	action-scene	medium	needs_teacher_approved_sense		pending	no
absolute-da4dbfbc	absolute	adjective	B2	writing	contrast-pair	medium	needs_teacher_approved_sense		pending	no
absorb-846e2a86	absorb	verb	B2	reading	action-scene	medium	needs_teacher_approved_sense		pending	no
academic-27bc2c56	academic	adjective|noun	B1|B2	writing	multi-sense-panel	medium	needs_teacher_approved_sense		pending	no
accidentally-b7f71f41	accidentally	adverb	B2	writing	manner-sequence	medium	needs_teacher_approved_sense		pending	no
accommodate-d0da2a38	accommodate	verb	B2	reading	action-scene	medium	needs_teacher_approved_sense		pending	no
accomplish-525cac8b	accomplish	verb	B2	reading	action-scene	medium	needs_teacher_approved_sense		pending	no
accuracy-26de05a4	accuracy	noun	B2	writing	concept-metaphor	medium	needs_teacher_approved_sense		pending	no
accurately-659e5375	accurately	adverb	B2	writing	manner-sequence	medium	needs_teacher_approved_sense		pending	no
accuse-d3e0c4f5	accuse	verb	B2	reading	action-scene	medium	needs_teacher_approved_sense		pending	no
ache-f4d86d36	ache	noun	B1	reading	object-or-context-scene	medium	needs_teacher_approved_sense		pending	no
acid-434b0a6d	acid	adjective|noun	B2|C1	writing	multi-sense-panel	medium	needs_teacher_approved_sense		pending	no
acknowledge-4f6c0a36	acknowledge	verb	B2	reading	action-scene	medium	needs_teacher_approved_sense		pending	no
acquaintance-5695170f	acquaintance	noun	B2	writing	concept-metaphor	medium	needs_teacher_approved_sense		pending	no
acquire-657d3c77	acquire	verb	B2	reading	action-scene	medium	needs_teacher_approved_sense		pending	no
activate-2c1e2b1d	activate	verb	B2	reading	action-scene	medium	needs_teacher_approved_sense		pending	no
actual-50f46198	actual	adjective	B2	writing	contrast-pair	medium	needs_teacher_approved_sense		pending	no
adapt-40fe84e6	adapt	verb	B2	reading	action-scene	medium	needs_teacher_approved_sense		pending	no
addiction-ad38cf55	addiction	noun	B2	writing	concept-metaphor	medium	needs_teacher_approved_sense		pending	no
additional-20412476	additional	adjective	B2	writing	contrast-pair	medium	needs_teacher_approved_sense		pending	no
additionally-18f88a80	additionally	adverb	B2	writing	manner-sequence	medium	needs_teacher_approved_sense		pending	no
adequate-48a72c68	adequate	adjective	B2	writing	contrast-pair	medium	needs_teacher_approved_sense		pending	no
adequately-9e6d22eb	adequately	adverb	B2	writing	manner-sequence	medium	needs_teacher_approved_sense		pending	no
adjust-a11f5c3b	adjust	verb	B2	reading	action-scene	medium	needs_teacher_approved_sense		pending	no
adopt-66303ec0	adopt	verb	B2	reading	action-scene	medium	needs_teacher_approved_sense		pending	no
advert-c821b09b	advert	noun	B1	reading	object-or-context-scene	medium	needs_teacher_approved_sense		pending	no
aerobics-76b10106	aerobics	noun	B2	reading	object-or-context-scene	medium	needs_teacher_approved_sense		pending	no
affair-883bac1f	affair	noun	B2	reading	object-or-context-scene	medium	needs_teacher_approved_sense		pending	no
agenda-dafd5013	agenda	noun	B2	reading	object-or-context-scene	medium	needs_teacher_approved_sense		pending	no
agent-0608c405	agent	noun	B1	reading	object-or-context-scene	medium	needs_teacher_approved_sense		pending	no
ages-c5a335c0	ages	noun	B1	reading	object-or-context-scene	medium	needs_teacher_approved_sense		pending	no
agreement-c0e57121	agreement	noun	B1	reading	concept-metaphor	medium	needs_teacher_approved_sense		pending	no
aid-69482e48	aid	noun|verb	B2	reading	multi-sense-panel	medium	needs_teacher_approved_sense		pending	no
aids-3c649185	AIDS	noun	B2	reading	object-or-context-scene	medium	needs_teacher_approved_sense		pending	no
air-force-1a2e5c6b	air force	noun	B1	speaking	context-scene	medium	needs_teacher_approved_sense		pending	no
alarm-clock-9a9db242	alarm clock	noun	B1	speaking	context-scene	medium	needs_teacher_approved_sense		pending	no
alcohol-52efcb6c	alcohol	noun	B1	reading	object-or-context-scene	medium	needs_teacher_approved_sense		pending	no
alcoholic-ee0d9397	alcoholic	adjective	B1	reading	contrast-pair	medium	needs_teacher_approved_sense		pending	no
alien-f9965239	alien	adjective|noun	B2|C1	writing	multi-sense-panel	medium	needs_teacher_approved_sense		pending	no
aloud-d2d4898b	aloud	adverb	B1	speaking	manner-sequence	medium	needs_teacher_approved_sense		pending	no
alphabet-c65dc3b9	alphabet	noun	B1	reading	object-or-context-scene	medium	needs_teacher_approved_sense		pending	no
alternative-816d63e6	alternative	adjective|noun	A2|B1	reading	multi-sense-panel	medium	needs_teacher_approved_sense		pending	no
amazement-278c42cb	amazement	noun	B2	writing	concept-metaphor	medium	needs_teacher_approved_sense		pending	no
analyse-c5c81bdc	analyse	verb	B1	reading	action-scene	medium	needs_teacher_approved_sense		pending	no
analysis-36847a29	analysis	noun	B1	reading	object-or-context-scene	medium	needs_teacher_approved_sense		pending	no
analyst-e366805d	analyst	noun	B2	reading	object-or-context-scene	medium	needs_teacher_approved_sense		pending	no
angle-11a9215e	angle	noun	B2	reading	object-or-context-scene	medium	needs_teacher_approved_sense		pending	no
animation-a6b8b600	animation	noun	B2	writing	concept-metaphor	medium	needs_teacher_approved_sense		pending	no
annoyance-66badcf4	annoyance	noun	B2	writing	concept-metaphor	medium	needs_teacher_approved_sense		pending	no
annoying-c2bd63c1	annoying	adjective	B1	reading	contrast-pair	medium	needs_teacher_approved_sense		pending	no
annually-ef3486f1	annually	adverb	B2	writing	manner-sequence	medium	needs_teacher_approved_sense		pending	no
answerphone-97c85460	answerphone	noun	B1	reading	object-or-context-scene	medium	needs_teacher_approved_sense		pending	no
ant-64bd05d8	ant	noun	B1	reading	object-or-context-scene	medium	needs_teacher_approved_sense		pending	no
antibiotic-57d91230	antibiotic	noun	B2	reading	object-or-context-scene	medium	needs_teacher_approved_sense		pending	no
anticipate-4dc2fddc	anticipate	verb	B2	reading	action-scene	medium	needs_teacher_approved_sense		pending	no
antihistamine-694a7b11	antihistamine	noun	B2	reading	object-or-context-scene	medium	needs_teacher_approved_sense		pending	no
antique-8897f448	antique	adjective|noun	B1	reading	multi-sense-panel	medium	needs_teacher_approved_sense		pending	no
anymore-e1c26037	anymore	adverb	B1	speaking	manner-sequence	medium	needs_teacher_approved_sense		pending	no
apart-from-9d67309d	apart from	adverb	B1	speaking	context-scene	medium	needs_teacher_approved_sense		pending	no
apologise-4c08251e	apologise	verb	B1	speaking	action-scene	medium	needs_teacher_approved_sense		pending	no
apologize-31cfc0a4	apologize	verb	B1	reading	action-scene	medium	needs_teacher_approved_sense		pending	no
apparent-569581db	apparent	adjective	B2	writing	contrast-pair	medium	needs_teacher_approved_sense		pending	no
apparently-5715ee98	apparently	adverb	B2	writing	manner-sequence	medium	needs_teacher_approved_sense		pending	no
appreciate-6e546a8e	appreciate	verb	B1	reading	action-scene	medium	needs_teacher_approved_sense		pending	no
appropriate-f290fd9a	appropriate	adjective	B2	writing	contrast-pair	medium	needs_teacher_approved_sense		pending	no
appropriately-c8453f92	appropriately	adverb	B2	writing	manner-sequence	medium	needs_teacher_approved_sense		pending	no
approval-59494695	approval	noun	B2	reading	object-or-context-scene	medium	needs_teacher_approved_sense		pending	no
archaeological-e2e7f5bd	archaeological	adjective	B2	writing	contrast-pair	medium	needs_teacher_approved_sense		pending	no
arithmetic-18ca194a	Arithmetic	noun	B1	reading	object-or-context-scene	medium	needs_teacher_approved_sense		pending	no
armchair-2e3faf15	armchair	noun	B1	reading	object-or-context-scene	medium	needs_teacher_approved_sense		pending	no
armed-f44ab236	armed	adjective	B2	writing	contrast-pair	medium	needs_teacher_approved_sense		pending	no
arms-0dfa6acc	arms	noun	B2	reading	object-or-context-scene	medium	needs_teacher_approved_sense		pending	no
arrogant-4d253eb3	arrogant	adjective	B2	writing	contrast-pair	medium	needs_teacher_approved_sense		pending	no
arrow-39a531d9	arrow	noun	B2	reading	object-or-context-scene	medium	needs_teacher_approved_sense		pending	no
artwork-fb35823a	artwork	noun	B2	reading	object-or-context-scene	medium	needs_teacher_approved_sense		pending	no
aside-b77cad14	aside	adverb	B2	writing	manner-sequence	medium	needs_teacher_approved_sense		pending	no
aspect-4b58e98b	aspect	noun	B2	reading	object-or-context-scene	medium	needs_teacher_approved_sense		pending	no
aspirin-80ae4485	aspirin	noun	B1	reading	object-or-context-scene	medium	needs_teacher_approved_sense		pending	no
assess-e910868a	assess	verb	B2	reading	action-scene	medium	needs_teacher_approved_sense		pending	no
asset-05fac943	asset	noun	B2	reading	object-or-context-scene	medium	needs_teacher_approved_sense		pending	no
assign-9009b730	assign	verb	B2	reading	action-scene	medium	needs_teacher_approved_sense		pending	no
assistance-9e8a01f2	assistance	noun	B2	writing	concept-metaphor	medium	needs_teacher_approved_sense		pending	no
associate-adb833ac	associate	verb	B2	reading	action-scene	medium	needs_teacher_approved_sense		pending	no
associated-dcf70c92	associated	adjective	B2	writing	contrast-pair	medium	needs_teacher_approved_sense		pending	no
association-8cbb5718	association	noun	B2	writing	concept-metaphor	medium	needs_teacher_approved_sense		pending	no
assume-661e458e	assume	verb	B2	reading	action-scene	medium	needs_teacher_approved_sense		pending	no
assumption-57763304	assumption	noun	B2	writing	concept-metaphor	medium	needs_teacher_approved_sense		pending	no
assure-a90bcd21	assure	verb	B2	reading	action-scene	medium	needs_teacher_approved_sense		pending	no
astonished-75a137ac	astonished	adjective	B2	writing	contrast-pair	medium	needs_teacher_approved_sense		pending	no
astonishing-f3b889fe	astonishing	adjective	B2	writing	contrast-pair	medium	needs_teacher_approved_sense		pending	no
astronaut-30f83b95	astronaut	noun	B1	reading	object-or-context-scene	medium	needs_teacher_approved_sense		pending	no
astronomer-1394cf20	astronomer	noun	B2	reading	object-or-context-scene	medium	needs_teacher_approved_sense		pending	no
astronomy-4635deeb	astronomy	noun	B2	reading	object-or-context-scene	medium	needs_teacher_approved_sense		pending	no
atlas-ece8f46b	atlas	noun	B2	reading	object-or-context-scene	medium	needs_teacher_approved_sense		pending	no
attachment-1625e5ed	attachment	noun	B2	writing	concept-metaphor	medium	needs_teacher_approved_sense		pending	no
audio-a06a4929	audio	adjective	B2	writing	contrast-pair	medium	needs_teacher_approved_sense		pending	no
authority-66f5c871	authority	noun	B1	reading	concept-metaphor	medium	needs_teacher_approved_sense		pending	no
automatic-ebe88724	automatic	adjective	B2	writing	contrast-pair	medium	needs_teacher_approved_sense		pending	no
automatically-6c125717	automatically	adverb	B2	writing	manner-sequence	medium	needs_teacher_approved_sense		pending	no
awake-93d34b45	awake	adjective	B1	reading	contrast-pair	medium	needs_teacher_approved_sense		pending	no
award-ba19cc7b	award	noun|verb	A2|B1	reading	multi-sense-panel	medium	needs_teacher_approved_sense		pending	no
aware-80f29f59	aware	adjective	B1	reading	contrast-pair	medium	needs_teacher_approved_sense		pending	no
awareness-eee3afcf	awareness	noun	B2	writing	concept-metaphor	medium	needs_teacher_approved_sense		pending	no
awesome-03d67c26	awesome	adjective	B1	reading	contrast-pair	medium	needs_teacher_approved_sense		pending	no
awkward-f7d4c2e5	awkward	adjective	B2	writing	contrast-pair	medium	needs_teacher_approved_sense		pending	no
babysit-a32b7ce1	babysit	verb	B1	speaking	action-scene	medium	needs_teacher_approved_sense		pending	no
babysitter-8ce26ed0	babysitter	noun	B1	reading	object-or-context-scene	medium	needs_teacher_approved_sense		pending	no
backgammon-9830fc8e	backgammon	noun	B2	reading	object-or-context-scene	medium	needs_teacher_approved_sense		pending	no
backpacker-c659ab9c	backpacker	noun	B1	reading	object-or-context-scene	medium	needs_teacher_approved_sense		pending	no
backpacking-b3407461	backpacking	noun	B1	reading	object-or-context-scene	medium	needs_teacher_approved_sense		pending	no
bacteria-bc5cdba9	bacteria	noun	B2	reading	object-or-context-scene	medium	needs_teacher_approved_sense		pending	no
bad-tempered-614bb049	bad-tempered	adjective	B2	writing	contrast-pair	medium	needs_teacher_approved_sense		pending	no
badge-adac3846	badge	noun	B2	reading	object-or-context-scene	medium	needs_teacher_approved_sense		pending	no
baggage-feb52290	baggage	noun	B1	reading	object-or-context-scene	medium	needs_teacher_approved_sense		pending	no
baker-60ab90e1	baker	noun	B1	reading	object-or-context-scene	medium	needs_teacher_approved_sense		pending	no
balcony-6d55c097	balcony	noun	B1	reading	object-or-context-scene	medium	needs_teacher_approved_sense		pending	no
bald-4675f60d	bald	adjective	B1	reading	contrast-pair	medium	needs_teacher_approved_sense		pending	no
bang-0ab79927	bang	noun|verb	B2	reading	multi-sense-panel	medium	needs_teacher_approved_sense		pending	no
bank-account-d111ba38	bank account	noun	B1	speaking	context-scene	medium	needs_teacher_approved_sense		pending	no
banker-0d395bba	banker	noun	B1	reading	object-or-context-scene	medium	needs_teacher_approved_sense		pending	no
banking-2ccea9f2	banking	noun	B1	reading	object-or-context-scene	medium	needs_teacher_approved_sense		pending	no
barber-3ff63ef4	barber	noun	B1	reading	object-or-context-scene	medium	needs_teacher_approved_sense		pending	no
barely-7ac36259	barely	adverb	B2	writing	manner-sequence	medium	needs_teacher_approved_sense		pending	no
barrier-779455ee	barrier	noun	B2	reading	object-or-context-scene	medium	needs_teacher_approved_sense		pending	no
base-1405df66	base	noun|verb	B1	reading	multi-sense-panel	medium	needs_teacher_approved_sense		pending	no
base-on-27fe1358	base on	phrasal verb|verb	B1	speaking	context-scene	medium	needs_teacher_approved_sense		pending	no
basically-446c971d	basically	adverb	B2	writing	manner-sequence	medium	needs_teacher_approved_sense		pending	no
basin-1ade45cf	basin	noun	B1	reading	object-or-context-scene	medium	needs_teacher_approved_sense		pending	no
basis-8832a02f	basis	noun	B1	reading	object-or-context-scene	medium	needs_teacher_approved_sense		pending	no
bathing-suit-092d152e	bathing suit	noun	B1	speaking	context-scene	medium	needs_teacher_approved_sense		pending	no
bathtub-37d00e85	bathtub	noun	B1	reading	object-or-context-scene	medium	needs_teacher_approved_sense		pending	no
be-cut-off-c54ac4f5	be cut off	verb|verb phrase	B2	speaking	context-scene	medium	needs_teacher_approved_sense		pending	no
be-dressed-in-2f5cc6f2	be dressed in	verb|verb phrase	B2	speaking	context-scene	medium	needs_teacher_approved_sense		pending	no
be-in-stock-0b228589	be in stock	verb|verb phrase	B2	speaking	context-scene	medium	needs_teacher_approved_sense		pending	no
be-made-redundant-50cf7abd	be made redundant	verb|verb phrase	B2	speaking	context-scene	medium	needs_teacher_approved_sense		pending	no
be-out-of-work-17f6fb00	be out of work	verb|verb phrase	B2	speaking	context-scene	medium	needs_teacher_approved_sense		pending	no
be-over-965c4953	be over	phrasal verb|verb	B1	speaking	context-scene	medium	needs_teacher_approved_sense		pending	no
be-promoted-f8071a3e	be promoted	verb|verb phrase	B2	speaking	context-scene	medium	needs_teacher_approved_sense		pending	no
beard-c8dc9f4d	beard	noun	B1	reading	object-or-context-scene	medium	needs_teacher_approved_sense		pending	no
beg-ff14a362	beg	verb	B2	reading	action-scene	medium	needs_teacher_approved_sense		pending	no
being-e8b95d66	being	noun	B2	reading	object-or-context-scene	medium	needs_teacher_approved_sense		pending	no
bend-abf1da7e	bend	noun|verb	B1	reading	multi-sense-panel	medium	needs_teacher_approved_sense		pending	no
beneficial-28eaf2fe	beneficial	adjective	B2	writing	contrast-pair	medium	needs_teacher_approved_sense		pending	no
bent-042ee58d	bent	adjective	B2	writing	contrast-pair	medium	needs_teacher_approved_sense		pending	no
bestseller-76e09adb	bestseller	noun	B1	reading	object-or-context-scene	medium	needs_teacher_approved_sense		pending	no
bet-c033816b	bet	noun|verb	B2	reading	multi-sense-panel	medium	needs_teacher_approved_sense		pending	no
bias-e1e8289a	bias	noun	B2	reading	object-or-context-scene	medium	needs_teacher_approved_sense		pending	no
bid-a65df709	bid	noun|verb	B2	reading	multi-sense-panel	medium	needs_teacher_approved_sense		pending	no
biological-e4f8d33a	biological	adjective	B2	writing	contrast-pair	medium	needs_teacher_approved_sense		pending	no
biologist-885d121c	biologist	noun	B2	reading	object-or-context-scene	medium	needs_teacher_approved_sense		pending	no
blackboard-848278c4	blackboard	noun	B1	reading	object-or-context-scene	medium	needs_teacher_approved_sense		pending	no
blink-dcae3a7a	blink	verb	B2	reading	action-scene	medium	needs_teacher_approved_sense		pending	no
blister-62dd4ac9	blister	noun	B2	reading	object-or-context-scene	medium	needs_teacher_approved_sense		pending	no
board-game-befd5f5a	board game	noun	B1	speaking	context-scene	medium	needs_teacher_approved_sense		pending	no
boiled-1fbc4e00	boiled	adjective	B1	reading	contrast-pair	medium	needs_teacher_approved_sense		pending	no
bombing-08fe0da2	bombing	noun	B2	reading	object-or-context-scene	medium	needs_teacher_approved_sense		pending	no
bond-1d2bba5d	bond	noun	B2	reading	object-or-context-scene	medium	needs_teacher_approved_sense		pending	no
bookcase-0efba811	bookcase	noun	B1	reading	object-or-context-scene	medium	needs_teacher_approved_sense		pending	no
booking-office-b000ff5c	booking office	noun	B1	speaking	context-scene	medium	needs_teacher_approved_sense		pending	no
bookstore-ee710b91	bookstore	noun	B1	reading	object-or-context-scene	medium	needs_teacher_approved_sense		pending	no
boost-f7d80df0	boost	noun|verb	B2	reading	multi-sense-panel	medium	needs_teacher_approved_sense		pending	no
bottle-bank-de726062	bottle bank	noun	B1	speaking	context-scene	medium	needs_teacher_approved_sense		pending	no
bound-4d46077c	bound	adjective	B2	writing	contrast-pair	medium	needs_teacher_approved_sense		pending	no
bowling-alley-003a3330	bowling alley	noun	B2	reading	context-scene	medium	needs_teacher_approved_sense		pending	no
boxing-b2f6c56e	boxing	noun	B1	reading	object-or-context-scene	medium	needs_teacher_approved_sense		pending	no
bracelet-9e3650e8	bracelet	noun	B1	reading	object-or-context-scene	medium	needs_teacher_approved_sense		pending	no
brand-63acf68c	brand	noun|verb	B1	reading	multi-sense-panel	medium	needs_teacher_approved_sense		pending	no
brand-new-9f508822	brand new	adjective	B1	speaking	context-scene	medium	needs_teacher_approved_sense		pending	no
break-in-b6ca7bff	break in	phrasal verb|verb	B1	speaking	context-scene	medium	needs_teacher_approved_sense		pending	no
break-up-b313d196	break up	phrasal verb|verb	B1	speaking	context-scene	medium	needs_teacher_approved_sense		pending	no
breast-f4ac2d68	breast	noun	B2	reading	object-or-context-scene	medium	needs_teacher_approved_sense		pending	no
breathing-93105362	breathing	noun	B1	reading	object-or-context-scene	medium	needs_teacher_approved_sense		pending	no
breathtaking-ffdec642	breathtaking	adjective	B2	writing	contrast-pair	medium	needs_teacher_approved_sense		pending	no
briefly-cc56ed1a	briefly	adverb	B2	writing	manner-sequence	medium	needs_teacher_approved_sense		pending	no
bring-up-a216cde4	bring up	phrasal verb|verb	B1	speaking	context-scene	medium	needs_teacher_approved_sense		pending	no
broadcaster-476b99af	broadcaster	noun	B2	reading	object-or-context-scene	medium	needs_teacher_approved_sense		pending	no
broadly-ef8e6b81	broadly	adverb	B2	writing	manner-sequence	medium	needs_teacher_approved_sense		pending	no
broccoli-14400de4	broccoli	noun	B1	reading	object-or-context-scene	medium	needs_teacher_approved_sense		pending	no
bubble-834184e4	bubble	noun	B1	reading	object-or-context-scene	medium	needs_teacher_approved_sense		pending	no
bucket-827b8276	bucket	noun	B1	reading	object-or-context-scene	medium	needs_teacher_approved_sense		pending	no
budget-81e4a552	budget	noun	B2	reading	object-or-context-scene	medium	needs_teacher_approved_sense		pending	no
build-up-e839c65d	build up	verb|verb phrase	B2	speaking	context-scene	medium	needs_teacher_approved_sense		pending	no
builder-f52318a0	builder	noun	B2	reading	object-or-context-scene	medium	needs_teacher_approved_sense		pending	no
bulb-7ca6c151	bulb	noun	B1	reading	object-or-context-scene	medium	needs_teacher_approved_sense		pending	no
bull-138d7325	bull	noun	B1	reading	object-or-context-scene	medium	needs_teacher_approved_sense		pending	no
bullet-472da2b9	bullet	noun	B2	reading	object-or-context-scene	medium	needs_teacher_approved_sense		pending	no
burglar-acc56fc5	burglar	noun	B2	reading	object-or-context-scene	medium	needs_teacher_approved_sense		pending	no
burglary-e49f7d57	burglary	noun	B2	reading	object-or-context-scene	medium	needs_teacher_approved_sense		pending	no
burgle-a60c4b1b	burgle	verb	B2	reading	action-scene	medium	needs_teacher_approved_sense		pending	no
burning-347ff910	burning	adjective	B1	reading	contrast-pair	medium	needs_teacher_approved_sense		pending	no
business-studies-14ac2593	business studies	noun	B2	reading	context-scene	medium	needs_teacher_approved_sense		pending	no
butcher-9263aacd	butcher	noun	B1	reading	object-or-context-scene	medium	needs_teacher_approved_sense		pending	no
butterfly-ba856797	butterfly	noun	B1	reading	object-or-context-scene	medium	needs_teacher_approved_sense		pending	no
buyer-9b165e49	buyer	noun	B1	reading	object-or-context-scene	medium	needs_teacher_approved_sense		pending	no
cabbage-05d1ce01	cabbage	noun	B1	reading	object-or-context-scene	medium	needs_teacher_approved_sense		pending	no
cabin-crew-2edc1786	cabin crew	noun	B2	reading	context-scene	medium	needs_teacher_approved_sense		pending	no
cafe-cafe-dc28d40b	cafe/café	noun	A2	speaking	object-or-context-scene	medium	needs_teacher_approved_sense		pending	no
cafe-cafe-df5935ee	café/cafe	noun	B1	reading	object-or-context-scene	medium	needs_teacher_approved_sense		pending	no
calculate-a8f700e7	calculate	verb	B2	reading	action-scene	medium	needs_teacher_approved_sense		pending	no
calculator-46237b3d	calculator	noun	B1	reading	object-or-context-scene	medium	needs_teacher_approved_sense		pending	no
calendar-e4ffacba	calendar	noun	B1	reading	object-or-context-scene	medium	needs_teacher_approved_sense		pending	no
calf-12117187	calf	noun	B1	reading	object-or-context-scene	medium	needs_teacher_approved_sense		pending	no
call-for-cea0f7ff	call for	phrasal verb|verb	B1	speaking	context-scene	medium	needs_teacher_approved_sense		pending	no
call-in-68b9aa33	call in	phrasal verb|verb	B1	speaking	context-scene	medium	needs_teacher_approved_sense		pending	no
calorie-9217416f	calorie	noun	B2	reading	object-or-context-scene	medium	needs_teacher_approved_sense		pending	no
campaign-23f43ae9	campaign	noun|verb	B1	reading	multi-sense-panel	medium	needs_teacher_approved_sense		pending	no
camper-van-8b339168	camper van	noun	B2	reading	context-scene	medium	needs_teacher_approved_sense		pending	no
cancer-30632c30	cancer	noun	B2	reading	object-or-context-scene	medium	needs_teacher_approved_sense		pending	no
candy-615923d8	candy	noun	B1	reading	object-or-context-scene	medium	needs_teacher_approved_sense		pending	no
capable-a503f77f	capable	adjective	B2	writing	contrast-pair	medium	needs_teacher_approved_sense		pending	no
capacity-7cb1f56d	capacity	noun	B2	writing	concept-metaphor	medium	needs_teacher_approved_sense		pending	no
capture-fbc259d1	capture	noun|verb	B2	reading	multi-sense-panel	medium	needs_teacher_approved_sense		pending	no
carbohydrate-d1402d57	carbohydrate	noun	B2	reading	object-or-context-scene	medium	needs_teacher_approved_sense		pending	no
carbon-d223dbe2	carbon	noun	B2	reading	object-or-context-scene	medium	needs_teacher_approved_sense		pending	no
carbon-footprint-b011d166	carbon footprint	noun	B2	reading	context-scene	medium	needs_teacher_approved_sense		pending	no
cardboard-3702badb	cardboard	adjective|noun	B1	reading	multi-sense-panel	medium	needs_teacher_approved_sense		pending	no
caring-ae20b2b7	caring	adjective	B2	writing	contrast-pair	medium	needs_teacher_approved_sense		pending	no
carry-on-08e18375	carry on	phrasal verb|verb	B1	speaking	context-scene	medium	needs_teacher_approved_sense		pending	no
carry-out-1d1e75bb	carry out	phrasal verb|verb	B1	speaking	context-scene	medium	needs_teacher_approved_sense		pending	no
cash-machine-89ad1e47	cash machine	noun	B1	speaking	context-scene	medium	needs_teacher_approved_sense		pending	no
cashpoint-e0548df9	cashpoint	noun	B1	reading	object-or-context-scene	medium	needs_teacher_approved_sense		pending	no
category-5ccbf9c9	category	noun	B1	reading	object-or-context-scene	medium	needs_teacher_approved_sense		pending	no
catering-9c411a87	catering	noun	B2	reading	object-or-context-scene	medium	needs_teacher_approved_sense		pending	no
cell-5f435eb3	cell	noun	B2	reading	object-or-context-scene	medium	needs_teacher_approved_sense		pending	no
cell-phone-3d32c1e6	cell phone	noun	B1	speaking	context-scene	medium	needs_teacher_approved_sense		pending	no
cellar-8f070498	cellar	noun	B2	reading	object-or-context-scene	medium	needs_teacher_approved_sense		pending	no
cello-b7cf79ff	cello	noun	B2	reading	object-or-context-scene	medium	needs_teacher_approved_sense		pending	no
centre-center-bdd1926c	centre/center	noun	B1	reading	object-or-context-scene	medium	needs_teacher_approved_sense		pending	no
cereal-1a44e948	cereal	noun	B1	reading	object-or-context-scene	medium	needs_teacher_approved_sense		pending	no
certainty-1f401e4e	certainty	noun	B2	reading	object-or-context-scene	medium	needs_teacher_approved_sense		pending	no
chairman-6c275d55	chairman	noun	B2	reading	object-or-context-scene	medium	needs_teacher_approved_sense		pending	no
changing-room-35359e7e	changing room	noun	B1	speaking	context-scene	medium	needs_teacher_approved_sense		pending	no
characteristic-8c7d515f	characteristic	adjective|noun	B2	writing	multi-sense-panel	medium	needs_teacher_approved_sense		pending	no
chart-b82b40b8	chart	noun|verb	A1|B2	reading	multi-sense-panel	medium	needs_teacher_approved_sense		pending	no
charts-3c1836f3	charts	noun	B2	reading	object-or-context-scene	medium	needs_teacher_approved_sense		pending	no
chase-702b78f4	chase	noun|verb	B2	reading	multi-sense-panel	medium	needs_teacher_approved_sense		pending	no
check-in-a0ba606b	check in	phrasal verb|verb	B1	speaking	context-scene	medium	needs_teacher_approved_sense		pending	no
check-out-cdb580e2	check out	phrasal verb|verb	B1	speaking	context-scene	medium	needs_teacher_approved_sense		pending	no
check-in-94c0fbc3	check-in	noun	B1	reading	object-or-context-scene	medium	needs_teacher_approved_sense		pending	no
checkout-d5491e7e	checkout	noun	B1	reading	object-or-context-scene	medium	needs_teacher_approved_sense		pending	no
cheer-db01e656	cheer	noun|verb	B2	reading	multi-sense-panel	medium	needs_teacher_approved_sense		pending	no
chest-be3ee181	chest	noun	B1	reading	object-or-context-scene	medium	needs_teacher_approved_sense		pending	no
chief-c4b038d0	chief	adjective|noun	B2	writing	multi-sense-panel	medium	needs_teacher_approved_sense		pending	no
chill-out-27c6a938	chill out	phrasal verb|verb	B1	speaking	context-scene	medium	needs_teacher_approved_sense		pending	no
chilli-aff8c5c7	chilli	noun	B1	reading	object-or-context-scene	medium	needs_teacher_approved_sense		pending	no
chin-44613ba4	chin	noun	B1	reading	object-or-context-scene	medium	needs_teacher_approved_sense		pending	no
chips-1247eb8f	chips	noun	A2	speaking	object-or-context-scene	medium	needs_teacher_approved_sense		pending	no
circumstance-a40ec44a	circumstance	noun	B2	writing	concept-metaphor	medium	needs_teacher_approved_sense		pending	no
cite-f7064cd7	cite	verb	B2	reading	action-scene	medium	needs_teacher_approved_sense		pending	no
citizen-e24be266	citizen	noun	B2	reading	object-or-context-scene	medium	needs_teacher_approved_sense		pending	no
civil-d66149f7	civil	adjective	B2	writing	contrast-pair	medium	needs_teacher_approved_sense		pending	no
civilization-5de7ac50	civilization	noun	B2	writing	concept-metaphor	medium	needs_teacher_approved_sense		pending	no
claim-013872e3	claim	noun|verb	B1	reading	multi-sense-panel	medium	needs_teacher_approved_sense		pending	no
clap-c19ab8d3	clap	verb	B1	speaking	action-scene	medium	needs_teacher_approved_sense		pending	no
clarify-ef8fe782	clarify	verb	B2	reading	action-scene	medium	needs_teacher_approved_sense		pending	no
classic-290b7518	classic	adjective|noun	B2	writing	multi-sense-panel	medium	needs_teacher_approved_sense		pending	no
classify-6144cd5e	classify	verb	B2	reading	action-scene	medium	needs_teacher_approved_sense		pending	no
clause-4c5c891f	clause	noun	B1	reading	object-or-context-scene	medium	needs_teacher_approved_sense		pending	no
cleaner-792b0f4d	cleaner	noun	B1	reading	object-or-context-scene	medium	needs_teacher_approved_sense		pending	no
client-d2a04d71	client	noun	B1	reading	object-or-context-scene	medium	needs_teacher_approved_sense		pending	no
clip-e3a93fa8	clip	noun	B2	reading	object-or-context-scene	medium	needs_teacher_approved_sense		pending	no
closely-be102793	closely	adverb	B2	writing	manner-sequence	medium	needs_teacher_approved_sense		pending	no
cloth-a8d3866e	cloth	noun	B1	reading	object-or-context-scene	medium	needs_teacher_approved_sense		pending	no
coconut-211c1140	coconut	noun	B1	reading	object-or-context-scene	medium	needs_teacher_approved_sense		pending	no
cod-83f67783	cod	noun	B1	reading	object-or-context-scene	medium	needs_teacher_approved_sense		pending	no
coincidence-e43b0043	coincidence	noun	B2	writing	concept-metaphor	medium	needs_teacher_approved_sense		pending	no
cola-7ff2f15b	cola	noun	B1	reading	object-or-context-scene	medium	needs_teacher_approved_sense		pending	no
collapse-86d3bfb6	collapse	noun|verb	B2	reading	multi-sense-panel	medium	needs_teacher_approved_sense		pending	no
collar-c5ac4fe1	collar	noun	B1	reading	object-or-context-scene	medium	needs_teacher_approved_sense		pending	no
collector-e9b14f01	collector	noun	B2	reading	object-or-context-scene	medium	needs_teacher_approved_sense		pending	no
college-of-further-education-8454e061	college of further education	noun	B2	writing	context-scene	medium	needs_teacher_approved_sense		pending	no
colony-f5f662b8	colony	noun	B2	reading	object-or-context-scene	medium	needs_teacher_approved_sense		pending	no
combination-77ffa6b4	combination	noun	B2	writing	concept-metaphor	medium	needs_teacher_approved_sense		pending	no
combine-815f9798	combine	verb	B1	reading	action-scene	medium	needs_teacher_approved_sense		pending	no
come-down-with-75bb26bc	come down with	verb|verb phrase	B2	speaking	context-scene	medium	needs_teacher_approved_sense		pending	no
come-on-fac2af70	come on	phrasal verb|verb	B1	speaking	context-scene	medium	needs_teacher_approved_sense		pending	no
comma-6806f9cd	comma	noun	B1	reading	object-or-context-scene	medium	needs_teacher_approved_sense		pending	no
command-1925f793	command	noun|verb	B2	reading	multi-sense-panel	medium	needs_teacher_approved_sense		pending	no
commander-bb8e5f5d	commander	noun	B2	reading	object-or-context-scene	medium	needs_teacher_approved_sense		pending	no
commercial-f8ef5300	commercial	adjective|noun	B1	reading	multi-sense-panel	medium	needs_teacher_approved_sense		pending	no
commission-f138cedf	commission	noun|verb	B2	writing	multi-sense-panel	medium	needs_teacher_approved_sense		pending	no
commit-4015b57a	commit	verb	B1	reading	action-scene	medium	needs_teacher_approved_sense		pending	no
commitment-ad068955	commitment	noun	B2	writing	concept-metaphor	medium	needs_teacher_approved_sense		pending	no
committee-faa75322	committee	noun	B2	reading	object-or-context-scene	medium	needs_teacher_approved_sense		pending	no
commonly-68d87230	commonly	adverb	B2	writing	manner-sequence	medium	needs_teacher_approved_sense		pending	no
communication-skills-754def7c	communication skills	noun	B2	reading	context-scene	medium	needs_teacher_approved_sense		pending	no
commute-145b3d9d	commute	verb|verb phrase	B2	speaking	context-scene	medium	needs_teacher_approved_sense		pending	no
comparative-e08949f7	comparative	adjective	B2	writing	contrast-pair	medium	needs_teacher_approved_sense		pending	no
comparison-4d04521b	comparison	noun	B1	reading	object-or-context-scene	medium	needs_teacher_approved_sense		pending	no
competitive-b3b1197c	competitive	adjective	B1	reading	contrast-pair	medium	needs_teacher_approved_sense		pending	no
completion-cadc9141	completion	noun	B2	writing	concept-metaphor	medium	needs_teacher_approved_sense		pending	no
complex-6ff16b36	complex	adjective|noun	B1|B2	writing	multi-sense-panel	medium	needs_teacher_approved_sense		pending	no
component-335c4c1e	component	noun	B2	reading	object-or-context-scene	medium	needs_teacher_approved_sense		pending	no
compose-537bac49	compose	verb	B2	reading	action-scene	medium	needs_teacher_approved_sense		pending	no
comprise-48ce9885	comprise	verb	B2	reading	action-scene	medium	needs_teacher_approved_sense		pending	no
computing-65f3926f	computing	noun	B2	reading	object-or-context-scene	medium	needs_teacher_approved_sense		pending	no
concentration-66d80f5f	concentration	noun	B2	writing	concept-metaphor	medium	needs_teacher_approved_sense		pending	no
concept-49376c9c	concept	noun	B2	reading	object-or-context-scene	medium	needs_teacher_approved_sense		pending	no
concern-c5c3bf59	concern	noun|verb	B2	reading	multi-sense-panel	medium	needs_teacher_approved_sense		pending	no
concert-hall-2bb29c2a	concert hall	noun	B2	reading	context-scene	medium	needs_teacher_approved_sense		pending	no
conclude-5c187656	conclude	verb	B1	reading	action-scene	medium	needs_teacher_approved_sense		pending	no
confess-62d2b1f3	confess	verb	B2	reading	action-scene	medium	needs_teacher_approved_sense		pending	no
conflict-ae214513	conflict	noun|verb	B2	reading	multi-sense-panel	medium	needs_teacher_approved_sense		pending	no
confuse-27d748cf	confuse	verb	B1	reading	action-scene	medium	needs_teacher_approved_sense		pending	no
confusion-cfc8b23a	confusion	noun	B2	writing	concept-metaphor	medium	needs_teacher_approved_sense		pending	no
conscious-eeb6ad95	conscious	adjective	B2	writing	contrast-pair	medium	needs_teacher_approved_sense		pending	no
consequence-f4475dac	consequence	noun	B1	reading	concept-metaphor	medium	needs_teacher_approved_sense		pending	no
consequently-97332beb	consequently	adverb	B2	writing	manner-sequence	medium	needs_teacher_approved_sense		pending	no
conservation-338526e5	conservation	noun	B2	writing	concept-metaphor	medium	needs_teacher_approved_sense		pending	no
conservative-42dc7e4f	conservative	adjective|noun	B2	writing	multi-sense-panel	medium	needs_teacher_approved_sense		pending	no
considerable-72cb60c2	considerable	adjective	B2	writing	contrast-pair	medium	needs_teacher_approved_sense		pending	no
considerably-b1da21f6	considerably	adverb	B2	writing	manner-sequence	medium	needs_teacher_approved_sense		pending	no
consideration-5e05bd28	consideration	noun	B2	writing	concept-metaphor	medium	needs_teacher_approved_sense		pending	no
consistent-8c305a07	consistent	adjective	B2	writing	contrast-pair	medium	needs_teacher_approved_sense		pending	no
consistently-94f2f00e	consistently	adverb	B2	writing	manner-sequence	medium	needs_teacher_approved_sense		pending	no
consonant-37a9d696	consonant	noun	B1	reading	object-or-context-scene	medium	needs_teacher_approved_sense		pending	no
conspiracy-61656283	conspiracy	noun	B2	writing	concept-metaphor	medium	needs_teacher_approved_sense		pending	no
constant-d810ca96	constant	adjective	B2	writing	contrast-pair	medium	needs_teacher_approved_sense		pending	no
constantly-1d78db90	constantly	adverb	B2	writing	manner-sequence	medium	needs_teacher_approved_sense		pending	no
construct-b012113a	construct	verb	B2	reading	action-scene	medium	needs_teacher_approved_sense		pending	no
construction-535ae678	construction	noun	B2	writing	concept-metaphor	medium	needs_teacher_approved_sense		pending	no
consult-190b435b	consult	verb	B2	reading	action-scene	medium	needs_teacher_approved_sense		pending	no
consultant-dd4b89df	consultant	noun	B2	reading	object-or-context-scene	medium	needs_teacher_approved_sense		pending	no
consume-4bbe204f	consume	verb	B1	reading	action-scene	medium	needs_teacher_approved_sense		pending	no
consumer-cb7a82c3	consumer	noun	B1	reading	object-or-context-scene	medium	needs_teacher_approved_sense		pending	no
consumption-75d837b4	consumption	noun	B2	writing	concept-metaphor	medium	needs_teacher_approved_sense		pending	no
container-255a762c	container	noun	B1	reading	object-or-context-scene	medium	needs_teacher_approved_sense		pending	no
contemporary-49eafe93	contemporary	adjective	B2	writing	contrast-pair	medium	needs_teacher_approved_sense		pending	no
contents-4a756ca0	contents	noun	B1	reading	object-or-context-scene	medium	needs_teacher_approved_sense		pending	no
continuous-d0e1717b	continuous	adjective	B1	reading	contrast-pair	medium	needs_teacher_approved_sense		pending	no
contrast-fd4b7831	contrast	noun|verb	B1	reading	multi-sense-panel	medium	needs_teacher_approved_sense		pending	no
contribute-d97edb15	contribute	verb	B2	reading	action-scene	medium	needs_teacher_approved_sense		pending	no
contribution-6a411c76	contribution	noun	B2	writing	concept-metaphor	medium	needs_teacher_approved_sense		pending	no
controversial-4768682b	controversial	adjective	B2	writing	contrast-pair	medium	needs_teacher_approved_sense		pending	no
controversy-4efd595d	controversy	noun	B2	reading	object-or-context-scene	medium	needs_teacher_approved_sense		pending	no
convenience-f2cde7ba	convenience	noun	B2	writing	concept-metaphor	medium	needs_teacher_approved_sense		pending	no
convention-593ff2b4	convention	noun	B2	writing	concept-metaphor	medium	needs_teacher_approved_sense		pending	no
convert-20a70aaf	convert	verb	B2	reading	action-scene	medium	needs_teacher_approved_sense		pending	no
convey-3fe6fc09	convey	verb	B2	reading	action-scene	medium	needs_teacher_approved_sense		pending	no
convinced-49de0671	convinced	adjective	B2	writing	contrast-pair	medium	needs_teacher_approved_sense		pending	no
cookery-092889ae	cookery	noun	B1	reading	object-or-context-scene	medium	needs_teacher_approved_sense		pending	no
cookery-book-fabf1944	cookery book	noun	B2	reading	context-scene	medium	needs_teacher_approved_sense		pending	no
cookie-59c826fc	cookie	noun	B1	reading	object-or-context-scene	medium	needs_teacher_approved_sense		pending	no
cope-d0bf3889	cope	verb	B2	reading	action-scene	medium	needs_teacher_approved_sense		pending	no
corn-7cacb75c	corn	noun	B1	reading	object-or-context-scene	medium	needs_teacher_approved_sense		pending	no
corporate-e276d18d	corporate	adjective	B2	writing	contrast-pair	medium	needs_teacher_approved_sense		pending	no
corporation-626a8be2	corporation	noun	B2	writing	concept-metaphor	medium	needs_teacher_approved_sense		pending	no
corridor-381f6eaa	corridor	noun	B2	reading	object-or-context-scene	medium	needs_teacher_approved_sense		pending	no
cosmopolitan-8c8ebcc4	cosmopolitan	adjective	B2	writing	contrast-pair	medium	needs_teacher_approved_sense		pending	no
cosy-2b80b6df	cosy	adjective	B1	reading	contrast-pair	medium	needs_teacher_approved_sense		pending	no
cough-1b9bcbed	cough	noun|verb	B1	speaking	multi-sense-panel	medium	needs_teacher_approved_sense		pending	no
council-ffff2a3c	council	noun	B2	reading	object-or-context-scene	medium	needs_teacher_approved_sense		pending	no
counter-458796e4	counter	noun|verb	B2|C1	reading	multi-sense-panel	medium	needs_teacher_approved_sense		pending	no
country-and-western-30288375	country and western	adjective	B2	writing	context-scene	medium	needs_teacher_approved_sense		pending	no
county-52d3663e	county	noun	B2	reading	object-or-context-scene	medium	needs_teacher_approved_sense		pending	no
courageous-273e1fcd	courageous	adjective	B2	writing	contrast-pair	medium	needs_teacher_approved_sense		pending	no
cover-version-85668a51	cover version	noun	B2	writing	context-scene	medium	needs_teacher_approved_sense		pending	no
coverage-6dafbcf6	coverage	noun	B2	reading	object-or-context-scene	medium	needs_teacher_approved_sense		pending	no
covered-af3bc6c2	covered	adjective	B1	reading	contrast-pair	medium	needs_teacher_approved_sense		pending	no
crack-e8521910	crack	noun|verb	B2	reading	multi-sense-panel	medium	needs_teacher_approved_sense		pending	no
craft-8e3e95f3	craft	noun|verb	B2|C1	reading	multi-sense-panel	medium	needs_teacher_approved_sense		pending	no
crisis-58076e41	crisis	noun	B2	reading	object-or-context-scene	medium	needs_teacher_approved_sense		pending	no
criterion-ad3bcfda	criterion	noun	B2	reading	object-or-context-scene	medium	needs_teacher_approved_sense		pending	no
critical-1210cdff	critical	adjective	B2	writing	contrast-pair	medium	needs_teacher_approved_sense		pending	no
critically-65400a1d	critically	adverb	B2	writing	manner-sequence	medium	needs_teacher_approved_sense		pending	no
criticism-2b5d72ee	criticism	noun	B2	writing	concept-metaphor	medium	needs_teacher_approved_sense		pending	no
criticize-ca82520d	criticize	verb	B2	reading	action-scene	medium	needs_teacher_approved_sense		pending	no
cross-out-85794629	cross out	phrasal verb|verb	B1	speaking	context-scene	medium	needs_teacher_approved_sense		pending	no
cucumber-868d0992	cucumber	noun	B1	reading	object-or-context-scene	medium	needs_teacher_approved_sense		pending	no
cue-9f8d4e15	cue	noun	B2	reading	object-or-context-scene	medium	needs_teacher_approved_sense		pending	no
cultivated-f74646f9	cultivated	adjective	B2	writing	contrast-pair	medium	needs_teacher_approved_sense		pending	no
curiously-491333d8	curiously	adverb	B1	speaking	manner-sequence	medium	needs_teacher_approved_sense		pending	no
current-405ab5d2	current	adjective|noun	B1|B2	writing	multi-sense-panel	medium	needs_teacher_approved_sense		pending	no
current-affairs-1d922346	current affairs	noun	B2	reading	context-scene	medium	needs_teacher_approved_sense		pending	no
currently-0517dc15	currently	adverb	B1	reading	manner-sequence	medium	needs_teacher_approved_sense		pending	no
curry-283c2aec	curry	noun	B1	reading	object-or-context-scene	medium	needs_teacher_approved_sense		pending	no
curtains-9aa25ec9	curtains	noun	A2	speaking	object-or-context-scene	medium	needs_teacher_approved_sense		pending	no
curve-6792236d	curve	noun|verb	B2	reading	multi-sense-panel	medium	needs_teacher_approved_sense		pending	no
customs-adee3537	customs	noun	B1	reading	object-or-context-scene	medium	needs_teacher_approved_sense		pending	no
cut-down-10e90e2b	cut down	verb|verb phrase	B2	speaking	context-scene	medium	needs_teacher_approved_sense		pending	no
cut-down-on-70361f81	cut down on	verb|verb phrase	B2	speaking	context-scene	medium	needs_teacher_approved_sense		pending	no
cut-out-7f2391d8	cut out	verb|verb phrase	B2	speaking	context-scene	medium	needs_teacher_approved_sense		pending	no
cut-up-635511b1	cut up	phrasal verb|verb	B1	speaking	context-scene	medium	needs_teacher_approved_sense		pending	no
cv-164c4a27	CV	noun	B1	reading	object-or-context-scene	medium	needs_teacher_approved_sense		pending	no
damaged-d9814db5	damaged	adjective	B1	reading	contrast-pair	medium	needs_teacher_approved_sense		pending	no
dare-3993d7b6	dare	verb	B2	reading	action-scene	medium	needs_teacher_approved_sense		pending	no
dash-f3319963	dash	verb	B2	reading	action-scene	medium	needs_teacher_approved_sense		pending	no
database-6d613a1e	database	noun	B2	reading	object-or-context-scene	medium	needs_teacher_approved_sense		pending	no
daydream-649060c5	daydream	verb|verb phrase	B2	speaking	context-scene	medium	needs_teacher_approved_sense		pending	no
deadly-82967ec5	deadly	adjective	B2	writing	contrast-pair	medium	needs_teacher_approved_sense		pending	no
deaf-d69470c4	deaf	adjective	B1	reading	contrast-pair	medium	needs_teacher_approved_sense		pending	no
deal-with-sth-sb-25869a8c	deal with sth/sb	phrasal verb|verb	B1	speaking	context-scene	medium	needs_teacher_approved_sense		pending	no
dealer-27f65806	dealer	noun	B2	reading	object-or-context-scene	medium	needs_teacher_approved_sense		pending	no
debate-26fee417	debate	noun|verb	B2	reading	multi-sense-panel	medium	needs_teacher_approved_sense		pending	no
decent-020eb69e	decent	adjective	B2	writing	contrast-pair	medium	needs_teacher_approved_sense		pending	no
deck-7d340494	deck	noun	B2	reading	object-or-context-scene	medium	needs_teacher_approved_sense		pending	no
decline-55f2754d	decline	noun|verb	B2	reading	multi-sense-panel	medium	needs_teacher_approved_sense		pending	no
decoration-98007a76	decoration	noun	B2	writing	concept-metaphor	medium	needs_teacher_approved_sense		pending	no
deeply-45f41a81	deeply	adverb	B2	writing	manner-sequence	medium	needs_teacher_approved_sense		pending	no
defender-32c93357	defender	noun	B2	reading	object-or-context-scene	medium	needs_teacher_approved_sense		pending	no
define-a22c6a97	define	verb	B1	reading	action-scene	medium	needs_teacher_approved_sense		pending	no
definite-46b88161	definite	adjective	B1	reading	contrast-pair	medium	needs_teacher_approved_sense		pending	no
definition-f3f1dd33	definition	noun	B1	reading	concept-metaphor	medium	needs_teacher_approved_sense		pending	no
delayed-128df232	delayed	adjective	B1	reading	contrast-pair	medium	needs_teacher_approved_sense		pending	no
deliberate-3c513544	deliberate	adjective	B2	writing	contrast-pair	medium	needs_teacher_approved_sense		pending	no
deliberately-284c132a	deliberately	adverb	B2	writing	manner-sequence	medium	needs_teacher_approved_sense		pending	no
delight-2a17ce14	delight	noun|verb	B2	reading	multi-sense-panel	medium	needs_teacher_approved_sense		pending	no
delightful-1a898560	delightful	adjective	B2	writing	contrast-pair	medium	needs_teacher_approved_sense		pending	no
democracy-b2309b91	democracy	noun	B2	writing	concept-metaphor	medium	needs_teacher_approved_sense		pending	no
democratic-4d07466f	democratic	adjective	B2	writing	contrast-pair	medium	needs_teacher_approved_sense		pending	no
demonstrate-48b18b14	demonstrate	verb	B2	reading	action-scene	medium	needs_teacher_approved_sense		pending	no
deny-1d16dc2d	deny	verb	B2	reading	action-scene	medium	needs_teacher_approved_sense		pending	no
depend-on-upon-e4678bb7	depend on/upon	phrasal verb|verb	B1	speaking	context-scene	medium	needs_teacher_approved_sense		pending	no
dependent-a840f1e3	dependent	adjective	B2	writing	contrast-pair	medium	needs_teacher_approved_sense		pending	no
depress-6d7ef923	depress	verb	B2	reading	action-scene	medium	needs_teacher_approved_sense		pending	no
derive-04463054	derive	verb	B2	reading	action-scene	medium	needs_teacher_approved_sense		pending	no
descendant-1051f820	descendant	noun	B2	reading	object-or-context-scene	medium	needs_teacher_approved_sense		pending	no
desire-c3c84bf0	desire	noun|verb	B2	reading	multi-sense-panel	medium	needs_teacher_approved_sense		pending	no
desperate-25fe336e	desperate	adjective	B2	writing	contrast-pair	medium	needs_teacher_approved_sense		pending	no
desperately-35d14dfa	desperately	adverb	B2	writing	manner-sequence	medium	needs_teacher_approved_sense		pending	no
dessert-f5194be9	dessert	noun	B1	reading	object-or-context-scene	medium	needs_teacher_approved_sense		pending	no
destiny-e7039089	destiny	noun	B2	reading	object-or-context-scene	medium	needs_teacher_approved_sense		pending	no
destruction-a1ea5461	destruction	noun	B2	writing	concept-metaphor	medium	needs_teacher_approved_sense		pending	no
detailed-9c8f9b23	detailed	adjective	B2	writing	contrast-pair	medium	needs_teacher_approved_sense		pending	no
detect-2b66455f	detect	verb	B2	reading	action-scene	medium	needs_teacher_approved_sense		pending	no
detective-story-f088464c	detective story	noun	B2	reading	context-scene	medium	needs_teacher_approved_sense		pending	no
determination-3abf97bf	determination	noun	B2	writing	concept-metaphor	medium	needs_teacher_approved_sense		pending	no
determine-df9d6bd1	determine	verb	B1	reading	action-scene	medium	needs_teacher_approved_sense		pending	no
devote-40172d5b	devote	verb	B2	reading	action-scene	medium	needs_teacher_approved_sense		pending	no
devoted-5468530c	devoted	adjective	B2	writing	contrast-pair	medium	needs_teacher_approved_sense		pending	no
dial-1512f7ca	dial	verb	B1	speaking	action-scene	medium	needs_teacher_approved_sense		pending	no
dial-up-bad7c231	dial up	phrasal verb|verb	B1	speaking	context-scene	medium	needs_teacher_approved_sense		pending	no
diamond-f872caad	diamond	noun	B1	reading	object-or-context-scene	medium	needs_teacher_approved_sense		pending	no
differ-dfbc6454	differ	verb	B2	reading	action-scene	medium	needs_teacher_approved_sense		pending	no
digital-camera-0681bacc	digital camera	noun	B1	speaking	context-scene	medium	needs_teacher_approved_sense		pending	no
dimly-lit-d15e43b2	dimly-lit	adjective	B2	writing	contrast-pair	medium	needs_teacher_approved_sense		pending	no
disability-0af28746	disability	noun	B2	writing	concept-metaphor	medium	needs_teacher_approved_sense		pending	no
disagreement-f3d78eaa	disagreement	noun	B2	writing	concept-metaphor	medium	needs_teacher_approved_sense		pending	no
disc-2d66d24b	disc	noun	B2	reading	object-or-context-scene	medium	needs_teacher_approved_sense		pending	no
disc-jockey-fd68055d	disc jockey	noun	B1	speaking	context-scene	medium	needs_teacher_approved_sense		pending	no
disc-disk-f2ad989b	disc/disk	noun	B1	reading	object-or-context-scene	medium	needs_teacher_approved_sense		pending	no
discipline-2d1f7b09	discipline	noun	B2	reading	object-or-context-scene	medium	needs_teacher_approved_sense		pending	no
discourage-7148f760	discourage	verb	B2	reading	action-scene	medium	needs_teacher_approved_sense		pending	no
disgusting-5b5ec785	disgusting	adjective	B1	reading	contrast-pair	medium	needs_teacher_approved_sense		pending	no
dishonest-e3c95af2	dishonest	adjective	B2	writing	contrast-pair	medium	needs_teacher_approved_sense		pending	no
dishwasher-35f1e81b	dishwasher	noun	B1	reading	object-or-context-scene	medium	needs_teacher_approved_sense		pending	no
dismiss-2f029c7f	dismiss	verb	B2	reading	action-scene	medium	needs_teacher_approved_sense		pending	no
distant-7905b102	distant	adjective	B2	writing	contrast-pair	medium	needs_teacher_approved_sense		pending	no
distinct-21a08d67	distinct	adjective	B2	writing	contrast-pair	medium	needs_teacher_approved_sense		pending	no
distinguish-a66bc3d8	distinguish	verb	B2	reading	action-scene	medium	needs_teacher_approved_sense		pending	no
distract-efed43f0	distract	verb	B2	reading	action-scene	medium	needs_teacher_approved_sense		pending	no
distracted-7710f77c	distracted	adjective	B2	writing	contrast-pair	medium	needs_teacher_approved_sense		pending	no
distribute-d9457ae8	distribute	verb	B2	reading	action-scene	medium	needs_teacher_approved_sense		pending	no
distribution-c6fbbcc8	distribution	noun	B2	writing	concept-metaphor	medium	needs_teacher_approved_sense		pending	no
diver-9d6bdd3e	diver	noun	B1	reading	object-or-context-scene	medium	needs_teacher_approved_sense		pending	no
division-4fd95a30	division	noun	B2	writing	concept-metaphor	medium	needs_teacher_approved_sense		pending	no
divorce-7c5c57a4	divorce	noun|verb	B2	reading	multi-sense-panel	medium	needs_teacher_approved_sense		pending	no
dj-10099878	DJ	noun	B1	reading	object-or-context-scene	medium	needs_teacher_approved_sense		pending	no
do-a-crossword-e1fd5564	do a crossword	verb|verb phrase	B2	speaking	context-scene	medium	needs_teacher_approved_sense		pending	no
doctor-dr-89e1bcb2	doctor / Dr	noun	B1	reading	object-or-context-scene	medium	needs_teacher_approved_sense		pending	no
doll-8f6314ac	doll	noun	B1	reading	object-or-context-scene	medium	needs_teacher_approved_sense		pending	no
dominant-18abe41a	dominant	adjective	B2	writing	contrast-pair	medium	needs_teacher_approved_sense		pending	no
dominate-9204a20d	dominate	verb	B2	reading	action-scene	medium	needs_teacher_approved_sense		pending	no
dominoes-f1eaa10b	dominoes	noun	B2	reading	object-or-context-scene	medium	needs_teacher_approved_sense		pending	no
donation-6c3dedbb	donation	noun	B2	writing	concept-metaphor	medium	needs_teacher_approved_sense		pending	no
donkey-0c62cbdb	donkey	noun	B1	reading	object-or-context-scene	medium	needs_teacher_approved_sense		pending	no
downtown-248191c5	downtown	adjective|adverb|noun	B2	writing	multi-sense-panel	medium	needs_teacher_approved_sense		pending	no
dr-doctor-2c247d13	Dr / doctor	noun	B1	reading	object-or-context-scene	medium	needs_teacher_approved_sense		pending	no
draft-0e7766b4	draft	noun|verb	B2	reading	multi-sense-panel	medium	needs_teacher_approved_sense		pending	no
dragon-af8978b1	dragon	noun	A2	speaking	object-or-context-scene	medium	needs_teacher_approved_sense		pending	no
dramatically-3a210a49	dramatically	adverb	B2	writing	manner-sequence	medium	needs_teacher_approved_sense		pending	no
drawer-38591dec	drawer	noun	B1	reading	object-or-context-scene	medium	needs_teacher_approved_sense		pending	no
drier-0c77c49e	drier	noun	B2	reading	object-or-context-scene	medium	needs_teacher_approved_sense		pending	no
drip-049c3266	drip	verb|verb phrase	B2	speaking	context-scene	medium	needs_teacher_approved_sense		pending	no
driver-s-licence-96c0b173	driver's licence	noun	B1	speaking	context-scene	medium	needs_teacher_approved_sense		pending	no
drugstore-b2a4bafe	drugstore	noun	B1	reading	object-or-context-scene	medium	needs_teacher_approved_sense		pending	no
drunk-d4336d90	drunk	adjective	B1	reading	contrast-pair	medium	needs_teacher_approved_sense		pending	no
duck-5ece2400	duck	noun	B1	reading	object-or-context-scene	medium	needs_teacher_approved_sense		pending	no
duet-814e70ad	duet	noun	B2	reading	object-or-context-scene	medium	needs_teacher_approved_sense		pending	no
dump-9567d154	dump	verb	B2	reading	action-scene	medium	needs_teacher_approved_sense		pending	no
duration-5d3f344b	duration	noun	B2	writing	concept-metaphor	medium	needs_teacher_approved_sense		pending	no
dustbin-903e6410	dustbin	noun	B1	reading	object-or-context-scene	medium	needs_teacher_approved_sense		pending	no
duty-free-c210fa77	duty-free	adjective|noun	B1	reading	multi-sense-panel	medium	needs_teacher_approved_sense		pending	no
dynamic-54522205	dynamic	adjective|noun	B2|C1	writing	multi-sense-panel	medium	needs_teacher_approved_sense		pending	no
earache-6c4736cd	earache	noun	B1	reading	object-or-context-scene	medium	needs_teacher_approved_sense		pending	no
earring-113249d3	earring	noun	B1	reading	object-or-context-scene	medium	needs_teacher_approved_sense		pending	no
easy-going-b28d872d	easy-going	adjective	B2	writing	contrast-pair	medium	needs_teacher_approved_sense		pending	no
easygoing-6a51d63a	easygoing	adjective	B1	reading	contrast-pair	medium	needs_teacher_approved_sense		pending	no
ecologist-b0405436	ecologist	noun	B2	reading	object-or-context-scene	medium	needs_teacher_approved_sense		pending	no
ecology-b740a11a	ecology	noun	B2	reading	object-or-context-scene	medium	needs_teacher_approved_sense		pending	no
economic-433313dc	economic	adjective	B1	reading	contrast-pair	medium	needs_teacher_approved_sense		pending	no
economist-e27f78e9	economist	noun	B2	reading	object-or-context-scene	medium	needs_teacher_approved_sense		pending	no
economy-8ec4382b	economy	noun	B1	reading	object-or-context-scene	medium	needs_teacher_approved_sense		pending	no
edition-194562b9	edition	noun	B2	writing	concept-metaphor	medium	needs_teacher_approved_sense		pending	no
editor-ab419498	editor	noun	B1	reading	object-or-context-scene	medium	needs_teacher_approved_sense		pending	no
editorial-980a8caf	editorial	adjective	B2	writing	contrast-pair	medium	needs_teacher_approved_sense		pending	no
educate-a62a9670	educate	verb	B1	reading	action-scene	medium	needs_teacher_approved_sense		pending	no
educated-293c68f6	educated	adjective	B1	reading	contrast-pair	medium	needs_teacher_approved_sense		pending	no
educational-00d2b766	educational	adjective	B1	reading	contrast-pair	medium	needs_teacher_approved_sense		pending	no
effective-da225248	effective	adjective	B1	reading	contrast-pair	medium	needs_teacher_approved_sense		pending	no
effectively-15b6af8d	effectively	adverb	B1	reading	manner-sequence	medium	needs_teacher_approved_sense		pending	no
efficiently-5273df4f	efficiently	adverb	B2	writing	manner-sequence	medium	needs_teacher_approved_sense		pending	no
elect-089c8194	elect	verb	B2	reading	action-scene	medium	needs_teacher_approved_sense		pending	no
electrician-0cd63cce	electrician	noun	B2	reading	object-or-context-scene	medium	needs_teacher_approved_sense		pending	no
electronics-1ed41f53	electronics	noun	B2	reading	object-or-context-scene	medium	needs_teacher_approved_sense		pending	no
elegant-732d5909	elegant	adjective	B2	writing	contrast-pair	medium	needs_teacher_approved_sense		pending	no
element-dece0548	element	noun	B1	reading	concept-metaphor	medium	needs_teacher_approved_sense		pending	no
elevator-d5360d9b	elevator	noun	B1	reading	object-or-context-scene	medium	needs_teacher_approved_sense		pending	no
eliminate-828845d3	eliminate	verb	B2	reading	action-scene	medium	needs_teacher_approved_sense		pending	no
elsewhere-8baf1a85	elsewhere	adverb	B2	writing	manner-sequence	medium	needs_teacher_approved_sense		pending	no
embarrass-0a7737e7	embarrass	verb	B2	reading	action-scene	medium	needs_teacher_approved_sense		pending	no
embrace-c88f94de	embrace	verb	B2	reading	action-scene	medium	needs_teacher_approved_sense		pending	no
emotion-a1faba8b	emotion	noun	B1	reading	concept-metaphor	medium	needs_teacher_approved_sense		pending	no
emotional-a62089c7	emotional	adjective	B2	writing	contrast-pair	medium	needs_teacher_approved_sense		pending	no
emotionally-5f599dae	emotionally	adverb	B2	writing	manner-sequence	medium	needs_teacher_approved_sense		pending	no
emphasis-ace10743	emphasis	noun	B2	reading	object-or-context-scene	medium	needs_teacher_approved_sense		pending	no
emphasize-a71b3683	emphasize	verb	B2	reading	action-scene	medium	needs_teacher_approved_sense		pending	no
empire-91c15fd5	empire	noun	B2	reading	object-or-context-scene	medium	needs_teacher_approved_sense		pending	no
employed-f9cf6f58	employed	adjective	B2	writing	contrast-pair	medium	needs_teacher_approved_sense		pending	no
enable-9905c339	enable	verb	B2	reading	action-scene	medium	needs_teacher_approved_sense		pending	no
encounter-434a1a10	encounter	noun|verb	B2	reading	multi-sense-panel	medium	needs_teacher_approved_sense		pending	no
engage-7d7289b5	engage	verb	B2	reading	action-scene	medium	needs_teacher_approved_sense		pending	no
enhance-3f96894f	enhance	verb	B2	reading	action-scene	medium	needs_teacher_approved_sense		pending	no
ensure-03503cd8	ensure	verb	B2	reading	action-scene	medium	needs_teacher_approved_sense		pending	no
enter-for-an-exam-6d4cf824	enter for an exam	verb|verb phrase	B2	speaking	context-scene	medium	needs_teacher_approved_sense		pending	no
enthusiasm-2acc576e	enthusiasm	noun	B2	reading	object-or-context-scene	medium	needs_teacher_approved_sense		pending	no
entire-747761a8	entire	adjective	B2	writing	contrast-pair	medium	needs_teacher_approved_sense		pending	no
entirely-28bd160f	entirely	adverb	B2	writing	manner-sequence	medium	needs_teacher_approved_sense		pending	no
entrepreneur-306631de	entrepreneur	noun	B2	reading	object-or-context-scene	medium	needs_teacher_approved_sense		pending	no
equally-c51c9a5d	equally	adverb	B1	reading	manner-sequence	medium	needs_teacher_approved_sense		pending	no
equip-b827d9a7	equip	verb	B2	reading	action-scene	medium	needs_teacher_approved_sense		pending	no
equivalent-d4dcb5b7	equivalent	adjective|noun	B2	writing	multi-sense-panel	medium	needs_teacher_approved_sense		pending	no
era-281f0915	era	noun	B2	reading	object-or-context-scene	medium	needs_teacher_approved_sense		pending	no
eraser-fd761b6e	eraser	noun	B1	reading	object-or-context-scene	medium	needs_teacher_approved_sense		pending	no
erupt-f0dc9ec3	erupt	verb	B2	reading	action-scene	medium	needs_teacher_approved_sense		pending	no
escalator-eaf83ca4	escalator	noun	B2	reading	object-or-context-scene	medium	needs_teacher_approved_sense		pending	no
essentially-a194c183	essentially	adverb	B2	writing	manner-sequence	medium	needs_teacher_approved_sense		pending	no
establish-bf5f9a9d	establish	verb	B2	reading	action-scene	medium	needs_teacher_approved_sense		pending	no
estimate-cb3fca15	estimate	noun|verb	B2	reading	multi-sense-panel	medium	needs_teacher_approved_sense		pending	no
ethic-0b82bf14	ethic	noun	B2	reading	object-or-context-scene	medium	needs_teacher_approved_sense		pending	no
ethical-025e6dee	ethical	adjective	B2	writing	contrast-pair	medium	needs_teacher_approved_sense		pending	no
ethnic-a4b408bc	ethnic	adjective	B2	writing	contrast-pair	medium	needs_teacher_approved_sense		pending	no
evaluate-3709214f	evaluate	verb	B2	reading	action-scene	medium	needs_teacher_approved_sense		pending	no
evaluation-90f0f88b	evaluation	noun	B2	writing	concept-metaphor	medium	needs_teacher_approved_sense		pending	no
eventually-5865020f	eventually	adverb	B1	reading	manner-sequence	medium	needs_teacher_approved_sense		pending	no
evident-46a86671	evident	adjective	B2	writing	contrast-pair	medium	needs_teacher_approved_sense		pending	no
evil-b6538911	evil	adjective|noun	B2	writing	multi-sense-panel	medium	needs_teacher_approved_sense		pending	no
examination-36d2b0a3	examination	noun	B2	writing	concept-metaphor	medium	needs_teacher_approved_sense		pending	no
examine-8fcd29b7	examine	verb	B1	reading	action-scene	medium	needs_teacher_approved_sense		pending	no
examiner-9b495708	examiner	noun	B1	reading	object-or-context-scene	medium	needs_teacher_approved_sense		pending	no
exceed-79d88026	exceed	verb	B2	reading	action-scene	medium	needs_teacher_approved_sense		pending	no
exception-5d42ad17	exception	noun	B2	writing	concept-metaphor	medium	needs_teacher_approved_sense		pending	no
excessive-adc09cdc	excessive	adjective	B2	writing	contrast-pair	medium	needs_teacher_approved_sense		pending	no
excite-eccc4d3a	excite	verb	B2	reading	action-scene	medium	needs_teacher_approved_sense		pending	no
exclude-f3acce24	exclude	verb	B2	reading	action-scene	medium	needs_teacher_approved_sense		pending	no
executive-9ca805b9	executive	adjective|noun	B2	writing	multi-sense-panel	medium	needs_teacher_approved_sense		pending	no
exhausted-4105cfdd	exhausted	adjective	B1	reading	contrast-pair	medium	needs_teacher_approved_sense		pending	no
existence-21d093c0	existence	noun	B2	writing	concept-metaphor	medium	needs_teacher_approved_sense		pending	no
expand-0bf04e42	expand	verb	B1	reading	action-scene	medium	needs_teacher_approved_sense		pending	no
expansion-429688a9	expansion	noun	B2	writing	concept-metaphor	medium	needs_teacher_approved_sense		pending	no
expectation-7a99455e	expectation	noun	B2	writing	concept-metaphor	medium	needs_teacher_approved_sense		pending	no
expected-5dcbdf37	expected	adjective	B1	reading	contrast-pair	medium	needs_teacher_approved_sense		pending	no
expense-3a85e310	expense	noun	B2	reading	object-or-context-scene	medium	needs_teacher_approved_sense		pending	no
expertise-b389d89c	expertise	noun	B2	reading	object-or-context-scene	medium	needs_teacher_approved_sense		pending	no
exploit-256abbae	exploit	verb	B2	reading	action-scene	medium	needs_teacher_approved_sense		pending	no
exploration-0d5feb19	exploration	noun	B2	writing	concept-metaphor	medium	needs_teacher_approved_sense		pending	no
explosion-e6b620d1	explosion	noun	B1	reading	concept-metaphor	medium	needs_teacher_approved_sense		pending	no
export-51713409	export	noun|verb	B1	reading	multi-sense-panel	medium	needs_teacher_approved_sense		pending	no
expose-0d23a9d9	expose	verb	B2	reading	action-scene	medium	needs_teacher_approved_sense		pending	no
extend-de93ba2d	extend	verb	B2	reading	action-scene	medium	needs_teacher_approved_sense		pending	no
extensive-e9691a0d	extensive	adjective	B2	writing	contrast-pair	medium	needs_teacher_approved_sense		pending	no
extensively-2f90b716	extensively	adverb	B2	writing	manner-sequence	medium	needs_teacher_approved_sense		pending	no
extent-03733280	extent	noun	B2	reading	object-or-context-scene	medium	needs_teacher_approved_sense		pending	no
external-59d8f3ec	external	adjective	B2	writing	contrast-pair	medium	needs_teacher_approved_sense		pending	no
extract-e4f23495	extract	noun|verb	B2|C1	reading	multi-sense-panel	medium	needs_teacher_approved_sense		pending	no
extreme-sport-a83863b8	extreme sport	noun	B1	speaking	context-scene	medium	needs_teacher_approved_sense		pending	no
face-to-face-11516a3d	face to face	adverb	B1	speaking	context-scene	medium	needs_teacher_approved_sense		pending	no
face-to-face-794199e2	face-to-face	adjective	B1	reading	contrast-pair	medium	needs_teacher_approved_sense		pending	no
facility-fa902525	facility	noun	B2	writing	concept-metaphor	medium	needs_teacher_approved_sense		pending	no
factual-6588fed3	factual	adjective	B2	writing	contrast-pair	medium	needs_teacher_approved_sense		pending	no
fail-an-exam-b18a3d73	fail an exam	verb|verb phrase	B2	speaking	context-scene	medium	needs_teacher_approved_sense		pending	no
failed-5f5f8758	failed	adjective	B2	writing	contrast-pair	medium	needs_teacher_approved_sense		pending	no
failure-d68049bb	failure	noun	B2	reading	object-or-context-scene	medium	needs_teacher_approved_sense		pending	no
faith-102712c7	faith	noun	B2	reading	object-or-context-scene	medium	needs_teacher_approved_sense		pending	no
fake-c053ecf9	fake	adjective	B2	writing	contrast-pair	medium	needs_teacher_approved_sense		pending	no
fall-in-love-with-sb-2dfdc17b	fall in love with sb	verb|verb phrase	B2	speaking	context-scene	medium	needs_teacher_approved_sense		pending	no
fall-out-with-sb-c38a1a0c	fall out with sb	verb|verb phrase	B2	speaking	context-scene	medium	needs_teacher_approved_sense		pending	no
fall-rise-a16b00e5	fall/rise	verb|verb phrase	B2	speaking	context-scene	medium	needs_teacher_approved_sense		pending	no
fame-4a43d29d	fame	noun	B2	reading	object-or-context-scene	medium	needs_teacher_approved_sense		pending	no
familiar-1b7e649f	familiar	adjective	B1	reading	contrast-pair	medium	needs_teacher_approved_sense		pending	no
familiar-with-b6fb44d3	familiar with	adjective	B1	speaking	context-scene	medium	needs_teacher_approved_sense		pending	no
farmland-5e9c0c4e	farmland	noun	B1	reading	object-or-context-scene	medium	needs_teacher_approved_sense		pending	no
fax-da41abc0	fax	noun|verb	B1	speaking	multi-sense-panel	medium	needs_teacher_approved_sense		pending	no
feature-4b7615dc	feature	noun|verb	A2|B1	reading	multi-sense-panel	medium	needs_teacher_approved_sense		pending	no
fed-up-355a76fa	fed up	adjective	B2	writing	context-scene	medium	needs_teacher_approved_sense		pending	no
federal-e47db9a1	federal	adjective	B2	writing	contrast-pair	medium	needs_teacher_approved_sense		pending	no
feel-like-b32a2981	feel like	verb	B1	speaking	context-scene	medium	needs_teacher_approved_sense		pending	no
fertile-e674e470	fertile	adjective	B2	writing	contrast-pair	medium	needs_teacher_approved_sense		pending	no
fetch-ad8cee67	fetch	verb	B1	speaking	action-scene	medium	needs_teacher_approved_sense		pending	no
fighting-fb02dcc0	fighting	noun	B1	reading	object-or-context-scene	medium	needs_teacher_approved_sense		pending	no
fill-up-8ee498eb	fill up	phrasal verb|verb	B1	speaking	context-scene	medium	needs_teacher_approved_sense		pending	no
film-maker-d718133f	film maker	noun	B1	speaking	context-scene	medium	needs_teacher_approved_sense		pending	no
finance-a1cf62af	finance	noun|verb	B2	writing	multi-sense-panel	medium	needs_teacher_approved_sense		pending	no
find-out-ecdbd35c	find out	phrasal verb|verb	B1	speaking	context-scene	medium	needs_teacher_approved_sense		pending	no
finding-e29e8d94	finding	noun	B2	reading	object-or-context-scene	medium	needs_teacher_approved_sense		pending	no
firmly-4c28d7e0	firmly	adverb	B2	writing	manner-sequence	medium	needs_teacher_approved_sense		pending	no
first-name-aadc40f4	first name	noun	B1	speaking	context-scene	medium	needs_teacher_approved_sense		pending	no
fixed-7bc55599	fixed	adjective	B1	reading	contrast-pair	medium	needs_teacher_approved_sense		pending	no
flame-f41c19c5	flame	noun	B2	reading	object-or-context-scene	medium	needs_teacher_approved_sense		pending	no
flash-6117e45a	flash	noun|verb	B2	reading	multi-sense-panel	medium	needs_teacher_approved_sense		pending	no
flatmate-7fa8bb80	flatmate	noun	B2	reading	object-or-context-scene	medium	needs_teacher_approved_sense		pending	no
flooding-08e2a5ac	flooding	noun	B2	reading	object-or-context-scene	medium	needs_teacher_approved_sense		pending	no
flowerbed-ce02611f	flowerbed	noun	B2	reading	object-or-context-scene	medium	needs_teacher_approved_sense		pending	no
flute-ba666528	flute	noun	B1	reading	object-or-context-scene	medium	needs_teacher_approved_sense		pending	no
focus-sth-on-upon-sth-sb-0e35de4d	focus sth on/upon sth/sb	verb	B1	speaking	context-scene	medium	needs_teacher_approved_sense		pending	no
folder-afffdd08	folder	noun	B1	reading	object-or-context-scene	medium	needs_teacher_approved_sense		pending	no
folding-58d51b7a	folding	adjective	B2	writing	contrast-pair	medium	needs_teacher_approved_sense		pending	no
football-player-ba0b5703	football player	noun	B1	speaking	context-scene	medium	needs_teacher_approved_sense		pending	no
footballer-31ff342f	footballer	noun	B1	reading	object-or-context-scene	medium	needs_teacher_approved_sense		pending	no
forbid-062b0bd8	forbid	verb	B2	reading	action-scene	medium	needs_teacher_approved_sense		pending	no
forbidden-5854a82b	forbidden	adjective	B1	reading	contrast-pair	medium	needs_teacher_approved_sense		pending	no
force-fafec1e5	force	noun|verb	B1	reading	multi-sense-panel	medium	needs_teacher_approved_sense		pending	no
format-78598764	format	noun	B2	reading	object-or-context-scene	medium	needs_teacher_approved_sense		pending	no
formation-776c6153	formation	noun	B2	writing	concept-metaphor	medium	needs_teacher_approved_sense		pending	no
formerly-3371a13e	formerly	adverb	B2	writing	manner-sequence	medium	needs_teacher_approved_sense		pending	no
fortunate-552b515b	fortunate	adjective	B2	writing	contrast-pair	medium	needs_teacher_approved_sense		pending	no
fortune-e628da55	fortune	noun	B2	reading	object-or-context-scene	medium	needs_teacher_approved_sense		pending	no
forum-732d18e7	forum	noun	B2	reading	object-or-context-scene	medium	needs_teacher_approved_sense		pending	no
fossil-b9b3c93a	fossil	noun	B2	reading	object-or-context-scene	medium	needs_teacher_approved_sense		pending	no
found-2739bb26	found	verb	B2	reading	action-scene	medium	needs_teacher_approved_sense		pending	no
foundation-ec9624c8	foundation	noun	B2	writing	concept-metaphor	medium	needs_teacher_approved_sense		pending	no
founder-ef33f63d	founder	noun	B2	reading	object-or-context-scene	medium	needs_teacher_approved_sense		pending	no
fountain-4620ade6	fountain	noun	B1	reading	object-or-context-scene	medium	needs_teacher_approved_sense		pending	no
fraction-ca3ad46f	fraction	noun	B2	writing	concept-metaphor	medium	needs_teacher_approved_sense		pending	no
fragment-5172cf7b	fragment	noun	B2	writing	concept-metaphor	medium	needs_teacher_approved_sense		pending	no
framework-f178867d	framework	noun	B2	reading	object-or-context-scene	medium	needs_teacher_approved_sense		pending	no
fraud-a0e019c0	fraud	noun	B2	reading	object-or-context-scene	medium	needs_teacher_approved_sense		pending	no
freedom-7ecfd8f9	freedom	noun	B2	writing	concept-metaphor	medium	needs_teacher_approved_sense		pending	no
freely-eff9fb83	freely	adverb	B2	writing	manner-sequence	medium	needs_teacher_approved_sense		pending	no
french-fries-eb2b0b0c	French fries	noun	B1	speaking	context-scene	medium	needs_teacher_approved_sense		pending	no
frosty-b665a854	frosty	adjective	B2	writing	contrast-pair	medium	needs_teacher_approved_sense		pending	no
frying-pan-fcbe5d71	frying pan	noun	B1	speaking	context-scene	medium	needs_teacher_approved_sense		pending	no
fulfil-b8f37eb5	fulfil	verb	B2	reading	action-scene	medium	needs_teacher_approved_sense		pending	no
full-stop-7c75f058	full stop	noun	B1	speaking	context-scene	medium	needs_teacher_approved_sense		pending	no
full-time-10ed59ba	full time	adverb	B1	speaking	context-scene	medium	needs_teacher_approved_sense		pending	no
fund-e2d13ab7	fund	noun|verb	B2	reading	multi-sense-panel	medium	needs_teacher_approved_sense		pending	no
fundamental-81f27a69	fundamental	adjective	B2	writing	contrast-pair	medium	needs_teacher_approved_sense		pending	no
fundamentally-75cebace	fundamentally	adverb	B2	writing	manner-sequence	medium	needs_teacher_approved_sense		pending	no
funding-7f30b117	funding	noun	B2	reading	object-or-context-scene	medium	needs_teacher_approved_sense		pending	no
furthermore-c8c9184c	furthermore	adverb	B2	writing	manner-sequence	medium	needs_teacher_approved_sense		pending	no
furthest-2880df98	furthest	adjective	B1	reading	contrast-pair	medium	needs_teacher_approved_sense		pending	no
gale-b449ee4c	gale	noun	B1	reading	object-or-context-scene	medium	needs_teacher_approved_sense		pending	no
gaming-47618c80	gaming	noun	B2	reading	object-or-context-scene	medium	needs_teacher_approved_sense		pending	no
gang-6465ec48	gang	noun	B2	reading	object-or-context-scene	medium	needs_teacher_approved_sense		pending	no
garlic-2ade5d5a	garlic	noun	B1	reading	object-or-context-scene	medium	needs_teacher_approved_sense		pending	no
gas-station-684b25ff	gas station	noun	B1	speaking	context-scene	medium	needs_teacher_approved_sense		pending	no
gather-d7eee0be	gather	verb	B1	reading	action-scene	medium	needs_teacher_approved_sense		pending	no
gay-2871591e	gay	adjective	B2	writing	contrast-pair	medium	needs_teacher_approved_sense		pending	no
gene-bdc8e679	gene	noun	B2	reading	object-or-context-scene	medium	needs_teacher_approved_sense		pending	no
generate-9e59d425	generate	verb	B2	reading	action-scene	medium	needs_teacher_approved_sense		pending	no
genetic-5ad82406	genetic	adjective	B2	writing	contrast-pair	medium	needs_teacher_approved_sense		pending	no
genius-3dcad53b	genius	noun	B2	reading	object-or-context-scene	medium	needs_teacher_approved_sense		pending	no
genre-19a5c065	genre	noun	B2	reading	object-or-context-scene	medium	needs_teacher_approved_sense		pending	no
gentleman-f4c9c33e	gentleman	noun	B1	reading	object-or-context-scene	medium	needs_teacher_approved_sense		pending	no
genuine-6f092934	genuine	adjective	B2	writing	contrast-pair	medium	needs_teacher_approved_sense		pending	no
genuinely-6e10edbf	genuinely	adverb	B2	writing	manner-sequence	medium	needs_teacher_approved_sense		pending	no
geologist-c7344302	geologist	noun	B2	reading	object-or-context-scene	medium	needs_teacher_approved_sense		pending	no
geology-9f1647ab	geology	noun	B2	reading	object-or-context-scene	medium	needs_teacher_approved_sense		pending	no
gesture-a820fe7d	gesture	noun	B2	reading	object-or-context-scene	medium	needs_teacher_approved_sense		pending	no
get-along-with-094de84e	get along with	phrasal verb|verb	B1	speaking	context-scene	medium	needs_teacher_approved_sense		pending	no
get-away-from-ed7b4af7	get away from	verb|verb phrase	B2	speaking	context-scene	medium	needs_teacher_approved_sense		pending	no
get-back-cfff4c19	get back	phrasal verb|verb	B1	speaking	context-scene	medium	needs_teacher_approved_sense		pending	no
get-down-de1f8a3e	get down	phrasal verb|verb	B1	speaking	context-scene	medium	needs_teacher_approved_sense		pending	no
get-dressed-30ad52a9	get dressed	verb|verb phrase	B2	speaking	context-scene	medium	needs_teacher_approved_sense		pending	no
get-in-170be702	get in	phrasal verb|verb	B1	speaking	context-scene	medium	needs_teacher_approved_sense		pending	no
get-on-well-with-sb-c5c0c824	get on well with sb	verb|verb phrase	B2	speaking	context-scene	medium	needs_teacher_approved_sense		pending	no
get-on-with-a9a95428	get on with	phrasal verb|verb	B1	speaking	context-scene	medium	needs_teacher_approved_sense		pending	no
get-rid-of-b095ef96	get rid of	phrasal verb|verb	B1	speaking	context-scene	medium	needs_teacher_approved_sense		pending	no
get-round-to-f76406b2	get round to	verb|verb phrase	B2	speaking	context-scene	medium	needs_teacher_approved_sense		pending	no
get-to-know-952e0e8b	get to know	verb|verb phrase	B2	speaking	context-scene	medium	needs_teacher_approved_sense		pending	no
ghost-c4745785	ghost	noun	B1	reading	object-or-context-scene	medium	needs_teacher_approved_sense		pending	no
ghost-story-30f435c0	ghost story	noun	B2	reading	context-scene	medium	needs_teacher_approved_sense		pending	no
gig-12f295f7	gig	noun	B2	reading	object-or-context-scene	medium	needs_teacher_approved_sense		pending	no
giraffe-fac8f1a3	giraffe	noun	B1	reading	object-or-context-scene	medium	needs_teacher_approved_sense		pending	no
give-back-da291e76	give back	phrasal verb|verb	B1	speaking	context-scene	medium	needs_teacher_approved_sense		pending	no
give-in-496aad5c	give in	phrasal verb|verb	B1	speaking	context-scene	medium	needs_teacher_approved_sense		pending	no
give-out-fabe227b	give out	phrasal verb|verb	B1	speaking	context-scene	medium	needs_teacher_approved_sense		pending	no
give-way-b1182338	give way	phrasal verb|verb	B1	speaking	context-scene	medium	needs_teacher_approved_sense		pending	no
global-9027cc5a	global	adjective	B1	reading	contrast-pair	medium	needs_teacher_approved_sense		pending	no
globalization-f9e66824	globalization	noun	B2	writing	concept-metaphor	medium	needs_teacher_approved_sense		pending	no
globe-1d5ea82f	globe	noun	B2	reading	object-or-context-scene	medium	needs_teacher_approved_sense		pending	no
go-clubbing-b60d390b	go clubbing	verb|verb phrase	B2	speaking	context-scene	medium	needs_teacher_approved_sense		pending	no
go-out-with-3c9fbf4e	go out with	verb|verb phrase	B2	speaking	context-scene	medium	needs_teacher_approved_sense		pending	no
go-with-6a80d7a2	go with	verb|verb phrase	B2	speaking	context-scene	medium	needs_teacher_approved_sense		pending	no
go-with-together-abbb8e9a	go with/together	phrasal verb|verb	B1	speaking	context-scene	medium	needs_teacher_approved_sense		pending	no
goalkeeper-2e1bff80	goalkeeper	noun	B1	reading	object-or-context-scene	medium	needs_teacher_approved_sense		pending	no
goat-162d15a0	goat	noun	B1	reading	object-or-context-scene	medium	needs_teacher_approved_sense		pending	no
good-looking-a1dbc962	good-looking	adjective	B1	reading	contrast-pair	medium	needs_teacher_approved_sense		pending	no
goodness-41391848	goodness	noun	B2	writing	concept-metaphor	medium	needs_teacher_approved_sense		pending	no
govern-a4880e87	govern	verb	B2	reading	action-scene	medium	needs_teacher_approved_sense		pending	no
governor-a7d66620	governor	noun	B2	reading	object-or-context-scene	medium	needs_teacher_approved_sense		pending	no
graceful-be0de9ce	graceful	adjective	B2	writing	contrast-pair	medium	needs_teacher_approved_sense		pending	no
gradually-7ab6c606	gradually	adverb	B2	writing	manner-sequence	medium	needs_teacher_approved_sense		pending	no
graduation-a5616093	graduation	noun	B1	reading	concept-metaphor	medium	needs_teacher_approved_sense		pending	no
grain-ee4dddc7	grain	noun	B1	reading	object-or-context-scene	medium	needs_teacher_approved_sense		pending	no
grammar-338df5dd	grammar	noun	B1	reading	object-or-context-scene	medium	needs_teacher_approved_sense		pending	no
grand-6d22906e	grand	adjective	B2	writing	contrast-pair	medium	needs_teacher_approved_sense		pending	no
granny-4f4d5ca3	granny	noun	B1	reading	object-or-context-scene	medium	needs_teacher_approved_sense		pending	no
graphic-35db8705	graphic	adjective	B2	writing	contrast-pair	medium	needs_teacher_approved_sense		pending	no
grate-93cf6416	grate	verb	B2	reading	action-scene	medium	needs_teacher_approved_sense		pending	no
greatly-9f3a9b55	greatly	adverb	B2	writing	manner-sequence	medium	needs_teacher_approved_sense		pending	no
greenhouse-ffedc28b	greenhouse	noun	B2	reading	object-or-context-scene	medium	needs_teacher_approved_sense		pending	no
greeting-a0f7e779	greeting	noun	B1	reading	object-or-context-scene	medium	needs_teacher_approved_sense		pending	no
gripping-468df1d3	gripping	adjective	B2	writing	contrast-pair	medium	needs_teacher_approved_sense		pending	no
groan-033c6986	groan	verb	B2	reading	action-scene	medium	needs_teacher_approved_sense		pending	no
grocery-e1c4e84a	grocery	noun	B2	reading	object-or-context-scene	medium	needs_teacher_approved_sense		pending	no
grocery-store-eb851d6c	grocery store	noun	B1	speaking	context-scene	medium	needs_teacher_approved_sense		pending	no
groom-29c03b8b	groom	noun	B1	reading	object-or-context-scene	medium	needs_teacher_approved_sense		pending	no
growth-34a79622	growth	noun	B1	reading	object-or-context-scene	medium	needs_teacher_approved_sense		pending	no
grumpy-ca04741a	grumpy	adjective	B2	writing	contrast-pair	medium	needs_teacher_approved_sense		pending	no
guided-5b590af6	guided	adjective	B1	reading	contrast-pair	medium	needs_teacher_approved_sense		pending	no
guideline-927eca9a	guideline	noun	B2	reading	object-or-context-scene	medium	needs_teacher_approved_sense		pending	no
guitarist-7c2e114f	guitarist	noun	B1	reading	object-or-context-scene	medium	needs_teacher_approved_sense		pending	no
gum-db451726	gum	noun	B1	reading	object-or-context-scene	medium	needs_teacher_approved_sense		pending	no
gymnast-35d9f9b3	gymnast	noun	B2	reading	object-or-context-scene	medium	needs_teacher_approved_sense		pending	no
habitat-1da0e9a6	habitat	noun	B2	reading	object-or-context-scene	medium	needs_teacher_approved_sense		pending	no
haircut-ff274b1c	haircut	noun	B1	reading	object-or-context-scene	medium	needs_teacher_approved_sense		pending	no
half-price-a10d63c5	half-price	adjective	B1	reading	contrast-pair	medium	needs_teacher_approved_sense		pending	no
hall-of-residence-15968d30	hall of residence	noun	B2	writing	context-scene	medium	needs_teacher_approved_sense		pending	no
hand-in-4d53b96e	hand in	phrasal verb|verb	B1	speaking	context-scene	medium	needs_teacher_approved_sense		pending	no
hand-out-68cd03ff	hand out	phrasal verb|verb	B1	speaking	context-scene	medium	needs_teacher_approved_sense		pending	no
handbag-7e1898c3	handbag	noun	B1	reading	object-or-context-scene	medium	needs_teacher_approved_sense		pending	no
handkerchief-ebc80d0b	handkerchief	noun	B1	reading	object-or-context-scene	medium	needs_teacher_approved_sense		pending	no
handlebars-9566e355	handlebars	noun	B1	reading	object-or-context-scene	medium	needs_teacher_approved_sense		pending	no
handsome-11e1d0e1	handsome	adjective	B1	reading	contrast-pair	medium	needs_teacher_approved_sense		pending	no
handwriting-f00dcf2a	handwriting	noun	B1	reading	object-or-context-scene	medium	needs_teacher_approved_sense		pending	no
hang-up-80271f9e	hang up	phrasal verb|verb	B1	speaking	context-scene	medium	needs_teacher_approved_sense		pending	no
hard-working-3dfca8fa	hard-working	adjective	B2	writing	contrast-pair	medium	needs_teacher_approved_sense		pending	no
harmful-557f6cea	harmful	adjective	B2	writing	contrast-pair	medium	needs_teacher_approved_sense		pending	no
have-a-barbecue-11c216ae	have a barbecue	verb|verb phrase	B2	speaking	context-scene	medium	needs_teacher_approved_sense		pending	no
have-a-quiet-night-in-4e56d838	have a quiet night in	verb|verb phrase	B2	speaking	context-scene	medium	needs_teacher_approved_sense		pending	no
have-a-takeaway-20067473	have a takeaway	verb|verb phrase	B2	speaking	context-scene	medium	needs_teacher_approved_sense		pending	no
have-friends-round-bb1487b5	have friends round	verb|verb phrase	B2	speaking	context-scene	medium	needs_teacher_approved_sense		pending	no
head-teacher-a308ffa0	head teacher	noun	B2	reading	context-scene	medium	needs_teacher_approved_sense		pending	no
headphones-355bf1cb	headphones	noun	B1	reading	object-or-context-scene	medium	needs_teacher_approved_sense		pending	no
headquarters-66fe0da6	headquarters	noun	B2	reading	object-or-context-scene	medium	needs_teacher_approved_sense		pending	no
headset-d67dd5a2	headset	noun	B2	reading	object-or-context-scene	medium	needs_teacher_approved_sense		pending	no
headteacher-43cecd8e	headteacher	noun	B1	reading	object-or-context-scene	medium	needs_teacher_approved_sense		pending	no
heal-0d19b4a6	heal	verb	B2	reading	action-scene	medium	needs_teacher_approved_sense		pending	no
health-centre-b001a968	health centre	noun	B2	reading	context-scene	medium	needs_teacher_approved_sense		pending	no
healthcare-1e8f514d	healthcare	noun	B2	reading	object-or-context-scene	medium	needs_teacher_approved_sense		pending	no
hearing-33b9bc37	hearing	noun	B2	reading	object-or-context-scene	medium	needs_teacher_approved_sense		pending	no
heater-39eef303	heater	noun	B1	reading	object-or-context-scene	medium	needs_teacher_approved_sense		pending	no
heaven-66da9f3b	heaven	noun	B2	reading	object-or-context-scene	medium	needs_teacher_approved_sense		pending	no
heavily-b5e2d75a	heavily	adverb	B1	reading	manner-sequence	medium	needs_teacher_approved_sense		pending	no
hedge-1bbe6dd1	hedge	noun	B2	reading	object-or-context-scene	medium	needs_teacher_approved_sense		pending	no
hell-a5cec7af	hell	noun	B2	reading	object-or-context-scene	medium	needs_teacher_approved_sense		pending	no
hence-af9e3b8b	hence	adverb	B2	writing	manner-sequence	medium	needs_teacher_approved_sense		pending	no
heroine-e99ba87d	heroine	noun	B1	reading	object-or-context-scene	medium	needs_teacher_approved_sense		pending	no
hesitate-81cbe4e6	hesitate	verb	B2	reading	action-scene	medium	needs_teacher_approved_sense		pending	no
high-heels-3a6a988a	high heels	noun	B2	reading	context-scene	medium	needs_teacher_approved_sense		pending	no
high-in-9fb0472a	high in	adjective	B2	writing	context-scene	medium	needs_teacher_approved_sense		pending	no
high-jump-29860273	high jump	noun	B1	speaking	context-scene	medium	needs_teacher_approved_sense		pending	no
highlight-c9addaa4	highlight	noun|verb	B1	reading	multi-sense-panel	medium	needs_teacher_approved_sense		pending	no
highly-8d98bda1	highly	adverb	B1	reading	manner-sequence	medium	needs_teacher_approved_sense		pending	no
highway-62156556	highway	noun	B2	reading	object-or-context-scene	medium	needs_teacher_approved_sense		pending	no
hike-ecec1d54	hike	verb	B1	speaking	action-scene	medium	needs_teacher_approved_sense		pending	no
hiking-f17dde3b	hiking	noun	B2	reading	object-or-context-scene	medium	needs_teacher_approved_sense		pending	no
hilarious-981a7d70	hilarious	adjective	B2	writing	contrast-pair	medium	needs_teacher_approved_sense		pending	no
hip-ae763d59	hip	noun	B2	reading	object-or-context-scene	medium	needs_teacher_approved_sense		pending	no
hitchhike-6a0390f7	hitchhike	verb	B1	speaking	action-scene	medium	needs_teacher_approved_sense		pending	no
hold-up-af9867a8	hold up	phrasal verb|verb	B1	speaking	context-scene	medium	needs_teacher_approved_sense		pending	no
hollow-89f0efa1	hollow	adjective	B2	writing	contrast-pair	medium	needs_teacher_approved_sense		pending	no
holy-c6c8286a	holy	adjective	B2	writing	contrast-pair	medium	needs_teacher_approved_sense		pending	no
homeless-ef010453	homeless	adjective	B2	writing	contrast-pair	medium	needs_teacher_approved_sense		pending	no
homepage-568be0fa	homepage	noun	B1	reading	object-or-context-scene	medium	needs_teacher_approved_sense		pending	no
honestly-d2275560	honestly	adverb	B1	speaking	manner-sequence	medium	needs_teacher_approved_sense		pending	no
honesty-aabd1a1a	honesty	noun	B2	reading	object-or-context-scene	medium	needs_teacher_approved_sense		pending	no
honey-9d75342c	honey	noun	B1	reading	object-or-context-scene	medium	needs_teacher_approved_sense		pending	no
honeymoon-3e2e5a99	honeymoon	noun	B1	reading	object-or-context-scene	medium	needs_teacher_approved_sense		pending	no
honour-1cfce1f3	honour	noun|verb	B2	reading	multi-sense-panel	medium	needs_teacher_approved_sense		pending	no
hoodie-57ae957e	hoodie	noun	B1	reading	object-or-context-scene	medium	needs_teacher_approved_sense		pending	no
hook-6bab147e	hook	noun|verb	B2|C1	reading	multi-sense-panel	medium	needs_teacher_approved_sense		pending	no
horse-riding-f24fb91a	horse-riding	noun	B1	reading	object-or-context-scene	medium	needs_teacher_approved_sense		pending	no
host-86dd1cf4	host	noun|verb	B1|B2	reading	multi-sense-panel	medium	needs_teacher_approved_sense		pending	no
housewife-578d87ea	housewife	noun	B1	reading	object-or-context-scene	medium	needs_teacher_approved_sense		pending	no
housework-6f2e0609	housework	noun	B1	reading	object-or-context-scene	medium	needs_teacher_approved_sense		pending	no
housing-1f4c64fb	housing	noun	B2	reading	object-or-context-scene	medium	needs_teacher_approved_sense		pending	no
how-much-4df45ef0	how much	adverb	B1	speaking	context-scene	medium	needs_teacher_approved_sense		pending	no
hug-f11fb55c	hug	noun|verb	B1	speaking	multi-sense-panel	medium	needs_teacher_approved_sense		pending	no
humour-5e92ba07	humour	noun	B2	reading	object-or-context-scene	medium	needs_teacher_approved_sense		pending	no
humour-humor-e7af38a0	humour/humor	noun	B1	reading	object-or-context-scene	medium	needs_teacher_approved_sense		pending	no
hunting-cae56215	hunting	noun	B2	reading	object-or-context-scene	medium	needs_teacher_approved_sense		pending	no
hypothesis-ed4b436c	hypothesis	noun	B2	reading	object-or-context-scene	medium	needs_teacher_approved_sense		pending	no
ice-hockey-af441d7b	ice hockey	noun	B1	speaking	context-scene	medium	needs_teacher_approved_sense		pending	no
ice-rink-be9add0d	ice rink	noun	B2	reading	context-scene	medium	needs_teacher_approved_sense		pending	no
ice-skates-058d9da8	ice skates	noun	B1	speaking	context-scene	medium	needs_teacher_approved_sense		pending	no
icon-f8995ba5	icon	noun	B2	reading	object-or-context-scene	medium	needs_teacher_approved_sense		pending	no
icy-d5430592	icy	adjective	B1	reading	contrast-pair	medium	needs_teacher_approved_sense		pending	no
id-card-21e715fa	ID card	noun	B1	speaking	context-scene	medium	needs_teacher_approved_sense		pending	no
ideal-8181445a	ideal	adjective|noun	A2|B2	writing	multi-sense-panel	medium	needs_teacher_approved_sense		pending	no
identical-d3f23119	identical	adjective	B2	writing	contrast-pair	medium	needs_teacher_approved_sense		pending	no
identity-1db089a9	identity	noun	B1	reading	concept-metaphor	medium	needs_teacher_approved_sense		pending	no
identity-card-65634702	identity card	noun	B1	speaking	context-scene	medium	needs_teacher_approved_sense		pending	no
illegal-848c4bd2	illegal	adjective	B1	reading	contrast-pair	medium	needs_teacher_approved_sense		pending	no
illusion-469983f9	illusion	noun	B2	writing	concept-metaphor	medium	needs_teacher_approved_sense		pending	no
illustrate-ff3b9099	illustrate	verb	B2	reading	action-scene	medium	needs_teacher_approved_sense		pending	no
illustration-6573ac5f	illustration	noun	B2	writing	concept-metaphor	medium	needs_teacher_approved_sense		pending	no
imaginary-1519bc46	imaginary	adjective	B1	reading	contrast-pair	medium	needs_teacher_approved_sense		pending	no
immediate-f1d16437	immediate	adjective	B1	reading	contrast-pair	medium	needs_teacher_approved_sense		pending	no
immigrant-54486e71	immigrant	noun	B1	reading	object-or-context-scene	medium	needs_teacher_approved_sense		pending	no
immigrate-cc499e62	immigrate	verb		listening	action-scene	medium	needs_teacher_approved_sense		pending	no
immune-86bac50e	immune	adjective	B2	writing	contrast-pair	medium	needs_teacher_approved_sense		pending	no
impatient-9ed7f130	impatient	adjective	B2	writing	contrast-pair	medium	needs_teacher_approved_sense		pending	no
implement-033fa5d8	implement	verb	B2	reading	action-scene	medium	needs_teacher_approved_sense		pending	no
implication-5a5f4a3a	implication	noun	B2	writing	concept-metaphor	medium	needs_teacher_approved_sense		pending	no
imply-8f6568c8	imply	verb	B2	reading	action-scene	medium	needs_teacher_approved_sense		pending	no
import-62fdfbd5	import	noun|verb	B1	reading	multi-sense-panel	medium	needs_teacher_approved_sense		pending	no
impose-e6f9382d	impose	verb	B2	reading	action-scene	medium	needs_teacher_approved_sense		pending	no
impress-ad68fcd9	impress	verb	B2	reading	action-scene	medium	needs_teacher_approved_sense		pending	no
impressed-a63401c8	impressed	adjective	B2	writing	contrast-pair	medium	needs_teacher_approved_sense		pending	no
impressed-by-with-0867e9b2	impressed by/with	adjective	B1	speaking	context-scene	medium	needs_teacher_approved_sense		pending	no
impression-5c00aab5	impression	noun	B1	reading	concept-metaphor	medium	needs_teacher_approved_sense		pending	no
in-case-d0942e2d	in case	adverb|conjunction	B1	speaking	context-scene	medium	needs_teacher_approved_sense		pending	no
incorporate-bb7a0874	incorporate	verb	B2	reading	action-scene	medium	needs_teacher_approved_sense		pending	no
increasingly-a4de278c	increasingly	adverb	B2	writing	manner-sequence	medium	needs_teacher_approved_sense		pending	no
independence-6f058999	independence	noun	B2	writing	concept-metaphor	medium	needs_teacher_approved_sense		pending	no
index-e540cdd1	index	noun	B2	reading	object-or-context-scene	medium	needs_teacher_approved_sense		pending	no
indicate-f7edaf32	indicate	verb	B1	reading	action-scene	medium	needs_teacher_approved_sense		pending	no
indication-0dc4a28c	indication	noun	B2	writing	concept-metaphor	medium	needs_teacher_approved_sense		pending	no
indirect-8a2c6bea	indirect	adjective	B1	reading	contrast-pair	medium	needs_teacher_approved_sense		pending	no
inevitable-c991d290	inevitable	adjective	B2	writing	contrast-pair	medium	needs_teacher_approved_sense		pending	no
inevitably-565d35a3	inevitably	adverb	B2	writing	manner-sequence	medium	needs_teacher_approved_sense		pending	no
inexpensive-05f663bc	inexpensive	adjective	B1	reading	contrast-pair	medium	needs_teacher_approved_sense		pending	no
infection-afb56160	infection	noun	B2	writing	concept-metaphor	medium	needs_teacher_approved_sense		pending	no
infer-0c8207b9	infer	verb	B2	reading	action-scene	medium	needs_teacher_approved_sense		pending	no
inflation-0e45dbfb	inflation	noun	B2	writing	concept-metaphor	medium	needs_teacher_approved_sense		pending	no
info-59bd0a3f	info	noun	B2	reading	object-or-context-scene	medium	needs_teacher_approved_sense		pending	no
infrastructure-35f8b746	infrastructure	noun	B2	reading	object-or-context-scene	medium	needs_teacher_approved_sense		pending	no
initially-118622a1	initially	adverb	B2	writing	manner-sequence	medium	needs_teacher_approved_sense		pending	no
initiative-700d1460	initiative	noun	B2	reading	object-or-context-scene	medium	needs_teacher_approved_sense		pending	no
injured-b0792be1	injured	adjective	B1	reading	contrast-pair	medium	needs_teacher_approved_sense		pending	no
inner-d2aef3c1	inner	adjective	B2	writing	contrast-pair	medium	needs_teacher_approved_sense		pending	no
innocent-e1500ada	innocent	adjective	B1	reading	contrast-pair	medium	needs_teacher_approved_sense		pending	no
innovative-73ab5cb5	innovative	adjective	B2	writing	contrast-pair	medium	needs_teacher_approved_sense		pending	no
input-140f86aa	input	noun	B2	reading	object-or-context-scene	medium	needs_teacher_approved_sense		pending	no
inquiry-5e6c0650	inquiry	noun	B1	reading	object-or-context-scene	medium	needs_teacher_approved_sense		pending	no
insert-a26aafc1	insert	verb	B2	reading	action-scene	medium	needs_teacher_approved_sense		pending	no
insight-f67b3049	insight	noun	B2	reading	object-or-context-scene	medium	needs_teacher_approved_sense		pending	no
inspector-84c9f43f	inspector	noun	B2	reading	object-or-context-scene	medium	needs_teacher_approved_sense		pending	no
installation-e1e2b964	installation	noun	B2	writing	concept-metaphor	medium	needs_teacher_approved_sense		pending	no
instant-6a370268	instant	adjective	B2	writing	contrast-pair	medium	needs_teacher_approved_sense		pending	no
instantly-083814db	instantly	adverb	B2	writing	manner-sequence	medium	needs_teacher_approved_sense		pending	no
institute-c72e4f3f	institute	noun	B2	reading	object-or-context-scene	medium	needs_teacher_approved_sense		pending	no
institution-1adc83a3	institution	noun	B2	writing	concept-metaphor	medium	needs_teacher_approved_sense		pending	no
insulate-babb3431	insulate	verb|verb phrase	B2	speaking	context-scene	medium	needs_teacher_approved_sense		pending	no
intellectual-3c29719b	intellectual	adjective|noun	B2|C1	writing	multi-sense-panel	medium	needs_teacher_approved_sense		pending	no
intelligence-482e7bdd	intelligence	noun	B1	reading	concept-metaphor	medium	needs_teacher_approved_sense		pending	no
intended-003353af	intended	adjective	B2	writing	contrast-pair	medium	needs_teacher_approved_sense		pending	no
intense-e121ada1	intense	adjective	B2	writing	contrast-pair	medium	needs_teacher_approved_sense		pending	no
intention-41b2a346	intention	noun	B1	reading	concept-metaphor	medium	needs_teacher_approved_sense		pending	no
interact-c0af471b	interact	verb	B2	reading	action-scene	medium	needs_teacher_approved_sense		pending	no
internal-9f33a7c7	internal	adjective	B2	writing	contrast-pair	medium	needs_teacher_approved_sense		pending	no
interpret-14889e12	interpret	verb	B2	reading	action-scene	medium	needs_teacher_approved_sense		pending	no
interpretation-b0fa3893	interpretation	noun	B2	writing	concept-metaphor	medium	needs_teacher_approved_sense		pending	no
interviewer-100370da	interviewer	noun	B1	reading	object-or-context-scene	medium	needs_teacher_approved_sense		pending	no
inventor-8468d586	inventor	noun	B1	reading	object-or-context-scene	medium	needs_teacher_approved_sense		pending	no
invest-72527848	invest	verb	B1	reading	action-scene	medium	needs_teacher_approved_sense		pending	no
investigate-ff2ccd73	investigate	verb	B1	reading	action-scene	medium	needs_teacher_approved_sense		pending	no
investigation-b6af7691	investigation	noun	B2	writing	concept-metaphor	medium	needs_teacher_approved_sense		pending	no
investor-c0b65b90	investor	noun	B2	reading	object-or-context-scene	medium	needs_teacher_approved_sense		pending	no
involved-58b2f303	involved	adjective	B1	reading	contrast-pair	medium	needs_teacher_approved_sense		pending	no
ironing-554343fc	ironing	noun	B1	reading	object-or-context-scene	medium	needs_teacher_approved_sense		pending	no
irritating-db50c4c4	irritating	adjective	B2	writing	contrast-pair	medium	needs_teacher_approved_sense		pending	no
isolate-eb5779e2	isolate	verb	B2	reading	action-scene	medium	needs_teacher_approved_sense		pending	no
isolated-1b84995d	isolated	adjective	B2	writing	contrast-pair	medium	needs_teacher_approved_sense		pending	no
jar-f92e777f	jar	noun	B1	reading	object-or-context-scene	medium	needs_teacher_approved_sense		pending	no
jealousy-b9e30c5f	jealousy	noun	B2	reading	object-or-context-scene	medium	needs_teacher_approved_sense		pending	no
jet-lagged-67d3a5b5	jet-lagged	adjective	B2	writing	contrast-pair	medium	needs_teacher_approved_sense		pending	no
jigsaw-565b8243	jigsaw	noun	B2	reading	object-or-context-scene	medium	needs_teacher_approved_sense		pending	no
jog-b9857921	jog	verb	B1	speaking	action-scene	medium	needs_teacher_approved_sense		pending	no
joint-da9dc2f5	joint	adjective|noun	B2	writing	multi-sense-panel	medium	needs_teacher_approved_sense		pending	no
journal-4954ccf5	journal	noun	B1	reading	object-or-context-scene	medium	needs_teacher_approved_sense		pending	no
journalism-fad7894b	journalism	noun	B2	writing	concept-metaphor	medium	needs_teacher_approved_sense		pending	no
joy-c7d56fc0	joy	noun	B2	reading	object-or-context-scene	medium	needs_teacher_approved_sense		pending	no
judgement-392ab84c	judgement	noun	B2	writing	concept-metaphor	medium	needs_teacher_approved_sense		pending	no
jug-1c35e97d	jug	noun	B1	reading	object-or-context-scene	medium	needs_teacher_approved_sense		pending	no
jumper-54053a7a	jumper	noun	B1	reading	object-or-context-scene	medium	needs_teacher_approved_sense		pending	no
junk-c9112972	junk	noun	B2	reading	object-or-context-scene	medium	needs_teacher_approved_sense		pending	no
junk-food-f5172006	junk food	noun	B2	reading	context-scene	medium	needs_teacher_approved_sense		pending	no
jury-c7d663b6	jury	noun	B2	reading	object-or-context-scene	medium	needs_teacher_approved_sense		pending	no
justice-050d859c	justice	noun	B2	reading	object-or-context-scene	medium	needs_teacher_approved_sense		pending	no
justify-3d7a034a	justify	verb	B2	reading	action-scene	medium	needs_teacher_approved_sense		pending	no
kangaroo-7d94bcd8	kangaroo	noun	B1	reading	object-or-context-scene	medium	needs_teacher_approved_sense		pending	no
keep-in-e48e6702	keep in	phrasal verb|verb	B1	speaking	context-scene	medium	needs_teacher_approved_sense		pending	no
keep-in-touch-with-sb-a62f7171	keep in touch with sb	verb|verb phrase	B2	speaking	context-scene	medium	needs_teacher_approved_sense		pending	no
keep-on-c2465513	keep on	phrasal verb|verb	B1	speaking	context-scene	medium	needs_teacher_approved_sense		pending	no
keep-to-b3a38e98	keep to	verb|verb phrase	B2	speaking	context-scene	medium	needs_teacher_approved_sense		pending	no
keep-up-30a21d06	keep up	phrasal verb|verb	B1	speaking	context-scene	medium	needs_teacher_approved_sense		pending	no
keeper-9fde3a3e	keeper	noun	B1	reading	object-or-context-scene	medium	needs_teacher_approved_sense		pending	no
kettle-95188fa6	kettle	noun	B1	reading	object-or-context-scene	medium	needs_teacher_approved_sense		pending	no
kill-time-d4841bde	kill time	verb|verb phrase	B2	speaking	context-scene	medium	needs_teacher_approved_sense		pending	no
killing-564eaf0d	killing	noun	B1	reading	object-or-context-scene	medium	needs_teacher_approved_sense		pending	no
kilogram-kg-dae8895e	kilogram / kg	noun	A2	speaking	object-or-context-scene	medium	needs_teacher_approved_sense		pending	no
kilogramme-6ac1b309	kilogramme	noun	B1	reading	object-or-context-scene	medium	needs_teacher_approved_sense		pending	no
kilometre-km-9c63770d	kilometre / km	noun	A2	speaking	object-or-context-scene	medium	needs_teacher_approved_sense		pending	no
kitten-44060752	kitten	noun	B1	reading	object-or-context-scene	medium	needs_teacher_approved_sense		pending	no
knit-668166ef	knit	verb	B1	speaking	action-scene	medium	needs_teacher_approved_sense		pending	no
knock-down-5ef89a42	knock down	phrasal verb|verb	B1	speaking	context-scene	medium	needs_teacher_approved_sense		pending	no
knowledgeable-9baaac29	knowledgeable	adjective		listening	contrast-pair	medium	needs_teacher_approved_sense		pending	no
labour-411cd345	labour	noun	B2	reading	object-or-context-scene	medium	needs_teacher_approved_sense		pending	no
lamb-ac0bb7d6	lamb	noun	B1	reading	object-or-context-scene	medium	needs_teacher_approved_sense		pending	no
largely-10165f61	largely	adverb	B2	writing	manner-sequence	medium	needs_teacher_approved_sense		pending	no
launch-f7c91fef	launch	noun|verb	B2	reading	multi-sense-panel	medium	needs_teacher_approved_sense		pending	no
laundry-d34c12c7	laundry	noun	B1	reading	object-or-context-scene	medium	needs_teacher_approved_sense		pending	no
layer-d54c2aa2	layer	noun	B1	reading	object-or-context-scene	medium	needs_teacher_approved_sense		pending	no
lead-8cb33b27	lead	noun|verb	A2|B1	reading	multi-sense-panel	medium	needs_teacher_approved_sense		pending	no
lead-to-54dcec14	lead to	verb	B1	speaking	context-scene	medium	needs_teacher_approved_sense		pending	no
leading-b462c7de	leading	adjective	B1	reading	contrast-pair	medium	needs_teacher_approved_sense		pending	no
left-hand-5a077769	left-hand	adjective	B1	reading	contrast-pair	medium	needs_teacher_approved_sense		pending	no
legal-b150a1aa	legal	adjective	B1	reading	contrast-pair	medium	needs_teacher_approved_sense		pending	no
legend-a4097e08	legend	noun	B2	reading	object-or-context-scene	medium	needs_teacher_approved_sense		pending	no
leisure-centre-90288989	leisure centre	noun	B2	reading	context-scene	medium	needs_teacher_approved_sense		pending	no
lens-45d27f96	lens	noun	B2	reading	object-or-context-scene	medium	needs_teacher_approved_sense		pending	no
lettuce-52a7c2b1	lettuce	noun	B1	reading	object-or-context-scene	medium	needs_teacher_approved_sense		pending	no
librarian-93c768d0	librarian	noun	B1	reading	object-or-context-scene	medium	needs_teacher_approved_sense		pending	no
lifetime-ba1d32fc	lifetime	noun	B2	reading	object-or-context-scene	medium	needs_teacher_approved_sense		pending	no
lighter-106fffc7	lighter	noun	B1	reading	object-or-context-scene	medium	needs_teacher_approved_sense		pending	no
lighting-3eeb5174	lighting	noun	B2	reading	object-or-context-scene	medium	needs_teacher_approved_sense		pending	no
lightning-71f49778	lightning	noun	B1	reading	object-or-context-scene	medium	needs_teacher_approved_sense		pending	no
likewise-35ad97c0	likewise	adverb	B2	writing	manner-sequence	medium	needs_teacher_approved_sense		pending	no
limitation-ae0b636f	limitation	noun	B2	writing	concept-metaphor	medium	needs_teacher_approved_sense		pending	no
literally-f4eb97c6	literally	adverb	B2	writing	manner-sequence	medium	needs_teacher_approved_sense		pending	no
living-54785b35	living	adjective|noun	B1	reading	multi-sense-panel	medium	needs_teacher_approved_sense		pending	no
located-7c6f5aa2	located	adjective	B1	reading	contrast-pair	medium	needs_teacher_approved_sense		pending	no
locker-e321a3ac	locker	noun	B1	reading	object-or-context-scene	medium	needs_teacher_approved_sense		pending	no
loft-ed3b4dd9	loft	noun	B2	reading	object-or-context-scene	medium	needs_teacher_approved_sense		pending	no
logical-38dd6692	logical	adjective	B2	writing	contrast-pair	medium	needs_teacher_approved_sense		pending	no
long-jump-d6e4bde6	long jump	noun	B1	speaking	context-scene	medium	needs_teacher_approved_sense		pending	no
long-term-75f7a6e0	long-term	adjective|adverb	B2	writing	multi-sense-panel	medium	needs_teacher_approved_sense		pending	no
look-forward-to-bc7aa4df	look forward to	phrasal verb|verb	B1	speaking	context-scene	medium	needs_teacher_approved_sense		pending	no
look-like-da92b27a	look like	verb	B1	speaking	context-scene	medium	needs_teacher_approved_sense		pending	no
look-up-198925bb	look up	phrasal verb|verb	B1	speaking	context-scene	medium	needs_teacher_approved_sense		pending	no
lord-0cb26e22	lord	noun	B2	reading	object-or-context-scene	medium	needs_teacher_approved_sense		pending	no
lose-touch-with-sb-273b431d	lose touch with sb	verb|verb phrase	B2	speaking	context-scene	medium	needs_teacher_approved_sense		pending	no
loss-c9279f09	loss	noun	B1	reading	object-or-context-scene	medium	needs_teacher_approved_sense		pending	no
lots-a75bc65e	lots	noun	A2	speaking	object-or-context-scene	medium	needs_teacher_approved_sense		pending	no
lots-a-lot-33db7e3d	lots / a lot	noun	B1	speaking	context-scene	medium	needs_teacher_approved_sense		pending	no
lounge-f6efb94c	lounge	noun	B2	reading	object-or-context-scene	medium	needs_teacher_approved_sense		pending	no
low-in-a18cc07c	low in	adjective	B2	writing	context-scene	medium	needs_teacher_approved_sense		pending	no
lower-346e3ee1	lower	verb	B2	reading	action-scene	medium	needs_teacher_approved_sense		pending	no
loyal-68ad5b4e	loyal	adjective	B2	writing	contrast-pair	medium	needs_teacher_approved_sense		pending	no
luckily-dd9fbd01	luckily	adverb	B1	speaking	manner-sequence	medium	needs_teacher_approved_sense		pending	no
lunchtime-858f361b	lunchtime	noun	B1	reading	object-or-context-scene	medium	needs_teacher_approved_sense		pending	no
lung-633871c4	lung	noun	B2	reading	object-or-context-scene	medium	needs_teacher_approved_sense		pending	no
lyric-980a0513	lyric	noun	B2	reading	object-or-context-scene	medium	needs_teacher_approved_sense		pending	no
lyrics-28831971	lyrics	noun	B2	reading	object-or-context-scene	medium	needs_teacher_approved_sense		pending	no
madam-098d3dbe	Madam	noun	B1	reading	object-or-context-scene	medium	needs_teacher_approved_sense		pending	no
made-of-from-out-of-a9800afe	made of/from/out of	verb	B1	speaking	context-scene	medium	needs_teacher_approved_sense		pending	no
main-course-e23cfbf9	main course	noun	B1	speaking	context-scene	medium	needs_teacher_approved_sense		pending	no
majority-ec436f3e	majority	noun	B2	writing	concept-metaphor	medium	needs_teacher_approved_sense		pending	no
make-for-ddcc317c	make for	phrasal verb|verb	B2	speaking	context-scene	medium	needs_teacher_approved_sense		pending	no
make-friends-with-sb-25e1e304	make friends with sb	verb|verb phrase	B2	speaking	context-scene	medium	needs_teacher_approved_sense		pending	no
make-out-608558d1	make out	phrasal verb|verb	B2	speaking	context-scene	medium	needs_teacher_approved_sense		pending	no
make-sth-into-sth-else-ea35c4bb	make sth into sth else	phrasal verb|verb	B2	speaking	context-scene	medium	needs_teacher_approved_sense		pending	no
make-sure-28e69029	make sure	verb	B1	speaking	context-scene	medium	needs_teacher_approved_sense		pending	no
make-time-for-bc33b846	make time for	verb|verb phrase	B2	speaking	context-scene	medium	needs_teacher_approved_sense		pending	no
make-up-for-662797b7	make up for	phrasal verb|verb	B2	speaking	context-scene	medium	needs_teacher_approved_sense		pending	no
make-up-with-sb-f4b9af83	make up with sb	verb|verb phrase	B2	speaking	context-scene	medium	needs_teacher_approved_sense		pending	no
making-3097ef21	making	noun	B2	reading	object-or-context-scene	medium	needs_teacher_approved_sense		pending	no
mango-934aae49	mango	noun	B1	reading	object-or-context-scene	medium	needs_teacher_approved_sense		pending	no
mansion-9bf235d7	mansion	noun	B2	writing	concept-metaphor	medium	needs_teacher_approved_sense		pending	no
manufacturing-001f6380	manufacturing	noun	B2	reading	object-or-context-scene	medium	needs_teacher_approved_sense		pending	no
margin-5033fb5f	margin	noun	B2	reading	object-or-context-scene	medium	needs_teacher_approved_sense		pending	no
marker-af764f98	marker	noun	B2	reading	object-or-context-scene	medium	needs_teacher_approved_sense		pending	no
marketing-a2860750	marketing	noun	B1	reading	object-or-context-scene	medium	needs_teacher_approved_sense		pending	no
martial-e161a7c3	martial	adjective	B2	writing	contrast-pair	medium	needs_teacher_approved_sense		pending	no
martial-arts-b6978f1a	martial arts	noun	B2	reading	context-scene	medium	needs_teacher_approved_sense		pending	no
marvellous-1b8a0bce	marvellous	adjective	B1	reading	contrast-pair	medium	needs_teacher_approved_sense		pending	no
massive-6e04f08f	massive	adjective	B2	writing	contrast-pair	medium	needs_teacher_approved_sense		pending	no
master-4f26aeaf	master	noun|verb	B2	reading	multi-sense-panel	medium	needs_teacher_approved_sense		pending	no
matching-5ed085de	matching	adjective	B2	writing	contrast-pair	medium	needs_teacher_approved_sense		pending	no
mathematician-85da3407	mathematician	noun	B2	reading	object-or-context-scene	medium	needs_teacher_approved_sense		pending	no
maths-mathematics-145e6623	maths / mathematics	noun	B1	reading	object-or-context-scene	medium	needs_teacher_approved_sense		pending	no
mature-student-614604cd	mature student	noun	B2	reading	context-scene	medium	needs_teacher_approved_sense		pending	no
mayor-e6a04b67	mayor	noun	B2	reading	object-or-context-scene	medium	needs_teacher_approved_sense		pending	no
means-6150cff9	means	noun	B2	reading	object-or-context-scene	medium	needs_teacher_approved_sense		pending	no
measurement-e382b1de	measurement	noun	B2	writing	concept-metaphor	medium	needs_teacher_approved_sense		pending	no
mechanical-c2b37ef8	mechanical	adjective	B2	writing	contrast-pair	medium	needs_teacher_approved_sense		pending	no
mechanism-a955073d	mechanism	noun	B2	writing	concept-metaphor	medium	needs_teacher_approved_sense		pending	no
medal-828b3911	medal	noun	B2	reading	object-or-context-scene	medium	needs_teacher_approved_sense		pending	no
medication-a6fafcf1	medication	noun	B2	writing	concept-metaphor	medium	needs_teacher_approved_sense		pending	no
melon-d5c29d70	melon	noun	B1	reading	object-or-context-scene	medium	needs_teacher_approved_sense		pending	no
mend-12ea3a5e	mend	verb	B1	speaking	action-scene	medium	needs_teacher_approved_sense		pending	no
mental-1fcbe512	mental	adjective	B1	reading	contrast-pair	medium	needs_teacher_approved_sense		pending	no
metaphor-b231b8df	metaphor	noun	B2	reading	object-or-context-scene	medium	needs_teacher_approved_sense		pending	no
microphone-17d39602	microphone	noun	B1	reading	object-or-context-scene	medium	needs_teacher_approved_sense		pending	no
middle-aged-9a94618b	middle-aged	adjective	B1	reading	contrast-pair	medium	needs_teacher_approved_sense		pending	no
military-ed357bbb	military	adjective|noun	B2	writing	multi-sense-panel	medium	needs_teacher_approved_sense		pending	no
millimetre-80cf5471	millimetre	noun	B1	reading	object-or-context-scene	medium	needs_teacher_approved_sense		pending	no
miner-1c40b245	miner	noun	B2	reading	object-or-context-scene	medium	needs_teacher_approved_sense		pending	no
mineral-558d9ebf	mineral	noun	B2	reading	object-or-context-scene	medium	needs_teacher_approved_sense		pending	no
minister-be786cc8	minister	noun	B2	reading	object-or-context-scene	medium	needs_teacher_approved_sense		pending	no
minor-fee63d97	minor	adjective	B2	writing	contrast-pair	medium	needs_teacher_approved_sense		pending	no
minority-e90cdf1a	minority	noun	B2	writing	concept-metaphor	medium	needs_teacher_approved_sense		pending	no
mission-e59abed3	mission	noun	B2	writing	concept-metaphor	medium	needs_teacher_approved_sense		pending	no
misty-b9f9ef9e	misty	adjective	B2	writing	contrast-pair	medium	needs_teacher_approved_sense		pending	no
mixed-b746d792	mixed	adjective	B2	writing	contrast-pair	medium	needs_teacher_approved_sense		pending	no
mixture-ab41eb3f	mixture	noun	B1	reading	object-or-context-scene	medium	needs_teacher_approved_sense		pending	no
mode-e78fe704	mode	noun	B2	reading	object-or-context-scene	medium	needs_teacher_approved_sense		pending	no
modify-e2ebc205	modify	verb	B2	reading	action-scene	medium	needs_teacher_approved_sense		pending	no
monitor-9796809f	monitor	noun|verb	B2	reading	multi-sense-panel	medium	needs_teacher_approved_sense		pending	no
moral-12d79c83	moral	adjective|noun	B2	writing	multi-sense-panel	medium	needs_teacher_approved_sense		pending	no
moreover-5331e327	moreover	adverb	B2	writing	manner-sequence	medium	needs_teacher_approved_sense		pending	no
mosquito-a0d889b9	mosquito	noun	B1	reading	object-or-context-scene	medium	needs_teacher_approved_sense		pending	no
motion-2b5c42f2	motion	noun	B2	writing	concept-metaphor	medium	needs_teacher_approved_sense		pending	no
motivate-00108964	motivate	verb	B2	reading	action-scene	medium	needs_teacher_approved_sense		pending	no
motivation-5f191134	motivation	noun	B2	writing	concept-metaphor	medium	needs_teacher_approved_sense		pending	no
motor-32405e88	motor	adjective|noun	B2	writing	multi-sense-panel	medium	needs_teacher_approved_sense		pending	no
motor-racing-62ee549f	motor-racing	noun	B1	reading	object-or-context-scene	medium	needs_teacher_approved_sense		pending	no
mount-c7a6ddde	mount	verb	B2	reading	action-scene	medium	needs_teacher_approved_sense		pending	no
mountain-pass-045b14b9	mountain pass	noun	B2	reading	context-scene	medium	needs_teacher_approved_sense		pending	no
moustache-8110c78c	moustache	noun	B1	reading	object-or-context-scene	medium	needs_teacher_approved_sense		pending	no
movie-star-549c2bb5	movie star	noun	B1	speaking	context-scene	medium	needs_teacher_approved_sense		pending	no
movie-theater-6356f05b	movie theater	noun	B1	speaking	context-scene	medium	needs_teacher_approved_sense		pending	no
muddy-26b50f12	muddy	adjective	B2	writing	contrast-pair	medium	needs_teacher_approved_sense		pending	no
mug-41eceaf7	mug	noun	B1	reading	object-or-context-scene	medium	needs_teacher_approved_sense		pending	no
multiple-88fc77e7	multiple	adjective	B2	writing	contrast-pair	medium	needs_teacher_approved_sense		pending	no
murderer-fbca8844	murderer	noun	B2	reading	object-or-context-scene	medium	needs_teacher_approved_sense		pending	no
muscle-4b696327	muscle	noun	B1	reading	object-or-context-scene	medium	needs_teacher_approved_sense		pending	no
mysterious-3b41c7ae	mysterious	adjective	B2	writing	contrast-pair	medium	needs_teacher_approved_sense		pending	no
myth-b5941e5f	myth	noun	B2	reading	object-or-context-scene	medium	needs_teacher_approved_sense		pending	no
nail-cef6dc5e	nail	noun	B1	reading	object-or-context-scene	medium	needs_teacher_approved_sense		pending	no
naked-842df0e2	naked	adjective	B2	writing	contrast-pair	medium	needs_teacher_approved_sense		pending	no
nation-f6908a01	nation	noun	B1	reading	concept-metaphor	medium	needs_teacher_approved_sense		pending	no
native-6f5b0158	native	adjective|noun	B1	reading	multi-sense-panel	medium	needs_teacher_approved_sense		pending	no
naturally-be60af6b	naturally	adverb	B1	reading	manner-sequence	medium	needs_teacher_approved_sense		pending	no
navigation-ad831792	navigation	noun	B2	writing	concept-metaphor	medium	needs_teacher_approved_sense		pending	no
navy-blue-7d09d5fb	navy blue	adjective	B1	speaking	context-scene	medium	needs_teacher_approved_sense		pending	no
necessarily-d8e5f74e	necessarily	adverb	B1	reading	manner-sequence	medium	needs_teacher_approved_sense		pending	no
necessity-e9e5aa38	necessity	noun	B2	writing	concept-metaphor	medium	needs_teacher_approved_sense		pending	no
necklace-eb46d0d4	necklace	noun	B1	reading	object-or-context-scene	medium	needs_teacher_approved_sense		pending	no
needle-b65840c9	needle	noun	B1	reading	object-or-context-scene	medium	needs_teacher_approved_sense		pending	no
negotiate-0c1a64f3	negotiate	verb	B2	reading	action-scene	medium	needs_teacher_approved_sense		pending	no
negotiation-7db5a228	negotiation	noun	B2	writing	concept-metaphor	medium	needs_teacher_approved_sense		pending	no
nerve-424a55e0	nerve	noun	B2	reading	object-or-context-scene	medium	needs_teacher_approved_sense		pending	no
neutral-e7fb41a6	neutral	adjective	B2	writing	contrast-pair	medium	needs_teacher_approved_sense		pending	no
nevertheless-80d7ab15	nevertheless	adverb	B2	writing	manner-sequence	medium	needs_teacher_approved_sense		pending	no
newly-1f213f21	newly	adverb	B2	writing	manner-sequence	medium	needs_teacher_approved_sense		pending	no
newsagent-d386074e	newsagent	noun	A2	speaking	object-or-context-scene	medium	needs_teacher_approved_sense		pending	no
niece-9f6b7dbb	niece	noun	B1	reading	object-or-context-scene	medium	needs_teacher_approved_sense		pending	no
nightclub-fef97dc7	nightclub	noun	B1	reading	object-or-context-scene	medium	needs_teacher_approved_sense		pending	no
non-fiction-a2083982	non-fiction	noun	B2	writing	concept-metaphor	medium	needs_teacher_approved_sense		pending	no
noodles-00ac24f8	noodles	noun	B2	reading	object-or-context-scene	medium	needs_teacher_approved_sense		pending	no
nor-19d0495c	nor	adverb|conjunction	B1	reading	manner-sequence	medium	needs_teacher_approved_sense		pending	no
norm-63e37a0d	norm	noun	B2	reading	object-or-context-scene	medium	needs_teacher_approved_sense		pending	no
northeast-31a33b66	northeast	adjective|noun	B1	reading	multi-sense-panel	medium	needs_teacher_approved_sense		pending	no
northwest-638f1d0c	northwest	adjective|noun	B1	reading	multi-sense-panel	medium	needs_teacher_approved_sense		pending	no
notepaper-c1ac33ef	notepaper	noun	B1	reading	object-or-context-scene	medium	needs_teacher_approved_sense		pending	no
noticeboard-4bf5c880	noticeboard	noun	B1	reading	object-or-context-scene	medium	needs_teacher_approved_sense		pending	no
notion-502101a2	notion	noun	B2	writing	concept-metaphor	medium	needs_teacher_approved_sense		pending	no
nuclear-7300735d	nuclear	adjective	B1	reading	contrast-pair	medium	needs_teacher_approved_sense		pending	no
numerous-4bca8a0e	numerous	adjective	B2	writing	contrast-pair	medium	needs_teacher_approved_sense		pending	no
nursery-assistant-e941476b	nursery assistant	noun	B2	reading	context-scene	medium	needs_teacher_approved_sense		pending	no
nursery-school-60a60186	nursery school	noun	B2	reading	context-scene	medium	needs_teacher_approved_sense		pending	no
nursing-a8dea297	nursing	adjective	B2	writing	contrast-pair	medium	needs_teacher_approved_sense		pending	no
nutrition-5adf741a	nutrition	noun	B2	writing	concept-metaphor	medium	needs_teacher_approved_sense		pending	no
obesity-4f31b412	obesity	noun	B2	writing	concept-metaphor	medium	needs_teacher_approved_sense		pending	no
obey-a65b8e17	obey	verb	B2	reading	action-scene	medium	needs_teacher_approved_sense		pending	no
objective-d2dc8738	objective	adjective|noun	B2	writing	multi-sense-panel	medium	needs_teacher_approved_sense		pending	no
obligation-b44936d0	obligation	noun	B2	writing	concept-metaphor	medium	needs_teacher_approved_sense		pending	no
observation-7c02c7e8	observation	noun	B2	writing	concept-metaphor	medium	needs_teacher_approved_sense		pending	no
observer-307527c2	observer	noun	B2	reading	object-or-context-scene	medium	needs_teacher_approved_sense		pending	no
obstacle-d17f8079	obstacle	noun	B2	reading	object-or-context-scene	medium	needs_teacher_approved_sense		pending	no
obtain-b5c5697f	obtain	verb	B2	reading	action-scene	medium	needs_teacher_approved_sense		pending	no
occupy-5bbb524f	occupy	verb	B2	reading	action-scene	medium	needs_teacher_approved_sense		pending	no
occur-c40aa649	occur	verb	B1	reading	action-scene	medium	needs_teacher_approved_sense		pending	no
odd-60f7a512	odd	adjective	B1	reading	contrast-pair	medium	needs_teacher_approved_sense		pending	no
of-course-82b796e4	of course	adverb	B1	speaking	context-scene	medium	needs_teacher_approved_sense		pending	no
offence-2217cde3	offence	noun	B2	writing	concept-metaphor	medium	needs_teacher_approved_sense		pending	no
offend-62a91f6f	offend	verb	B2	reading	action-scene	medium	needs_teacher_approved_sense		pending	no
offender-f937a467	offender	noun	B2	reading	object-or-context-scene	medium	needs_teacher_approved_sense		pending	no
offensive-4a23e49d	offensive	adjective	B2	writing	contrast-pair	medium	needs_teacher_approved_sense		pending	no
official-5adeac62	official	adjective|noun	B1|B2	writing	multi-sense-panel	medium	needs_teacher_approved_sense		pending	no
oil-painting-9ca0d101	oil painting	noun	B2	reading	context-scene	medium	needs_teacher_approved_sense		pending	no
ok-o-k-okay-bba67a92	OK / O.K. / okay	adjective|exclamation	B1	reading	contrast-pair	medium	needs_teacher_approved_sense		pending	no
olive-0947fcc9	olive	noun	B1	reading	object-or-context-scene	medium	needs_teacher_approved_sense		pending	no
ongoing-a9aa36b8	ongoing	adjective	B2	writing	contrast-pair	medium	needs_teacher_approved_sense		pending	no
open-day-9ffaac46	open day	noun	B2	reading	context-scene	medium	needs_teacher_approved_sense		pending	no
opening-832f94bf	opening	noun	B2	reading	object-or-context-scene	medium	needs_teacher_approved_sense		pending	no
opening-hours-23ae4329	opening hours	noun	B1	speaking	context-scene	medium	needs_teacher_approved_sense		pending	no
openly-a63849d1	openly	adverb	B2	writing	manner-sequence	medium	needs_teacher_approved_sense		pending	no
oppose-35a522e9	oppose	verb	B2	reading	action-scene	medium	needs_teacher_approved_sense		pending	no
opposed-6e5924f4	opposed	adjective	B2	writing	contrast-pair	medium	needs_teacher_approved_sense		pending	no
opposition-4a152678	opposition	noun	B2	writing	concept-metaphor	medium	needs_teacher_approved_sense		pending	no
orchard-91c810d1	orchard	noun	B2	reading	object-or-context-scene	medium	needs_teacher_approved_sense		pending	no
organ-1c5ce0db	organ	noun	B2	reading	object-or-context-scene	medium	needs_teacher_approved_sense		pending	no
organisation-9bf0ba98	organisation	noun	B1	reading	concept-metaphor	medium	needs_teacher_approved_sense		pending	no
organise-17999ec9	organise	verb	B1	speaking	action-scene	medium	needs_teacher_approved_sense		pending	no
organized-049e0aa8	organized	adjective	B1	reading	contrast-pair	medium	needs_teacher_approved_sense		pending	no
organizer-d47297fa	organizer	noun	B1	reading	object-or-context-scene	medium	needs_teacher_approved_sense		pending	no
origin-b284f948	origin	noun	B2	reading	object-or-context-scene	medium	needs_teacher_approved_sense		pending	no
originally-d18ff89a	originally	adverb	B1	reading	manner-sequence	medium	needs_teacher_approved_sense		pending	no
outer-b1417920	outer	adjective	B2	writing	contrast-pair	medium	needs_teacher_approved_sense		pending	no
outgoing-708a91a8	outgoing	adjective	B2	writing	contrast-pair	medium	needs_teacher_approved_sense		pending	no
outline-e57362d5	outline	noun|verb	B2	reading	multi-sense-panel	medium	needs_teacher_approved_sense		pending	no
output-1029d676	output	noun	B2	reading	object-or-context-scene	medium	needs_teacher_approved_sense		pending	no
outskirts-1bc80ab6	outskirts	noun	B2	reading	object-or-context-scene	medium	needs_teacher_approved_sense		pending	no
overall-63a711c7	overall	adjective|adverb	B2	writing	multi-sense-panel	medium	needs_teacher_approved_sense		pending	no
overcome-aa078da4	overcome	verb	B2	reading	action-scene	medium	needs_teacher_approved_sense		pending	no
overseas-cbf35bff	overseas	adjective|adverb	B2	writing	multi-sense-panel	medium	needs_teacher_approved_sense		pending	no
overtime-adf3f461	overtime	noun	B2	reading	object-or-context-scene	medium	needs_teacher_approved_sense		pending	no
ownership-9fea7940	ownership	noun	B2	writing	concept-metaphor	medium	needs_teacher_approved_sense		pending	no
pace-4c1e65d6	pace	noun|verb	B2	reading	multi-sense-panel	medium	needs_teacher_approved_sense		pending	no
package-582681c2	package	noun|verb	B1|B2	reading	multi-sense-panel	medium	needs_teacher_approved_sense		pending	no
palm-747a7c98	palm	noun	B2	reading	object-or-context-scene	medium	needs_teacher_approved_sense		pending	no
parade-28e532d5	parade	noun	B2	reading	object-or-context-scene	medium	needs_teacher_approved_sense		pending	no
parallel-1a925201	parallel	adjective|noun	B2	writing	multi-sense-panel	medium	needs_teacher_approved_sense		pending	no
parcel-58906f65	parcel	noun	B1	reading	object-or-context-scene	medium	needs_teacher_approved_sense		pending	no
parking-lot-4fd84394	parking lot	noun	B1	speaking	context-scene	medium	needs_teacher_approved_sense		pending	no
part-time-558b1a45	part time	adverb	B1	speaking	context-scene	medium	needs_teacher_approved_sense		pending	no
participant-7a211045	participant	noun	B2	reading	object-or-context-scene	medium	needs_teacher_approved_sense		pending	no
participate-d6857486	participate	verb	B1	reading	action-scene	medium	needs_teacher_approved_sense		pending	no
participation-3cccf3ed	participation	noun	B2	writing	concept-metaphor	medium	needs_teacher_approved_sense		pending	no
partnership-ac6e5d18	partnership	noun	B2	writing	concept-metaphor	medium	needs_teacher_approved_sense		pending	no
pass-an-exam-da13cb84	pass an exam	verb|verb phrase	B2	speaking	context-scene	medium	needs_teacher_approved_sense		pending	no
pass-on-e959cb35	pass on	phrasal verb|verb	B1	speaking	context-scene	medium	needs_teacher_approved_sense		pending	no
passage-a62731f6	passage	noun	B2	reading	object-or-context-scene	medium	needs_teacher_approved_sense		pending	no
passion-eabc12ab	passion	noun	B1	reading	concept-metaphor	medium	needs_teacher_approved_sense		pending	no
passport-control-7b9092af	passport control	noun	B2	reading	context-scene	medium	needs_teacher_approved_sense		pending	no
patience-10bb09f9	patience	noun	B2	writing	concept-metaphor	medium	needs_teacher_approved_sense		pending	no
patio-e19bdda4	patio	noun	B2	reading	object-or-context-scene	medium	needs_teacher_approved_sense		pending	no
pavement-151056a2	pavement	noun	B1	reading	concept-metaphor	medium	needs_teacher_approved_sense		pending	no
payment-e86256b2	payment	noun	B1	reading	concept-metaphor	medium	needs_teacher_approved_sense		pending	no
pc-793d6d7c	PC	noun	B1	reading	object-or-context-scene	medium	needs_teacher_approved_sense		pending	no
pea-f710147a	pea	noun	B1	reading	object-or-context-scene	medium	needs_teacher_approved_sense		pending	no
peach-acbe10e6	peach	noun	B1	reading	object-or-context-scene	medium	needs_teacher_approved_sense		pending	no
peanut-b14ab480	peanut	noun	B1	reading	object-or-context-scene	medium	needs_teacher_approved_sense		pending	no
pear-3e2bf5fa	pear	noun	B1	reading	object-or-context-scene	medium	needs_teacher_approved_sense		pending	no
pedestrian-fa95ea71	pedestrian	noun	B1	reading	object-or-context-scene	medium	needs_teacher_approved_sense		pending	no
pen-friend-d44c2ffb	pen-friend	noun	A2	speaking	object-or-context-scene	medium	needs_teacher_approved_sense		pending	no
penalty-c8f39db2	penalty	noun	B2	reading	object-or-context-scene	medium	needs_teacher_approved_sense		pending	no
penfriend-1d01e3bb	penfriend	noun	B1	reading	object-or-context-scene	medium	needs_teacher_approved_sense		pending	no
perceive-48619257	perceive	verb	B2	reading	action-scene	medium	needs_teacher_approved_sense		pending	no
percent-56b24954	percent	adverb	B1	speaking	manner-sequence	medium	needs_teacher_approved_sense		pending	no
percentage-5138292f	percentage	noun	B1	reading	object-or-context-scene	medium	needs_teacher_approved_sense		pending	no
performer-3ccbb3ae	performer	noun	B1	reading	object-or-context-scene	medium	needs_teacher_approved_sense		pending	no
perfume-71ea58aa	perfume	noun	B1	reading	object-or-context-scene	medium	needs_teacher_approved_sense		pending	no
permanently-f3c0246b	permanently	adverb	B2	writing	manner-sequence	medium	needs_teacher_approved_sense		pending	no
permitted-e0c3dcbb	permitted	adjective	B1	reading	contrast-pair	medium	needs_teacher_approved_sense		pending	no
pessimistic-dd32336a	pessimistic	adjective		listening	contrast-pair	medium	needs_teacher_approved_sense		pending	no
phase-fe77c82b	phase	noun	B2	reading	object-or-context-scene	medium	needs_teacher_approved_sense		pending	no
phenomenon-6516f0ba	phenomenon	noun	B2	reading	object-or-context-scene	medium	needs_teacher_approved_sense		pending	no
photocopy-b56d0bee	photocopy	noun	B1	reading	object-or-context-scene	medium	needs_teacher_approved_sense		pending	no
physical-education-01929b22	physical education	noun	B2	writing	context-scene	medium	needs_teacher_approved_sense		pending	no
physicist-aaceb021	physicist	noun	B2	reading	object-or-context-scene	medium	needs_teacher_approved_sense		pending	no
pick-up-60ee3a8f	pick up	phrasal verb|verb	B1	speaking	context-scene	medium	needs_teacher_approved_sense		pending	no
picturesque-e67f7133	picturesque	adjective	B2	writing	contrast-pair	medium	needs_teacher_approved_sense		pending	no
pie-cfb3e59a	pie	noun	B1	reading	object-or-context-scene	medium	needs_teacher_approved_sense		pending	no
pine-tree-b5a99a52	pine tree	noun	B2	reading	context-scene	medium	needs_teacher_approved_sense		pending	no
pineapple-ff9907a8	pineapple	noun	B1	reading	object-or-context-scene	medium	needs_teacher_approved_sense		pending	no
placement-7843fc5b	placement	noun	B2	writing	concept-metaphor	medium	needs_teacher_approved_sense		pending	no
planning-bdf5c73d	planning	noun	B1	reading	object-or-context-scene	medium	needs_teacher_approved_sense		pending	no
plaster-6e8bec48	plaster	noun	B2	reading	object-or-context-scene	medium	needs_teacher_approved_sense		pending	no
play-chess-66215c6e	play chess	verb|verb phrase	B2	speaking	context-scene	medium	needs_teacher_approved_sense		pending	no
playing-fields-01b395b1	playing fields	noun	B2	reading	context-scene	medium	needs_teacher_approved_sense		pending	no
plumber-56c06081	plumber	noun	B2	reading	object-or-context-scene	medium	needs_teacher_approved_sense		pending	no
plumbing-a2abab38	plumbing	noun	B2	reading	object-or-context-scene	medium	needs_teacher_approved_sense		pending	no
pocket-money-4d6081a3	pocket money	noun	B1	speaking	context-scene	medium	needs_teacher_approved_sense		pending	no
podcast-b5a5e429	podcast	noun	B1	reading	object-or-context-scene	medium	needs_teacher_approved_sense		pending	no
pointed-82fce6be	pointed	adjective	B2	writing	contrast-pair	medium	needs_teacher_approved_sense		pending	no
poison-e6aa09fd	poison	noun|verb	B1	reading	multi-sense-panel	medium	needs_teacher_approved_sense		pending	no
poisonous-449c0832	poisonous	adjective	B1	reading	contrast-pair	medium	needs_teacher_approved_sense		pending	no
policewoman-0df8ff30	policewoman	noun	B1	reading	object-or-context-scene	medium	needs_teacher_approved_sense		pending	no
policy-9f00fad9	policy	noun	B1	reading	object-or-context-scene	medium	needs_teacher_approved_sense		pending	no
pollute-5f07350b	pollute	verb|verb phrase	B2	speaking	context-scene	medium	needs_teacher_approved_sense		pending	no
popularity-67b252c5	popularity	noun	B2	writing	concept-metaphor	medium	needs_teacher_approved_sense		pending	no
porch-2708dfee	porch	noun	B2	reading	object-or-context-scene	medium	needs_teacher_approved_sense		pending	no
pose-bd68205c	pose	verb	B2	reading	action-scene	medium	needs_teacher_approved_sense		pending	no
possess-55d60fd1	possess	verb	B2	reading	action-scene	medium	needs_teacher_approved_sense		pending	no
postgraduate-f31e4615	postgraduate	noun	B2	reading	object-or-context-scene	medium	needs_teacher_approved_sense		pending	no
postman-7ec5f7e0	postman	noun	B1	reading	object-or-context-scene	medium	needs_teacher_approved_sense		pending	no
potentially-f0b2b2ae	potentially	adverb	B2	writing	manner-sequence	medium	needs_teacher_approved_sense		pending	no
praise-59dfae37	praise	noun|verb	B2	reading	multi-sense-panel	medium	needs_teacher_approved_sense		pending	no
precede-c39f54c4	precede	verb	B2	reading	action-scene	medium	needs_teacher_approved_sense		pending	no
precious-42e63a94	precious	adjective	B2	writing	contrast-pair	medium	needs_teacher_approved_sense		pending	no
precise-d53a4c62	precise	adjective	B2	writing	contrast-pair	medium	needs_teacher_approved_sense		pending	no
precisely-77c3cf9b	precisely	adverb	B2	writing	manner-sequence	medium	needs_teacher_approved_sense		pending	no
prediction-f8492df6	prediction	noun	B1	reading	concept-metaphor	medium	needs_teacher_approved_sense		pending	no
preference-281ad2a4	preference	noun	B2	writing	concept-metaphor	medium	needs_teacher_approved_sense		pending	no
prehistory-77c9fb3b	prehistory	noun	B2	reading	object-or-context-scene	medium	needs_teacher_approved_sense		pending	no
presence-f65997ec	presence	noun	B2	writing	concept-metaphor	medium	needs_teacher_approved_sense		pending	no
presenter-639b42c5	presenter	noun	B1	reading	object-or-context-scene	medium	needs_teacher_approved_sense		pending	no
preserve-e900984d	preserve	verb	B2	reading	action-scene	medium	needs_teacher_approved_sense		pending	no
pressure-3b4c0c65	pressure	noun	B1	reading	object-or-context-scene	medium	needs_teacher_approved_sense		pending	no
pretend-7c94d260	pretend	verb	B1	reading	action-scene	medium	needs_teacher_approved_sense		pending	no
priest-cb418d42	priest	noun	B1	reading	object-or-context-scene	medium	needs_teacher_approved_sense		pending	no
primarily-e8188a1c	primarily	adverb	B2	writing	manner-sequence	medium	needs_teacher_approved_sense		pending	no
primary-school-1b8b27b3	primary school	noun	B1	speaking	context-scene	medium	needs_teacher_approved_sense		pending	no
prime-ea756c3a	prime	adjective	B2	writing	contrast-pair	medium	needs_teacher_approved_sense		pending	no
principle-02e25655	principle	noun	B2	reading	object-or-context-scene	medium	needs_teacher_approved_sense		pending	no
printing-2cd070a4	printing	noun	B1	reading	object-or-context-scene	medium	needs_teacher_approved_sense		pending	no
prior-4a47653d	prior	adjective	B2	writing	contrast-pair	medium	needs_teacher_approved_sense		pending	no
priority-3345867e	priority	noun	B2	writing	concept-metaphor	medium	needs_teacher_approved_sense		pending	no
privacy-96ed5c57	privacy	noun	B2	writing	concept-metaphor	medium	needs_teacher_approved_sense		pending	no
probability-a88397b6	probability	noun	B2	writing	concept-metaphor	medium	needs_teacher_approved_sense		pending	no
probable-d69a2287	probable	adjective	B2	writing	contrast-pair	medium	needs_teacher_approved_sense		pending	no
procedure-d0b5fd34	procedure	noun	B2	reading	object-or-context-scene	medium	needs_teacher_approved_sense		pending	no
proceed-35747d13	proceed	verb	B2	reading	action-scene	medium	needs_teacher_approved_sense		pending	no
producer-101456bd	producer	noun	B1	reading	object-or-context-scene	medium	needs_teacher_approved_sense		pending	no
profit-ecb5ba70	profit	noun	B1	reading	object-or-context-scene	medium	needs_teacher_approved_sense		pending	no
programmer-cfd5acd5	programmer	noun	B1	reading	object-or-context-scene	medium	needs_teacher_approved_sense		pending	no
programming-5b07397b	programming	noun	B2	reading	object-or-context-scene	medium	needs_teacher_approved_sense		pending	no
progressive-11834ce0	progressive	adjective	B2	writing	contrast-pair	medium	needs_teacher_approved_sense		pending	no
prohibit-bf0abc00	prohibit	verb	B2	reading	action-scene	medium	needs_teacher_approved_sense		pending	no
prohibited-6099aabb	prohibited	adjective	B1	reading	contrast-pair	medium	needs_teacher_approved_sense		pending	no
promising-53cd8216	promising	adjective	B2	writing	contrast-pair	medium	needs_teacher_approved_sense		pending	no
prompt-9c7e05e5	prompt	verb	B2	reading	action-scene	medium	needs_teacher_approved_sense		pending	no
pronunciation-0a0fa67c	pronunciation	noun	B1	reading	concept-metaphor	medium	needs_teacher_approved_sense		pending	no
proof-ef64363d	proof	noun	B2	reading	object-or-context-scene	medium	needs_teacher_approved_sense		pending	no
proposal-426144f4	proposal	noun	B2	reading	object-or-context-scene	medium	needs_teacher_approved_sense		pending	no
propose-5fc6bd93	propose	verb	B2	reading	action-scene	medium	needs_teacher_approved_sense		pending	no
propose-to-sb-0bcbe97b	propose to sb	verb|verb phrase	B2	speaking	context-scene	medium	needs_teacher_approved_sense		pending	no
prospect-6442cb81	prospect	noun	B2	reading	object-or-context-scene	medium	needs_teacher_approved_sense		pending	no
protection-26752f20	protection	noun	B2	writing	concept-metaphor	medium	needs_teacher_approved_sense		pending	no
protest-3060df91	protest	noun|verb	B1	reading	multi-sense-panel	medium	needs_teacher_approved_sense		pending	no
protester-d03c2908	protester	noun	B2	reading	object-or-context-scene	medium	needs_teacher_approved_sense		pending	no
provide-for-deffa7f0	provide for	verb|verb phrase	B2	speaking	context-scene	medium	needs_teacher_approved_sense		pending	no
psychological-1dac1029	psychological	adjective	B2	writing	contrast-pair	medium	needs_teacher_approved_sense		pending	no
public-transport-d9c93e5f	public transport	noun	B1	speaking	context-scene	medium	needs_teacher_approved_sense		pending	no
publicity-4f6875cb	publicity	noun	B2	writing	concept-metaphor	medium	needs_teacher_approved_sense		pending	no
publisher-b497a0aa	publisher	noun	B1	reading	object-or-context-scene	medium	needs_teacher_approved_sense		pending	no
publishing-3fea93d2	publishing	noun	B2	reading	object-or-context-scene	medium	needs_teacher_approved_sense		pending	no
pullover-62c51bcd	pullover	noun	B1	reading	object-or-context-scene	medium	needs_teacher_approved_sense		pending	no
punishment-6285e5dd	punishment	noun	B1	reading	concept-metaphor	medium	needs_teacher_approved_sense		pending	no
punk-5940e313	punk	noun	B2	reading	object-or-context-scene	medium	needs_teacher_approved_sense		pending	no
puppy-26d33687	puppy	noun	B1	reading	object-or-context-scene	medium	needs_teacher_approved_sense		pending	no
purely-558e0b0b	purely	adverb	B2	writing	manner-sequence	medium	needs_teacher_approved_sense		pending	no
pursue-7c47bc37	pursue	verb	B2	reading	action-scene	medium	needs_teacher_approved_sense		pending	no
pursuit-4e8c0649	pursuit	noun	B2	reading	object-or-context-scene	medium	needs_teacher_approved_sense		pending	no
put-away-f63d9481	put away	phrasal verb|verb	B1	speaking	context-scene	medium	needs_teacher_approved_sense		pending	no
put-down-33ec7854	put down	phrasal verb|verb	B1	speaking	context-scene	medium	needs_teacher_approved_sense		pending	no
put-off-b1425b24	put off	phrasal verb|verb	B1	speaking	context-scene	medium	needs_teacher_approved_sense		pending	no
put-out-71842aca	put out	phrasal verb|verb	B1	speaking	context-scene	medium	needs_teacher_approved_sense		pending	no
put-through-917940a6	put through	phrasal verb|verb	B1	speaking	context-scene	medium	needs_teacher_approved_sense		pending	no
put-up-25435a36	put up	phrasal verb|verb	B1	speaking	context-scene	medium	needs_teacher_approved_sense		pending	no
pyjamas-75360c9e	pyjamas	noun	B1	reading	object-or-context-scene	medium	needs_teacher_approved_sense		pending	no
qualify-9e2ddef5	qualify	verb	B1	reading	action-scene	medium	needs_teacher_approved_sense		pending	no
quotation-f6257b67	quotation	noun	B1	reading	concept-metaphor	medium	needs_teacher_approved_sense		pending	no
quote-f5d98dda	quote	noun|verb	B1	reading	multi-sense-panel	medium	needs_teacher_approved_sense		pending	no
rabbit-6d0ebbbd	rabbit	noun	B1	reading	object-or-context-scene	medium	needs_teacher_approved_sense		pending	no
racial-b6221a32	racial	adjective	B2	writing	contrast-pair	medium	needs_teacher_approved_sense		pending	no
racism-d2d5c7f5	racism	noun	B2	writing	concept-metaphor	medium	needs_teacher_approved_sense		pending	no
racist-2e340581	racist	adjective|noun	B2	writing	multi-sense-panel	medium	needs_teacher_approved_sense		pending	no
radiation-2cb53bf4	radiation	noun	B2	writing	concept-metaphor	medium	needs_teacher_approved_sense		pending	no
railroad-652fd41a	railroad	noun	B1	reading	object-or-context-scene	medium	needs_teacher_approved_sense		pending	no
rainforest-7a7ef5b1	rainforest	noun	B1	reading	object-or-context-scene	medium	needs_teacher_approved_sense		pending	no
random-a415ab5c	random	adjective	B2	writing	contrast-pair	medium	needs_teacher_approved_sense		pending	no
rank-9f0d6627	rank	noun|verb	B2	reading	multi-sense-panel	medium	needs_teacher_approved_sense		pending	no
rapid-dc94ac81	rapid	adjective	B2	writing	contrast-pair	medium	needs_teacher_approved_sense		pending	no
rapidly-c7a6343b	rapidly	adverb	B2	writing	manner-sequence	medium	needs_teacher_approved_sense		pending	no
rat-359ce0ca	rat	noun	B2	reading	object-or-context-scene	medium	needs_teacher_approved_sense		pending	no
rate-1e01d215	rate	noun|verb	A2|B2	reading	multi-sense-panel	medium	needs_teacher_approved_sense		pending	no
rate-of-pay-24065858	rate of pay	noun	B2	reading	context-scene	medium	needs_teacher_approved_sense		pending	no
rating-3c2d687e	rating	noun	B2	reading	object-or-context-scene	medium	needs_teacher_approved_sense		pending	no
realise-6cb370e4	realise	verb	B1	speaking	action-scene	medium	needs_teacher_approved_sense		pending	no
reality-tv-bfbb670d	reality TV	noun	B2	reading	context-scene	medium	needs_teacher_approved_sense		pending	no
recall-cd473cc2	recall	verb	B2	reading	action-scene	medium	needs_teacher_approved_sense		pending	no
receiver-8029e7ae	receiver	noun	B2	reading	object-or-context-scene	medium	needs_teacher_approved_sense		pending	no
recession-dee6298e	recession	noun	B2	writing	concept-metaphor	medium	needs_teacher_approved_sense		pending	no
reckon-b66ea8d7	reckon	verb	B2	reading	action-scene	medium	needs_teacher_approved_sense		pending	no
recognise-c50cbe2a	recognise	verb	B1	speaking	action-scene	medium	needs_teacher_approved_sense		pending	no
recognition-20292db6	recognition	noun	B2	writing	concept-metaphor	medium	needs_teacher_approved_sense		pending	no
recommendation-d0c18034	recommendation	noun	B1	reading	concept-metaphor	medium	needs_teacher_approved_sense		pending	no
recovery-8b60e9d7	recovery	noun	B2	reading	object-or-context-scene	medium	needs_teacher_approved_sense		pending	no
recreation-ground-2f02c12a	recreation ground	noun	B2	reading	context-scene	medium	needs_teacher_approved_sense		pending	no
recruit-9332e450	recruit	noun|verb	B2	reading	multi-sense-panel	medium	needs_teacher_approved_sense		pending	no
recycled-44f56777	recycled	adjective	B1	reading	contrast-pair	medium	needs_teacher_approved_sense		pending	no
recycling-7f848c72	recycling	noun	B1	reading	object-or-context-scene	medium	needs_teacher_approved_sense		pending	no
reduced-e6642a95	reduced	adjective	B1	reading	contrast-pair	medium	needs_teacher_approved_sense		pending	no
reduction-b43cc86e	reduction	noun	B2	writing	concept-metaphor	medium	needs_teacher_approved_sense		pending	no
referee-9ea9bd33	referee	noun	B2	reading	object-or-context-scene	medium	needs_teacher_approved_sense		pending	no
reflect-5aa48367	reflect	verb	B1	reading	action-scene	medium	needs_teacher_approved_sense		pending	no
refreshments-0b3fea77	refreshments	noun	B1	reading	object-or-context-scene	medium	needs_teacher_approved_sense		pending	no
refugee-250d8c26	refugee	noun	B2	reading	object-or-context-scene	medium	needs_teacher_approved_sense		pending	no
regard-b4583455	regard	noun|verb	B2	reading	multi-sense-panel	medium	needs_teacher_approved_sense		pending	no
regards-ee869fb6	regards	noun	B1	reading	object-or-context-scene	medium	needs_teacher_approved_sense		pending	no
reggae-0615591f	reggae	noun	A2	speaking	object-or-context-scene	medium	needs_teacher_approved_sense		pending	no
regional-197caeb8	regional	adjective	B2	writing	contrast-pair	medium	needs_teacher_approved_sense		pending	no
regulate-749f80c1	regulate	verb	B2	reading	action-scene	medium	needs_teacher_approved_sense		pending	no
regulation-7320e2b5	regulation	noun	B2	writing	concept-metaphor	medium	needs_teacher_approved_sense		pending	no
rehearsal-d6cb3ba3	rehearsal	noun	B2	reading	object-or-context-scene	medium	needs_teacher_approved_sense		pending	no
reinforce-9191c944	reinforce	verb	B2	reading	action-scene	medium	needs_teacher_approved_sense		pending	no
reject-90afb8c1	reject	verb	B1	reading	action-scene	medium	needs_teacher_approved_sense		pending	no
relate-84774ba1	relate	verb	B1	reading	action-scene	medium	needs_teacher_approved_sense		pending	no
related-93792ce9	related	adjective	B1	reading	contrast-pair	medium	needs_teacher_approved_sense		pending	no
relatively-8cd56185	relatively	adverb	B2	writing	manner-sequence	medium	needs_teacher_approved_sense		pending	no
relaxation-b912a11d	relaxation	noun	B1	reading	concept-metaphor	medium	needs_teacher_approved_sense		pending	no
relaxing-6e93871a	relaxing	adjective	B1	reading	contrast-pair	medium	needs_teacher_approved_sense		pending	no
release-01f561ac	release	noun|verb	B1	reading	multi-sense-panel	medium	needs_teacher_approved_sense		pending	no
relevant-5360447a	relevant	adjective	B2	writing	contrast-pair	medium	needs_teacher_approved_sense		pending	no
relief-60cba265	relief	noun	B2	reading	object-or-context-scene	medium	needs_teacher_approved_sense		pending	no
relieve-a0ccfe3b	relieve	verb	B2	reading	action-scene	medium	needs_teacher_approved_sense		pending	no
religious-fad93f7d	religious	adjective	B1	reading	contrast-pair	medium	needs_teacher_approved_sense		pending	no
rely-31a22174	rely	verb	B2	reading	action-scene	medium	needs_teacher_approved_sense		pending	no
rely-on-c67504be	rely on	verb	B1	speaking	context-scene	medium	needs_teacher_approved_sense		pending	no
remark-a2455af1	remark	noun|verb	B2	reading	multi-sense-panel	medium	needs_teacher_approved_sense		pending	no
remarkably-7d20e424	remarkably	adverb	B2	writing	manner-sequence	medium	needs_teacher_approved_sense		pending	no
remote-41ffe545	remote	adjective	B1	reading	contrast-pair	medium	needs_teacher_approved_sense		pending	no
remote-control-25dc0444	remote control	noun	B1	speaking	context-scene	medium	needs_teacher_approved_sense		pending	no
repeated-ff9a06bd	repeated	adjective	B1	reading	contrast-pair	medium	needs_teacher_approved_sense		pending	no
repeats-1e1f4387	repeats	noun	B2	reading	object-or-context-scene	medium	needs_teacher_approved_sense		pending	no
reporting-9fceada2	reporting	noun	B2	reading	object-or-context-scene	medium	needs_teacher_approved_sense		pending	no
represent-7e6a97c5	represent	verb	B1	reading	action-scene	medium	needs_teacher_approved_sense		pending	no
reputation-26b2a66d	reputation	noun	B2	writing	concept-metaphor	medium	needs_teacher_approved_sense		pending	no
requirement-15320ae2	requirement	noun	B2	writing	concept-metaphor	medium	needs_teacher_approved_sense		pending	no
resist-7d25ef81	resist	verb	B2	reading	action-scene	medium	needs_teacher_approved_sense		pending	no
resolution-4680cad3	resolution	noun	B2	writing	concept-metaphor	medium	needs_teacher_approved_sense		pending	no
resolve-4e7a2084	resolve	verb	B2	reading	action-scene	medium	needs_teacher_approved_sense		pending	no
responsibility-0cbd2645	responsibility	noun	B1	reading	concept-metaphor	medium	needs_teacher_approved_sense		pending	no
restful-408c4729	restful	adjective	B2	writing	contrast-pair	medium	needs_teacher_approved_sense		pending	no
restore-e08e8491	restore	verb	B2	reading	action-scene	medium	needs_teacher_approved_sense		pending	no
restrict-ee1e5b88	restrict	verb	B2	reading	action-scene	medium	needs_teacher_approved_sense		pending	no
restriction-993b3394	restriction	noun	B2	writing	concept-metaphor	medium	needs_teacher_approved_sense		pending	no
retail-46bb7e3c	retail	noun	B2	reading	object-or-context-scene	medium	needs_teacher_approved_sense		pending	no
retain-7eb6050d	retain	verb	B2	reading	action-scene	medium	needs_teacher_approved_sense		pending	no
retake-an-exam-e9441450	retake an exam	verb|verb phrase	B2	speaking	context-scene	medium	needs_teacher_approved_sense		pending	no
retired-dd14b94b	retired	adjective	B1	reading	contrast-pair	medium	needs_teacher_approved_sense		pending	no
reveal-658c8286	reveal	verb	B2	reading	action-scene	medium	needs_teacher_approved_sense		pending	no
revenue-abf72c05	revenue	noun	B2	reading	object-or-context-scene	medium	needs_teacher_approved_sense		pending	no
revise-for-an-exam-f5e7206f	revise for an exam	verb|verb phrase	B2	speaking	context-scene	medium	needs_teacher_approved_sense		pending	no
rid-a77018e2	rid	verb	B2	reading	action-scene	medium	needs_teacher_approved_sense		pending	no
rider-bc7cafbd	rider	noun	B1	reading	object-or-context-scene	medium	needs_teacher_approved_sense		pending	no
ridiculous-7da7b5f7	ridiculous	adjective	B2	writing	contrast-pair	medium	needs_teacher_approved_sense		pending	no
riding-4b647aad	riding	noun	B1	reading	object-or-context-scene	medium	needs_teacher_approved_sense		pending	no
right-hand-8b4bc21d	right-hand	adjective	B1	reading	contrast-pair	medium	needs_teacher_approved_sense		pending	no
ring-back-20d80248	ring back	phrasal verb|verb	B1	speaking	context-scene	medium	needs_teacher_approved_sense		pending	no
ring-up-2e671796	ring up	phrasal verb|verb	B1	speaking	context-scene	medium	needs_teacher_approved_sense		pending	no
risk-11a110bb	risk	noun|verb	B1	reading	multi-sense-panel	medium	needs_teacher_approved_sense		pending	no
risky-f8a3616d	risky	adjective	B2	writing	contrast-pair	medium	needs_teacher_approved_sense		pending	no
robber-2867519a	robber	noun	B2	reading	object-or-context-scene	medium	needs_teacher_approved_sense		pending	no
roommate-7db0aea3	roommate	noun	B1	reading	object-or-context-scene	medium	needs_teacher_approved_sense		pending	no
roughly-a029138b	roughly	adverb	B2	writing	manner-sequence	medium	needs_teacher_approved_sense		pending	no
royal-9d644bbc	royal	adjective	B1	reading	contrast-pair	medium	needs_teacher_approved_sense		pending	no
rub-0eb10e9f	rub	verb	B2	reading	action-scene	medium	needs_teacher_approved_sense		pending	no
rug-0602f910	rug	noun	B1	reading	object-or-context-scene	medium	needs_teacher_approved_sense		pending	no
ruined-1840c1f6	ruined	adjective	B2	writing	contrast-pair	medium	needs_teacher_approved_sense		pending	no
ruler-5f55d09a	ruler	noun	B1	reading	object-or-context-scene	medium	needs_teacher_approved_sense		pending	no
run-down-64192b5a	run down	adjective	B2	writing	context-scene	medium	needs_teacher_approved_sense		pending	no
run-out-66c9cad0	run out	phrasal verb|verb	B1	speaking	context-scene	medium	needs_teacher_approved_sense		pending	no
rush-6572e9cf	rush	noun|verb	B2	reading	multi-sense-panel	medium	needs_teacher_approved_sense		pending	no
rush-hour-95eff757	rush hour	noun	B2	reading	context-scene	medium	needs_teacher_approved_sense		pending	no
safely-04efcab0	safely	adverb	B1	speaking	manner-sequence	medium	needs_teacher_approved_sense		pending	no
safety-be6c324c	safety	noun	B1	reading	object-or-context-scene	medium	needs_teacher_approved_sense		pending	no
sales-manager-53ac2646	sales manager	noun	B2	reading	context-scene	medium	needs_teacher_approved_sense		pending	no
salesman-saleswoman-8df0f45d	salesman/saleswoman	noun	B1	reading	object-or-context-scene	medium	needs_teacher_approved_sense		pending	no
salmon-4ffcf321	salmon	noun	B1	reading	object-or-context-scene	medium	needs_teacher_approved_sense		pending	no
salon-a00d35d6	salon	noun	B2	reading	object-or-context-scene	medium	needs_teacher_approved_sense		pending	no
salty-31c31e4d	salty	adjective		listening	contrast-pair	medium	needs_teacher_approved_sense		pending	no
sample-8151325d	sample	noun|verb	B1|B2	reading	multi-sense-panel	medium	needs_teacher_approved_sense		pending	no
satisfaction-acb2b666	satisfaction	noun	B2	writing	concept-metaphor	medium	needs_teacher_approved_sense		pending	no
satisfy-fb36f0d0	satisfy	verb	B2	reading	action-scene	medium	needs_teacher_approved_sense		pending	no
saucepan-cfa861e5	saucepan	noun	B1	reading	object-or-context-scene	medium	needs_teacher_approved_sense		pending	no
saucer-6d2a9995	saucer	noun	B1	reading	object-or-context-scene	medium	needs_teacher_approved_sense		pending	no
sausage-0bd7ea46	sausage	noun	B1	reading	object-or-context-scene	medium	needs_teacher_approved_sense		pending	no
saving-e7912bf7	saving	noun	B2	reading	object-or-context-scene	medium	needs_teacher_approved_sense		pending	no
saxophone-c2c36709	saxophone	noun	B2	reading	object-or-context-scene	medium	needs_teacher_approved_sense		pending	no
scales-39cbaa68	scales	noun	B2	reading	object-or-context-scene	medium	needs_teacher_approved_sense		pending	no
scan-ffa9c24c	scan	verb	B1	reading	action-scene	medium	needs_teacher_approved_sense		pending	no
scandal-d60a7865	scandal	noun	B2	reading	object-or-context-scene	medium	needs_teacher_approved_sense		pending	no
scar-542c255e	scar	noun	B2	reading	object-or-context-scene	medium	needs_teacher_approved_sense		pending	no
scare-2bfa6b03	scare	noun|verb	B2	reading	multi-sense-panel	medium	needs_teacher_approved_sense		pending	no
scarf-a384cff1	scarf	noun	B1	reading	object-or-context-scene	medium	needs_teacher_approved_sense		pending	no
scenario-64284150	scenario	noun	B2	reading	object-or-context-scene	medium	needs_teacher_approved_sense		pending	no
scenery-3a1e3fa7	scenery	noun	B1	reading	object-or-context-scene	medium	needs_teacher_approved_sense		pending	no
scheme-9a9e56ed	scheme	noun	B2	reading	object-or-context-scene	medium	needs_teacher_approved_sense		pending	no
scholar-025dfb55	scholar	noun	B2	reading	object-or-context-scene	medium	needs_teacher_approved_sense		pending	no
scholarship-bb2e84b0	scholarship	noun	B2	writing	concept-metaphor	medium	needs_teacher_approved_sense		pending	no
school-leaver-ba3e9d33	school-leaver	noun	B2	reading	object-or-context-scene	medium	needs_teacher_approved_sense		pending	no
schoolchild-54678cff	schoolchild	noun	B1	reading	object-or-context-scene	medium	needs_teacher_approved_sense		pending	no
scissors-fb8e7c92	scissors	noun	B1	reading	object-or-context-scene	medium	needs_teacher_approved_sense		pending	no
scrabble-28118a3e	scrabble	noun	B2	reading	object-or-context-scene	medium	needs_teacher_approved_sense		pending	no
scratch-ffdf8c66	scratch	noun|verb	B2	reading	multi-sense-panel	medium	needs_teacher_approved_sense		pending	no
screening-8246bb32	screening	noun	B2	reading	object-or-context-scene	medium	needs_teacher_approved_sense		pending	no
seaside-97eff0c2	seaside	noun	B1	reading	object-or-context-scene	medium	needs_teacher_approved_sense		pending	no
season-ticket-1c895a4a	season ticket	noun	B2	reading	context-scene	medium	needs_teacher_approved_sense		pending	no
second-hand-a9b7265e	second-hand	adjective|adverb	B1	speaking	multi-sense-panel	medium	needs_teacher_approved_sense		pending	no
sector-cefd7472	sector	noun	B2	reading	object-or-context-scene	medium	needs_teacher_approved_sense		pending	no
secure-d015cc46	secure	adjective|verb	B2	writing	multi-sense-panel	medium	needs_teacher_approved_sense		pending	no
security-check-4444b47e	security check	noun	B2	reading	context-scene	medium	needs_teacher_approved_sense		pending	no
security-guard-d7813026	security guard	noun	B1	speaking	context-scene	medium	needs_teacher_approved_sense		pending	no
seek-1594b7a4	seek	verb	B2	reading	action-scene	medium	needs_teacher_approved_sense		pending	no
seeker-bdf2b588	seeker	noun	B2	reading	object-or-context-scene	medium	needs_teacher_approved_sense		pending	no
selection-6f69eb7d	selection	noun	B2	writing	concept-metaphor	medium	needs_teacher_approved_sense		pending	no
self-40380bc1	self	noun	B2	reading	object-or-context-scene	medium	needs_teacher_approved_sense		pending	no
self-confident-a75baa7a	self-confident	adjective	B2	writing	contrast-pair	medium	needs_teacher_approved_sense		pending	no
self-motivated-20e7be91	self-motivated	adjective	B2	writing	contrast-pair	medium	needs_teacher_approved_sense		pending	no
self-service-533739bb	self-service	adjective	B1	reading	contrast-pair	medium	needs_teacher_approved_sense		pending	no
self-sufficient-dfef75cc	self-sufficient	adjective	B2	writing	contrast-pair	medium	needs_teacher_approved_sense		pending	no
selfie-9d006dff	selfie	noun	B1	reading	object-or-context-scene	medium	needs_teacher_approved_sense		pending	no
sequence-92504616	sequence	noun	B2	writing	concept-metaphor	medium	needs_teacher_approved_sense		pending	no
servant-91d8f815	servant	noun	B1	reading	object-or-context-scene	medium	needs_teacher_approved_sense		pending	no
server-3de4f901	server	noun	B1	reading	object-or-context-scene	medium	needs_teacher_approved_sense		pending	no
service-agent-91cabd83	service agent	noun	B2	reading	context-scene	medium	needs_teacher_approved_sense		pending	no
set-off-f5ea20ec	set off	phrasal verb|verb	B1	speaking	context-scene	medium	needs_teacher_approved_sense		pending	no
set-out-cce623e0	set out	phrasal verb|verb	B1	speaking	context-scene	medium	needs_teacher_approved_sense		pending	no
set-up-eafa3ec6	set up	phrasal verb|verb	B1	speaking	context-scene	medium	needs_teacher_approved_sense		pending	no
setting-d6df1ab7	setting	noun	B1	reading	object-or-context-scene	medium	needs_teacher_approved_sense		pending	no
settle-d424af29	settle	verb	B2	reading	action-scene	medium	needs_teacher_approved_sense		pending	no
settler-46020f1f	settler	noun	B2	reading	object-or-context-scene	medium	needs_teacher_approved_sense		pending	no
severe-c205889c	severe	adjective	B2	writing	contrast-pair	medium	needs_teacher_approved_sense		pending	no
severely-95ecebcf	severely	adverb	B2	writing	manner-sequence	medium	needs_teacher_approved_sense		pending	no
sew-48a11882	sew	verb	B1	speaking	action-scene	medium	needs_teacher_approved_sense		pending	no
sexual-3cc97fd9	sexual	adjective	B1	reading	contrast-pair	medium	needs_teacher_approved_sense		pending	no
sexy-bf5afc18	sexy	adjective	B2	writing	contrast-pair	medium	needs_teacher_approved_sense		pending	no
shaped-a9c382de	shaped	adjective	B2	writing	contrast-pair	medium	needs_teacher_approved_sense		pending	no
shark-4f90af66	shark	noun	B1	reading	object-or-context-scene	medium	needs_teacher_approved_sense		pending	no
shave-abbb2b2b	shave	verb	B1	speaking	action-scene	medium	needs_teacher_approved_sense		pending	no
shell-ec122f54	shell	noun	B1	reading	object-or-context-scene	medium	needs_teacher_approved_sense		pending	no
shelter-e93ca6d9	shelter	noun|verb	B2	reading	multi-sense-panel	medium	needs_teacher_approved_sense		pending	no
shift-dbd79b31	shift	noun|verb	B1|B2	reading	multi-sense-panel	medium	needs_teacher_approved_sense		pending	no
shift-work-1e7af37d	shift work	noun	B2	reading	context-scene	medium	needs_teacher_approved_sense		pending	no
shooting-a3b24171	shooting	noun	B2	reading	object-or-context-scene	medium	needs_teacher_approved_sense		pending	no
shoplift-da8c7e48	shoplift	verb	B2	reading	action-scene	medium	needs_teacher_approved_sense		pending	no
shoplifter-00b9447e	shoplifter	noun	B2	reading	object-or-context-scene	medium	needs_teacher_approved_sense		pending	no
shoplifting-a1128af8	shoplifting	noun	B2	reading	object-or-context-scene	medium	needs_teacher_approved_sense		pending	no
shopper-4a21d48a	shopper	noun	B1	reading	object-or-context-scene	medium	needs_teacher_approved_sense		pending	no
short-term-9c1232dc	short-term	adjective	B2	writing	contrast-pair	medium	needs_teacher_approved_sense		pending	no
shot-8faccbbf	shot	noun	B2	reading	object-or-context-scene	medium	needs_teacher_approved_sense		pending	no
show-up-0e6a89d8	show up	phrasal verb|verb	B1	speaking	context-scene	medium	needs_teacher_approved_sense		pending	no
shutter-3411c9e5	shutter	noun	B2	reading	object-or-context-scene	medium	needs_teacher_approved_sense		pending	no
sightseeing-f4c00539	sightseeing	noun	B1	reading	object-or-context-scene	medium	needs_teacher_approved_sense		pending	no
sign-up-6acc13f1	sign up	verb	B1	speaking	context-scene	medium	needs_teacher_approved_sense		pending	no
significance-559c8b2d	significance	noun	B2	writing	concept-metaphor	medium	needs_teacher_approved_sense		pending	no
significant-639f520f	significant	adjective	B2	writing	contrast-pair	medium	needs_teacher_approved_sense		pending	no
significantly-acb03f8f	significantly	adverb	B2	writing	manner-sequence	medium	needs_teacher_approved_sense		pending	no
signpost-94bf6bcf	signpost	noun	B1	reading	object-or-context-scene	medium	needs_teacher_approved_sense		pending	no
similarity-3941da99	similarity	noun	B1	reading	concept-metaphor	medium	needs_teacher_approved_sense		pending	no
similarly-1bc0846e	similarly	adverb	B1	reading	manner-sequence	medium	needs_teacher_approved_sense		pending	no
simply-46ae5ea6	simply	adverb	B1	reading	manner-sequence	medium	needs_teacher_approved_sense		pending	no
sincere-9556ec75	sincere	adjective	B2	writing	contrast-pair	medium	needs_teacher_approved_sense		pending	no
skating-c4655760	skating	noun	B1	reading	object-or-context-scene	medium	needs_teacher_approved_sense		pending	no
skilled-d15dd194	skilled	adjective	B2	writing	contrast-pair	medium	needs_teacher_approved_sense		pending	no
skull-15e9abb2	skull	noun	B2	reading	object-or-context-scene	medium	needs_teacher_approved_sense		pending	no
slave-e25c8f72	slave	noun	B2	reading	object-or-context-scene	medium	needs_teacher_approved_sense		pending	no
sleepy-6d677ad0	sleepy	adjective	B1	reading	contrast-pair	medium	needs_teacher_approved_sense		pending	no
sleeve-366d6fc8	sleeve	noun	B1	reading	object-or-context-scene	medium	needs_teacher_approved_sense		pending	no
sliding-doors-36133fdc	sliding doors	noun	B2	reading	context-scene	medium	needs_teacher_approved_sense		pending	no
slight-209700f3	slight	adjective	B2	writing	contrast-pair	medium	needs_teacher_approved_sense		pending	no
slim-80a9a73f	slim	adjective	B1	reading	contrast-pair	medium	needs_teacher_approved_sense		pending	no
slogan-0780fb58	slogan	noun	B2	reading	object-or-context-scene	medium	needs_teacher_approved_sense		pending	no
sneeze-531f5b06	sneeze	noun|verb	B2	reading	multi-sense-panel	medium	needs_teacher_approved_sense		pending	no
snore-291d2e4f	snore	noun|verb	B2	reading	multi-sense-panel	medium	needs_teacher_approved_sense		pending	no
snorkelling-1ff79024	snorkelling	noun	B2	reading	object-or-context-scene	medium	needs_teacher_approved_sense		pending	no
snowfall-920985de	snowfall	noun	B1	reading	object-or-context-scene	medium	needs_teacher_approved_sense		pending	no
so-called-35d958f1	so-called	adjective	B2	writing	contrast-pair	medium	needs_teacher_approved_sense		pending	no
so-so-05e28cd2	so-so	adjective	B1	reading	contrast-pair	medium	needs_teacher_approved_sense		pending	no
sociable-a3968707	sociable	adjective	B1	reading	contrast-pair	medium	needs_teacher_approved_sense		pending	no
social-media-52b4cddb	social media	noun	B1	speaking	context-scene	medium	needs_teacher_approved_sense		pending	no
solar-0f016a18	solar	adjective	B2	writing	contrast-pair	medium	needs_teacher_approved_sense		pending	no
solid-69e699bc	solid	adjective|noun	B1	reading	multi-sense-panel	medium	needs_teacher_approved_sense		pending	no
sometime-31aaf971	sometime	adverb	B2	writing	manner-sequence	medium	needs_teacher_approved_sense		pending	no
somewhat-1899fd45	somewhat	adverb	B2	writing	manner-sequence	medium	needs_teacher_approved_sense		pending	no
sophisticated-b2ed221f	sophisticated	adjective	B2	writing	contrast-pair	medium	needs_teacher_approved_sense		pending	no
sour-000b4b94	sour	adjective	B1	reading	contrast-pair	medium	needs_teacher_approved_sense		pending	no
southeast-9dfb52ed	southeast	adjective|noun	B1	reading	multi-sense-panel	medium	needs_teacher_approved_sense		pending	no
southwest-c748b578	southwest	adjective|noun	B1	reading	multi-sense-panel	medium	needs_teacher_approved_sense		pending	no
spaceship-6900a064	spaceship	noun	B1	reading	concept-metaphor	medium	needs_teacher_approved_sense		pending	no
sparkling-7521ad33	sparkling	adjective	B1	reading	contrast-pair	medium	needs_teacher_approved_sense		pending	no
special-effect-2e4794df	special effect	noun	B2	reading	context-scene	medium	needs_teacher_approved_sense		pending	no
specialize-ab7323ab	specialize	verb	B2	reading	action-scene	medium	needs_teacher_approved_sense		pending	no
specially-4b799aa0	specially	adverb	B1	speaking	manner-sequence	medium	needs_teacher_approved_sense		pending	no
specifically-a77e8ac1	specifically	adverb	B1	reading	manner-sequence	medium	needs_teacher_approved_sense		pending	no
specify-ade6a05c	specify	verb	B2	reading	action-scene	medium	needs_teacher_approved_sense		pending	no
spectator-ab0adbef	spectator	noun	B2	reading	object-or-context-scene	medium	needs_teacher_approved_sense		pending	no
speculation-e334ea0d	speculation	noun	B2	writing	concept-metaphor	medium	needs_teacher_approved_sense		pending	no
spending-57bac4f7	spending	noun	B1	reading	object-or-context-scene	medium	needs_teacher_approved_sense		pending	no
spinach-4e766d85	spinach	noun	B1	reading	object-or-context-scene	medium	needs_teacher_approved_sense		pending	no
spirit-b40d5131	spirit	noun	B1	reading	object-or-context-scene	medium	needs_teacher_approved_sense		pending	no
spiritual-5b742e15	spiritual	adjective	B2	writing	contrast-pair	medium	needs_teacher_approved_sense		pending	no
splash-326d177f	splash	noun|verb	B2	reading	multi-sense-panel	medium	needs_teacher_approved_sense		pending	no
split-94d5cab6	split	noun|verb	B2	reading	multi-sense-panel	medium	needs_teacher_approved_sense		pending	no
split-up-b7fe4907	split up	phrasal verb|verb	B1	speaking	context-scene	medium	needs_teacher_approved_sense		pending	no
spoken-84965c63	spoken	adjective	B1	reading	contrast-pair	medium	needs_teacher_approved_sense		pending	no
spokesman-db1df886	spokesman	noun	B2	reading	object-or-context-scene	medium	needs_teacher_approved_sense		pending	no
spokesperson-1f1081bc	spokesperson	noun	B2	reading	object-or-context-scene	medium	needs_teacher_approved_sense		pending	no
spokeswoman-32c2e973	spokeswoman	noun	B2	reading	object-or-context-scene	medium	needs_teacher_approved_sense		pending	no
sponsor-ab2137f0	sponsor	noun|verb	B2	reading	multi-sense-panel	medium	needs_teacher_approved_sense		pending	no
sponsorship-985ce97a	sponsorship	noun	B2	writing	concept-metaphor	medium	needs_teacher_approved_sense		pending	no
sporting-f7c5db3f	sporting	adjective	B2	writing	contrast-pair	medium	needs_teacher_approved_sense		pending	no
spray-761b4fbb	spray	verb|verb phrase	B2	speaking	context-scene	medium	needs_teacher_approved_sense		pending	no
spread-ea118158	spread	noun|verb	B1|B2	reading	multi-sense-panel	medium	needs_teacher_approved_sense		pending	no
stable-4fbacc2f	stable	adjective	B2	writing	contrast-pair	medium	needs_teacher_approved_sense		pending	no
staircase-1edec902	staircase	noun	B2	reading	object-or-context-scene	medium	needs_teacher_approved_sense		pending	no
stance-10b3b9d9	stance	noun	B2	writing	concept-metaphor	medium	needs_teacher_approved_sense		pending	no
standard-f410e046	standard	adjective|noun	B1	reading	multi-sense-panel	medium	needs_teacher_approved_sense		pending	no
starve-5758df85	starve	verb	B2	reading	action-scene	medium	needs_teacher_approved_sense		pending	no
status-48a3661d	status	noun	B2	reading	object-or-context-scene	medium	needs_teacher_approved_sense		pending	no
steadily-2c5f535f	steadily	adverb	B2	writing	manner-sequence	medium	needs_teacher_approved_sense		pending	no
steady-0c69e7aa	steady	adjective	B2	writing	contrast-pair	medium	needs_teacher_approved_sense		pending	no
steam-bf2903b5	steam	noun	B2	reading	object-or-context-scene	medium	needs_teacher_approved_sense		pending	no
step-forward-back-out-36650023	step forward/back/out	verb	B1	speaking	context-scene	medium	needs_teacher_approved_sense		pending	no
step-over-in-on-out-of-sth-ae44c895	step over/in/on/out of sth	verb	B1	speaking	context-scene	medium	needs_teacher_approved_sense		pending	no
still-life-98a374c2	still life	noun	B2	reading	context-scene	medium	needs_teacher_approved_sense		pending	no
stimulate-e26c861b	stimulate	verb	B2	reading	action-scene	medium	needs_teacher_approved_sense		pending	no
stimulating-d0de68f5	stimulating	adjective	B2	writing	contrast-pair	medium	needs_teacher_approved_sense		pending	no
stir-fry-45881d87	stir-fry	noun	B2	reading	object-or-context-scene	medium	needs_teacher_approved_sense		pending	no
stitches-868ac6d1	stitches	noun	B2	reading	object-or-context-scene	medium	needs_teacher_approved_sense		pending	no
stock-ed487e1e	stock	noun	B2	reading	object-or-context-scene	medium	needs_teacher_approved_sense		pending	no
stomach-ache-22113ca2	stomach ache	noun	B1	speaking	context-scene	medium	needs_teacher_approved_sense		pending	no
stomach-upset-83f79aaa	stomach upset	noun	B2	reading	context-scene	medium	needs_teacher_approved_sense		pending	no
storyline-aba00cc8	storyline	noun	B2	reading	object-or-context-scene	medium	needs_teacher_approved_sense		pending	no
strawberry-c0b51c46	strawberry	noun	B1	reading	object-or-context-scene	medium	needs_teacher_approved_sense		pending	no
streamed-b0c659fe	streamed	adjective	B2	writing	contrast-pair	medium	needs_teacher_approved_sense		pending	no
strength-57a4e7ca	strength	noun	B1	reading	object-or-context-scene	medium	needs_teacher_approved_sense		pending	no
strengthen-ff5497aa	strengthen	verb	B2	reading	action-scene	medium	needs_teacher_approved_sense		pending	no
stressed-8bba0d48	stressed	adjective	B1	reading	contrast-pair	medium	needs_teacher_approved_sense		pending	no
strictly-84af96c6	strictly	adverb	B2	writing	manner-sequence	medium	needs_teacher_approved_sense		pending	no
string-ecb25204	string	noun	B1	reading	object-or-context-scene	medium	needs_teacher_approved_sense		pending	no
stripe-2fcb5a43	stripe	noun	B1	reading	object-or-context-scene	medium	needs_teacher_approved_sense		pending	no
stroke-fa2a4fd4	stroke	noun	B2	reading	object-or-context-scene	medium	needs_teacher_approved_sense		pending	no
strongly-6e77d135	strongly	adverb	B1	reading	manner-sequence	medium	needs_teacher_approved_sense		pending	no
structure-2d309ce9	structure	noun|verb	A2|B2	reading	multi-sense-panel	medium	needs_teacher_approved_sense		pending	no
struggle-1972a0fd	struggle	noun|verb	B2	reading	multi-sense-panel	medium	needs_teacher_approved_sense		pending	no
stubborn-06d9b468	stubborn	adjective	B2	writing	contrast-pair	medium	needs_teacher_approved_sense		pending	no
students-union-06f3fab1	students' union	noun	B2	reading	context-scene	medium	needs_teacher_approved_sense		pending	no
stylish-b9acf383	stylish	adjective	B1	reading	contrast-pair	medium	needs_teacher_approved_sense		pending	no
submit-3fa4054f	submit	verb	B2	reading	action-scene	medium	needs_teacher_approved_sense		pending	no
subsequent-37b74144	subsequent	adjective	B2	writing	contrast-pair	medium	needs_teacher_approved_sense		pending	no
subsequently-b4d32ccb	subsequently	adverb	B2	writing	manner-sequence	medium	needs_teacher_approved_sense		pending	no
subtitle-556858cc	subtitle	noun	B2	reading	object-or-context-scene	medium	needs_teacher_approved_sense		pending	no
subtract-cf2d012e	subtract	verb	B1	speaking	action-scene	medium	needs_teacher_approved_sense		pending	no
successfully-85193e23	successfully	adverb	B1	reading	manner-sequence	medium	needs_teacher_approved_sense		pending	no
suffering-152b3262	suffering	noun	B2	reading	object-or-context-scene	medium	needs_teacher_approved_sense		pending	no
sufficiently-cdcf89fa	sufficiently	adverb	B2	writing	manner-sequence	medium	needs_teacher_approved_sense		pending	no
summarize-e7e5cb2f	summarize	verb	B1	reading	action-scene	medium	needs_teacher_approved_sense		pending	no
summary-05535ecf	summary	noun	B1	reading	object-or-context-scene	medium	needs_teacher_approved_sense		pending	no
sunbathe-3f62012e	sunbathe	verb	B1	speaking	action-scene	medium	needs_teacher_approved_sense		pending	no
sunglasses-9ef44106	sunglasses	noun	B1	reading	object-or-context-scene	medium	needs_teacher_approved_sense		pending	no
sunrise-54bf3dc2	sunrise	noun	B1	reading	object-or-context-scene	medium	needs_teacher_approved_sense		pending	no
sunset-a812ce79	sunset	noun	B1	reading	object-or-context-scene	medium	needs_teacher_approved_sense		pending	no
sunshine-8d6e34f9	sunshine	noun	B1	reading	object-or-context-scene	medium	needs_teacher_approved_sense		pending	no
super-8451ba8a	super	adjective	B2	writing	contrast-pair	medium	needs_teacher_approved_sense		pending	no
superhero-b9a06bf2	superhero	noun	B1	reading	object-or-context-scene	medium	needs_teacher_approved_sense		pending	no
suprising-30aa6465	suprising	adjective	B1	reading	contrast-pair	medium	needs_teacher_approved_sense		pending	no
surely-e058f812	surely	adverb	B1	reading	manner-sequence	medium	needs_teacher_approved_sense		pending	no
surf-a001cca4	surf	verb	B1	speaking	action-scene	medium	needs_teacher_approved_sense		pending	no
surface-c6359a79	surface	noun	B1	reading	object-or-context-scene	medium	needs_teacher_approved_sense		pending	no
surgeon-5424e8c4	surgeon	noun	B2	reading	object-or-context-scene	medium	needs_teacher_approved_sense		pending	no
surpass-c78b573c	surpass	verb		listening	action-scene	medium	needs_teacher_approved_sense		pending	no
surrounding-fcae4689	surrounding	adjective	B2	writing	contrast-pair	medium	needs_teacher_approved_sense		pending	no
suspect-358bf3e5	suspect	noun|verb	B2	reading	multi-sense-panel	medium	needs_teacher_approved_sense		pending	no
suspend-b6f0c43f	suspend	verb	B2	reading	action-scene	medium	needs_teacher_approved_sense		pending	no
swallow-a74d7c22	swallow	verb	B2	reading	action-scene	medium	needs_teacher_approved_sense		pending	no
swear-fec65869	swear	verb	B2	reading	action-scene	medium	needs_teacher_approved_sense		pending	no
sweatshirt-92bdac6e	sweatshirt	noun	B1	reading	object-or-context-scene	medium	needs_teacher_approved_sense		pending	no
sweep-ef4d07e4	sweep	verb	B2	reading	action-scene	medium	needs_teacher_approved_sense		pending	no
swimmer-698dc31b	swimmer	noun	B1	reading	object-or-context-scene	medium	needs_teacher_approved_sense		pending	no
swimming-costume-f1f35ff5	swimming costume	noun	B1	speaking	context-scene	medium	needs_teacher_approved_sense		pending	no
swimsuit-d78b0387	swimsuit	noun	B1	reading	object-or-context-scene	medium	needs_teacher_approved_sense		pending	no
sympathy-64a6d24f	sympathy	noun	B2	reading	object-or-context-scene	medium	needs_teacher_approved_sense		pending	no
table-tennis-b2c4331f	table tennis	noun	B1	speaking	context-scene	medium	needs_teacher_approved_sense		pending	no
table-cloth-5b8a968e	table-cloth	noun	B1	reading	object-or-context-scene	medium	needs_teacher_approved_sense		pending	no
table-tennis-19eb7582	table-tennis	noun	A2	speaking	object-or-context-scene	medium	needs_teacher_approved_sense		pending	no
tag-5e9b60f6	tag	noun|verb	B2	reading	multi-sense-panel	medium	needs_teacher_approved_sense		pending	no
tail-fbf5f2a2	tail	noun	B1	reading	object-or-context-scene	medium	needs_teacher_approved_sense		pending	no
take-a-nap-53f0bede	take a nap	verb|verb phrase	B2	speaking	context-scene	medium	needs_teacher_approved_sense		pending	no
take-after-35362967	take after	verb|verb phrase	B2	speaking	context-scene	medium	needs_teacher_approved_sense		pending	no
take-an-exam-c7da8ea9	take an exam	verb|verb phrase	B2	speaking	context-scene	medium	needs_teacher_approved_sense		pending	no
take-away-66acf4ae	take away	verb	B1	speaking	context-scene	medium	needs_teacher_approved_sense		pending	no
take-care-of-7ee785fc	take care of	verb	B1	speaking	context-scene	medium	needs_teacher_approved_sense		pending	no
take-on-4d85876e	take on	verb|verb phrase	B2	speaking	context-scene	medium	needs_teacher_approved_sense		pending	no
take-out-2041aa70	take out	verb|verb phrase	B2	speaking	context-scene	medium	needs_teacher_approved_sense		pending	no
take-over-a-business-caa18152	take over a business	verb|verb phrase	B2	speaking	context-scene	medium	needs_teacher_approved_sense		pending	no
take-part-in-484d8f4b	take part in	verb	B1	speaking	context-scene	medium	needs_teacher_approved_sense		pending	no
take-place-19e57fb7	take place	verb	B1	speaking	context-scene	medium	needs_teacher_approved_sense		pending	no
take-to-8f7477d0	take to	verb|verb phrase	B2	speaking	context-scene	medium	needs_teacher_approved_sense		pending	no
take-up-space-99f351d8	take up space	verb|verb phrase	B2	speaking	context-scene	medium	needs_teacher_approved_sense		pending	no
takeaway-8a74aebe	takeaway	noun	B1	reading	object-or-context-scene	medium	needs_teacher_approved_sense		pending	no
tale-34edfb09	tale	noun	B2	reading	object-or-context-scene	medium	needs_teacher_approved_sense		pending	no
talk-show-b32e1a92	talk show	noun	B1	speaking	context-scene	medium	needs_teacher_approved_sense		pending	no
talkative-de2d338e	talkative	adjective	B2	writing	contrast-pair	medium	needs_teacher_approved_sense		pending	no
tank-b63ae12f	tank	noun	B2	reading	object-or-context-scene	medium	needs_teacher_approved_sense		pending	no
tape-e9b6c75d	tape	noun	B1	reading	object-or-context-scene	medium	needs_teacher_approved_sense		pending	no
target-0e8a3ad9	target	noun|verb	A2|B2	reading	multi-sense-panel	medium	needs_teacher_approved_sense		pending	no
tasteful-4cb80414	tasteful	adjective	B2	writing	contrast-pair	medium	needs_teacher_approved_sense		pending	no
tasteless-f57535f1	tasteless	adjective	B2	writing	contrast-pair	medium	needs_teacher_approved_sense		pending	no
taxi-rank-4f19e52d	taxi rank	noun	B2	reading	context-scene	medium	needs_teacher_approved_sense		pending	no
teaching-assistant-5b96407d	teaching assistant	noun	B2	reading	context-scene	medium	needs_teacher_approved_sense		pending	no
technical-60944e57	technical	adjective	B1	reading	contrast-pair	medium	needs_teacher_approved_sense		pending	no
technological-c617394d	technological	adjective	B2	writing	contrast-pair	medium	needs_teacher_approved_sense		pending	no
tedious-54c4f31b	tedious	adjective	B2	writing	contrast-pair	medium	needs_teacher_approved_sense		pending	no
teens-156f59a9	teens	noun	B2	reading	object-or-context-scene	medium	needs_teacher_approved_sense		pending	no
telescope-82f4516e	telescope	noun	B2	reading	object-or-context-scene	medium	needs_teacher_approved_sense		pending	no
temporarily-fa03a142	temporarily	adverb	B2	writing	manner-sequence	medium	needs_teacher_approved_sense		pending	no
tend-629cc13e	tend	verb	B1	reading	action-scene	medium	needs_teacher_approved_sense		pending	no
tendency-054edbc6	tendency	noun	B2	writing	concept-metaphor	medium	needs_teacher_approved_sense		pending	no
tension-e6bacb0d	tension	noun	B2	writing	concept-metaphor	medium	needs_teacher_approved_sense		pending	no
terms-ce620d67	terms	noun	B2	reading	object-or-context-scene	medium	needs_teacher_approved_sense		pending	no
terrace-2d5f4f20	terrace	noun	B2	reading	object-or-context-scene	medium	needs_teacher_approved_sense		pending	no
terrified-e8bce6ef	terrified	adjective	B1	reading	contrast-pair	medium	needs_teacher_approved_sense		pending	no
territory-4a2f290c	territory	noun	B2	reading	object-or-context-scene	medium	needs_teacher_approved_sense		pending	no
terror-10f9bb8f	terror	noun	B2	reading	object-or-context-scene	medium	needs_teacher_approved_sense		pending	no
terrorism-15c87e10	terrorism	noun	B2	writing	concept-metaphor	medium	needs_teacher_approved_sense		pending	no
terrorist-b521792c	terrorist	noun	B2	reading	object-or-context-scene	medium	needs_teacher_approved_sense		pending	no
testing-dc724af1	testing	noun	B2	reading	object-or-context-scene	medium	needs_teacher_approved_sense		pending	no
textiles-22cb3a6d	textiles	noun	B2	reading	object-or-context-scene	medium	needs_teacher_approved_sense		pending	no
theme-dc151a5a	theme	noun	B1	reading	object-or-context-scene	medium	needs_teacher_approved_sense		pending	no
therapist-cbcbe460	therapist	noun	B2	reading	object-or-context-scene	medium	needs_teacher_approved_sense		pending	no
therapy-a8a511e7	therapy	noun	B2	reading	object-or-context-scene	medium	needs_teacher_approved_sense		pending	no
thesis-348e7670	thesis	noun	B2	reading	object-or-context-scene	medium	needs_teacher_approved_sense		pending	no
think-back-to-a88e1a0a	think back to	verb|verb phrase	B2	speaking	context-scene	medium	needs_teacher_approved_sense		pending	no
think-over-b964e964	think over	verb|verb phrase	B2	speaking	context-scene	medium	needs_teacher_approved_sense		pending	no
think-straight-4e507842	think straight	verb|verb phrase	B2	speaking	context-scene	medium	needs_teacher_approved_sense		pending	no
think-through-a31d6e2d	think through	verb|verb phrase	B2	speaking	context-scene	medium	needs_teacher_approved_sense		pending	no
think-twice-about-c332cdb2	think twice about	verb|verb phrase	B2	speaking	context-scene	medium	needs_teacher_approved_sense		pending	no
thorough-d20bd8db	thorough	adjective	B2	writing	contrast-pair	medium	needs_teacher_approved_sense		pending	no
thoroughly-a729ef87	thoroughly	adverb	B2	writing	manner-sequence	medium	needs_teacher_approved_sense		pending	no
thoughtless-eb415a91	thoughtless	adjective	B2	writing	contrast-pair	medium	needs_teacher_approved_sense		pending	no
threat-4e71a7b9	threat	noun	B2	reading	object-or-context-scene	medium	needs_teacher_approved_sense		pending	no
threaten-84ce7eb3	threaten	verb	B2	reading	action-scene	medium	needs_teacher_approved_sense		pending	no
throughout-330dbf47	throughout	adverb|preposition	B1	reading	manner-sequence	medium	needs_teacher_approved_sense		pending	no
throw-away-49d09cc6	throw away	phrasal verb|verb	B1	speaking	context-scene	medium	needs_teacher_approved_sense		pending	no
thunder-badcfa3c	thunder	noun	B1	reading	object-or-context-scene	medium	needs_teacher_approved_sense		pending	no
thus-2e53d1fd	thus	adverb	B2	writing	manner-sequence	medium	needs_teacher_approved_sense		pending	no
tick-38321681	tick	noun|verb	B1	speaking	multi-sense-panel	medium	needs_teacher_approved_sense		pending	no
timetable-77409033	timetable	noun	B1	reading	object-or-context-scene	medium	needs_teacher_approved_sense		pending	no
timing-61f53ba0	timing	noun	B2	reading	object-or-context-scene	medium	needs_teacher_approved_sense		pending	no
tiring-2d1f13d9	tiring	adjective	B1	reading	contrast-pair	medium	needs_teacher_approved_sense		pending	no
toast-2d885aa8	toast	noun	B1	reading	object-or-context-scene	medium	needs_teacher_approved_sense		pending	no
ton-5e4b6ad2	ton	noun	B2	reading	object-or-context-scene	medium	needs_teacher_approved_sense		pending	no
tone-4429f685	tone	noun	B2	reading	object-or-context-scene	medium	needs_teacher_approved_sense		pending	no
tonne-e1e6e7c7	tonne	noun	B2	reading	object-or-context-scene	medium	needs_teacher_approved_sense		pending	no
tooth-teeth-289b9b60	tooth/teeth	noun	B1	reading	object-or-context-scene	medium	needs_teacher_approved_sense		pending	no
toothache-6ff48cff	toothache	noun	B1	reading	object-or-context-scene	medium	needs_teacher_approved_sense		pending	no
toothpaste-22ef5ba4	toothpaste	noun	B1	reading	object-or-context-scene	medium	needs_teacher_approved_sense		pending	no
torch-e7de9e62	torch	noun	B1	reading	object-or-context-scene	medium	needs_teacher_approved_sense		pending	no
tough-c1f0cd9e	tough	adjective	B2	writing	contrast-pair	medium	needs_teacher_approved_sense		pending	no
trace-d0fa5548	trace	noun|verb	B2|C1	reading	multi-sense-panel	medium	needs_teacher_approved_sense		pending	no
tracksuit-64a03a72	tracksuit	noun	B1	reading	object-or-context-scene	medium	needs_teacher_approved_sense		pending	no
trading-a31f0db8	trading	noun	B2	reading	object-or-context-scene	medium	needs_teacher_approved_sense		pending	no
traffic-light-e49ee11d	traffic light	noun	B1	speaking	context-scene	medium	needs_teacher_approved_sense		pending	no
tragedy-712bb05a	tragedy	noun	B2	reading	object-or-context-scene	medium	needs_teacher_approved_sense		pending	no
tragic-ab61a678	tragic	adjective	B2	writing	contrast-pair	medium	needs_teacher_approved_sense		pending	no
trainers-c87c5d8a	trainers	noun	A2	speaking	object-or-context-scene	medium	needs_teacher_approved_sense		pending	no
trait-28257104	trait	noun	B2	reading	object-or-context-scene	medium	needs_teacher_approved_sense		pending	no
tranquil-4a603c87	tranquil	adjective		listening	contrast-pair	medium	needs_teacher_approved_sense		pending	no
transform-dd8ce13a	transform	verb	B2	reading	action-scene	medium	needs_teacher_approved_sense		pending	no
transmit-2b38e5f5	transmit	verb	B2	reading	action-scene	medium	needs_teacher_approved_sense		pending	no
transportation-a14a944d	transportation	noun	B2	writing	concept-metaphor	medium	needs_teacher_approved_sense		pending	no
trap-e6d30736	trap	noun|verb	B2	reading	multi-sense-panel	medium	needs_teacher_approved_sense		pending	no
trash-can-0e8f446c	trash can	noun	B1	speaking	context-scene	medium	needs_teacher_approved_sense		pending	no
treasure-66435385	treasure	noun	B2	reading	object-or-context-scene	medium	needs_teacher_approved_sense		pending	no
treat-1f6d9f4e	treat	verb	B1	reading	action-scene	medium	needs_teacher_approved_sense		pending	no
tremble-8c1b9798	tremble	verb	B2	reading	action-scene	medium	needs_teacher_approved_sense		pending	no
trial-069fd3a4	trial	noun	B2	reading	object-or-context-scene	medium	needs_teacher_approved_sense		pending	no
trigger-63d62d4a	trigger	noun|verb	B2|C1	reading	multi-sense-panel	medium	needs_teacher_approved_sense		pending	no
trolley-64f836f6	trolley	noun	B2	reading	object-or-context-scene	medium	needs_teacher_approved_sense		pending	no
troop-0c57243a	troop	noun	B2	reading	object-or-context-scene	medium	needs_teacher_approved_sense		pending	no
truly-90099b2e	truly	adverb	B2	writing	manner-sequence	medium	needs_teacher_approved_sense		pending	no
trumpet-562540cd	trumpet	noun	B1	reading	object-or-context-scene	medium	needs_teacher_approved_sense		pending	no
tsunami-8ffd9b35	tsunami	noun	B2	reading	object-or-context-scene	medium	needs_teacher_approved_sense		pending	no
tuna-b9149fd5	tuna	noun	B1	reading	object-or-context-scene	medium	needs_teacher_approved_sense		pending	no
turkey-5009c8e1	turkey	noun	B1	reading	object-or-context-scene	medium	needs_teacher_approved_sense		pending	yes
turn-down-b679548c	turn down	phrasal verb|verb	B1	speaking	context-scene	medium	needs_teacher_approved_sense		pending	no
turn-into-93bab305	turn into	phrasal verb|verb	B1	speaking	context-scene	medium	needs_teacher_approved_sense		pending	no
turn-up-a7717453	turn up	phrasal verb|verb	B1	speaking	context-scene	medium	needs_teacher_approved_sense		pending	no
turning-2c956855	turning	noun	B1	reading	object-or-context-scene	medium	needs_teacher_approved_sense		pending	no
tutorial-485de271	tutorial	noun	B2	reading	object-or-context-scene	medium	needs_teacher_approved_sense		pending	no
ultimate-74537d34	ultimate	adjective	B2	writing	contrast-pair	medium	needs_teacher_approved_sense		pending	no
ultimately-68d16beb	ultimately	adverb	B2	writing	manner-sequence	medium	needs_teacher_approved_sense		pending	no
unacceptable-b0da7893	unacceptable	adjective	B2	writing	contrast-pair	medium	needs_teacher_approved_sense		pending	no
unbelievable-80927930	unbelievable	adjective	B1	reading	contrast-pair	medium	needs_teacher_approved_sense		pending	no
uncertainty-2a399755	uncertainty	noun	B2	reading	object-or-context-scene	medium	needs_teacher_approved_sense		pending	no
unconscious-56394eec	unconscious	adjective	B2	writing	contrast-pair	medium	needs_teacher_approved_sense		pending	no
undergo-fb01823c	undergo	verb	B2	reading	action-scene	medium	needs_teacher_approved_sense		pending	no
underline-c82b67c8	underline	verb	B1	speaking	action-scene	medium	needs_teacher_approved_sense		pending	no
underpants-1804893b	underpants	noun	B1	reading	object-or-context-scene	medium	needs_teacher_approved_sense		pending	no
undertake-cba7a76b	undertake	verb	B2	reading	action-scene	medium	needs_teacher_approved_sense		pending	no
underwater-016048c2	underwater	adjective	B1	reading	contrast-pair	medium	needs_teacher_approved_sense		pending	no
undress-ea25cb76	undress	verb	B1	speaking	action-scene	medium	needs_teacher_approved_sense		pending	no
unfit-e469f4fa	unfit	adjective	B1	reading	contrast-pair	medium	needs_teacher_approved_sense		pending	no
unfold-1e0eecbd	unfold	verb	B2	reading	action-scene	medium	needs_teacher_approved_sense		pending	no
unforgettable-20e4beef	unforgettable	adjective	B1	reading	contrast-pair	medium	needs_teacher_approved_sense		pending	no
unfortunate-661ee9f1	unfortunate	adjective	B2	writing	contrast-pair	medium	needs_teacher_approved_sense		pending	no
unfriendly-bada7572	unfriendly	adjective	B1	reading	contrast-pair	medium	needs_teacher_approved_sense		pending	no
unhealthy-72c567a4	unhealthy	adjective	B1	reading	contrast-pair	medium	needs_teacher_approved_sense		pending	no
unimportant-7ec3711b	unimportant	adjective	B1	reading	contrast-pair	medium	needs_teacher_approved_sense		pending	no
uninterested-d43c562a	uninterested	adjective	B1	reading	contrast-pair	medium	needs_teacher_approved_sense		pending	no
uninteresting-0fb2de9d	uninteresting	adjective	B1	reading	contrast-pair	medium	needs_teacher_approved_sense		pending	no
unique-58037c00	unique	adjective	B2	writing	contrast-pair	medium	needs_teacher_approved_sense		pending	no
unite-5e94aafa	unite	verb	B2	reading	action-scene	medium	needs_teacher_approved_sense		pending	no
unity-8de88458	unity	noun	B2	reading	concept-metaphor	medium	needs_teacher_approved_sense		pending	no
universal-da5f51a1	universal	adjective	B2	writing	contrast-pair	medium	needs_teacher_approved_sense		pending	no
unkind-ca4339ee	unkind	adjective	B1	reading	contrast-pair	medium	needs_teacher_approved_sense		pending	no
unlucky-a6c6f227	unlucky	adjective	B1	reading	contrast-pair	medium	needs_teacher_approved_sense		pending	no
unpack-9a106745	unpack	verb	B1	speaking	action-scene	medium	needs_teacher_approved_sense		pending	no
unspoiled-e6ab8ef4	unspoiled	adjective	B2	writing	contrast-pair	medium	needs_teacher_approved_sense		pending	no
unsure-27ff6ec3	unsure	adjective	B1	reading	contrast-pair	medium	needs_teacher_approved_sense		pending	no
untidy-5c124dd6	untidy	adjective	B1	reading	contrast-pair	medium	needs_teacher_approved_sense		pending	no
unwell-d720d9c1	unwell	adjective	B1	reading	contrast-pair	medium	needs_teacher_approved_sense		pending	no
upload-bb73aaaf	upload	noun|verb	B1	speaking	multi-sense-panel	medium	needs_teacher_approved_sense		pending	no
upwards-1227af6f	upwards	adverb	B2	writing	manner-sequence	medium	needs_teacher_approved_sense		pending	no
urban-ba7a82a9	urban	adjective	B2	writing	contrast-pair	medium	needs_teacher_approved_sense		pending	no
urge-78bd637d	urge	verb	B2	reading	action-scene	medium	needs_teacher_approved_sense		pending	no
urgently-19fe0ac2	urgently	adverb	B1	speaking	manner-sequence	medium	needs_teacher_approved_sense		pending	no
usage-c629ba0e	usage	noun	B2	reading	object-or-context-scene	medium	needs_teacher_approved_sense		pending	no
used-192a5675	used	adjective	B1	reading	contrast-pair	medium	needs_teacher_approved_sense		pending	no
useless-9384dbba	useless	adjective	B2	writing	contrast-pair	medium	needs_teacher_approved_sense		pending	no
v-neck-478650b7	V-neck	adjective	B2	writing	contrast-pair	medium	needs_teacher_approved_sense		pending	no
valid-bec26280	valid	adjective	B2	writing	contrast-pair	medium	needs_teacher_approved_sense		pending	no
vanilla-44ebfed2	vanilla	noun	B1	reading	object-or-context-scene	medium	needs_teacher_approved_sense		pending	no
variation-1ca7c5fd	variation	noun	B2	writing	concept-metaphor	medium	needs_teacher_approved_sense		pending	no
vary-b4452b6d	vary	verb	B2	reading	action-scene	medium	needs_teacher_approved_sense		pending	no
vase-28e4e605	vase	noun	B1	reading	object-or-context-scene	medium	needs_teacher_approved_sense		pending	no
venue-32185118	venue	noun	B2	reading	object-or-context-scene	medium	needs_teacher_approved_sense		pending	no
versatile-67d5faf4	versatile	adjective	B2	writing	contrast-pair	medium	needs_teacher_approved_sense		pending	no
vertical-1b018061	vertical	adjective	B2	writing	contrast-pair	medium	needs_teacher_approved_sense		pending	no
vet-cd57239b	vet	noun	B1	reading	object-or-context-scene	medium	needs_teacher_approved_sense		pending	no
victim-540f546b	victim	noun	B1	reading	object-or-context-scene	medium	needs_teacher_approved_sense		pending	no
victory-eaa6a041	victory	noun	B2	reading	object-or-context-scene	medium	needs_teacher_approved_sense		pending	no
video-clip-45cd2aa1	video clip	noun	B1	speaking	context-scene	medium	needs_teacher_approved_sense		pending	no
video-game-287db56c	video game	noun	B1	speaking	context-scene	medium	needs_teacher_approved_sense		pending	no
viewer-40b4f25b	viewer	noun	B1	reading	object-or-context-scene	medium	needs_teacher_approved_sense		pending	no
viewpoint-f59cfa0a	viewpoint	noun	B2	reading	object-or-context-scene	medium	needs_teacher_approved_sense		pending	no
violence-c8ceaa59	violence	noun	B2	writing	concept-metaphor	medium	needs_teacher_approved_sense		pending	no
violent-3304fb6b	violent	adjective	B1	reading	contrast-pair	medium	needs_teacher_approved_sense		pending	no
visible-22388396	visible	adjective	B2	writing	contrast-pair	medium	needs_teacher_approved_sense		pending	no
visual-fba2d26b	visual	adjective	B2	writing	contrast-pair	medium	needs_teacher_approved_sense		pending	no
vital-17cb65e8	vital	adjective	B2	writing	contrast-pair	medium	needs_teacher_approved_sense		pending	no
vocational-4ebbccb1	vocational	adjective	B2	writing	contrast-pair	medium	needs_teacher_approved_sense		pending	no
voting-382b7c63	voting	noun	B2	reading	object-or-context-scene	medium	needs_teacher_approved_sense		pending	no
vowel-f2d494f2	vowel	noun	B1	reading	object-or-context-scene	medium	needs_teacher_approved_sense		pending	no
waiting-room-ef95f028	waiting room	noun	B1	speaking	context-scene	medium	needs_teacher_approved_sense		pending	no
wander-325d4882	wander	verb	B2	reading	action-scene	medium	needs_teacher_approved_sense		pending	no
warming-5ad45d05	warming	noun	B2	reading	object-or-context-scene	medium	needs_teacher_approved_sense		pending	no
washing-machine-946b6d2c	washing machine	noun	B1	speaking	context-scene	medium	needs_teacher_approved_sense		pending	no
washing-up-0a34b1e5	washing-up	noun	B1	reading	object-or-context-scene	medium	needs_teacher_approved_sense		pending	no
water-colour-96838b33	water colour	noun	B2	reading	context-scene	medium	needs_teacher_approved_sense		pending	no
weakness-301ce395	weakness	noun	B2	writing	concept-metaphor	medium	needs_teacher_approved_sense		pending	no
wealth-b42f805d	wealth	noun	B2	reading	object-or-context-scene	medium	needs_teacher_approved_sense		pending	no
wealthy-7c48ff80	wealthy	adjective	B2	writing	contrast-pair	medium	needs_teacher_approved_sense		pending	no
weapon-395d3b4c	weapon	noun	B1	reading	object-or-context-scene	medium	needs_teacher_approved_sense		pending	no
wear-off-d44ab1ff	wear off	phrasal verb|verb	B2	speaking	context-scene	medium	needs_teacher_approved_sense		pending	no
web-page-f349582e	web page	noun	B1	speaking	context-scene	medium	needs_teacher_approved_sense		pending	no
webcam-75f5540a	webcam	noun	B1	reading	object-or-context-scene	medium	needs_teacher_approved_sense		pending	no
well-done-dc370a1a	well done!	adverb	B1	speaking	context-scene	medium	needs_teacher_approved_sense		pending	no
well-made-well-made-af80ce3c	well made / well-made	adjective|adverb	B1	speaking	multi-sense-panel	medium	needs_teacher_approved_sense		pending	no
well-dressed-998b3e8e	well-dressed	adjective	B1	reading	contrast-pair	medium	needs_teacher_approved_sense		pending	no
well-known-d5f0fc2c	well-known	adjective	B1	reading	contrast-pair	medium	needs_teacher_approved_sense		pending	no
well-organised-600d9b00	well-organised	adjective	B2	writing	contrast-pair	medium	needs_teacher_approved_sense		pending	no
wetsuit-wet-suit-748278e3	wetsuit/wet suit	noun	B1	speaking	context-scene	medium	needs_teacher_approved_sense		pending	no
wheat-7f572f2b	wheat	noun	B2	reading	object-or-context-scene	medium	needs_teacher_approved_sense		pending	no
wheelchair-237f8616	wheelchair	noun	B1	reading	object-or-context-scene	medium	needs_teacher_approved_sense		pending	no
whisper-4a028110	whisper	noun|verb	B2	reading	multi-sense-panel	medium	needs_teacher_approved_sense		pending	no
whistle-574e6278	whistle	noun|verb	B2	reading	multi-sense-panel	medium	needs_teacher_approved_sense		pending	no
widely-c6e280af	widely	adverb	B2	writing	manner-sequence	medium	needs_teacher_approved_sense		pending	no
winding-eac6d514	winding	adjective	B2	writing	contrast-pair	medium	needs_teacher_approved_sense		pending	no
wire-6e1c6849	wire	noun	B2	reading	object-or-context-scene	medium	needs_teacher_approved_sense		pending	no
wishes-8b6a3acb	wishes	noun	A2	speaking	object-or-context-scene	medium	needs_teacher_approved_sense		pending	no
work-out-9031305d	work out	phrasal verb|verb	B1	speaking	context-scene	medium	needs_teacher_approved_sense		pending	no
workplace-0656d57d	workplace	noun	B2	reading	object-or-context-scene	medium	needs_teacher_approved_sense		pending	no
worldwide-e38d8782	worldwide	adjective|adverb	B1	reading	multi-sense-panel	medium	needs_teacher_approved_sense		pending	no
worm-d3bd1eb7	worm	noun	B2	reading	object-or-context-scene	medium	needs_teacher_approved_sense		pending	no
wound-10e0b8af	wound	noun|verb	B2	reading	multi-sense-panel	medium	needs_teacher_approved_sense		pending	no
wrap-f0cad979	wrap	verb	B2	reading	action-scene	medium	needs_teacher_approved_sense		pending	no
wrist-f65c1f7d	wrist	noun	B2	reading	object-or-context-scene	medium	needs_teacher_approved_sense		pending	no
yogurt-7a745304	yogurt	noun	B1	reading	object-or-context-scene	medium	needs_teacher_approved_sense		pending	no
zebra-38aa53de	zebra	noun	B1	reading	object-or-context-scene	medium	needs_teacher_approved_sense		pending	no
a-concept-car-15b47001	a concept car	noun	C1	reading	context-scene	low	needs_teacher_approved_sense		pending	no
a-fair-number-of-sth-aef8fb7f	a fair number of sth	noun|noun phrase	C1	reading	context-scene	low	needs_teacher_approved_sense		pending	no
a-high-incidence-of-sth-13edc9fd	a high incidence of sth	noun|noun phrase	C1	reading	context-scene	low	needs_teacher_approved_sense		pending	no
a-hotbed-of-sth-f87440a3	a hotbed of sth	noun|noun phrase	C1	reading	context-scene	low	needs_teacher_approved_sense		pending	no
a-link-between-sth-and-sth-c0f4c2eb	a link between sth and sth	noun|noun phrase	C1	reading	context-scene	low	needs_teacher_approved_sense		pending	no
abolish-5194d926	abolish	verb	C1	reading	action-scene	low	needs_teacher_approved_sense		pending	no
abortion-07a47c95	abortion	noun	C1	writing	concept-metaphor	low	needs_teacher_approved_sense		pending	no
absence-d3f03149	absence	noun	C1	writing	concept-metaphor	low	needs_teacher_approved_sense		pending	no
absolutely-perfect-9171fc3b	absolutely perfect	adjective|adverb	C1	writing	context-scene	low	needs_teacher_approved_sense		pending	no
abstract-painting-18d19a08	abstract painting	noun|noun phrase	C1	reading	context-scene	low	needs_teacher_approved_sense		pending	no
absurd-c51b51e7	absurd	adjective	C1	writing	contrast-pair	low	needs_teacher_approved_sense		pending	no
abundance-e5e3b73b	abundance	noun	C1	writing	concept-metaphor	low	needs_teacher_approved_sense		pending	no
abuse-39ca1c87	abuse	noun|verb	C1	reading	multi-sense-panel	low	needs_teacher_approved_sense		pending	no
academy-cb2766cf	academy	noun	C1	reading	object-or-context-scene	low	needs_teacher_approved_sense		pending	no
accelerate-0b6adcfd	accelerate	verb	C1	reading	action-scene	low	needs_teacher_approved_sense		pending	no
accelerator-a8e84e27	accelerator	noun	C1	reading	object-or-context-scene	low	needs_teacher_approved_sense		pending	no
acceptance-0dfa061f	acceptance	noun	C1	writing	concept-metaphor	low	needs_teacher_approved_sense		pending	no
accessible-7b09471c	accessible	adjective	C1	writing	contrast-pair	low	needs_teacher_approved_sense		pending	no
acclimatise-62f945a5	acclimatise	verb	C1	reading	action-scene	low	needs_teacher_approved_sense		pending	no
accomplishment-b0495f6e	accomplishment	noun	C1	writing	concept-metaphor	low	needs_teacher_approved_sense		pending	no
accordance-5bc1fa29	accordance	noun	C1	writing	concept-metaphor	low	needs_teacher_approved_sense		pending	no
accordingly-e5fc8009	accordingly	adverb	C1	writing	manner-sequence	low	needs_teacher_approved_sense		pending	no
account-for-sth-ce1dd8c9	account for sth	verb	C1	reading	context-scene	low	needs_teacher_approved_sense		pending	no
accountability-f7f50285	accountability	noun	C1	writing	concept-metaphor	low	needs_teacher_approved_sense		pending	no
accountable-9611bd9d	accountable	adjective	C1	writing	contrast-pair	low	needs_teacher_approved_sense		pending	no
accumulate-da612b00	accumulate	verb	C1	reading	action-scene	low	needs_teacher_approved_sense		pending	no
accumulation-49d1ce87	accumulation	noun	C1	writing	concept-metaphor	low	needs_teacher_approved_sense		pending	no
accusation-5116a72c	accusation	noun	C1	writing	concept-metaphor	low	needs_teacher_approved_sense		pending	no
accused-2014850b	accused	noun	C1	reading	object-or-context-scene	low	needs_teacher_approved_sense		pending	no
acquisition-e6520fc7	acquisition	noun	C1	writing	concept-metaphor	low	needs_teacher_approved_sense		pending	no
acre-7742d495	acre	noun	C1	reading	object-or-context-scene	low	needs_teacher_approved_sense		pending	no
activation-6d183114	activation	noun	C1	writing	concept-metaphor	low	needs_teacher_approved_sense		pending	no
activist-78ac5b2a	activist	noun	C1	reading	object-or-context-scene	low	needs_teacher_approved_sense		pending	no
adaptation-64c758cd	adaptation	noun	C1	writing	concept-metaphor	low	needs_teacher_approved_sense		pending	no
add-insult-to-injury-66358dd5	add insult to injury	verb|verb phrase	C1	reading	context-scene	low	needs_teacher_approved_sense		pending	no
adept-bdc04d26	adept	adjective	C1	writing	contrast-pair	low	needs_teacher_approved_sense		pending	no
adhere-99e2bde7	adhere	verb	C1	reading	action-scene	low	needs_teacher_approved_sense		pending	no
adjacent-7d1dd83e	adjacent	adjective	C1	writing	contrast-pair	low	needs_teacher_approved_sense		pending	no
adjust-sth-66007d1d	adjust sth	verb	C1	reading	context-scene	low	needs_teacher_approved_sense		pending	no
adjustment-cf8e0872	adjustment	noun	C1	writing	concept-metaphor	low	needs_teacher_approved_sense		pending	no
administer-4b8fb546	administer	verb	C1	reading	action-scene	low	needs_teacher_approved_sense		pending	no
administrative-24c8529e	administrative	adjective	C1	writing	contrast-pair	low	needs_teacher_approved_sense		pending	no
administrator-b3aca92c	administrator	noun	C1	reading	object-or-context-scene	low	needs_teacher_approved_sense		pending	no
adolescent-289414ac	adolescent	noun	C1	reading	object-or-context-scene	low	needs_teacher_approved_sense		pending	no
adoption-0ff071e9	adoption	noun	C1	writing	concept-metaphor	low	needs_teacher_approved_sense		pending	no
adrenalin-0d738c44	adrenalin	noun	C1	reading	object-or-context-scene	low	needs_teacher_approved_sense		pending	no
adventurous-8d2559e4	adventurous	adjective	C1	writing	contrast-pair	low	needs_teacher_approved_sense		pending	no
adverse-95ffa894	adverse	adjective	C1	writing	contrast-pair	low	needs_teacher_approved_sense		pending	no
advertising-2c6f8a52	advertising	noun	A2	reading	object-or-context-scene	low	needs_teacher_approved_sense		pending	no
advocate-3fb6871c	advocate	noun|verb	C1	reading	multi-sense-panel	low	needs_teacher_approved_sense		pending	no
aerodynamic-44cb93dc	aerodynamic	adjective	C1	writing	contrast-pair	low	needs_teacher_approved_sense		pending	no
aesthetic-e9ea9ed1	aesthetic	adjective	C1	writing	contrast-pair	low	needs_teacher_approved_sense		pending	no
affect-sb-sth-a898c382	affect sb/sth	verb	C1	reading	context-scene	low	needs_teacher_approved_sense		pending	no
affection-0d428729	affection	noun	C1	writing	concept-metaphor	low	needs_teacher_approved_sense		pending	no
affliction-d0ba4019	affliction	noun	C1	writing	concept-metaphor	low	needs_teacher_approved_sense		pending	no
aftermath-6ff3fca6	aftermath	noun	C1	reading	object-or-context-scene	low	needs_teacher_approved_sense		pending	no
aggression-eb8c026c	aggression	noun	C1	writing	concept-metaphor	low	needs_teacher_approved_sense		pending	no
agricultural-0f23e9e0	agricultural	adjective	C1	writing	contrast-pair	low	needs_teacher_approved_sense		pending	no
aide-d4fbaef3	aide	noun	C1	reading	object-or-context-scene	low	needs_teacher_approved_sense		pending	no
alarming-number-of-sth-3004ab27	alarming number of sth	noun|noun phrase	C1	reading	context-scene	low	needs_teacher_approved_sense		pending	no
alert-8f1dba76	alert	adjective|noun|verb	C1	writing	multi-sense-panel	low	needs_teacher_approved_sense		pending	no
align-ae21c64a	align	verb	C1	reading	action-scene	low	needs_teacher_approved_sense		pending	no
alignment-05dfeae5	alignment	noun	C1	writing	concept-metaphor	low	needs_teacher_approved_sense		pending	no
all-right-8fd9d046	all right	adjective|adverb|exclamation	A2	speaking	multi-sense-panel	low	needs_teacher_approved_sense		pending	no
all-the-more-32c9321e	all the more	adverb|adverb phrase	C1	writing	context-scene	low	needs_teacher_approved_sense		pending	no
allegation-36b365b5	allegation	noun	C1	writing	concept-metaphor	low	needs_teacher_approved_sense		pending	no
allege-4abef326	allege	verb	C1	reading	action-scene	low	needs_teacher_approved_sense		pending	no
allegedly-a47d0180	allegedly	adverb	C1	writing	manner-sequence	low	needs_teacher_approved_sense		pending	no
allergen-bce97699	allergen	noun	C1	reading	object-or-context-scene	low	needs_teacher_approved_sense		pending	no
alliance-b73730cf	alliance	noun	C1	writing	concept-metaphor	low	needs_teacher_approved_sense		pending	no
allocate-7a81a830	allocate	verb	C1	reading	action-scene	low	needs_teacher_approved_sense		pending	no
allocation-e8df2087	allocation	noun	C1	writing	concept-metaphor	low	needs_teacher_approved_sense		pending	no
allowance-4da8d5d4	allowance	noun	C1	writing	concept-metaphor	low	needs_teacher_approved_sense		pending	no
ally-0ab8140a	ally	noun	C1	reading	object-or-context-scene	low	needs_teacher_approved_sense		pending	no
aluminium-3e2c9dc3	aluminium	noun	C1	reading	object-or-context-scene	low	needs_teacher_approved_sense		pending	no
amateur-83b84449	amateur	adjective|noun	C1	writing	multi-sense-panel	low	needs_teacher_approved_sense		pending	no
ambassador-9d8bf187	ambassador	noun	C1	reading	object-or-context-scene	low	needs_teacher_approved_sense		pending	no
ambience-c9c89717	ambience	noun	C1	writing	concept-metaphor	low	needs_teacher_approved_sense		pending	no
amend-cc352edb	amend	verb	C1	reading	action-scene	low	needs_teacher_approved_sense		pending	no
amendment-61b2c1cd	amendment	noun	C1	writing	concept-metaphor	low	needs_teacher_approved_sense		pending	no
analogy-8275771b	analogy	noun	C1	reading	object-or-context-scene	low	needs_teacher_approved_sense		pending	no
anathema-64e5defa	anathema	noun	C1	reading	object-or-context-scene	low	needs_teacher_approved_sense		pending	no
anchor-f06df609	anchor	noun	C1	reading	object-or-context-scene	low	needs_teacher_approved_sense		pending	no
anecdotal-e0fcde81	anecdotal	adjective	C1	writing	contrast-pair	low	needs_teacher_approved_sense		pending	no
anecdote-8a0e8e91	anecdote	noun	C1	reading	object-or-context-scene	low	needs_teacher_approved_sense		pending	no
angel-c8a50f63	angel	noun	C1	reading	object-or-context-scene	low	needs_teacher_approved_sense		pending	no
any-more-5ba5116a	any more	adverb	A2	speaking	context-scene	low	needs_teacher_approved_sense		pending	no
apparatus-f62d888c	apparatus	noun	C1	reading	object-or-context-scene	low	needs_teacher_approved_sense		pending	no
appealing-d9197934	appealing	adjective	C1	writing	contrast-pair	low	needs_teacher_approved_sense		pending	no
appetite-9c32b0a6	appetite	noun	C1	reading	object-or-context-scene	low	needs_teacher_approved_sense		pending	no
applaud-d1f669ed	applaud	verb	C1	reading	action-scene	low	needs_teacher_approved_sense		pending	no
applicable-1530aadb	applicable	adjective	C1	writing	contrast-pair	low	needs_teacher_approved_sense		pending	no
appoint-1b2a623b	appoint	verb	C1	reading	action-scene	low	needs_teacher_approved_sense		pending	no
appreciate-sth-sb-b1180d26	appreciate sth/sb	verb	C1	reading	context-scene	low	needs_teacher_approved_sense		pending	no
appreciation-cd83a7aa	appreciation	noun	C1	writing	concept-metaphor	low	needs_teacher_approved_sense		pending	no
approachable-01f0f8cc	approachable	adjective	C1	writing	contrast-pair	low	needs_teacher_approved_sense		pending	no
arbitrary-e349674c	arbitrary	adjective	C1	writing	contrast-pair	low	needs_teacher_approved_sense		pending	no
architectural-ec946cc7	architectural	adjective	C1	writing	contrast-pair	low	needs_teacher_approved_sense		pending	no
archive-ebfb55f4	archive	noun	C1	reading	object-or-context-scene	low	needs_teacher_approved_sense		pending	no
arena-bbcfcdbc	arena	noun	C1	reading	object-or-context-scene	low	needs_teacher_approved_sense		pending	no
arguably-ca6cfbeb	arguably	adverb	C1	writing	manner-sequence	low	needs_teacher_approved_sense		pending	no
argue-against-sth-ae7ec0f6	argue against sth	verb	C1	reading	context-scene	low	needs_teacher_approved_sense		pending	no
array-19edc121	array	noun	C1	reading	object-or-context-scene	low	needs_teacher_approved_sense		pending	no
array-of-sth-d5b2cb2d	array of sth	noun	C1	reading	context-scene	low	needs_teacher_approved_sense		pending	no
articulate-b7ae978b	articulate	verb	C1	reading	action-scene	low	needs_teacher_approved_sense		pending	no
as-well-3177a98c	as well	adverb	A2	speaking	context-scene	low	needs_teacher_approved_sense		pending	no
ash-cb101192	ash	noun	C1	reading	object-or-context-scene	low	needs_teacher_approved_sense		pending	no
aspiration-52b3a0d2	aspiration	noun	C1	writing	concept-metaphor	low	needs_teacher_approved_sense		pending	no
aspire-d99a6405	aspire	verb	C1	reading	action-scene	low	needs_teacher_approved_sense		pending	no
assassination-295231c5	assassination	noun	C1	writing	concept-metaphor	low	needs_teacher_approved_sense		pending	no
assault-a87ac4b1	assault	noun|verb	C1	reading	multi-sense-panel	low	needs_teacher_approved_sense		pending	no
assemble-63c5f882	assemble	verb	C1	reading	action-scene	low	needs_teacher_approved_sense		pending	no
assembly-712e0867	assembly	noun	C1	reading	object-or-context-scene	low	needs_teacher_approved_sense		pending	no
assert-64b5daad	assert	verb	C1	reading	action-scene	low	needs_teacher_approved_sense		pending	no
assurance-f3753f1b	assurance	noun	C1	writing	concept-metaphor	low	needs_teacher_approved_sense		pending	no
asthma-e361db6f	asthma	noun	C1	reading	object-or-context-scene	low	needs_teacher_approved_sense		pending	no
asylum-598b0ce9	asylum	noun	C1	reading	object-or-context-scene	low	needs_teacher_approved_sense		pending	no
atmospheric-pressure-fc176c45	atmospheric pressure	noun|noun phrase	C1	reading	context-scene	low	needs_teacher_approved_sense		pending	no
atrocity-11751d0a	atrocity	noun	C1	writing	concept-metaphor	low	needs_teacher_approved_sense		pending	no
attain-72584260	attain	verb	C1	reading	action-scene	low	needs_teacher_approved_sense		pending	no
attain-sth-63b4d545	attain sth	verb	C1	reading	context-scene	low	needs_teacher_approved_sense		pending	no
attention-span-cb853817	attention span	noun	C1	reading	context-scene	low	needs_teacher_approved_sense		pending	no
attention-to-detail-a170e744	attention to detail	noun|noun phrase	C1	reading	context-scene	low	needs_teacher_approved_sense		pending	no
attorney-027fb679	attorney	noun	C1	reading	object-or-context-scene	low	needs_teacher_approved_sense		pending	no
attribute-2c317cd0	attribute	noun|verb	C1	reading	multi-sense-panel	low	needs_teacher_approved_sense		pending	no
audit-7876153a	audit	noun	C1	reading	object-or-context-scene	low	needs_teacher_approved_sense		pending	no
authentic-aa62cc26	authentic	adjective	C1	writing	contrast-pair	low	needs_teacher_approved_sense		pending	no
authorize-2078f3c7	authorize	verb	C1	reading	action-scene	low	needs_teacher_approved_sense		pending	no
auto-0d612c12	auto	noun	C1	reading	object-or-context-scene	low	needs_teacher_approved_sense		pending	no
autonomy-44ea3a99	autonomy	noun	C1	reading	object-or-context-scene	low	needs_teacher_approved_sense		pending	no
availability-f2c1b76d	availability	noun	C1	writing	concept-metaphor	low	needs_teacher_approved_sense		pending	no
avant-garde-f0741425	avant-garde	adjective	C1	writing	contrast-pair	low	needs_teacher_approved_sense		pending	no
avatar-9c3bb49f	avatar	noun	C1	reading	object-or-context-scene	low	needs_teacher_approved_sense		pending	no
avoid-have-contact-with-sth-sb-0702b3f0	avoid/have contact with sth/sb	verb|verb phrase	C1	reading	context-scene	low	needs_teacher_approved_sense		pending	no
await-30118aa1	await	verb	C1	reading	action-scene	low	needs_teacher_approved_sense		pending	no
backdrop-8d488f4a	backdrop	noun	C1	reading	object-or-context-scene	low	needs_teacher_approved_sense		pending	no
backing-1ac5f1dd	backing	noun	C1	reading	object-or-context-scene	low	needs_teacher_approved_sense		pending	no
backup-89121dc9	backup	noun	C1	reading	object-or-context-scene	low	needs_teacher_approved_sense		pending	no
bad-hair-day-f00d60ac	bad-hair day	noun|noun phrase	C1	reading	context-scene	low	needs_teacher_approved_sense		pending	no
bad-temperedness-4399e7d3	bad-temperedness	noun	C1	writing	concept-metaphor	low	needs_teacher_approved_sense		pending	no
bail-5e45d064	bail	noun	C1	reading	object-or-context-scene	low	needs_teacher_approved_sense		pending	no
ballot-98c7d97e	ballot	noun	C1	reading	object-or-context-scene	low	needs_teacher_approved_sense		pending	no
banish-sb-b61757a3	banish sb	verb	C1	reading	context-scene	low	needs_teacher_approved_sense		pending	no
bankrupt-89eb4d37	bankrupt	adjective	C1	writing	contrast-pair	low	needs_teacher_approved_sense		pending	no
banner-37f93a07	banner	noun	C1	reading	object-or-context-scene	low	needs_teacher_approved_sense		pending	no
barbarism-a313daa7	barbarism	noun	C1	writing	concept-metaphor	low	needs_teacher_approved_sense		pending	no
bare-b9e2c5c9	bare	adjective	C1	writing	contrast-pair	low	needs_teacher_approved_sense		pending	no
bargain-with-sb-c2d0e6e3	bargain with sb	verb	C1	reading	context-scene	low	needs_teacher_approved_sense		pending	no
barrel-943e18cc	barrel	noun	C1	reading	object-or-context-scene	low	needs_teacher_approved_sense		pending	no
barter-for-sth-with-sb-6c730b05	barter for sth/with sb	verb	C1	reading	context-scene	low	needs_teacher_approved_sense		pending	no
based-269f6e7d	based	adjective	A2	reading	contrast-pair	low	needs_teacher_approved_sense		pending	no
bass-62abc4b4	bass	noun	C1	reading	object-or-context-scene	low	needs_teacher_approved_sense		pending	no
battlefield-6724da88	battlefield	noun	C1	reading	object-or-context-scene	low	needs_teacher_approved_sense		pending	no
be-a-touch-aggrieved-0db7d663	be a touch aggrieved	noun|noun phrase	C1	reading	context-scene	low	needs_teacher_approved_sense		pending	no
be-accustomed-to-sth-doing-sth-f79eb21e	be accustomed to sth/doing sth	verb|verb phrase	C1	reading	context-scene	low	needs_teacher_approved_sense		pending	no
be-allergic-to-sth-75167cba	be allergic to sth	adjective|adjective phrase	C1	writing	context-scene	low	needs_teacher_approved_sense		pending	no
be-borne-out-by-sth-d5270b2d	be borne out by sth	verb|verb phrase	C1	reading	context-scene	low	needs_teacher_approved_sense		pending	no
be-clearly-signposted-a4d05ab4	be clearly signposted	verb|verb phrase	C1	reading	context-scene	low	needs_teacher_approved_sense		pending	no
be-completely-thrown-b3bab6b1	be completely thrown	verb|verb phrase	C1	reading	context-scene	low	needs_teacher_approved_sense		pending	no
be-eligible-for-sth-bc50d449	be eligible for sth	adjective|adjective phrase	C1	writing	context-scene	low	needs_teacher_approved_sense		pending	no
be-familiar-with-sth-81b13707	be familiar with sth	adjective|adjective phrase	C1	writing	context-scene	low	needs_teacher_approved_sense		pending	no
be-fun-to-be-with-cf92cdb5	be fun to be with	adjective|adjective phrase	C1	writing	context-scene	low	needs_teacher_approved_sense		pending	no
be-glued-to-sth-7a9a44da	be glued to sth	verb|verb phrase	C1	reading	context-scene	low	needs_teacher_approved_sense		pending	no
be-honest-with-sb-36a09a46	be honest with sb	adjective|adjective phrase	C1	writing	context-scene	low	needs_teacher_approved_sense		pending	no
be-intent-on-doing-sth-6fcb4bbe	be intent on doing sth	adjective|adjective phrase	C1	writing	context-scene	low	needs_teacher_approved_sense		pending	no
be-intrigued-by-sth-6e224d39	be intrigued by sth	verb|verb phrase	C1	reading	context-scene	low	needs_teacher_approved_sense		pending	no
be-made-up-of-c0aeba3a	be made up of	verb|verb phrase	C1	reading	context-scene	low	needs_teacher_approved_sense		pending	no
be-no-point-in-doing-sth-ba544656	be no point in doing sth	noun|noun phrase	C1	reading	context-scene	low	needs_teacher_approved_sense		pending	no
be-obsessed-with-sth-188f6855	be obsessed with sth	verb|verb phrase	C1	reading	context-scene	low	needs_teacher_approved_sense		pending	no
be-only-natural-to-do-sth-609fa8bd	be only natural to do sth	adjective|adjective phrase	C1	writing	context-scene	low	needs_teacher_approved_sense		pending	no
be-resistant-to-sth-a76af751	be resistant to sth	adjective|adjective phrase	C1	writing	context-scene	low	needs_teacher_approved_sense		pending	no
be-responsible-for-sth-07429f96	be responsible for sth	adjective|adjective phrase	C1	writing	context-scene	low	needs_teacher_approved_sense		pending	no
be-scared-to-death-9255e695	be scared to death	verb|verb phrase	C1	reading	context-scene	low	needs_teacher_approved_sense		pending	no
be-standard-policy-to-do-sth-f6c6df13	be standard policy to do sth	noun|noun phrase	C1	reading	context-scene	low	needs_teacher_approved_sense		pending	no
be-steeped-in-sth-520964b6	be steeped in sth	verb|verb phrase	C1	reading	context-scene	low	needs_teacher_approved_sense		pending	no
be-stuck-with-sth-e519ffc3	be stuck with sth	verb|verb phrase	C1	reading	context-scene	low	needs_teacher_approved_sense		pending	no
be-thoroughly-sick-of-4e08638e	be thoroughly sick of	adjective|adjective phrase	C1	writing	context-scene	low	needs_teacher_approved_sense		pending	no
be-up-to-scratch-c9605906	be up to scratch	verb|verb phrase	C1	reading	context-scene	low	needs_teacher_approved_sense		pending	no
be-well-worth-doing-da051a2d	be well worth doing	verb|verb phrase	C1	reading	context-scene	low	needs_teacher_approved_sense		pending	no
be-get-caught-up-in-sth-dbd172d0	be/get caught up in sth	verb|verb phrase	C1	reading	context-scene	low	needs_teacher_approved_sense		pending	no
beam-300faa5d	beam	noun	C1	reading	object-or-context-scene	low	needs_teacher_approved_sense		pending	no
beast-1173cbc9	beast	noun	C1	reading	object-or-context-scene	low	needs_teacher_approved_sense		pending	no
beer-600982cf	beer	noun	A1	reading	object-or-context-scene	low	needs_teacher_approved_sense		pending	no
behalf-45ba5108	behalf	noun	C1	reading	object-or-context-scene	low	needs_teacher_approved_sense		pending	no
believe-wholeheartedly-in-sth-a42f14e8	believe wholeheartedly in sth	verb|verb phrase	C1	reading	context-scene	low	needs_teacher_approved_sense		pending	no
bench-e5c89c52	bench	noun	C1	reading	object-or-context-scene	low	needs_teacher_approved_sense		pending	no
benchmark-fc38e4ae	benchmark	noun	C1	reading	object-or-context-scene	low	needs_teacher_approved_sense		pending	no
beneficiary-ada67161	beneficiary	noun	C1	reading	object-or-context-scene	low	needs_teacher_approved_sense		pending	no
benefit-rates-2704dc0c	benefit rates	noun	C1	reading	context-scene	low	needs_teacher_approved_sense		pending	no
bent-double-1cc6018f	bent double	adjective	C1	writing	context-scene	low	needs_teacher_approved_sense		pending	no
betray-2f9c1dc5	betray	verb	C1	reading	action-scene	low	needs_teacher_approved_sense		pending	no
bind-6bdd4db9	bind	verb	C1	reading	action-scene	low	needs_teacher_approved_sense		pending	no
bishop-7c60903e	bishop	noun	C1	reading	object-or-context-scene	low	needs_teacher_approved_sense		pending	no
bizarre-6afeb9ac	bizarre	adjective	C1	writing	contrast-pair	low	needs_teacher_approved_sense		pending	no
blade-067cb2b4	blade	noun	C1	reading	object-or-context-scene	low	needs_teacher_approved_sense		pending	no
bland-efb61c7f	bland	adjective	C1	writing	contrast-pair	low	needs_teacher_approved_sense		pending	no
blast-531b7acc	blast	noun|verb	C1	reading	multi-sense-panel	low	needs_teacher_approved_sense		pending	no
blend-f9b1cd1e	blend	noun|verb	C1	reading	multi-sense-panel	low	needs_teacher_approved_sense		pending	no
bless-710f4beb	bless	verb	C1	reading	action-scene	low	needs_teacher_approved_sense		pending	no
blessing-3db8f48d	blessing	noun	C1	reading	object-or-context-scene	low	needs_teacher_approved_sense		pending	no
blissful-a9a85814	blissful	adjective	C1	writing	contrast-pair	low	needs_teacher_approved_sense		pending	no
blonde-5e1bc90d	blonde	adjective	A1	reading	contrast-pair	low	needs_teacher_approved_sense		pending	no
blur-a9b74ac8	blur	noun	C1	reading	object-or-context-scene	low	needs_teacher_approved_sense		pending	no
boast-42c485bb	boast	verb	C1	reading	action-scene	low	needs_teacher_approved_sense		pending	no
bona-fide-f53d61a3	bona fide	adjective	C1	writing	context-scene	low	needs_teacher_approved_sense		pending	no
bonus-57da3dfb	bonus	noun	C1	reading	object-or-context-scene	low	needs_teacher_approved_sense		pending	no
boom-c53d2f1a	boom	noun	C1	reading	object-or-context-scene	low	needs_teacher_approved_sense		pending	no
booming-industry-9834466f	booming industry	adjective|noun	C1	writing	context-scene	low	needs_teacher_approved_sense		pending	no
boundary-2db8c22f	boundary	noun	C1	reading	object-or-context-scene	low	needs_teacher_approved_sense		pending	no
bow-fa5bd380	bow	noun|verb	C1	reading	multi-sense-panel	low	needs_teacher_approved_sense		pending	no
brash-9cbc17d7	brash	adjective	C1	writing	contrast-pair	low	needs_teacher_approved_sense		pending	no
breach-a8f316c4	breach	noun|verb	C1	reading	multi-sense-panel	low	needs_teacher_approved_sense		pending	no
break-a-promise-4ee52ce7	break a promise	verb|verb phrase	C1	reading	context-scene	low	needs_teacher_approved_sense		pending	no
break-a-record-d58ea403	break a record	verb|verb phrase	C1	reading	context-scene	low	needs_teacher_approved_sense		pending	no
breakdown-0789cc39	breakdown	noun	C1	reading	object-or-context-scene	low	needs_teacher_approved_sense		pending	no
breaking-news-7fc05343	breaking news	noun	C1	reading	context-scene	low	needs_teacher_approved_sense		pending	no
breakthrough-593b158c	breakthrough	noun	C1	reading	object-or-context-scene	low	needs_teacher_approved_sense		pending	no
breed-42211867	breed	noun|verb	C1	reading	multi-sense-panel	low	needs_teacher_approved_sense		pending	no
bring-sth-to-an-end-09cbfbc8	bring sth to an end	verb|verb phrase	C1	reading	context-scene	low	needs_teacher_approved_sense		pending	no
broadband-8700f663	broadband	noun	C1	reading	object-or-context-scene	low	needs_teacher_approved_sense		pending	no
broadcast-sth-036dca7b	broadcast sth	verb	C1	reading	context-scene	low	needs_teacher_approved_sense		pending	no
broker-ceb8885a	broker	noun	C1	reading	object-or-context-scene	low	needs_teacher_approved_sense		pending	no
bronchitis-894a46ee	bronchitis	noun	C1	reading	object-or-context-scene	low	needs_teacher_approved_sense		pending	no
browse-0f6a24fa	browse	verb	C1	reading	action-scene	low	needs_teacher_approved_sense		pending	no
browser-ef98362b	browser	noun	C1	reading	object-or-context-scene	low	needs_teacher_approved_sense		pending	no
brutal-67e94960	brutal	adjective	C1	writing	contrast-pair	low	needs_teacher_approved_sense		pending	no
brutally-e647a1d2	brutally	adverb	C1	writing	manner-sequence	low	needs_teacher_approved_sense		pending	no
buck-070d4f97	buck	noun	C1	reading	object-or-context-scene	low	needs_teacher_approved_sense		pending	no
buckle-0ec63da1	buckle	noun	C1	reading	object-or-context-scene	low	needs_teacher_approved_sense		pending	no
buddy-efc6b7d6	buddy	noun	C1	reading	object-or-context-scene	low	needs_teacher_approved_sense		pending	no
buffer-e53c2ea1	buffer	noun	C1	reading	object-or-context-scene	low	needs_teacher_approved_sense		pending	no
bulk-84a656af	bulk	noun	C1	reading	object-or-context-scene	low	needs_teacher_approved_sense		pending	no
burden-cdc8883b	burden	noun	C1	reading	object-or-context-scene	low	needs_teacher_approved_sense		pending	no
bureaucracy-14a5841f	bureaucracy	noun	C1	writing	concept-metaphor	low	needs_teacher_approved_sense		pending	no
burial-cf22a4ad	burial	noun	C1	reading	object-or-context-scene	low	needs_teacher_approved_sense		pending	no
burst-ad1157c5	burst	verb	C1	reading	action-scene	low	needs_teacher_approved_sense		pending	no
burst-its-banks-5df44426	burst its banks	verb|verb phrase	C1	reading	context-scene	low	needs_teacher_approved_sense		pending	no
byways-202f15f9	byways	noun	C1	reading	object-or-context-scene	low	needs_teacher_approved_sense		pending	no
calculation-a0015ec8	calculation	noun	C1	writing	concept-metaphor	low	needs_teacher_approved_sense		pending	no
call-centre-1f00568d	call centre	noun	C1	reading	context-scene	low	needs_teacher_approved_sense		pending	no
candid-9db184cc	candid	adjective	C1	writing	contrast-pair	low	needs_teacher_approved_sense		pending	no
cannot-6ef80072	cannot	modal verb|verb	A1	reading	action-scene	low	needs_teacher_approved_sense		pending	no
canvas-7aa15835	canvas	noun	C1	reading	object-or-context-scene	low	needs_teacher_approved_sense		pending	no
capability-c5be5b3d	capability	noun	C1	writing	concept-metaphor	low	needs_teacher_approved_sense		pending	no
capitalism-3334a0f5	capitalism	noun	C1	writing	concept-metaphor	low	needs_teacher_approved_sense		pending	no
capitalist-3d835ecb	capitalist	adjective	C1	writing	contrast-pair	low	needs_teacher_approved_sense		pending	no
carbon-emission-9c133053	carbon emission	noun	C1	writing	context-scene	low	needs_teacher_approved_sense		pending	no
cargo-e0d6ae5c	cargo	noun	C1	reading	object-or-context-scene	low	needs_teacher_approved_sense		pending	no
carve-3131fcd7	carve	verb	C1	reading	action-scene	low	needs_teacher_approved_sense		pending	no
casino-67ba051d	casino	noun	C1	reading	object-or-context-scene	low	needs_teacher_approved_sense		pending	no
catch-sb-doing-sth-184f1cdf	catch sb doing sth	verb	C1	reading	context-scene	low	needs_teacher_approved_sense		pending	no
catch-sb-unprepared-dd62d714	catch sb unprepared	verb|verb phrase	C1	reading	context-scene	low	needs_teacher_approved_sense		pending	no
catch-sb-sth-on-camera-077ef960	catch sb/sth on camera	verb|verb phrase	C1	reading	context-scene	low	needs_teacher_approved_sense		pending	no
catch-your-eye-73672df9	catch your eye	verb|verb phrase	C1	reading	context-scene	low	needs_teacher_approved_sense		pending	no
caution-5f222281	caution	noun	C1	writing	concept-metaphor	low	needs_teacher_approved_sense		pending	no
cautious-d6efe0c4	cautious	adjective	C1	writing	contrast-pair	low	needs_teacher_approved_sense		pending	no
cease-e4a3269d	cease	verb	C1	reading	action-scene	low	needs_teacher_approved_sense		pending	no
cemetery-8a10e5c3	cemetery	noun	C1	reading	object-or-context-scene	low	needs_teacher_approved_sense		pending	no
censor-2b6c4c63	censor	noun	C1	reading	object-or-context-scene	low	needs_teacher_approved_sense		pending	no
cerebral-30534f34	cerebral	adjective	C1	writing	contrast-pair	low	needs_teacher_approved_sense		pending	no
ceremonious-34bd5801	ceremonious	adjective	C1	writing	contrast-pair	low	needs_teacher_approved_sense		pending	no
certainly-2146c08a	certainly	adverb	A2	reading	manner-sequence	low	needs_teacher_approved_sense		pending	no
challenge-to-your-preconceptions-68a3d83f	challenge to your preconceptions	verb|verb phrase	C1	reading	context-scene	low	needs_teacher_approved_sense		pending	no
chamber-6bca20a7	chamber	noun	C1	reading	object-or-context-scene	low	needs_teacher_approved_sense		pending	no
change-gradually-ef89187c	change gradually	verb|verb phrase	C1	reading	context-scene	low	needs_teacher_approved_sense		pending	no
chaos-b23b4b8d	chaos	noun	C1	reading	object-or-context-scene	low	needs_teacher_approved_sense		pending	no
characteristics-56b80273	characteristics	noun	C1	reading	object-or-context-scene	low	needs_teacher_approved_sense		pending	no
characterize-a04111d7	characterize	verb	C1	reading	action-scene	low	needs_teacher_approved_sense		pending	no
charm-c9469a9c	charm	noun	C1	reading	object-or-context-scene	low	needs_teacher_approved_sense		pending	no
charter-ca3979a3	charter	noun	C1	reading	object-or-context-scene	low	needs_teacher_approved_sense		pending	no
checklist-ff744cd0	checklist	noun	C1	reading	object-or-context-scene	low	needs_teacher_approved_sense		pending	no
chronic-24fc197e	chronic	adjective	C1	writing	contrast-pair	low	needs_teacher_approved_sense		pending	no
chunk-78c7e544	chunk	noun	C1	reading	object-or-context-scene	low	needs_teacher_approved_sense		pending	no
cigarette-218a26ec	cigarette	noun	A2	reading	object-or-context-scene	low	needs_teacher_approved_sense		pending	no
circulate-f1771dbd	circulate	verb	C1	reading	action-scene	low	needs_teacher_approved_sense		pending	no
circulation-4ab97fba	circulation	noun	C1	writing	concept-metaphor	low	needs_teacher_approved_sense		pending	no
civic-b8cebd50	civic	adjective	C1	writing	contrast-pair	low	needs_teacher_approved_sense		pending	no
civil-engineering-79c08b29	civil engineering	noun	C1	reading	context-scene	low	needs_teacher_approved_sense		pending	no
civilian-0ab9d062	civilian	adjective|noun	C1	writing	multi-sense-panel	low	needs_teacher_approved_sense		pending	no
clarity-30f5602e	clarity	noun	C1	writing	concept-metaphor	low	needs_teacher_approved_sense		pending	no
clash-4581fc00	clash	noun	C1	reading	object-or-context-scene	low	needs_teacher_approved_sense		pending	no
class-member-66f85a91	class member	noun	A2	speaking	context-scene	low	needs_teacher_approved_sense		pending	no
classification-94172256	classification	noun	C1	writing	concept-metaphor	low	needs_teacher_approved_sense		pending	no
claustrophobic-18f596b5	claustrophobic	adjective	C1	writing	contrast-pair	low	needs_teacher_approved_sense		pending	no
clay-de6b29cb	clay	noun	C1	reading	object-or-context-scene	low	needs_teacher_approved_sense		pending	no
cleanliness-a9a021f2	cleanliness	noun	C1	writing	concept-metaphor	low	needs_teacher_approved_sense		pending	no
cling-4545ad56	cling	verb	C1	reading	action-scene	low	needs_teacher_approved_sense		pending	no
clinical-3a811698	clinical	adjective	C1	writing	contrast-pair	low	needs_teacher_approved_sense		pending	no
clipboard-e2ab8561	clipboard	noun	C1	reading	object-or-context-scene	low	needs_teacher_approved_sense		pending	no
clone-sb-sth-5ccde6d1	clone sb/sth	verb	C1	reading	context-scene	low	needs_teacher_approved_sense		pending	no
closure-d091cefc	closure	noun	C1	reading	object-or-context-scene	low	needs_teacher_approved_sense		pending	no
clump-843b8f53	clump	noun	C1	reading	object-or-context-scene	low	needs_teacher_approved_sense		pending	no
clumsy-60498597	clumsy	adjective	C1	writing	contrast-pair	low	needs_teacher_approved_sense		pending	no
clutter-d3f0d26b	clutter	noun	C1	reading	object-or-context-scene	low	needs_teacher_approved_sense		pending	no
coalition-d3fa0ebb	coalition	noun	C1	writing	concept-metaphor	low	needs_teacher_approved_sense		pending	no
coastal-2aeac5a1	coastal	adjective	C1	writing	contrast-pair	low	needs_teacher_approved_sense		pending	no
cocktail-3925b23f	cocktail	noun	C1	reading	object-or-context-scene	low	needs_teacher_approved_sense		pending	no
code-e6fb0621	code	noun	A2	reading	object-or-context-scene	low	needs_teacher_approved_sense		pending	no
cognitive-b15f6a18	cognitive	adjective	C1	writing	contrast-pair	low	needs_teacher_approved_sense		pending	no
cohesion-abd57b03	cohesion	noun	C1	writing	concept-metaphor	low	needs_teacher_approved_sense		pending	no
coincide-bbf2a53a	coincide	verb	C1	reading	action-scene	low	needs_teacher_approved_sense		pending	no
collaborate-d2875e20	collaborate	verb	C1	reading	action-scene	low	needs_teacher_approved_sense		pending	no
collaboration-efac6f62	collaboration	noun	C1	writing	concept-metaphor	low	needs_teacher_approved_sense		pending	no
collaborator-722018f2	collaborator	noun	C1	reading	object-or-context-scene	low	needs_teacher_approved_sense		pending	no
collective-84c09210	collective	adjective	C1	writing	contrast-pair	low	needs_teacher_approved_sense		pending	no
collision-925d7ad7	collision	noun	C1	writing	concept-metaphor	low	needs_teacher_approved_sense		pending	no
colloquial-6a4afe71	colloquial	adjective	C1	writing	contrast-pair	low	needs_teacher_approved_sense		pending	no
colonial-e19b8f8a	colonial	adjective	C1	writing	contrast-pair	low	needs_teacher_approved_sense		pending	no
column-aa60230a	column	noun	A2	reading	object-or-context-scene	low	needs_teacher_approved_sense		pending	no
columnist-d990bbc1	columnist	noun	C1	reading	object-or-context-scene	low	needs_teacher_approved_sense		pending	no
combat-9f8809a1	combat	noun|verb	C1	reading	multi-sense-panel	low	needs_teacher_approved_sense		pending	no
come-across-sb-sth-afbb9495	come across sb/sth	verb	C1	reading	context-scene	low	needs_teacher_approved_sense		pending	no
come-across-sth-sb-54046806	come across sth/sb	verb	C1	reading	context-scene	low	needs_teacher_approved_sense		pending	no
come-to-light-f5194a46	come to light	verb|verb phrase	C1	reading	context-scene	low	needs_teacher_approved_sense		pending	no
come-to-terms-with-sth-7b9290f0	come to terms with sth	verb|verb phrase	C1	reading	context-scene	low	needs_teacher_approved_sense		pending	no
commence-50c5ff4c	commence	verb	C1	reading	action-scene	low	needs_teacher_approved_sense		pending	no
commentary-a589b559	commentary	noun	C1	reading	object-or-context-scene	low	needs_teacher_approved_sense		pending	no
commentator-068f0a68	commentator	noun	C1	reading	object-or-context-scene	low	needs_teacher_approved_sense		pending	no
commissioner-1303263e	commissioner	noun	C1	reading	object-or-context-scene	low	needs_teacher_approved_sense		pending	no
commit-yourself-to-sth-0b3fde12	commit yourself to sth	verb	C1	reading	context-scene	low	needs_teacher_approved_sense		pending	no
committed-e01a06dc	committed	adjective	C1	writing	contrast-pair	low	needs_teacher_approved_sense		pending	no
commodity-12caee05	commodity	noun	C1	writing	concept-metaphor	low	needs_teacher_approved_sense		pending	no
common-94c8c21d	common	adjective	A1	reading	contrast-pair	low	needs_teacher_approved_sense		pending	no
commonplace-3bf3b87a	commonplace	adjective	C1	writing	contrast-pair	low	needs_teacher_approved_sense		pending	no
communist-6b909a9f	communist	adjective	C1	writing	contrast-pair	low	needs_teacher_approved_sense		pending	no
companion-ddca0a8d	companion	noun	C1	reading	object-or-context-scene	low	needs_teacher_approved_sense		pending	no
comparable-41dfc188	comparable	adjective	C1	writing	contrast-pair	low	needs_teacher_approved_sense		pending	no
compassion-97ee37a8	compassion	noun	C1	writing	concept-metaphor	low	needs_teacher_approved_sense		pending	no
compatible-ec8506b1	compatible	adjective	C1	writing	contrast-pair	low	needs_teacher_approved_sense		pending	no
compel-495b3b63	compel	verb	C1	reading	action-scene	low	needs_teacher_approved_sense		pending	no
compensate-3ff7e0af	compensate	verb	C1	reading	action-scene	low	needs_teacher_approved_sense		pending	no
compensation-acc646e6	compensation	noun	C1	writing	concept-metaphor	low	needs_teacher_approved_sense		pending	no
competence-5563e26d	competence	noun	C1	writing	concept-metaphor	low	needs_teacher_approved_sense		pending	no
competent-5025f723	competent	adjective	C1	writing	contrast-pair	low	needs_teacher_approved_sense		pending	no
compile-36d0981b	compile	verb	C1	reading	action-scene	low	needs_teacher_approved_sense		pending	no
complement-6d5c9dab	complement	verb	C1	reading	action-scene	low	needs_teacher_approved_sense		pending	no
complexity-8d08946e	complexity	noun	C1	writing	concept-metaphor	low	needs_teacher_approved_sense		pending	no
compliance-036cb735	compliance	noun	C1	writing	concept-metaphor	low	needs_teacher_approved_sense		pending	no
complication-bc61eb92	complication	noun	C1	writing	concept-metaphor	low	needs_teacher_approved_sense		pending	no
complimentary-a496d42f	complimentary	adjective	C1	writing	contrast-pair	low	needs_teacher_approved_sense		pending	no
comply-80ce4d93	comply	verb	C1	reading	action-scene	low	needs_teacher_approved_sense		pending	no
compute-24989d8e	compute	verb	C1	reading	action-scene	low	needs_teacher_approved_sense		pending	no
conceal-3191ab37	conceal	verb	C1	reading	action-scene	low	needs_teacher_approved_sense		pending	no
concede-5cb248ea	concede	verb	C1	reading	action-scene	low	needs_teacher_approved_sense		pending	no
conceive-30d5be88	conceive	verb	C1	reading	action-scene	low	needs_teacher_approved_sense		pending	no
conception-52bb76fb	conception	noun	C1	writing	concept-metaphor	low	needs_teacher_approved_sense		pending	no
concession-c38674fc	concession	noun	C1	writing	concept-metaphor	low	needs_teacher_approved_sense		pending	no
condemn-7177fe0a	condemn	verb	C1	reading	action-scene	low	needs_teacher_approved_sense		pending	no
confer-6f7ce528	confer	verb	C1	reading	action-scene	low	needs_teacher_approved_sense		pending	no
confession-7acc00d8	confession	noun	C1	writing	concept-metaphor	low	needs_teacher_approved_sense		pending	no
configuration-0652e436	configuration	noun	C1	writing	concept-metaphor	low	needs_teacher_approved_sense		pending	no
confine-181f12ff	confine	verb	C1	reading	action-scene	low	needs_teacher_approved_sense		pending	no
confined-space-6acf30c9	confined space	adjective|noun	C1	writing	context-scene	low	needs_teacher_approved_sense		pending	no
confirmation-38bd340c	confirmation	noun	C1	writing	concept-metaphor	low	needs_teacher_approved_sense		pending	no
conformity-5484483a	conformity	noun	C1	writing	concept-metaphor	low	needs_teacher_approved_sense		pending	no
confront-221422a7	confront	verb	C1	reading	action-scene	low	needs_teacher_approved_sense		pending	no
confrontation-fb324e23	confrontation	noun	C1	writing	concept-metaphor	low	needs_teacher_approved_sense		pending	no
congratulate-d740ea12	congratulate	verb	C1	reading	action-scene	low	needs_teacher_approved_sense		pending	no
congratulate-sb-on-sth-ca1d316d	congratulate sb on sth	verb|verb phrase	C1	reading	context-scene	low	needs_teacher_approved_sense		pending	no
congregation-47c688b5	congregation	noun	C1	writing	concept-metaphor	low	needs_teacher_approved_sense		pending	no
congressional-8e1a2cd8	congressional	adjective	C1	writing	contrast-pair	low	needs_teacher_approved_sense		pending	no
connected-c5e23457	connected	adjective	A2	reading	contrast-pair	low	needs_teacher_approved_sense		pending	no
conquer-d9fe2033	conquer	verb	C1	reading	action-scene	low	needs_teacher_approved_sense		pending	no
conscience-91ef791a	conscience	noun	C1	writing	concept-metaphor	low	needs_teacher_approved_sense		pending	no
consciousness-e02c4a06	consciousness	noun	C1	writing	concept-metaphor	low	needs_teacher_approved_sense		pending	no
consecutive-da4f063c	consecutive	adjective	C1	writing	contrast-pair	low	needs_teacher_approved_sense		pending	no
consensus-4f170d6a	consensus	noun	C1	reading	object-or-context-scene	low	needs_teacher_approved_sense		pending	no
consent-15b61788	consent	noun|verb	C1	reading	multi-sense-panel	low	needs_teacher_approved_sense		pending	no
conserve-97bdcb5c	conserve	verb	C1	reading	action-scene	low	needs_teacher_approved_sense		pending	no
considerate-6271c4b6	considerate	adjective	C1	writing	contrast-pair	low	needs_teacher_approved_sense		pending	no
consistency-028944e4	consistency	noun	C1	writing	concept-metaphor	low	needs_teacher_approved_sense		pending	no
console-sb-edc470bb	console sb	verb	C1	reading	context-scene	low	needs_teacher_approved_sense		pending	no
consolidate-47a72197	consolidate	verb	C1	reading	action-scene	low	needs_teacher_approved_sense		pending	no
constant-pressure-f5424815	constant pressure	adjective|noun	C1	writing	context-scene	low	needs_teacher_approved_sense		pending	no
constituency-e2907a2e	constituency	noun	C1	writing	concept-metaphor	low	needs_teacher_approved_sense		pending	no
constitute-0293238b	constitute	verb	C1	reading	action-scene	low	needs_teacher_approved_sense		pending	no
constitution-ef757395	constitution	noun	C1	writing	concept-metaphor	low	needs_teacher_approved_sense		pending	no
constitutional-53c20030	constitutional	adjective	C1	writing	contrast-pair	low	needs_teacher_approved_sense		pending	no
constraint-9f454fd4	constraint	noun	C1	reading	object-or-context-scene	low	needs_teacher_approved_sense		pending	no
consultation-28639263	consultation	noun	C1	writing	concept-metaphor	low	needs_teacher_approved_sense		pending	no
consumerism-4ab390db	consumerism	noun	C1	writing	concept-metaphor	low	needs_teacher_approved_sense		pending	no
contemplate-2761b985	contemplate	verb	C1	reading	action-scene	low	needs_teacher_approved_sense		pending	no
contemplate-sth-0f478fb5	contemplate sth	verb	C1	reading	context-scene	low	needs_teacher_approved_sense		pending	no
contempt-f8be79ed	contempt	noun	C1	reading	object-or-context-scene	low	needs_teacher_approved_sense		pending	no
contend-107b8d03	contend	verb	C1	reading	action-scene	low	needs_teacher_approved_sense		pending	no
contender-8e07c877	contender	noun	C1	reading	object-or-context-scene	low	needs_teacher_approved_sense		pending	no
contention-f08d0c59	contention	noun	C1	writing	concept-metaphor	low	needs_teacher_approved_sense		pending	no
contentious-issue-39ebada3	contentious issue	noun|noun phrase	C1	reading	context-scene	low	needs_teacher_approved_sense		pending	no
context-ec2727b3	context	noun	A2	reading	object-or-context-scene	low	needs_teacher_approved_sense		pending	no
continually-9a698970	continually	adverb	C1	writing	manner-sequence	low	needs_teacher_approved_sense		pending	no
continuum-549ab1b6	continuum	noun	C1	reading	object-or-context-scene	low	needs_teacher_approved_sense		pending	no
contractor-864dc49f	contractor	noun	C1	reading	object-or-context-scene	low	needs_teacher_approved_sense		pending	no
contractual-16530fa4	contractual	adjective	C1	writing	contrast-pair	low	needs_teacher_approved_sense		pending	no
contradiction-7c0f68a8	contradiction	noun	C1	writing	concept-metaphor	low	needs_teacher_approved_sense		pending	no
contrary-69b32abf	contrary	adjective|noun	C1	writing	multi-sense-panel	low	needs_teacher_approved_sense		pending	no
contributor-2a20b038	contributor	noun	C1	reading	object-or-context-scene	low	needs_teacher_approved_sense		pending	no
converse-1e1a15ca	converse	verb	C1	reading	action-scene	low	needs_teacher_approved_sense		pending	no
conversion-21faa67d	conversion	noun	C1	writing	concept-metaphor	low	needs_teacher_approved_sense		pending	no
convict-32ab9ce0	convict	verb	C1	reading	action-scene	low	needs_teacher_approved_sense		pending	no
conviction-3d4057c4	conviction	noun	C1	writing	concept-metaphor	low	needs_teacher_approved_sense		pending	no
cooperate-afbd048a	cooperate	verb	C1	reading	action-scene	low	needs_teacher_approved_sense		pending	no
coordinate-df43804b	coordinate	verb	C1	reading	action-scene	low	needs_teacher_approved_sense		pending	no
coordination-c242f8bb	coordination	noun	C1	writing	concept-metaphor	low	needs_teacher_approved_sense		pending	no
coordinator-b1ba516c	coordinator	noun	C1	reading	object-or-context-scene	low	needs_teacher_approved_sense		pending	no
cop-3bb4096c	cop	noun	C1	reading	object-or-context-scene	low	needs_teacher_approved_sense		pending	no
copyright-521307dd	copyright	noun	C1	reading	object-or-context-scene	low	needs_teacher_approved_sense		pending	no
cord-3d72b32f	cord	noun	C1	reading	object-or-context-scene	low	needs_teacher_approved_sense		pending	no
correctly-18040567	correctly	adverb	A2	reading	manner-sequence	low	needs_teacher_approved_sense		pending	no
correlate-3ef9f14d	correlate	verb	C1	reading	action-scene	low	needs_teacher_approved_sense		pending	no
correlation-1469596f	correlation	noun	C1	writing	concept-metaphor	low	needs_teacher_approved_sense		pending	no
correspond-6a78e139	correspond	verb	C1	reading	action-scene	low	needs_teacher_approved_sense		pending	no
correspondence-f915e104	correspondence	noun	C1	writing	concept-metaphor	low	needs_teacher_approved_sense		pending	no
correspondent-97e463e8	correspondent	noun	C1	reading	object-or-context-scene	low	needs_teacher_approved_sense		pending	no
corresponding-a586b6f6	corresponding	adjective	C1	writing	contrast-pair	low	needs_teacher_approved_sense		pending	no
corruption-c4587d77	corruption	noun	C1	writing	concept-metaphor	low	needs_teacher_approved_sense		pending	no
cost-of-living-f28d55fb	cost of living	noun|noun phrase	C1	reading	context-scene	low	needs_teacher_approved_sense		pending	no
costly-d3f05d2c	costly	adjective	C1	writing	contrast-pair	low	needs_teacher_approved_sense		pending	no
councillor-aa3ec211	councillor	noun	C1	reading	object-or-context-scene	low	needs_teacher_approved_sense		pending	no
counselling-abde2c23	counselling	noun	C1	reading	object-or-context-scene	low	needs_teacher_approved_sense		pending	no
counsellor-1f92bc29	counsellor	noun	C1	reading	object-or-context-scene	low	needs_teacher_approved_sense		pending	no
counterpart-3954e42f	counterpart	noun	C1	reading	object-or-context-scene	low	needs_teacher_approved_sense		pending	no
countless-852aa71d	countless	adjective	C1	writing	contrast-pair	low	needs_teacher_approved_sense		pending	no
coup-6db4b898	coup	noun	C1	reading	object-or-context-scene	low	needs_teacher_approved_sense		pending	no
courtesy-d95df593	courtesy	noun	C1	reading	object-or-context-scene	low	needs_teacher_approved_sense		pending	no
cramped-880081a6	cramped	adjective	C1	writing	contrast-pair	low	needs_teacher_approved_sense		pending	no
crawl-3b8eaaf7	crawl	verb	C1	reading	action-scene	low	needs_teacher_approved_sense		pending	no
crazy-33b501a5	crazy	adjective	A2	reading	contrast-pair	low	needs_teacher_approved_sense		pending	no
creator-ca0dd834	creator	noun	C1	reading	object-or-context-scene	low	needs_teacher_approved_sense		pending	no
credibility-58f9bc98	credibility	noun	C1	writing	concept-metaphor	low	needs_teacher_approved_sense		pending	no
credible-6a574cf6	credible	adjective	C1	writing	contrast-pair	low	needs_teacher_approved_sense		pending	no
creditor-fa43f421	creditor	noun	C1	reading	object-or-context-scene	low	needs_teacher_approved_sense		pending	no
critique-e08906a1	critique	noun	C1	reading	object-or-context-scene	low	needs_teacher_approved_sense		pending	no
crown-cdd97e00	crown	noun	C1	reading	object-or-context-scene	low	needs_teacher_approved_sense		pending	no
crush-54eda0d3	crush	verb	C1	reading	action-scene	low	needs_teacher_approved_sense		pending	no
crystal-08808065	crystal	noun	C1	reading	object-or-context-scene	low	needs_teacher_approved_sense		pending	no
crystal-clear-06d43220	crystal clear	adjective	C1	writing	context-scene	low	needs_teacher_approved_sense		pending	no
cult-2abd6b90	cult	adjective|noun	C1	writing	multi-sense-panel	low	needs_teacher_approved_sense		pending	no
cultivate-a5f90b37	cultivate	verb	C1	reading	action-scene	low	needs_teacher_approved_sense		pending	no
cultural-mix-f463d783	cultural mix	noun|noun phrase	C1	reading	context-scene	low	needs_teacher_approved_sense		pending	no
culture-shock-8bff39a2	culture shock	noun	C1	reading	context-scene	low	needs_teacher_approved_sense		pending	no
curiosity-f90bc924	curiosity	noun	C1	writing	concept-metaphor	low	needs_teacher_approved_sense		pending	no
custody-bb610c5e	custody	noun	C1	reading	object-or-context-scene	low	needs_teacher_approved_sense		pending	no
cutting-2fa40299	cutting	noun	C1	reading	object-or-context-scene	low	needs_teacher_approved_sense		pending	no
cynical-a1a2aafe	cynical	adjective	C1	writing	contrast-pair	low	needs_teacher_approved_sense		pending	no
damaging-952eae57	damaging	adjective	C1	writing	contrast-pair	low	needs_teacher_approved_sense		pending	no
daunting-9577df16	daunting	adjective	C1	writing	contrast-pair	low	needs_teacher_approved_sense		pending	no
dawn-038c340f	dawn	noun	C1	reading	object-or-context-scene	low	needs_teacher_approved_sense		pending	no
day-to-day-4932b30b	day-to-day	adjective	C1	writing	contrast-pair	low	needs_teacher_approved_sense		pending	no
dead-tired-395abe4a	dead tired	adjective	C1	writing	context-scene	low	needs_teacher_approved_sense		pending	no
debit-sth-from-an-account-6a58827b	debit sth from an account	verb|verb phrase	C1	reading	context-scene	low	needs_teacher_approved_sense		pending	no
debris-6aa5cd51	debris	noun	C1	reading	object-or-context-scene	low	needs_teacher_approved_sense		pending	no
debut-502a2754	debut	noun	C1	reading	object-or-context-scene	low	needs_teacher_approved_sense		pending	no
decision-making-364c95de	decision-making	noun	C1	reading	object-or-context-scene	low	needs_teacher_approved_sense		pending	no
decisive-01a27bed	decisive	adjective	C1	writing	contrast-pair	low	needs_teacher_approved_sense		pending	no
declaration-a635d9a0	declaration	noun	C1	writing	concept-metaphor	low	needs_teacher_approved_sense		pending	no
decline-in-sth-b2b4a2d5	decline in sth	noun	C1	reading	context-scene	low	needs_teacher_approved_sense		pending	no
dedicated-0d30712f	dedicated	adjective	C1	writing	contrast-pair	low	needs_teacher_approved_sense		pending	no
deed-f7a8993b	deed	noun	C1	reading	object-or-context-scene	low	needs_teacher_approved_sense		pending	no
deem-801f9792	deem	verb	C1	reading	action-scene	low	needs_teacher_approved_sense		pending	no
default-7505d64a	default	noun	C1	reading	object-or-context-scene	low	needs_teacher_approved_sense		pending	no
defect-1ca07399	defect	noun	C1	reading	object-or-context-scene	low	needs_teacher_approved_sense		pending	no
defensive-802d2a9f	defensive	adjective	C1	writing	contrast-pair	low	needs_teacher_approved_sense		pending	no
deficiency-1869a8c8	deficiency	noun	C1	writing	concept-metaphor	low	needs_teacher_approved_sense		pending	no
deficit-e30b3ddc	deficit	noun	C1	reading	object-or-context-scene	low	needs_teacher_approved_sense		pending	no
defy-0e289c44	defy	verb	C1	reading	action-scene	low	needs_teacher_approved_sense		pending	no
degenerate-into-sth-37df49fe	degenerate into sth	verb	C1	reading	context-scene	low	needs_teacher_approved_sense		pending	no
degree-course-0028dc59	degree course	noun	C1	reading	context-scene	low	needs_teacher_approved_sense		pending	no
delegate-52934c29	delegate	noun	C1	reading	object-or-context-scene	low	needs_teacher_approved_sense		pending	no
delegation-1797e6eb	delegation	noun	C1	writing	concept-metaphor	low	needs_teacher_approved_sense		pending	no
delicate-a5cbba14	delicate	adjective	C1	writing	contrast-pair	low	needs_teacher_approved_sense		pending	no
democratic-process-3526a7c1	democratic process	adjective|noun	C1	writing	context-scene	low	needs_teacher_approved_sense		pending	no
demon-79637a0f	demon	noun	C1	reading	object-or-context-scene	low	needs_teacher_approved_sense		pending	no
denial-1d2c64d4	denial	noun	C1	reading	object-or-context-scene	low	needs_teacher_approved_sense		pending	no
denounce-7803acfd	denounce	verb	C1	reading	action-scene	low	needs_teacher_approved_sense		pending	no
dense-c8e834d8	dense	adjective	C1	writing	contrast-pair	low	needs_teacher_approved_sense		pending	no
density-bbbf26a1	density	noun	C1	writing	concept-metaphor	low	needs_teacher_approved_sense		pending	no
depend-35482ce1	depend	verb	A2	reading	action-scene	low	needs_teacher_approved_sense		pending	no
dependence-42ac1447	dependence	noun	C1	writing	concept-metaphor	low	needs_teacher_approved_sense		pending	no
depict-602d9caf	depict	verb	C1	reading	action-scene	low	needs_teacher_approved_sense		pending	no
deploy-b0d51b9f	deploy	verb	C1	reading	action-scene	low	needs_teacher_approved_sense		pending	no
deployment-7233fb36	deployment	noun	C1	writing	concept-metaphor	low	needs_teacher_approved_sense		pending	no
deprive-f7659be9	deprive	verb	C1	reading	action-scene	low	needs_teacher_approved_sense		pending	no
deputy-75685494	deputy	noun	C1	reading	object-or-context-scene	low	needs_teacher_approved_sense		pending	no
deranged-886fa665	deranged	adjective	C1	writing	contrast-pair	low	needs_teacher_approved_sense		pending	no
descend-d363f3ea	descend	verb	C1	reading	action-scene	low	needs_teacher_approved_sense		pending	no
descent-9490580e	descent	noun	C1	reading	object-or-context-scene	low	needs_teacher_approved_sense		pending	no
design-feature-a028833f	design feature	noun	C1	reading	context-scene	low	needs_teacher_approved_sense		pending	no
designate-08e0fe4a	designate	verb	C1	reading	action-scene	low	needs_teacher_approved_sense		pending	no
desirable-c930857d	desirable	adjective	C1	writing	contrast-pair	low	needs_teacher_approved_sense		pending	no
desktop-3b5a9f79	desktop	noun	C1	reading	object-or-context-scene	low	needs_teacher_approved_sense		pending	no
despot-bcb8101b	despot	noun	C1	reading	object-or-context-scene	low	needs_teacher_approved_sense		pending	no
destructive-10f096a4	destructive	adjective	C1	writing	contrast-pair	low	needs_teacher_approved_sense		pending	no
detain-c6508833	detain	verb	C1	reading	action-scene	low	needs_teacher_approved_sense		pending	no
detection-f4f3d323	detection	noun	C1	writing	concept-metaphor	low	needs_teacher_approved_sense		pending	no
detective-agency-cf4bdd1c	detective agency	noun	C1	writing	context-scene	low	needs_teacher_approved_sense		pending	no
detention-559ad505	detention	noun	C1	writing	concept-metaphor	low	needs_teacher_approved_sense		pending	no
deteriorate-9d24ea3b	deteriorate	verb	C1	reading	action-scene	low	needs_teacher_approved_sense		pending	no
determine-sth-093b712a	determine sth	verb	C1	reading	context-scene	low	needs_teacher_approved_sense		pending	no
detrimental-1198ce9c	detrimental	adjective	C1	writing	contrast-pair	low	needs_teacher_approved_sense		pending	no
devastate-95528a0c	devastate	verb	C1	reading	action-scene	low	needs_teacher_approved_sense		pending	no
devil-49108eff	devil	noun	C1	reading	object-or-context-scene	low	needs_teacher_approved_sense		pending	no
devise-c2c479ad	devise	verb	C1	reading	action-scene	low	needs_teacher_approved_sense		pending	no
diagnose-77e720c8	diagnose	verb	C1	reading	action-scene	low	needs_teacher_approved_sense		pending	no
diagnose-sth-caef83dd	diagnose sth	verb	C1	reading	context-scene	low	needs_teacher_approved_sense		pending	no
dictate-9f4acf4e	dictate	verb	C1	reading	action-scene	low	needs_teacher_approved_sense		pending	no
dictator-1b1b0f18	dictator	noun	C1	reading	object-or-context-scene	low	needs_teacher_approved_sense		pending	no
differentiate-4e058cba	differentiate	verb	C1	reading	action-scene	low	needs_teacher_approved_sense		pending	no
differently-f8c581b3	differently	adverb	A2	reading	manner-sequence	low	needs_teacher_approved_sense		pending	no
digital-technology-6eb0a537	digital technology	noun	C1	reading	context-scene	low	needs_teacher_approved_sense		pending	no
dignify-sb-sth-4608a55e	dignify sb/sth	verb	C1	reading	context-scene	low	needs_teacher_approved_sense		pending	no
dignity-346c4148	dignity	noun	C1	writing	concept-metaphor	low	needs_teacher_approved_sense		pending	no
dilemma-33228b56	dilemma	noun	C1	reading	object-or-context-scene	low	needs_teacher_approved_sense		pending	no
dimension-2e2815c7	dimension	noun	C1	writing	concept-metaphor	low	needs_teacher_approved_sense		pending	no
diminish-08ede7ab	diminish	verb	C1	reading	action-scene	low	needs_teacher_approved_sense		pending	no
dip-6b665e89	dip	verb	C1	reading	action-scene	low	needs_teacher_approved_sense		pending	no
diplomat-e542cc39	diplomat	noun	C1	reading	object-or-context-scene	low	needs_teacher_approved_sense		pending	no
diplomatic-7a0755fa	diplomatic	noun	C1	reading	object-or-context-scene	low	needs_teacher_approved_sense		pending	no
directive-3d981bf9	directive	noun	C1	reading	object-or-context-scene	low	needs_teacher_approved_sense		pending	no
directory-8d392f56	directory	noun	C1	reading	object-or-context-scene	low	needs_teacher_approved_sense		pending	no
disappear-without-a-trace-4f5e44ce	disappear without a trace	verb|verb phrase	C1	reading	context-scene	low	needs_teacher_approved_sense		pending	no
disastrous-69caeb9f	disastrous	adjective	C1	writing	contrast-pair	low	needs_teacher_approved_sense		pending	no
discard-f57e3806	discard	verb	C1	reading	action-scene	low	needs_teacher_approved_sense		pending	no
discharge-17392554	discharge	verb	C1	reading	action-scene	low	needs_teacher_approved_sense		pending	no
disclose-c89574ee	disclose	verb	C1	reading	action-scene	low	needs_teacher_approved_sense		pending	no
disclosure-36cd450d	disclosure	noun	C1	reading	object-or-context-scene	low	needs_teacher_approved_sense		pending	no
discourse-e8fcfa62	discourse	noun	C1	reading	object-or-context-scene	low	needs_teacher_approved_sense		pending	no
discretion-7cf0b297	discretion	noun	C1	writing	concept-metaphor	low	needs_teacher_approved_sense		pending	no
discrimination-8f076d82	discrimination	noun	C1	writing	concept-metaphor	low	needs_teacher_approved_sense		pending	no
disillusioned-50c58b7d	disillusioned	adjective	C1	writing	contrast-pair	low	needs_teacher_approved_sense		pending	no
dismiss-sb-sth-889db1a5	dismiss sb/sth	verb	C1	reading	context-scene	low	needs_teacher_approved_sense		pending	no
dismissal-72e38f81	dismissal	noun	C1	reading	object-or-context-scene	low	needs_teacher_approved_sense		pending	no
displace-49753b53	displace	verb	C1	reading	action-scene	low	needs_teacher_approved_sense		pending	no
disposal-4edc28b0	disposal	noun	C1	reading	object-or-context-scene	low	needs_teacher_approved_sense		pending	no
dispose-d38626a8	dispose	verb	C1	reading	action-scene	low	needs_teacher_approved_sense		pending	no
dispute-cfc878b4	dispute	noun|verb	C1	reading	multi-sense-panel	low	needs_teacher_approved_sense		pending	no
disregard-sth-sb-08ced1a3	disregard sth/sb	verb	C1	reading	context-scene	low	needs_teacher_approved_sense		pending	no
disrupt-c386834a	disrupt	verb	C1	reading	action-scene	low	needs_teacher_approved_sense		pending	no
disruption-2eb7fdce	disruption	noun	C1	writing	concept-metaphor	low	needs_teacher_approved_sense		pending	no
dissolve-00fd7a27	dissolve	verb	C1	reading	action-scene	low	needs_teacher_approved_sense		pending	no
distinction-d4fd2289	distinction	noun	C1	writing	concept-metaphor	low	needs_teacher_approved_sense		pending	no
distort-d7f7ee36	distort	verb	C1	reading	action-scene	low	needs_teacher_approved_sense		pending	no
distortion-d03ec681	distortion	noun	C1	writing	concept-metaphor	low	needs_teacher_approved_sense		pending	no
distress-5f69e94a	distress	noun|verb	C1	reading	multi-sense-panel	low	needs_teacher_approved_sense		pending	no
ditch-9b9bd63b	ditch	noun	C1	reading	object-or-context-scene	low	needs_teacher_approved_sense		pending	no
divert-f663816a	divert	verb	C1	reading	action-scene	low	needs_teacher_approved_sense		pending	no
divine-3450e8a5	divine	adjective	C1	writing	contrast-pair	low	needs_teacher_approved_sense		pending	no
divorced-2a4e85e1	divorced	adjective	A2	reading	contrast-pair	low	needs_teacher_approved_sense		pending	no
do-business-b7c96526	do business	verb|verb phrase	C1	reading	context-scene	low	needs_teacher_approved_sense		pending	no
do-sth-by-force-145ee2c5	do sth by force	verb|verb phrase	C1	reading	context-scene	low	needs_teacher_approved_sense		pending	no
do-sth-with-ease-0c59906e	do sth with ease	verb|verb phrase	C1	reading	context-scene	low	needs_teacher_approved_sense		pending	no
do-work-long-hours-c089ca43	do/work long hours	verb|verb phrase	C1	reading	context-scene	low	needs_teacher_approved_sense		pending	no
doctrine-49fcb575	doctrine	noun	C1	reading	object-or-context-scene	low	needs_teacher_approved_sense		pending	no
documentation-ba2a1650	documentation	noun	C1	writing	concept-metaphor	low	needs_teacher_approved_sense		pending	no
domain-9120580e	domain	noun	C1	reading	object-or-context-scene	low	needs_teacher_approved_sense		pending	no
dominance-b6555ab9	dominance	noun	C1	writing	concept-metaphor	low	needs_teacher_approved_sense		pending	no
donate-sth-d8b45dec	donate sth	verb	C1	reading	context-scene	low	needs_teacher_approved_sense		pending	no
donor-80c62c78	donor	noun	C1	reading	object-or-context-scene	low	needs_teacher_approved_sense		pending	no
doom-fe046a40	doom	noun	C1	reading	object-or-context-scene	low	needs_teacher_approved_sense		pending	no
dose-fddd2dca	dose	noun	C1	reading	object-or-context-scene	low	needs_teacher_approved_sense		pending	no
download-sth-3129c238	download sth	verb	C1	reading	context-scene	low	needs_teacher_approved_sense		pending	no
drag-sb-sth-e229b012	drag sb/sth	verb	C1	reading	context-scene	low	needs_teacher_approved_sense		pending	no
drain-2780acf0	drain	verb	C1	reading	action-scene	low	needs_teacher_approved_sense		pending	no
draw-from-life-ee5dd58a	draw from life	verb|verb phrase	C1	reading	context-scene	low	needs_teacher_approved_sense		pending	no
draw-sb-in-f1ef8f84	draw sb in	verb	C1	reading	context-scene	low	needs_teacher_approved_sense		pending	no
draw-the-line-at-sth-38854e4b	draw the line at sth	verb|verb phrase	C1	reading	context-scene	low	needs_teacher_approved_sense		pending	no
drawback-ab6cfd37	drawback	noun	C1	reading	object-or-context-scene	low	needs_teacher_approved_sense		pending	no
dreariness-3e7af18c	dreariness	noun	C1	writing	concept-metaphor	low	needs_teacher_approved_sense		pending	no
drift-40f15029	drift	verb	C1	reading	action-scene	low	needs_teacher_approved_sense		pending	no
drive-sb-mad-fc5f3cde	drive sb mad	verb|verb phrase	C1	reading	context-scene	low	needs_teacher_approved_sense		pending	no
drop-what-you-are-doing-555027ae	drop what you are doing	verb|verb phrase	C1	reading	context-scene	low	needs_teacher_approved_sense		pending	no
drown-2011fdcd	drown	verb	C1	reading	action-scene	low	needs_teacher_approved_sense		pending	no
drug-edfbd675	drug	noun	A2	reading	object-or-context-scene	low	needs_teacher_approved_sense		pending	no
dual-618693d4	dual	adjective	C1	writing	contrast-pair	low	needs_teacher_approved_sense		pending	no
dub-1ca4b285	dub	verb	C1	reading	action-scene	low	needs_teacher_approved_sense		pending	no
dumb-42177130	dumb	adjective	C1	writing	contrast-pair	low	needs_teacher_approved_sense		pending	no
duo-16ef1d43	duo	noun	C1	reading	object-or-context-scene	low	needs_teacher_approved_sense		pending	no
decor-8fb03eed	décor	noun	C1	reading	object-or-context-scene	low	needs_teacher_approved_sense		pending	no
eager-a5a6b9cc	eager	adjective	C1	writing	contrast-pair	low	needs_teacher_approved_sense		pending	no
earnings-915a1e1e	earnings	noun	C1	reading	object-or-context-scene	low	needs_teacher_approved_sense		pending	no
ease-93ae3f8e	ease	noun|verb	C1	reading	multi-sense-panel	low	needs_teacher_approved_sense		pending	no
echo-b2d21e77	echo	noun|verb	C1	reading	multi-sense-panel	low	needs_teacher_approved_sense		pending	no
ecological-34e00cb6	ecological	adjective	C1	writing	contrast-pair	low	needs_teacher_approved_sense		pending	no
educator-a6517316	educator	noun	C1	reading	object-or-context-scene	low	needs_teacher_approved_sense		pending	no
effectiveness-509bb702	effectiveness	noun	C1	writing	concept-metaphor	low	needs_teacher_approved_sense		pending	no
efficiency-fff33dfb	efficiency	noun	C1	writing	concept-metaphor	low	needs_teacher_approved_sense		pending	no
ego-c13571db	ego	noun	C1	reading	object-or-context-scene	low	needs_teacher_approved_sense		pending	no
elaborate-76db5965	elaborate	adjective	C1	writing	contrast-pair	low	needs_teacher_approved_sense		pending	no
electoral-d216eda4	electoral	adjective	C1	writing	contrast-pair	low	needs_teacher_approved_sense		pending	no
elevate-4a190bf2	elevate	verb	C1	reading	action-scene	low	needs_teacher_approved_sense		pending	no
eligible-5ec9cb32	eligible	adjective	C1	writing	contrast-pair	low	needs_teacher_approved_sense		pending	no
elite-8fc09b91	elite	noun	C1	reading	object-or-context-scene	low	needs_teacher_approved_sense		pending	no
elusive-537c0adb	elusive	adjective	C1	writing	contrast-pair	low	needs_teacher_approved_sense		pending	no
email-attachment-d0538963	email attachment	noun	C1	writing	context-scene	low	needs_teacher_approved_sense		pending	no
embark-abb3246b	embark	verb	C1	reading	action-scene	low	needs_teacher_approved_sense		pending	no
embed-cfff27c9	embed	verb	C1	reading	action-scene	low	needs_teacher_approved_sense		pending	no
embody-d7fcb373	embody	verb	C1	reading	action-scene	low	needs_teacher_approved_sense		pending	no
emergence-125cbc5c	emergence	noun	C1	writing	concept-metaphor	low	needs_teacher_approved_sense		pending	no
emerging-economies-1b673acf	emerging economies	adjective|noun	C1	writing	context-scene	low	needs_teacher_approved_sense		pending	no
empirical-031a205b	empirical	adjective	C1	writing	contrast-pair	low	needs_teacher_approved_sense		pending	no
empower-f0529720	empower	verb	C1	reading	action-scene	low	needs_teacher_approved_sense		pending	no
enact-a9fca701	enact	verb	C1	reading	action-scene	low	needs_teacher_approved_sense		pending	no
encompass-b7601617	encompass	verb	C1	reading	action-scene	low	needs_teacher_approved_sense		pending	no
encouragement-d0e72539	encouragement	noun	C1	writing	concept-metaphor	low	needs_teacher_approved_sense		pending	no
encouraging-85ef9866	encouraging	adjective	C1	writing	contrast-pair	low	needs_teacher_approved_sense		pending	no
endeavour-6996eae3	endeavour	noun	C1	reading	object-or-context-scene	low	needs_teacher_approved_sense		pending	no
endless-ea2091be	endless	adjective	C1	writing	contrast-pair	low	needs_teacher_approved_sense		pending	no
endless-supply-6b3d8747	endless supply	adjective|noun	C1	writing	context-scene	low	needs_teacher_approved_sense		pending	no
endorse-1ad6211d	endorse	verb	C1	reading	action-scene	low	needs_teacher_approved_sense		pending	no
endorsement-9b637257	endorsement	noun	C1	writing	concept-metaphor	low	needs_teacher_approved_sense		pending	no
endow-sb-sth-with-sth-ae6779ca	endow sb/sth with sth	verb	C1	reading	context-scene	low	needs_teacher_approved_sense		pending	no
endure-2953e6c9	endure	verb	C1	reading	action-scene	low	needs_teacher_approved_sense		pending	no
enforce-09babdc9	enforce	verb	C1	reading	action-scene	low	needs_teacher_approved_sense		pending	no
enforcement-c2b99a50	enforcement	noun	C1	writing	concept-metaphor	low	needs_teacher_approved_sense		pending	no
engaging-cf7b1657	engaging	adjective	C1	writing	contrast-pair	low	needs_teacher_approved_sense		pending	no
enlarge-sth-845b0a4c	enlarge sth	verb	C1	reading	context-scene	low	needs_teacher_approved_sense		pending	no
enliven-sth-1b46473e	enliven sth	verb	C1	reading	context-scene	low	needs_teacher_approved_sense		pending	no
enquiring-mind-8cb7050d	enquiring mind	noun|noun phrase	C1	reading	context-scene	low	needs_teacher_approved_sense		pending	no
enrich-4603817b	enrich	verb	C1	reading	action-scene	low	needs_teacher_approved_sense		pending	no
enrol-95e1c2ec	enrol	verb	C1	reading	action-scene	low	needs_teacher_approved_sense		pending	no
ensue-e0d17189	ensue	verb	C1	reading	action-scene	low	needs_teacher_approved_sense		pending	no
enterprise-052a3c16	enterprise	noun	C1	reading	object-or-context-scene	low	needs_teacher_approved_sense		pending	no
enthusiast-b471644b	enthusiast	noun	C1	reading	object-or-context-scene	low	needs_teacher_approved_sense		pending	no
entitle-18cffff3	entitle	verb	C1	reading	action-scene	low	needs_teacher_approved_sense		pending	no
entity-e7116313	entity	noun	C1	writing	concept-metaphor	low	needs_teacher_approved_sense		pending	no
entrant-2f39f02d	entrant	noun	C1	reading	object-or-context-scene	low	needs_teacher_approved_sense		pending	no
epidemic-cf22f878	epidemic	noun	C1	reading	object-or-context-scene	low	needs_teacher_approved_sense		pending	no
equality-d252f0ee	equality	noun	C1	writing	concept-metaphor	low	needs_teacher_approved_sense		pending	no
equate-sth-with-sth-2b6da6c5	equate sth with sth	verb	C1	reading	context-scene	low	needs_teacher_approved_sense		pending	no
equation-eba01c2f	equation	noun	C1	writing	concept-metaphor	low	needs_teacher_approved_sense		pending	no
equip-sb-sth-with-sth-563b9460	equip sb/sth with sth	verb	C1	reading	context-scene	low	needs_teacher_approved_sense		pending	no
erect-11d653c4	erect	verb	C1	reading	action-scene	low	needs_teacher_approved_sense		pending	no
error-11f9578d	error	noun	A2	reading	object-or-context-scene	low	needs_teacher_approved_sense		pending	no
escalate-27ce8fb9	escalate	verb	C1	reading	action-scene	low	needs_teacher_approved_sense		pending	no
essence-d32952c0	essence	noun	C1	writing	concept-metaphor	low	needs_teacher_approved_sense		pending	no
establishment-15e523ca	establishment	noun	C1	writing	concept-metaphor	low	needs_teacher_approved_sense		pending	no
eternal-2162c6ec	eternal	adjective	C1	writing	contrast-pair	low	needs_teacher_approved_sense		pending	no
evacuate-7fd3d014	evacuate	verb	C1	reading	action-scene	low	needs_teacher_approved_sense		pending	no
everyday-b3ce3aa4	everyday	adjective	A2	reading	contrast-pair	low	needs_teacher_approved_sense		pending	no
evoke-9de31685	evoke	verb	C1	reading	action-scene	low	needs_teacher_approved_sense		pending	no
exaggerate-1461b27b	exaggerate	verb	C1	reading	action-scene	low	needs_teacher_approved_sense		pending	no
exaggerate-sth-ff4118bc	exaggerate sth	verb	C1	reading	context-scene	low	needs_teacher_approved_sense		pending	no
exam-8b39e279	exam	noun	A1	reading	object-or-context-scene	low	needs_teacher_approved_sense		pending	no
excavation-64f515ed	excavation	noun	C1	writing	concept-metaphor	low	needs_teacher_approved_sense		pending	no
excellence-3d5f97fa	excellence	noun	C1	writing	concept-metaphor	low	needs_teacher_approved_sense		pending	no
exceptional-f8157a88	exceptional	adjective	C1	writing	contrast-pair	low	needs_teacher_approved_sense		pending	no
excess-6266c5db	excess	adjective|noun	C1	writing	multi-sense-panel	low	needs_teacher_approved_sense		pending	no
exchange-ideas-f157e40a	exchange ideas	verb|verb phrase	C1	reading	context-scene	low	needs_teacher_approved_sense		pending	no
exclusion-d47edc45	exclusion	noun	C1	writing	concept-metaphor	low	needs_teacher_approved_sense		pending	no
exclusive-341efea4	exclusive	adjective	C1	writing	contrast-pair	low	needs_teacher_approved_sense		pending	no
exclusively-1d20d9b5	exclusively	adverb	C1	writing	manner-sequence	low	needs_teacher_approved_sense		pending	no
execute-39ae89e0	execute	verb	C1	reading	action-scene	low	needs_teacher_approved_sense		pending	no
execution-1e214745	execution	noun	C1	writing	concept-metaphor	low	needs_teacher_approved_sense		pending	no
exert-a0b6c84f	exert	verb	C1	reading	action-scene	low	needs_teacher_approved_sense		pending	no
exert-control-over-sb-sth-aa982bee	exert control over sb/sth	verb|verb phrase	C1	reading	context-scene	low	needs_teacher_approved_sense		pending	no
exhausting-5d1f8728	exhausting	adjective	C1	writing	contrast-pair	low	needs_teacher_approved_sense		pending	no
exhilaration-03bee3a1	exhilaration	noun	C1	writing	concept-metaphor	low	needs_teacher_approved_sense		pending	no
exile-64f8faad	exile	noun	C1	reading	object-or-context-scene	low	needs_teacher_approved_sense		pending	no
expatriate-e5f23120	expatriate	noun	C1	reading	object-or-context-scene	low	needs_teacher_approved_sense		pending	no
expenditure-317b4c3c	expenditure	noun	C1	reading	object-or-context-scene	low	needs_teacher_approved_sense		pending	no
experimental-2216470a	experimental	adjective	C1	writing	contrast-pair	low	needs_teacher_approved_sense		pending	no
expire-20dda04b	expire	verb	C1	reading	action-scene	low	needs_teacher_approved_sense		pending	no
explicit-a45c2264	explicit	adjective	C1	writing	contrast-pair	low	needs_teacher_approved_sense		pending	no
explicitly-f29fb922	explicitly	adverb	C1	writing	manner-sequence	low	needs_teacher_approved_sense		pending	no
exploit-sth-22736d5c	exploit sth	verb	C1	reading	context-scene	low	needs_teacher_approved_sense		pending	no
exploitation-0714e345	exploitation	noun	C1	writing	concept-metaphor	low	needs_teacher_approved_sense		pending	no
explosive-dc261a7a	explosive	adjective|noun	C1	writing	multi-sense-panel	low	needs_teacher_approved_sense		pending	no
express-f3c62de4	express	verb	A2	reading	action-scene	low	needs_teacher_approved_sense		pending	no
express-an-idea-35bb8304	express an idea	verb|verb phrase	C1	reading	context-scene	low	needs_teacher_approved_sense		pending	no
expression-ec981439	expression	noun	A2	reading	concept-metaphor	low	needs_teacher_approved_sense		pending	no
extensive-experience-knowledge-f76e0861	extensive experience/knowledge	adjective|noun	C1	writing	context-scene	low	needs_teacher_approved_sense		pending	no
extravaganza-33237aa8	extravaganza	noun	C1	reading	object-or-context-scene	low	needs_teacher_approved_sense		pending	no
extremist-a9bfdcfc	extremist	noun	C1	reading	object-or-context-scene	low	needs_teacher_approved_sense		pending	no
eye-catching-d1c4d4e9	eye-catching	adjective	C1	writing	contrast-pair	low	needs_teacher_approved_sense		pending	no
eye-strain-7ae75faa	eye-strain	noun	C1	reading	object-or-context-scene	low	needs_teacher_approved_sense		pending	no
face-sb-sth-8741fde0	face sb/sth	verb	C1	reading	context-scene	low	needs_teacher_approved_sense		pending	no
facilitate-04fef6d9	facilitate	verb	C1	reading	action-scene	low	needs_teacher_approved_sense		pending	no
faction-53763a7f	faction	noun	C1	writing	concept-metaphor	low	needs_teacher_approved_sense		pending	no
factor-7a7bc449	factor	noun	A2	reading	object-or-context-scene	low	needs_teacher_approved_sense		pending	no
fad-d839fee4	fad	noun	C1	reading	object-or-context-scene	low	needs_teacher_approved_sense		pending	no
fade-78166c9f	fade	verb	C1	reading	action-scene	low	needs_teacher_approved_sense		pending	no
fairness-caab55b7	fairness	noun	C1	writing	concept-metaphor	low	needs_teacher_approved_sense		pending	no
family-doctor-d1085c1e	family doctor	noun	C1	reading	context-scene	low	needs_teacher_approved_sense		pending	no
family-gathering-c4941aba	family gathering	noun|noun phrase	C1	reading	context-scene	low	needs_teacher_approved_sense		pending	no
fashion-designer-316ba626	fashion designer	noun	C1	reading	context-scene	low	needs_teacher_approved_sense		pending	no
fatal-b9a3a6db	fatal	adjective	C1	writing	contrast-pair	low	needs_teacher_approved_sense		pending	no
fate-25f66e5f	fate	noun	C1	reading	object-or-context-scene	low	needs_teacher_approved_sense		pending	no
favourable-d7b4a15e	favourable	adjective	C1	writing	contrast-pair	low	needs_teacher_approved_sense		pending	no
featureless-1683de73	featureless	adjective	C1	writing	contrast-pair	low	needs_teacher_approved_sense		pending	no
feel-at-ease-9b81e108	feel at ease	verb|verb phrase	C1	reading	context-scene	low	needs_teacher_approved_sense		pending	no
feel-at-home-507c6b3b	feel at home	verb|verb phrase	C1	reading	context-scene	low	needs_teacher_approved_sense		pending	no
feel-cared-for-0c598869	feel cared for	verb|verb phrase	C1	reading	context-scene	low	needs_teacher_approved_sense		pending	no
feel-like-a-fish-out-of-water-6bbe221d	feel like a fish out of water	verb|verb phrase	C1	reading	context-scene	low	needs_teacher_approved_sense		pending	no
feel-lost-without-sb-sth-3e44ff55	feel lost without sb/sth	verb|verb phrase	C1	reading	context-scene	low	needs_teacher_approved_sense		pending	no
feel-pride-at-sth-dc3e777d	feel pride at sth	verb|verb phrase	C1	reading	context-scene	low	needs_teacher_approved_sense		pending	no
feel-strongly-about-sth-9ff97185	feel strongly about sth	verb|verb phrase	C1	reading	context-scene	low	needs_teacher_approved_sense		pending	no
feminist-cb0724c0	feminist	adjective|noun	C1	writing	multi-sense-panel	low	needs_teacher_approved_sense		pending	no
ferocious-ee09f0ef	ferocious	adjective	C1	writing	contrast-pair	low	needs_teacher_approved_sense		pending	no
ferocity-0ef6a5a5	ferocity	noun	C1	writing	concept-metaphor	low	needs_teacher_approved_sense		pending	no
feud-54f1fac8	feud	noun	C1	reading	object-or-context-scene	low	needs_teacher_approved_sense		pending	no
field-trip-b824b74a	field trip	noun	C1	reading	context-scene	low	needs_teacher_approved_sense		pending	no
fierce-bb3a4039	fierce	adjective	C1	writing	contrast-pair	low	needs_teacher_approved_sense		pending	no
fierce-competition-b6d32502	fierce competition	adjective|noun	C1	writing	context-scene	low	needs_teacher_approved_sense		pending	no
fight-a-losing-battle-dcebdd35	fight a losing battle	verb|verb phrase	C1	reading	context-scene	low	needs_teacher_approved_sense		pending	no
figurative-paintings-fd59ddb8	figurative paintings	noun|noun phrase	C1	reading	context-scene	low	needs_teacher_approved_sense		pending	no
film-maker-26d98cf5	film-maker	noun	C1	reading	object-or-context-scene	low	needs_teacher_approved_sense		pending	no
filter-4bb4ca75	filter	noun|verb	C1	reading	multi-sense-panel	low	needs_teacher_approved_sense		pending	no
filter-sth-2789da01	filter sth	verb	C1	reading	context-scene	low	needs_teacher_approved_sense		pending	no
firearm-71d6e745	firearm	noun	C1	reading	object-or-context-scene	low	needs_teacher_approved_sense		pending	no
firstly-4e91453d	firstly	adverb	A2	reading	manner-sequence	low	needs_teacher_approved_sense		pending	no
fixture-51cff3c1	fixture	noun	C1	reading	object-or-context-scene	low	needs_teacher_approved_sense		pending	no
flattering-e914a61c	flattering	adjective	C1	writing	contrast-pair	low	needs_teacher_approved_sense		pending	no
flaw-ba083804	flaw	noun	C1	reading	object-or-context-scene	low	needs_teacher_approved_sense		pending	no
flawed-192ac925	flawed	adjective	C1	writing	contrast-pair	low	needs_teacher_approved_sense		pending	no
fleet-f35f940f	fleet	noun	C1	reading	object-or-context-scene	low	needs_teacher_approved_sense		pending	no
flesh-3496ae53	flesh	noun	C1	reading	object-or-context-scene	low	needs_teacher_approved_sense		pending	no
flexibility-ca406905	flexibility	noun	C1	writing	concept-metaphor	low	needs_teacher_approved_sense		pending	no
flippers-b1dacfea	flippers	noun	C1	reading	object-or-context-scene	low	needs_teacher_approved_sense		pending	no
flirt-cab0c9e4	flirt	verb	C1	reading	action-scene	low	needs_teacher_approved_sense		pending	no
flock-44126a76	flock	noun	C1	reading	object-or-context-scene	low	needs_teacher_approved_sense		pending	no
fluctuate-43d89cfc	fluctuate	verb	C1	reading	action-scene	low	needs_teacher_approved_sense		pending	no
fluffy-animals-toys-f89be2db	fluffy animals/toys	noun	C1	reading	context-scene	low	needs_teacher_approved_sense		pending	no
fluid-9a3f4797	fluid	noun	C1	reading	object-or-context-scene	low	needs_teacher_approved_sense		pending	no
flurry-of-activity-c03bc83e	flurry of activity	noun|noun phrase	C1	writing	context-scene	low	needs_teacher_approved_sense		pending	no
flying-0974abfe	flying	adjective|noun	A2	reading	multi-sense-panel	low	needs_teacher_approved_sense		pending	no
focus-78918dca	focus	noun|verb	A2	reading	multi-sense-panel	low	needs_teacher_approved_sense		pending	no
footage-09ed598d	footage	noun	C1	reading	object-or-context-scene	low	needs_teacher_approved_sense		pending	no
force-of-personality-f24a8d7f	force of personality	noun|noun phrase	C1	writing	context-scene	low	needs_teacher_approved_sense		pending	no
forge-52b7362e	forge	verb	C1	reading	action-scene	low	needs_teacher_approved_sense		pending	no
formal-6e69a85c	formal	adjective	A2	reading	contrast-pair	low	needs_teacher_approved_sense		pending	no
formula-be121f2d	formula	noun	C1	reading	object-or-context-scene	low	needs_teacher_approved_sense		pending	no
formulate-85533010	formulate	verb	C1	reading	action-scene	low	needs_teacher_approved_sense		pending	no
forth-2f7106a0	forth	adverb	C1	writing	manner-sequence	low	needs_teacher_approved_sense		pending	no
fossil-fuel-e0696a2e	fossil fuel	noun	C1	reading	context-scene	low	needs_teacher_approved_sense		pending	no
foster-f60fbbd0	foster	verb	C1	reading	action-scene	low	needs_teacher_approved_sense		pending	no
foundation-course-906ff2c6	foundation course	noun	C1	reading	context-scene	low	needs_teacher_approved_sense		pending	no
fragile-41a12a74	fragile	adjective	C1	writing	contrast-pair	low	needs_teacher_approved_sense		pending	no
franchise-879219f8	franchise	noun	C1	reading	object-or-context-scene	low	needs_teacher_approved_sense		pending	no
frankly-5ad65e61	frankly	adverb	C1	writing	manner-sequence	low	needs_teacher_approved_sense		pending	no
frankly-absurd-f236c4d2	frankly absurd	adjective|adverb	C1	writing	context-scene	low	needs_teacher_approved_sense		pending	no
frantically-1da8e05a	frantically	adverb	C1	writing	manner-sequence	low	needs_teacher_approved_sense		pending	no
freebie-1916b611	freebie	noun	C1	reading	object-or-context-scene	low	needs_teacher_approved_sense		pending	no
frenetic-activity-0d376e5c	frenetic activity	noun|noun phrase	C1	writing	context-scene	low	needs_teacher_approved_sense		pending	no
fringe-89926bd3	fringe	noun	C1	reading	object-or-context-scene	low	needs_teacher_approved_sense		pending	no
frustrated-9bcaa08f	frustrated	adjective	C1	writing	contrast-pair	low	needs_teacher_approved_sense		pending	no
frustrating-624f7c0d	frustrating	adjective	C1	writing	contrast-pair	low	needs_teacher_approved_sense		pending	no
frustration-5697cf88	frustration	noun	C1	writing	concept-metaphor	low	needs_teacher_approved_sense		pending	no
fuel-consumption-b32dbed7	fuel consumption	noun	C1	writing	context-scene	low	needs_teacher_approved_sense		pending	no
full-of-170273f0	full of	adjective	A2	speaking	context-scene	low	needs_teacher_approved_sense		pending	no
fun-to-be-with-b740b44b	fun to be with	noun|noun phrase	C1	reading	context-scene	low	needs_teacher_approved_sense		pending	no
functional-f3605082	functional	adjective	C1	writing	contrast-pair	low	needs_teacher_approved_sense		pending	no
fundraising-462d6f5a	fundraising	noun	C1	reading	object-or-context-scene	low	needs_teacher_approved_sense		pending	no
funeral-68187d3e	funeral	noun	C1	reading	object-or-context-scene	low	needs_teacher_approved_sense		pending	no
future-generations-d91054cd	future generations	noun	C1	reading	context-scene	low	needs_teacher_approved_sense		pending	no
gain-independence-dee34bb4	gain independence	verb|verb phrase	C1	reading	context-scene	low	needs_teacher_approved_sense		pending	no
galley-4bf6a2e5	galley	noun	C1	reading	object-or-context-scene	low	needs_teacher_approved_sense		pending	no
gallon-242b20ec	gallon	noun	C1	reading	object-or-context-scene	low	needs_teacher_approved_sense		pending	no
gambling-16266d80	gambling	noun	C1	reading	object-or-context-scene	low	needs_teacher_approved_sense		pending	no
gasp-for-breath-f4a7435c	gasp for breath	verb|verb phrase	C1	reading	context-scene	low	needs_teacher_approved_sense		pending	no
gatecrash-88456f8a	gatecrash	verb	C1	reading	action-scene	low	needs_teacher_approved_sense		pending	no
gathering-db79236c	gathering	noun	C1	reading	object-or-context-scene	low	needs_teacher_approved_sense		pending	no
gear-d0e14302	gear	noun	C1	reading	object-or-context-scene	low	needs_teacher_approved_sense		pending	no
gearbox-986cee99	gearbox	noun	C1	reading	object-or-context-scene	low	needs_teacher_approved_sense		pending	no
generic-46a808cf	generic	adjective	C1	writing	contrast-pair	low	needs_teacher_approved_sense		pending	no
genocide-478b3cf5	genocide	noun	C1	reading	object-or-context-scene	low	needs_teacher_approved_sense		pending	no
genome-a5c9b737	genome	noun	C1	reading	object-or-context-scene	low	needs_teacher_approved_sense		pending	no
gentlemanly-d9066494	gentlemanly	adjective	C1	writing	contrast-pair	low	needs_teacher_approved_sense		pending	no
get-attuned-to-sth-77d36498	get attuned to sth	verb|verb phrase	C1	reading	context-scene	low	needs_teacher_approved_sense		pending	no
get-behind-the-scenes-0edf151f	get behind the scenes	verb|verb phrase	C1	reading	context-scene	low	needs_teacher_approved_sense		pending	no
get-ideas-across-e6a8effa	get ideas across	verb|verb phrase	C1	reading	context-scene	low	needs_teacher_approved_sense		pending	no
get-stuck-into-sth-ab822e97	get stuck into sth	verb|verb phrase	C1	reading	context-scene	low	needs_teacher_approved_sense		pending	no
get-the-chance-to-do-sth-6079a270	get the chance to do sth	verb|verb phrase	C1	reading	context-scene	low	needs_teacher_approved_sense		pending	no
get-to-the-point-0306825c	get to the point	verb|verb phrase	C1	reading	context-scene	low	needs_teacher_approved_sense		pending	no
get-to-thinking-about-sth-f7f9b4aa	get to thinking about sth	verb|verb phrase	C1	reading	context-scene	low	needs_teacher_approved_sense		pending	no
get-tricky-e3c78d12	get tricky	verb|verb phrase	C1	reading	context-scene	low	needs_teacher_approved_sense		pending	no
get-your-hands-on-sb-sth-b054d940	get your hands on sb/sth	verb|verb phrase	C1	reading	context-scene	low	needs_teacher_approved_sense		pending	no
get-your-teeth-into-sth-97284bb4	get your teeth into sth	verb|verb phrase	C1	reading	context-scene	low	needs_teacher_approved_sense		pending	no
give-a-false-impression-06ab2a0c	give a false impression	verb|verb phrase	C1	reading	context-scene	low	needs_teacher_approved_sense		pending	no
give-rise-to-sth-bcd7a9d3	give rise to sth	verb|verb phrase	C1	reading	context-scene	low	needs_teacher_approved_sense		pending	no
give-sb-an-the-edge-over-sb-daffc2a7	give sb an/the edge over sb	verb|verb phrase	C1	reading	context-scene	low	needs_teacher_approved_sense		pending	no
glare-6822536d	glare	verb	C1	reading	action-scene	low	needs_teacher_approved_sense		pending	no
glorious-ff6a0d51	glorious	adjective	C1	writing	contrast-pair	low	needs_teacher_approved_sense		pending	no
glory-68880c1b	glory	noun	C1	reading	object-or-context-scene	low	needs_teacher_approved_sense		pending	no
go-further-afield-a34e8b00	go further afield	verb|verb phrase	C1	reading	context-scene	low	needs_teacher_approved_sense		pending	no
go-through-a-phase-69f371ec	go through a phase	verb|verb phrase	C1	reading	context-scene	low	needs_teacher_approved_sense		pending	no
go-to-incredible-lengths-to-do-sth-bf9667b4	go to incredible lengths to do sth	verb|verb phrase	C1	reading	context-scene	low	needs_teacher_approved_sense		pending	no
goal-db9a022b	goal	noun	A2	reading	object-or-context-scene	low	needs_teacher_approved_sense		pending	no
god-21298df8	god	noun	A2	reading	object-or-context-scene	low	needs_teacher_approved_sense		pending	no
governance-56b8e6bb	governance	noun	C1	writing	concept-metaphor	low	needs_teacher_approved_sense		pending	no
grace-fd1cf5e2	grace	noun	C1	reading	object-or-context-scene	low	needs_teacher_approved_sense		pending	no
grasp-9b3fc3a8	grasp	noun|verb	C1	reading	multi-sense-panel	low	needs_teacher_approved_sense		pending	no
grasp-sb-sth-7029a8b7	grasp sb/sth	verb	C1	reading	context-scene	low	needs_teacher_approved_sense		pending	no
grave-83d8fafd	grave	adjective|noun	C1	writing	multi-sense-panel	low	needs_teacher_approved_sense		pending	no
gravity-ada87b6c	gravity	noun	C1	writing	concept-metaphor	low	needs_teacher_approved_sense		pending	no
grid-f3c543ad	grid	noun	C1	reading	object-or-context-scene	low	needs_teacher_approved_sense		pending	no
grief-ef3d624e	grief	noun	C1	reading	object-or-context-scene	low	needs_teacher_approved_sense		pending	no
grimace-8f4399a1	grimace	verb	C1	reading	action-scene	low	needs_teacher_approved_sense		pending	no
grind-59ff6a3d	grind	verb	C1	reading	action-scene	low	needs_teacher_approved_sense		pending	no
grip-e752c3b3	grip	noun|verb	C1	reading	multi-sense-panel	low	needs_teacher_approved_sense		pending	no
gross-d96d1a6d	gross	adjective	C1	writing	contrast-pair	low	needs_teacher_approved_sense		pending	no
guerrilla-26140958	guerrilla	noun	C1	reading	object-or-context-scene	low	needs_teacher_approved_sense		pending	no
guidance-30292007	guidance	noun	C1	writing	concept-metaphor	low	needs_teacher_approved_sense		pending	no
guilt-8867f2bf	guilt	noun	C1	reading	object-or-context-scene	low	needs_teacher_approved_sense		pending	no
gunfire-04d11c0d	gunfire	noun	C1	reading	object-or-context-scene	low	needs_teacher_approved_sense		pending	no
gut-823c1e79	gut	noun	C1	reading	object-or-context-scene	low	needs_teacher_approved_sense		pending	no
haggle-for-over-sth-fc826470	haggle for/over sth	verb	C1	reading	context-scene	low	needs_teacher_approved_sense		pending	no
hail-71cd3baa	hail	verb	C1	reading	action-scene	low	needs_teacher_approved_sense		pending	no
halfway-751dbd2f	halfway	adverb	C1	writing	manner-sequence	low	needs_teacher_approved_sense		pending	no
halt-c4bb8969	halt	noun|verb	C1	reading	multi-sense-panel	low	needs_teacher_approved_sense		pending	no
handful-043fde1c	handful	noun	C1	reading	object-or-context-scene	low	needs_teacher_approved_sense		pending	no
handicap-541968cb	handicap	noun	C1	reading	object-or-context-scene	low	needs_teacher_approved_sense		pending	no
handling-af9b7efa	handling	noun	C1	reading	object-or-context-scene	low	needs_teacher_approved_sense		pending	no
handy-99b878da	handy	adjective	C1	writing	contrast-pair	low	needs_teacher_approved_sense		pending	no
hapless-ae20e120	hapless	adjective	C1	writing	contrast-pair	low	needs_teacher_approved_sense		pending	no
harassment-dd8aa8cf	harassment	noun	C1	writing	concept-metaphor	low	needs_teacher_approved_sense		pending	no
hardship-8073bbc5	hardship	noun	C1	writing	concept-metaphor	low	needs_teacher_approved_sense		pending	no
harness-sth-9040481d	harness sth	verb	C1	reading	context-scene	low	needs_teacher_approved_sense		pending	no
harsh-25a9fc43	harsh	adjective	C1	writing	contrast-pair	low	needs_teacher_approved_sense		pending	no
harvest-2721c74f	harvest	noun	C1	reading	object-or-context-scene	low	needs_teacher_approved_sense		pending	no
hatred-3c959078	hatred	noun	C1	reading	object-or-context-scene	low	needs_teacher_approved_sense		pending	no
haughtily-fb0e3c56	haughtily	adverb	C1	writing	manner-sequence	low	needs_teacher_approved_sense		pending	no
haunt-48c66c3c	haunt	verb	C1	reading	action-scene	low	needs_teacher_approved_sense		pending	no
have-a-different-take-on-sth-da5ebefe	have a different take on sth	verb|verb phrase	C1	reading	context-scene	low	needs_teacher_approved_sense		pending	no
have-a-fascination-with-sth-5e701327	have a fascination with sth	verb|verb phrase	C1	reading	context-scene	low	needs_teacher_approved_sense		pending	no
have-a-flair-for-sth-0c1f3bbc	have a flair for sth	verb|verb phrase	C1	reading	context-scene	low	needs_teacher_approved_sense		pending	no
have-a-flashback-d45c2b1c	have a flashback	verb|verb phrase	C1	reading	context-scene	low	needs_teacher_approved_sense		pending	no
have-a-reliance-on-sth-52b6ee1f	have a reliance on sth	verb|verb phrase	C1	reading	context-scene	low	needs_teacher_approved_sense		pending	no
have-access-to-sth-4f9e7194	have access to sth	verb|verb phrase	C1	reading	context-scene	low	needs_teacher_approved_sense		pending	no
have-an-aptitude-for-sth-88984651	have an aptitude for sth	verb|verb phrase	C1	reading	context-scene	low	needs_teacher_approved_sense		pending	no
have-an-ear-for-sth-have-a-good-ear-for-sth-336b4cc8	have an ear for something/have a good ear for something	verb|verb phrase	C1	reading	context-scene	low	needs_teacher_approved_sense		pending	no
have-an-excellent-command-of-sth-6c343602	have an excellent command of sth	verb|verb phrase	C1	reading	context-scene	low	needs_teacher_approved_sense		pending	no
have-an-impact-on-sb-sth-6a82b5c1	have an impact on sb/sth	verb|verb phrase	C1	reading	context-scene	low	needs_teacher_approved_sense		pending	no
have-an-influence-on-sb-bb5f7ed3	have an influence on sb	verb|verb phrase	C1	reading	context-scene	low	needs_teacher_approved_sense		pending	no
have-an-insight-into-sth-5d2036b5	have an insight into sth	verb|verb phrase	C1	reading	context-scene	low	needs_teacher_approved_sense		pending	no
have-consequences-for-sb-2dd1a746	have consequences for sb	verb|verb phrase	C1	reading	context-scene	low	needs_teacher_approved_sense		pending	no
have-got-225d1456	have got	verb	A2	speaking	context-scene	low	needs_teacher_approved_sense		pending	no
have-profound-effects-upon-sth-d35be21c	have profound effects upon sth	verb|verb phrase	C1	reading	context-scene	low	needs_teacher_approved_sense		pending	no
have-regrets-about-sth-bfcd2b31	have regrets about sth	verb|verb phrase	C1	reading	context-scene	low	needs_teacher_approved_sense		pending	no
have-sth-in-common-6a948feb	have sth in common	verb|verb phrase	C1	reading	context-scene	low	needs_teacher_approved_sense		pending	no
hay-fever-918c2649	hay fever	noun	C1	reading	context-scene	low	needs_teacher_approved_sense		pending	no
hazard-6ad86b52	hazard	noun	C1	reading	object-or-context-scene	low	needs_teacher_approved_sense		pending	no
hazardous-19c1354e	hazardous	adjective	C1	writing	contrast-pair	low	needs_teacher_approved_sense		pending	no
heartening-83939eed	heartening	adjective	C1	writing	contrast-pair	low	needs_teacher_approved_sense		pending	no
heighten-3f9975d9	heighten	verb	C1	reading	action-scene	low	needs_teacher_approved_sense		pending	no
heighten-sth-21e2e102	heighten sth	verb	C1	reading	context-scene	low	needs_teacher_approved_sense		pending	no
helpful-4b739291	helpful	adjective	A2	reading	contrast-pair	low	needs_teacher_approved_sense		pending	no
herd-dffdaa3f	herd	noun	C1	reading	object-or-context-scene	low	needs_teacher_approved_sense		pending	no
hereditary-8abda754	hereditary	adjective	C1	writing	contrast-pair	low	needs_teacher_approved_sense		pending	no
heritage-f19976f4	heritage	noun	C1	reading	object-or-context-scene	low	needs_teacher_approved_sense		pending	no
heroism-15bdcf06	heroism	noun	C1	writing	concept-metaphor	low	needs_teacher_approved_sense		pending	no
hierarchy-ff59e8b9	hierarchy	noun	C1	reading	object-or-context-scene	low	needs_teacher_approved_sense		pending	no
high-profile-9f745cc3	high-profile	adjective	C1	writing	contrast-pair	low	needs_teacher_approved_sense		pending	no
high-rise-block-c19651cc	high-rise block	noun	C1	reading	context-scene	low	needs_teacher_approved_sense		pending	no
highly-articulate-481decbb	highly articulate	adjective|adverb	C1	writing	context-scene	low	needs_teacher_approved_sense		pending	no
hint-734c3c67	hint	noun|verb	C1	reading	multi-sense-panel	low	needs_teacher_approved_sense		pending	no
hinterland-f795a4cc	hinterland	noun	C1	reading	object-or-context-scene	low	needs_teacher_approved_sense		pending	no
hit-on-the-idea-of-sth-6568f5a1	hit on the idea of sth	verb|verb phrase	C1	reading	context-scene	low	needs_teacher_approved_sense		pending	no
hold-your-own-d43d2a44	hold your own	verb|verb phrase	C1	reading	context-scene	low	needs_teacher_approved_sense		pending	no
holding-329bb6c3	holding	noun	C1	reading	object-or-context-scene	low	needs_teacher_approved_sense		pending	no
homebound-06aa3c01	homebound	adjective	C1	writing	contrast-pair	low	needs_teacher_approved_sense		pending	no
homeland-ea37465f	homeland	noun	C1	reading	object-or-context-scene	low	needs_teacher_approved_sense		pending	no
horizon-2e1a00b4	horizon	noun	C1	reading	object-or-context-scene	low	needs_teacher_approved_sense		pending	no
horn-bd6ad719	horn	noun	C1	reading	object-or-context-scene	low	needs_teacher_approved_sense		pending	no
hosepipe-9b581bce	hosepipe	noun	C1	reading	object-or-context-scene	low	needs_teacher_approved_sense		pending	no
hostage-3f3f4629	hostage	noun	C1	reading	object-or-context-scene	low	needs_teacher_approved_sense		pending	no
hostile-5275478c	hostile	adjective	C1	writing	contrast-pair	low	needs_teacher_approved_sense		pending	no
hostility-e1e20905	hostility	noun	C1	writing	concept-metaphor	low	needs_teacher_approved_sense		pending	no
huge-contrast-05f2c90c	huge contrast	noun|noun phrase	C1	reading	context-scene	low	needs_teacher_approved_sense		pending	no
humanitarian-adaa47b2	humanitarian	adjective	C1	writing	contrast-pair	low	needs_teacher_approved_sense		pending	no
humanity-f5fe7ddf	humanity	noun	C1	writing	concept-metaphor	low	needs_teacher_approved_sense		pending	no
humble-055b9a4c	humble	adjective	C1	writing	contrast-pair	low	needs_teacher_approved_sense		pending	no
hydrogen-23b07c55	hydrogen	noun	C1	reading	object-or-context-scene	low	needs_teacher_approved_sense		pending	no
hygienic-aa07cb7a	hygienic	adjective	C1	writing	contrast-pair	low	needs_teacher_approved_sense		pending	no
hype-8acd66d7	hype	noun	C1	reading	object-or-context-scene	low	needs_teacher_approved_sense		pending	no
idea-swapping-168599f0	idea-swapping	noun	C1	reading	object-or-context-scene	low	needs_teacher_approved_sense		pending	no
ideological-4d7ec73b	ideological	adjective	C1	writing	contrast-pair	low	needs_teacher_approved_sense		pending	no
ideology-3d1058f7	ideology	noun	C1	reading	object-or-context-scene	low	needs_teacher_approved_sense		pending	no
idiot-a2cb5f7b	idiot	noun	C1	reading	object-or-context-scene	low	needs_teacher_approved_sense		pending	no
idyllic-928725f8	idyllic	adjective	C1	writing	contrast-pair	low	needs_teacher_approved_sense		pending	no
ignorance-0d355537	ignorance	noun	C1	writing	concept-metaphor	low	needs_teacher_approved_sense		pending	no
illiterate-faef16f1	illiterate	adjective	C1	writing	contrast-pair	low	needs_teacher_approved_sense		pending	no
image-0e762927	image	noun	A2	reading	object-or-context-scene	low	needs_teacher_approved_sense		pending	no
imagery-ea6f8ab8	imagery	noun	C1	reading	object-or-context-scene	low	needs_teacher_approved_sense		pending	no
immerse-yourself-in-sth-69bd3228	immerse yourself in sth	verb	C1	reading	context-scene	low	needs_teacher_approved_sense		pending	no
imminent-73da2f3f	imminent	adjective	C1	writing	contrast-pair	low	needs_teacher_approved_sense		pending	no
immune-system-e3664950	immune system	noun	C1	reading	context-scene	low	needs_teacher_approved_sense		pending	no
immunity-2c4c690f	immunity	noun	C1	writing	concept-metaphor	low	needs_teacher_approved_sense		pending	no
implementation-797efd83	implementation	noun	C1	writing	concept-metaphor	low	needs_teacher_approved_sense		pending	no
impose-deadlines-on-sb-2cba5105	impose deadlines on sb	verb|verb phrase	C1	reading	context-scene	low	needs_teacher_approved_sense		pending	no
imprison-791a8c54	imprison	verb	C1	reading	action-scene	low	needs_teacher_approved_sense		pending	no
imprisonment-9d96fc10	imprisonment	noun	C1	writing	concept-metaphor	low	needs_teacher_approved_sense		pending	no
inadequate-5077a00a	inadequate	adjective	C1	writing	contrast-pair	low	needs_teacher_approved_sense		pending	no
inappropriate-512d72f6	inappropriate	adjective	C1	writing	contrast-pair	low	needs_teacher_approved_sense		pending	no
incidence-40be4d85	incidence	noun	C1	writing	concept-metaphor	low	needs_teacher_approved_sense		pending	no
inclined-3cbac79e	inclined	adjective	C1	writing	contrast-pair	low	needs_teacher_approved_sense		pending	no
included-00f554d6	included	adjective	A2	reading	contrast-pair	low	needs_teacher_approved_sense		pending	no
inclusion-efb36fd1	inclusion	noun	C1	writing	concept-metaphor	low	needs_teacher_approved_sense		pending	no
incur-e7bf0a07	incur	verb	C1	reading	action-scene	low	needs_teacher_approved_sense		pending	no
indicator-e1ea6f05	indicator	noun	C1	reading	object-or-context-scene	low	needs_teacher_approved_sense		pending	no
indictment-b3eaaa62	indictment	noun	C1	writing	concept-metaphor	low	needs_teacher_approved_sense		pending	no
indignant-2316ff0f	indignant	adjective	C1	writing	contrast-pair	low	needs_teacher_approved_sense		pending	no
induce-674cf21e	induce	verb	C1	reading	action-scene	low	needs_teacher_approved_sense		pending	no
indulge-e99082ad	indulge	verb	C1	reading	action-scene	low	needs_teacher_approved_sense		pending	no
inefficiency-f8d72f75	inefficiency	noun	C1	writing	concept-metaphor	low	needs_teacher_approved_sense		pending	no
inequality-9d5452c9	inequality	noun	C1	writing	concept-metaphor	low	needs_teacher_approved_sense		pending	no
inexhaustible-60e058c1	inexhaustible	adjective	C1	writing	contrast-pair	low	needs_teacher_approved_sense		pending	no
infamous-f06c1f60	infamous	adjective	C1	writing	contrast-pair	low	needs_teacher_approved_sense		pending	no
infant-7a4eb8df	infant	noun	C1	reading	object-or-context-scene	low	needs_teacher_approved_sense		pending	no
infect-c245c103	infect	verb	C1	reading	action-scene	low	needs_teacher_approved_sense		pending	no
infectious-6aa1fc5a	infectious	adjective	C1	writing	contrast-pair	low	needs_teacher_approved_sense		pending	no
inflation-rate-7293a876	inflation rate	noun	C1	reading	context-scene	low	needs_teacher_approved_sense		pending	no
inflict-5e267c25	inflict	verb	C1	reading	action-scene	low	needs_teacher_approved_sense		pending	no
informal-4fc704ca	informal	adjective	A2	reading	contrast-pair	low	needs_teacher_approved_sense		pending	no
informative-865a160b	informative	adjective	C1	writing	contrast-pair	low	needs_teacher_approved_sense		pending	no
inherent-02f396e3	inherent	adjective	C1	writing	contrast-pair	low	needs_teacher_approved_sense		pending	no
inhibit-123ee64d	inhibit	verb	C1	reading	action-scene	low	needs_teacher_approved_sense		pending	no
initiate-fe085a67	initiate	verb	C1	reading	action-scene	low	needs_teacher_approved_sense		pending	no
inject-97010205	inject	verb	C1	reading	action-scene	low	needs_teacher_approved_sense		pending	no
injection-3cc6cc51	injection	noun	C1	writing	concept-metaphor	low	needs_teacher_approved_sense		pending	no
injury-c5b0c16a	injury	noun	A2	reading	object-or-context-scene	low	needs_teacher_approved_sense		pending	no
injustice-76bc745c	injustice	noun	C1	reading	object-or-context-scene	low	needs_teacher_approved_sense		pending	no
inmate-f894e85c	inmate	noun	C1	reading	object-or-context-scene	low	needs_teacher_approved_sense		pending	no
innate-capacity-faculty-ability-5111a906	innate capacity/ faculty/ ability	adjective|noun	C1	writing	context-scene	low	needs_teacher_approved_sense		pending	no
insect-repellent-48e08309	insect repellent	noun	C1	reading	context-scene	low	needs_teacher_approved_sense		pending	no
insertion-af556bb0	insertion	noun	C1	writing	concept-metaphor	low	needs_teacher_approved_sense		pending	no
insider-b3272311	insider	noun	C1	reading	object-or-context-scene	low	needs_teacher_approved_sense		pending	no
insinuate-sth-577af2ae	insinuate sth	verb	C1	reading	context-scene	low	needs_teacher_approved_sense		pending	no
inspect-a1a2ae18	inspect	verb	C1	reading	action-scene	low	needs_teacher_approved_sense		pending	no
inspection-90f9b69f	inspection	noun	C1	writing	concept-metaphor	low	needs_teacher_approved_sense		pending	no
inspiration-0abd414c	inspiration	noun	C1	writing	concept-metaphor	low	needs_teacher_approved_sense		pending	no
instinct-474d1a7e	instinct	noun	C1	reading	object-or-context-scene	low	needs_teacher_approved_sense		pending	no
institutional-d1f8bde1	institutional	adjective	C1	writing	contrast-pair	low	needs_teacher_approved_sense		pending	no
instruct-ba626240	instruct	verb	C1	reading	action-scene	low	needs_teacher_approved_sense		pending	no
instruction-81529fbd	instruction	noun	A2	reading	concept-metaphor	low	needs_teacher_approved_sense		pending	no
instrumental-070db54a	instrumental	adjective	C1	writing	contrast-pair	low	needs_teacher_approved_sense		pending	no
insufficient-477418cd	insufficient	adjective	C1	writing	contrast-pair	low	needs_teacher_approved_sense		pending	no
insult-9e51827d	insult	noun|verb	C1	reading	multi-sense-panel	low	needs_teacher_approved_sense		pending	no
intake-a0039c22	intake	noun	C1	reading	object-or-context-scene	low	needs_teacher_approved_sense		pending	no
integral-2740c989	integral	adjective	C1	writing	contrast-pair	low	needs_teacher_approved_sense		pending	no
integrated-22835725	integrated	adjective	C1	writing	contrast-pair	low	needs_teacher_approved_sense		pending	no
integrity-b9b4d1f1	integrity	noun	C1	writing	concept-metaphor	low	needs_teacher_approved_sense		pending	no
intensify-b1cf0ab0	intensify	verb	C1	reading	action-scene	low	needs_teacher_approved_sense		pending	no
intensity-33ab2e3c	intensity	noun	C1	writing	concept-metaphor	low	needs_teacher_approved_sense		pending	no
intent-e320f70e	intent	noun	C1	reading	object-or-context-scene	low	needs_teacher_approved_sense		pending	no
interactive-00753189	interactive	adjective	C1	writing	contrast-pair	low	needs_teacher_approved_sense		pending	no
interface-5ea2d81a	interface	noun	C1	reading	object-or-context-scene	low	needs_teacher_approved_sense		pending	no
interfere-790c7ede	interfere	verb	C1	reading	action-scene	low	needs_teacher_approved_sense		pending	no
interference-fc45e7b5	interference	noun	C1	writing	concept-metaphor	low	needs_teacher_approved_sense		pending	no
interim-a7ff7619	interim	adjective	C1	writing	contrast-pair	low	needs_teacher_approved_sense		pending	no
interior-cfa582c0	interior	adjective|noun	C1	writing	multi-sense-panel	low	needs_teacher_approved_sense		pending	no
interstellar-ebbf4258	interstellar	adjective	C1	writing	contrast-pair	low	needs_teacher_approved_sense		pending	no
intervene-650dc03a	intervene	verb	C1	reading	action-scene	low	needs_teacher_approved_sense		pending	no
intervention-a615d64b	intervention	noun	C1	writing	concept-metaphor	low	needs_teacher_approved_sense		pending	no
intimate-8a993a43	intimate	adjective	C1	writing	contrast-pair	low	needs_teacher_approved_sense		pending	no
intrapersonal-f6498d53	intrapersonal	adjective	C1	writing	contrast-pair	low	needs_teacher_approved_sense		pending	no
intrepid-bd7d43ef	intrepid	adjective	C1	writing	contrast-pair	low	needs_teacher_approved_sense		pending	no
intriguing-56640cdc	intriguing	adjective	C1	writing	contrast-pair	low	needs_teacher_approved_sense		pending	no
intuitive-1e7cf29a	intuitive	adjective	C1	writing	contrast-pair	low	needs_teacher_approved_sense		pending	no
invaluable-e49562d9	invaluable	adjective	C1	writing	contrast-pair	low	needs_teacher_approved_sense		pending	no
inventiveness-dd7fc326	inventiveness	noun	C1	writing	concept-metaphor	low	needs_teacher_approved_sense		pending	no
investigator-af627690	investigator	noun	C1	reading	object-or-context-scene	low	needs_teacher_approved_sense		pending	no
invisible-6ccc38e4	invisible	adjective	C1	writing	contrast-pair	low	needs_teacher_approved_sense		pending	no
invoke-d6aa1f3a	invoke	verb	C1	reading	action-scene	low	needs_teacher_approved_sense		pending	no
involuntary-0c68bb72	involuntary	adjective	C1	writing	contrast-pair	low	needs_teacher_approved_sense		pending	no
involvement-95633a5a	involvement	noun	C1	writing	concept-metaphor	low	needs_teacher_approved_sense		pending	no
ironic-08e133da	ironic	adjective	C1	writing	contrast-pair	low	needs_teacher_approved_sense		pending	no
ironically-5aee10ba	ironically	adverb	C1	writing	manner-sequence	low	needs_teacher_approved_sense		pending	no
irony-5f55c737	irony	noun	C1	reading	object-or-context-scene	low	needs_teacher_approved_sense		pending	no
irrelevant-cdbc37ad	irrelevant	adjective	C1	writing	contrast-pair	low	needs_teacher_approved_sense		pending	no
irreparable-6f01ce7a	irreparable	adjective	C1	writing	contrast-pair	low	needs_teacher_approved_sense		pending	no
irritant-84fbf760	irritant	noun	C1	reading	object-or-context-scene	low	needs_teacher_approved_sense		pending	no
isolation-4ee64af0	isolation	noun	C1	writing	concept-metaphor	low	needs_teacher_approved_sense		pending	no
jargon-b656b119	jargon	noun	C1	reading	object-or-context-scene	low	needs_teacher_approved_sense		pending	no
jaunty-fd13d4a9	jaunty	adjective	C1	writing	contrast-pair	low	needs_teacher_approved_sense		pending	no
job-sharing-ea2cdb30	job-sharing	noun	C1	reading	object-or-context-scene	low	needs_teacher_approved_sense		pending	no
joint-owner-dfff91a3	joint owner	noun	C1	reading	context-scene	low	needs_teacher_approved_sense		pending	no
judicial-18151090	judicial	adjective	C1	writing	contrast-pair	low	needs_teacher_approved_sense		pending	no
jumpy-31f94b4b	jumpy	adjective	C1	writing	contrast-pair	low	needs_teacher_approved_sense		pending	no
junction-2396d282	junction	noun	C1	writing	concept-metaphor	low	needs_teacher_approved_sense		pending	no
jurisdiction-162342cd	jurisdiction	noun	C1	writing	concept-metaphor	low	needs_teacher_approved_sense		pending	no
justification-35fa6364	justification	noun	C1	writing	concept-metaphor	low	needs_teacher_approved_sense		pending	no
keep-a-conversation-flowing-268d3fe5	keep a conversation flowing	verb|verb phrase	C1	reading	context-scene	low	needs_teacher_approved_sense		pending	no
keep-an-eye-on-sth-eda03f43	keep an eye on sth	verb|verb phrase	C1	reading	context-scene	low	needs_teacher_approved_sense		pending	no
keep-sb-up-to-date-with-sth-ddc6d450	keep sb up to date with sth	verb|verb phrase	C1	reading	context-scene	low	needs_teacher_approved_sense		pending	no
keep-your-fingers-crossed-b665b7ad	keep your fingers crossed	verb|verb phrase	C1	reading	context-scene	low	needs_teacher_approved_sense		pending	no
kidnap-c2fa9c20	kidnap	verb	C1	reading	action-scene	low	needs_teacher_approved_sense		pending	no
kidney-621076bd	kidney	noun	C1	reading	object-or-context-scene	low	needs_teacher_approved_sense		pending	no
kill-a-few-birds-with-one-stone-b8725a32	kill a few birds with one stone	verb|verb phrase	C1	reading	context-scene	low	needs_teacher_approved_sense		pending	no
kingdom-d7d4ce8b	kingdom	noun	C1	writing	concept-metaphor	low	needs_teacher_approved_sense		pending	no
lab-3953f9dd	lab	noun	A2	reading	object-or-context-scene	low	needs_teacher_approved_sense		pending	no
labour-saving-a3451d4c	labour-saving	adjective	C1	writing	contrast-pair	low	needs_teacher_approved_sense		pending	no
labyrinthine-a5b2cfc0	labyrinthine	adjective	C1	writing	contrast-pair	low	needs_teacher_approved_sense		pending	no
lad-cdf42945	lad	noun	C1	reading	object-or-context-scene	low	needs_teacher_approved_sense		pending	no
landmark-93ac1a00	landmark	noun	C1	reading	object-or-context-scene	low	needs_teacher_approved_sense		pending	no
language-barrier-940f58ab	language barrier	noun	C1	reading	context-scene	low	needs_teacher_approved_sense		pending	no
lap-fcedddf4	lap	noun	C1	reading	object-or-context-scene	low	needs_teacher_approved_sense		pending	no
large-scale-64ff1940	large-scale	adjective	C1	writing	contrast-pair	low	needs_teacher_approved_sense		pending	no
laser-1e8a8b7e	laser	noun	C1	reading	object-or-context-scene	low	needs_teacher_approved_sense		pending	no
latter-e0a06c2e	latter	adjective|noun	C1	writing	multi-sense-panel	low	needs_teacher_approved_sense		pending	no
laughable-86c47344	laughable	adjective	C1	writing	contrast-pair	low	needs_teacher_approved_sense		pending	no
laughter-ab9d3c9d	laughter	noun	A2	reading	object-or-context-scene	low	needs_teacher_approved_sense		pending	no
lawful-2bfe85a0	lawful	adjective	C1	writing	contrast-pair	low	needs_teacher_approved_sense		pending	no
lawn-aa5dc6c9	lawn	noun	C1	reading	object-or-context-scene	low	needs_teacher_approved_sense		pending	no
lawsuit-5686b27d	lawsuit	noun	C1	reading	object-or-context-scene	low	needs_teacher_approved_sense		pending	no
leak-out-1bf72019	leak out	verb	C1	reading	context-scene	low	needs_teacher_approved_sense		pending	no
leap-c2eea009	leap	noun|verb	C1	reading	multi-sense-panel	low	needs_teacher_approved_sense		pending	no
learning-ea9ffb6e	learning	noun	A2	reading	object-or-context-scene	low	needs_teacher_approved_sense		pending	no
learning-difficulties-7a481e84	learning difficulties	noun	C1	reading	context-scene	low	needs_teacher_approved_sense		pending	no
leave-a-light-on-3d33e0a3	leave a light on	verb|verb phrase	C1	reading	context-scene	low	needs_teacher_approved_sense		pending	no
leave-sth-on-stand-by-419f0efa	leave sth on stand-by	verb|verb phrase	C1	reading	context-scene	low	needs_teacher_approved_sense		pending	no
leave-sth-to-sb-s-discretion-ed005cb9	leave sth to sb's discretion	verb|verb phrase	C1	reading	context-scene	low	needs_teacher_approved_sense		pending	no
lecture-theatre-d69e35c0	lecture theatre	noun	C1	reading	context-scene	low	needs_teacher_approved_sense		pending	no
legacy-9b33046e	legacy	noun	C1	writing	concept-metaphor	low	needs_teacher_approved_sense		pending	no
legendary-4c878915	legendary	adjective	C1	writing	contrast-pair	low	needs_teacher_approved_sense		pending	no
legislation-8c6451df	legislation	noun	C1	writing	concept-metaphor	low	needs_teacher_approved_sense		pending	no
legislative-3f92bd57	legislative	adjective	C1	writing	contrast-pair	low	needs_teacher_approved_sense		pending	no
legislature-16affee5	legislature	noun	C1	reading	object-or-context-scene	low	needs_teacher_approved_sense		pending	no
legitimate-d264b7c9	legitimate	adjective	C1	writing	contrast-pair	low	needs_teacher_approved_sense		pending	no
leisure-activity-cde8f583	leisure activity	noun	C1	writing	context-scene	low	needs_teacher_approved_sense		pending	no
lengthy-286c438e	lengthy	adjective	C1	writing	contrast-pair	low	needs_teacher_approved_sense		pending	no
lesbian-61222919	lesbian	adjective	C1	writing	contrast-pair	low	needs_teacher_approved_sense		pending	no
lesser-eb2e4c74	lesser	adjective	C1	writing	contrast-pair	low	needs_teacher_approved_sense		pending	no
lethal-38b52dbb	lethal	adjective	C1	writing	contrast-pair	low	needs_teacher_approved_sense		pending	no
liable-056807cc	liable	adjective	C1	writing	contrast-pair	low	needs_teacher_approved_sense		pending	no
liberal-309d5759	liberal	adjective|noun	C1	writing	multi-sense-panel	low	needs_teacher_approved_sense		pending	no
liberation-81a3f7e0	liberation	noun	C1	writing	concept-metaphor	low	needs_teacher_approved_sense		pending	no
liberty-abd66376	liberty	noun	C1	reading	object-or-context-scene	low	needs_teacher_approved_sense		pending	no
license-23457129	license	verb	C1	reading	action-scene	low	needs_teacher_approved_sense		pending	no
lifestyle-1e2f761d	lifestyle	noun	A2	reading	object-or-context-scene	low	needs_teacher_approved_sense		pending	no
light-and-airy-8e59bdb0	light and airy	adjective|adjective phrase	C1	writing	context-scene	low	needs_teacher_approved_sense		pending	no
likelihood-b4f89971	likelihood	noun	C1	writing	concept-metaphor	low	needs_teacher_approved_sense		pending	no
limb-69f0e8cd	limb	noun	C1	reading	object-or-context-scene	low	needs_teacher_approved_sense		pending	no
line-up-fe0d574e	line-up	noun	C1	reading	object-or-context-scene	low	needs_teacher_approved_sense		pending	no
linear-cb1fa73a	linear	adjective	C1	writing	contrast-pair	low	needs_teacher_approved_sense		pending	no
linger-bc442ed7	linger	verb	C1	reading	action-scene	low	needs_teacher_approved_sense		pending	no
listener-a6beb296	listener	noun	A2	reading	object-or-context-scene	low	needs_teacher_approved_sense		pending	no
listing-6eccfbe2	listing	noun	C1	reading	object-or-context-scene	low	needs_teacher_approved_sense		pending	no
literacy-14997c15	literacy	noun	C1	writing	concept-metaphor	low	needs_teacher_approved_sense		pending	no
little-chance-of-sth-c8ad98e9	little chance of sth	noun|noun phrase	C1	reading	context-scene	low	needs_teacher_approved_sense		pending	no
live-by-the-rules-c5292d87	live by the rules	verb|verb phrase	C1	reading	context-scene	low	needs_teacher_approved_sense		pending	no
live-in-fear-b246cb48	live in fear	verb|verb phrase	C1	reading	context-scene	low	needs_teacher_approved_sense		pending	no
live-side-by-side-49ea2750	live side by side	verb|verb phrase	C1	reading	context-scene	low	needs_teacher_approved_sense		pending	no
loanword-813b3876	loanword	noun	C1	reading	object-or-context-scene	low	needs_teacher_approved_sense		pending	no
lobby-6dc57172	lobby	noun|verb	C1	reading	multi-sense-panel	low	needs_teacher_approved_sense		pending	no
log-7babc233	log	noun|verb	C1	reading	multi-sense-panel	low	needs_teacher_approved_sense		pending	no
long-lost-d216515b	long-lost	adjective	C1	writing	contrast-pair	low	needs_teacher_approved_sense		pending	no
long-standing-383b6eab	long-standing	adjective	C1	writing	contrast-pair	low	needs_teacher_approved_sense		pending	no
long-time-d38bcc1c	long-time	adjective	C1	writing	contrast-pair	low	needs_teacher_approved_sense		pending	no
look-on-the-bright-side-45bdfcba	look on the bright side	verb|verb phrase	C1	reading	context-scene	low	needs_teacher_approved_sense		pending	no
loom-cf549b9d	loom	verb	C1	reading	action-scene	low	needs_teacher_approved_sense		pending	no
loop-1df823e4	loop	noun	C1	reading	object-or-context-scene	low	needs_teacher_approved_sense		pending	no
lose-your-appetite-9f5bdf79	lose your appetite	verb|verb phrase	C1	reading	context-scene	low	needs_teacher_approved_sense		pending	no
lose-your-nerve-2c895f81	lose your nerve	verb|verb phrase	C1	reading	context-scene	low	needs_teacher_approved_sense		pending	no
lurk-09b125f6	lurk	verb	C1	reading	action-scene	low	needs_teacher_approved_sense		pending	no
machinery-47e69de3	machinery	noun	C1	reading	object-or-context-scene	low	needs_teacher_approved_sense		pending	no
made-up-of-39bb1d14	made up of	verb|verb phrase	C1	reading	context-scene	low	needs_teacher_approved_sense		pending	no
magical-697d42ba	magical	adjective	C1	writing	contrast-pair	low	needs_teacher_approved_sense		pending	no
magician-182f3dc4	magician	noun	C1	reading	object-or-context-scene	low	needs_teacher_approved_sense		pending	no
magistrate-a4097373	magistrate	noun	C1	reading	object-or-context-scene	low	needs_teacher_approved_sense		pending	no
magnetic-6b07921a	magnetic	adjective	C1	writing	contrast-pair	low	needs_teacher_approved_sense		pending	no
magnitude-5f37fc4a	magnitude	noun	C1	reading	object-or-context-scene	low	needs_teacher_approved_sense		pending	no
mainland-7fda65eb	mainland	noun	C1	reading	object-or-context-scene	low	needs_teacher_approved_sense		pending	no
mainstream-e3493be6	mainstream	adjective|noun	C1	writing	multi-sense-panel	low	needs_teacher_approved_sense		pending	no
maintenance-5b30e2c5	maintenance	noun	C1	writing	concept-metaphor	low	needs_teacher_approved_sense		pending	no
major-18c9d462	major	adjective	A2	reading	contrast-pair	low	needs_teacher_approved_sense		pending	no
major-factor-d66ac625	major factor	adjective|noun	C1	writing	context-scene	low	needs_teacher_approved_sense		pending	no
make-a-difference-ebc4e9f5	make a difference	verb|verb phrase	C1	reading	context-scene	low	needs_teacher_approved_sense		pending	no
make-a-fool-of-yourself-19ea2036	make a fool of yourself	verb|verb phrase	C1	reading	context-scene	low	needs_teacher_approved_sense		pending	no
make-a-mistake-3088f27c	make a mistake	verb|verb phrase	C1	reading	context-scene	low	needs_teacher_approved_sense		pending	no
make-alternative-arrangements-8e169382	make alternative arrangements	verb|verb phrase	C1	reading	context-scene	low	needs_teacher_approved_sense		pending	no
make-an-effort-to-do-sth-6ce763b1	make an effort to do sth	verb|verb phrase	C1	reading	context-scene	low	needs_teacher_approved_sense		pending	no
make-choices-a70b1969	make choices	verb|verb phrase	C1	reading	context-scene	low	needs_teacher_approved_sense		pending	no
make-ends-meet-23ec5149	make ends meet	verb|verb phrase	C1	reading	context-scene	low	needs_teacher_approved_sense		pending	no
make-good-f49dde2e	make good	verb|verb phrase	C1	reading	context-scene	low	needs_teacher_approved_sense		pending	no
make-preparations-e06c98e3	make preparations	verb|verb phrase	C1	reading	context-scene	low	needs_teacher_approved_sense		pending	no
make-progress-fd48cdfe	make progress	verb|verb phrase	C1	reading	context-scene	low	needs_teacher_approved_sense		pending	no
make-sense-45f28a32	make sense	verb|verb phrase	C1	reading	context-scene	low	needs_teacher_approved_sense		pending	no
make-yourself-understood-f6916e74	make yourself understood	verb|verb phrase	C1	reading	context-scene	low	needs_teacher_approved_sense		pending	no
malaise-969dc72e	malaise	noun	C1	reading	object-or-context-scene	low	needs_teacher_approved_sense		pending	no
mammal-5b48c790	mammal	noun	C1	reading	object-or-context-scene	low	needs_teacher_approved_sense		pending	no
mandate-20dfcdc7	mandate	noun	C1	reading	object-or-context-scene	low	needs_teacher_approved_sense		pending	no
manifest-c5beef2d	manifest	verb	C1	reading	action-scene	low	needs_teacher_approved_sense		pending	no
manipulate-85c860b8	manipulate	verb	C1	reading	action-scene	low	needs_teacher_approved_sense		pending	no
manipulation-010015ec	manipulation	noun	C1	writing	concept-metaphor	low	needs_teacher_approved_sense		pending	no
manner-4ebd24df	manner	noun	A2	reading	object-or-context-scene	low	needs_teacher_approved_sense		pending	no
manuscript-4f9a4ff8	manuscript	noun	C1	reading	object-or-context-scene	low	needs_teacher_approved_sense		pending	no
map-sth-out-64bfc709	map sth out	verb	C1	reading	context-scene	low	needs_teacher_approved_sense		pending	no
march-5b6583d6	march	noun|verb	C1	reading	multi-sense-panel	low	needs_teacher_approved_sense		pending	yes
marginal-908897f6	marginal	adjective	C1	writing	contrast-pair	low	needs_teacher_approved_sense		pending	no
marine-1fd1b451	marine	adjective	C1	writing	contrast-pair	low	needs_teacher_approved_sense		pending	no
marketplace-b934bfa0	marketplace	noun	C1	reading	object-or-context-scene	low	needs_teacher_approved_sense		pending	no
marry-up-sth-280cc407	marry up sth	verb	C1	reading	context-scene	low	needs_teacher_approved_sense		pending	no
mask-9d4cca15	mask	noun	C1	reading	object-or-context-scene	low	needs_teacher_approved_sense		pending	no
massacre-760d0020	massacre	noun	C1	reading	object-or-context-scene	low	needs_teacher_approved_sense		pending	no
mathematical-76464fab	mathematical	adjective	C1	writing	contrast-pair	low	needs_teacher_approved_sense		pending	no
maths-3529b24d	maths	noun	A2	reading	object-or-context-scene	low	needs_teacher_approved_sense		pending	no
mature-f0499e7c	mature	adjective|verb	C1	writing	multi-sense-panel	low	needs_teacher_approved_sense		pending	no
maximize-faab8bc6	maximize	verb	C1	reading	action-scene	low	needs_teacher_approved_sense		pending	no
meaningful-fa8201ac	meaningful	adjective	C1	writing	contrast-pair	low	needs_teacher_approved_sense		pending	no
meantime-5ef6d8f5	meantime	noun	C1	reading	object-or-context-scene	low	needs_teacher_approved_sense		pending	no
media-bb362a46	media	noun	A2	reading	object-or-context-scene	low	needs_teacher_approved_sense		pending	no
medical-ab24aed5	medical	adjective	A2	reading	contrast-pair	low	needs_teacher_approved_sense		pending	no
meditation-6e77a66b	meditation	noun	C1	writing	concept-metaphor	low	needs_teacher_approved_sense		pending	no
meet-regulations-df0c9595	meet regulations	verb|verb phrase	C1	reading	context-scene	low	needs_teacher_approved_sense		pending	no
melodramatic-a4a830e1	melodramatic	adjective	C1	writing	contrast-pair	low	needs_teacher_approved_sense		pending	no
melody-536c1bd4	melody	noun	C1	reading	object-or-context-scene	low	needs_teacher_approved_sense		pending	no
memo-c5c0cba6	memo	noun	C1	reading	object-or-context-scene	low	needs_teacher_approved_sense		pending	no
memoir-2518a081	memoir	noun	C1	reading	object-or-context-scene	low	needs_teacher_approved_sense		pending	no
memorial-2bc1728c	memorial	noun	C1	reading	object-or-context-scene	low	needs_teacher_approved_sense		pending	no
mention-sb-sth-f97c3f5c	mention sb/sth	verb	C1	reading	context-scene	low	needs_teacher_approved_sense		pending	no
mentor-c17e7c31	mentor	noun	C1	reading	object-or-context-scene	low	needs_teacher_approved_sense		pending	no
merchant-af904dcf	merchant	noun	C1	reading	object-or-context-scene	low	needs_teacher_approved_sense		pending	no
mercy-98f785e3	mercy	noun	C1	reading	object-or-context-scene	low	needs_teacher_approved_sense		pending	no
mere-ad189bc3	mere	adjective	C1	writing	contrast-pair	low	needs_teacher_approved_sense		pending	no
merely-8d468af9	merely	adverb	C1	writing	manner-sequence	low	needs_teacher_approved_sense		pending	no
merge-14091a9f	merge	verb	C1	reading	action-scene	low	needs_teacher_approved_sense		pending	no
merger-7fc08098	merger	noun	C1	reading	object-or-context-scene	low	needs_teacher_approved_sense		pending	no
merit-ffc3f191	merit	noun	C1	reading	object-or-context-scene	low	needs_teacher_approved_sense		pending	no
methodology-5e705951	methodology	noun	C1	reading	object-or-context-scene	low	needs_teacher_approved_sense		pending	no
midst-0915537f	midst	noun	C1	reading	object-or-context-scene	low	needs_teacher_approved_sense		pending	no
migration-c5590b16	migration	noun	C1	writing	concept-metaphor	low	needs_teacher_approved_sense		pending	no
militant-e870f40d	militant	adjective|noun	C1	writing	multi-sense-panel	low	needs_teacher_approved_sense		pending	no
militia-e5d154cf	militia	noun	C1	reading	object-or-context-scene	low	needs_teacher_approved_sense		pending	no
mill-be37ec2e	mill	noun	C1	reading	object-or-context-scene	low	needs_teacher_approved_sense		pending	no
mind-blowing-41c71b31	mind-blowing	adjective	C1	writing	contrast-pair	low	needs_teacher_approved_sense		pending	no
mindless-violence-2a39d3f6	mindless violence	adjective|noun	C1	writing	context-scene	low	needs_teacher_approved_sense		pending	no
minimal-5c482174	minimal	adjective	C1	writing	contrast-pair	low	needs_teacher_approved_sense		pending	no
minimise-sth-1569b3a0	minimise sth	verb	C1	reading	context-scene	low	needs_teacher_approved_sense		pending	no
minimize-0c3639c1	minimize	verb	C1	reading	action-scene	low	needs_teacher_approved_sense		pending	no
mining-c6a32efe	mining	noun	C1	reading	object-or-context-scene	low	needs_teacher_approved_sense		pending	no
ministry-170373ad	ministry	noun	C1	reading	object-or-context-scene	low	needs_teacher_approved_sense		pending	no
minor-drawback-e1197232	minor drawback	noun|noun phrase	C1	reading	context-scene	low	needs_teacher_approved_sense		pending	no
miracle-bf5b4554	miracle	noun	C1	reading	object-or-context-scene	low	needs_teacher_approved_sense		pending	no
misleading-8bf177a7	misleading	adjective	C1	writing	contrast-pair	low	needs_teacher_approved_sense		pending	no
missile-520b856d	missile	noun	C1	reading	object-or-context-scene	low	needs_teacher_approved_sense		pending	no
mobility-1e03a399	mobility	noun	C1	writing	concept-metaphor	low	needs_teacher_approved_sense		pending	no
mobilize-27c6a024	mobilize	verb	C1	reading	action-scene	low	needs_teacher_approved_sense		pending	no
moderate-78cd1257	moderate	adjective	C1	writing	contrast-pair	low	needs_teacher_approved_sense		pending	no
modification-0661198d	modification	noun	C1	writing	concept-metaphor	low	needs_teacher_approved_sense		pending	no
momentum-503c4af7	momentum	noun	C1	reading	object-or-context-scene	low	needs_teacher_approved_sense		pending	no
monk-6257b557	monk	noun	C1	reading	object-or-context-scene	low	needs_teacher_approved_sense		pending	no
monopoly-c072910f	monopoly	noun	C1	reading	object-or-context-scene	low	needs_teacher_approved_sense		pending	no
morality-4ecd97d3	morality	noun	C1	writing	concept-metaphor	low	needs_teacher_approved_sense		pending	no
mother-tongue-1cd37969	mother tongue	noun	C1	reading	context-scene	low	needs_teacher_approved_sense		pending	no
motive-fb29e83c	motive	noun	C1	reading	object-or-context-scene	low	needs_teacher_approved_sense		pending	no
motorist-ef95f94b	motorist	noun	C1	reading	object-or-context-scene	low	needs_teacher_approved_sense		pending	no
mould-eb203c6b	mould	noun	C1	reading	object-or-context-scene	low	needs_teacher_approved_sense		pending	no
movement-b727a735	movement	noun	A2	reading	concept-metaphor	low	needs_teacher_approved_sense		pending	no
mp3-player-bbe48100	MP3 player	noun	A2	speaking	context-scene	low	needs_teacher_approved_sense		pending	no
multitask-a6969095	multitask	verb	C1	reading	action-scene	low	needs_teacher_approved_sense		pending	no
mundanity-082ce702	mundanity	noun	C1	writing	concept-metaphor	low	needs_teacher_approved_sense		pending	no
municipal-89841039	municipal	adjective	C1	writing	contrast-pair	low	needs_teacher_approved_sense		pending	no
mutual-410e5f4f	mutual	adjective	C1	writing	contrast-pair	low	needs_teacher_approved_sense		pending	no
nag-sb-0f4509cd	nag sb	verb	C1	reading	context-scene	low	needs_teacher_approved_sense		pending	no
namely-0746eefc	namely	adverb	C1	writing	manner-sequence	low	needs_teacher_approved_sense		pending	no
nationwide-7d16a78e	nationwide	adjective	C1	writing	contrast-pair	low	needs_teacher_approved_sense		pending	no
native-speaker-42b756d6	native speaker	noun	C1	reading	context-scene	low	needs_teacher_approved_sense		pending	no
naturally-gifted-a7e6467f	naturally gifted	adjective|adverb	C1	writing	context-scene	low	needs_teacher_approved_sense		pending	no
naval-d1f10335	naval	adjective	C1	writing	contrast-pair	low	needs_teacher_approved_sense		pending	no
neglected-6f14801d	neglected	adjective	C1	writing	contrast-pair	low	needs_teacher_approved_sense		pending	no
neighbouring-4f1a9a99	neighbouring	adjective	C1	writing	contrast-pair	low	needs_teacher_approved_sense		pending	no
news-bulletin-03e6a2f8	news bulletin	noun	C1	reading	context-scene	low	needs_teacher_approved_sense		pending	no
niche-910080e7	niche	noun	C1	reading	object-or-context-scene	low	needs_teacher_approved_sense		pending	no
no-end-of-sth-6f424520	no end of sth	noun|noun phrase	C1	reading	context-scene	low	needs_teacher_approved_sense		pending	no
noble-8eca84b7	noble	adjective	C1	writing	contrast-pair	low	needs_teacher_approved_sense		pending	no
nod-55e5f07f	nod	verb	C1	reading	action-scene	low	needs_teacher_approved_sense		pending	no
nominate-a75e01f4	nominate	verb	C1	reading	action-scene	low	needs_teacher_approved_sense		pending	no
nominate-sb-949fd2e8	nominate sb	verb	C1	reading	context-scene	low	needs_teacher_approved_sense		pending	no
nomination-22a436c8	nomination	noun	C1	writing	concept-metaphor	low	needs_teacher_approved_sense		pending	no
nominee-9399d69f	nominee	noun	C1	reading	object-or-context-scene	low	needs_teacher_approved_sense		pending	no
non-existent-2712afc4	non-existent	adjective	C1	writing	contrast-pair	low	needs_teacher_approved_sense		pending	no
non-profit-19c427ce	non-profit	adjective	C1	writing	contrast-pair	low	needs_teacher_approved_sense		pending	no
non-starter-c205c91d	non-starter	noun	C1	reading	object-or-context-scene	low	needs_teacher_approved_sense		pending	no
nonetheless-cefc253f	nonetheless	adverb	C1	writing	manner-sequence	low	needs_teacher_approved_sense		pending	no
nonsense-cb1dc474	nonsense	noun	C1	reading	object-or-context-scene	low	needs_teacher_approved_sense		pending	no
not-get-very-far-14a55242	not get very far	verb|verb phrase	C1	reading	context-scene	low	needs_teacher_approved_sense		pending	no
not-least-9433eeeb	not least	adverb	C1	writing	context-scene	low	needs_teacher_approved_sense		pending	no
not-to-mention-d0c1fb45	not to mention	adverb|adverb phrase	C1	writing	context-scene	low	needs_teacher_approved_sense		pending	no
notable-cb9c0b0b	notable	adjective	C1	writing	contrast-pair	low	needs_teacher_approved_sense		pending	no
notably-57649289	notably	adverb	C1	writing	manner-sequence	low	needs_teacher_approved_sense		pending	no
notify-4f08301d	notify	verb	C1	reading	action-scene	low	needs_teacher_approved_sense		pending	no
notorious-37fcd56e	notorious	adjective	C1	writing	contrast-pair	low	needs_teacher_approved_sense		pending	no
novice-01f9383c	novice	noun	C1	reading	object-or-context-scene	low	needs_teacher_approved_sense		pending	no
nuisance-c7bbf9fe	nuisance	noun	C1	writing	concept-metaphor	low	needs_teacher_approved_sense		pending	no
nut-85ae1763	nut	noun	A2	reading	object-or-context-scene	low	needs_teacher_approved_sense		pending	no
objection-f1b2e510	objection	noun	C1	writing	concept-metaphor	low	needs_teacher_approved_sense		pending	no
oblige-dd334cb8	oblige	verb	C1	reading	action-scene	low	needs_teacher_approved_sense		pending	no
obsess-edbad88c	obsess	verb	C1	reading	action-scene	low	needs_teacher_approved_sense		pending	no
obsession-b1c1a27a	obsession	noun	C1	writing	concept-metaphor	low	needs_teacher_approved_sense		pending	no
obsolete-dc6960bc	obsolete	adjective	C1	writing	contrast-pair	low	needs_teacher_approved_sense		pending	no
obstinate-5a174617	obstinate	adjective	C1	writing	contrast-pair	low	needs_teacher_approved_sense		pending	no
occasional-5102e2aa	occasional	adjective	C1	writing	contrast-pair	low	needs_teacher_approved_sense		pending	no
occurrence-7db36a79	occurrence	noun	C1	writing	concept-metaphor	low	needs_teacher_approved_sense		pending	no
odds-c9d930da	odds	noun	C1	reading	object-or-context-scene	low	needs_teacher_approved_sense		pending	no
of-course-not-39bb3b5c	of course not	adverb	A2	speaking	context-scene	low	needs_teacher_approved_sense		pending	no
offering-22bedc26	offering	noun	C1	reading	object-or-context-scene	low	needs_teacher_approved_sense		pending	no
offset-sth-1989f094	offset sth	verb	C1	reading	context-scene	low	needs_teacher_approved_sense		pending	no
offshore-182b6cb5	offshore	noun	C1	reading	object-or-context-scene	low	needs_teacher_approved_sense		pending	no
offspring-8ed71c04	offspring	noun	C1	reading	object-or-context-scene	low	needs_teacher_approved_sense		pending	no
ok-7a85f476	OK	adjective|adverb|exclamation	A1	reading	multi-sense-panel	low	needs_teacher_approved_sense		pending	no
one-to-one-ef953663	one-to-one	adjective	C1	writing	contrast-pair	low	needs_teacher_approved_sense		pending	no
online-community-86e5c74a	online community	noun	C1	writing	context-scene	low	needs_teacher_approved_sense		pending	no
open-plan-office-4ab409a2	open-plan office	noun	C1	reading	context-scene	low	needs_teacher_approved_sense		pending	no
operational-7a65affc	operational	adjective	C1	writing	contrast-pair	low	needs_teacher_approved_sense		pending	no
opt-102210fe	opt	verb	C1	reading	action-scene	low	needs_teacher_approved_sense		pending	no
optic-dc4546fb	optic	adjective	C1	writing	contrast-pair	low	needs_teacher_approved_sense		pending	no
optical-d93622b7	optical	adjective	C1	writing	contrast-pair	low	needs_teacher_approved_sense		pending	no
optimism-02d44ffd	optimism	noun	C1	writing	concept-metaphor	low	needs_teacher_approved_sense		pending	no
oral-1a1fd237	oral	adjective	C1	writing	contrast-pair	low	needs_teacher_approved_sense		pending	no
organization-7cb06027	organization	noun	A2	reading	concept-metaphor	low	needs_teacher_approved_sense		pending	no
organizational-78c016ee	organizational	adjective	C1	writing	contrast-pair	low	needs_teacher_approved_sense		pending	no
organize-0be1787a	organize	verb	A2	reading	action-scene	low	needs_teacher_approved_sense		pending	no
orientation-63b7b544	orientation	noun	C1	writing	concept-metaphor	low	needs_teacher_approved_sense		pending	no
originate-7b14fe90	originate	verb	C1	reading	action-scene	low	needs_teacher_approved_sense		pending	no
outbreak-db9a124c	outbreak	noun	C1	reading	object-or-context-scene	low	needs_teacher_approved_sense		pending	no
outdoor-activity-f51fc286	outdoor activity	noun	C1	writing	context-scene	low	needs_teacher_approved_sense		pending	no
outing-29770aab	outing	noun	C1	reading	object-or-context-scene	low	needs_teacher_approved_sense		pending	no
outlast-sb-sth-16c950bf	outlast sb/sth	verb	C1	reading	context-scene	low	needs_teacher_approved_sense		pending	no
outlet-4f4a129b	outlet	noun	C1	reading	object-or-context-scene	low	needs_teacher_approved_sense		pending	no
outline-sth-95eac3f2	outline sth	verb	C1	reading	context-scene	low	needs_teacher_approved_sense		pending	no
outlook-0d5591d6	outlook	noun	C1	reading	object-or-context-scene	low	needs_teacher_approved_sense		pending	no
outrage-9c2b1dab	outrage	noun|verb	C1	reading	multi-sense-panel	low	needs_teacher_approved_sense		pending	no
outsider-efb7f28f	outsider	noun	C1	reading	object-or-context-scene	low	needs_teacher_approved_sense		pending	no
overcrowded-9c189af6	overcrowded	adjective	C1	writing	contrast-pair	low	needs_teacher_approved_sense		pending	no
overlap-5b0fe021	overlap	verb	C1	reading	action-scene	low	needs_teacher_approved_sense		pending	no
overload-sb-f1d03af1	overload sb	verb	C1	reading	context-scene	low	needs_teacher_approved_sense		pending	no
overlook-1b8ee344	overlook	verb	C1	reading	action-scene	low	needs_teacher_approved_sense		pending	no
overly-a104cb4d	overly	adverb	C1	writing	manner-sequence	low	needs_teacher_approved_sense		pending	no
overpriced-dcfb4a63	overpriced	adjective	C1	writing	contrast-pair	low	needs_teacher_approved_sense		pending	no
overreact-6ad8e6b4	overreact	verb	C1	reading	action-scene	low	needs_teacher_approved_sense		pending	no
oversee-8b1f9742	oversee	verb	C1	reading	action-scene	low	needs_teacher_approved_sense		pending	no
overtly-124a7b47	overtly	adverb	C1	writing	manner-sequence	low	needs_teacher_approved_sense		pending	no
overturn-4688c554	overturn	verb	C1	reading	action-scene	low	needs_teacher_approved_sense		pending	no
overwhelm-95c65348	overwhelm	verb	C1	reading	action-scene	low	needs_teacher_approved_sense		pending	no
pad-51da2df9	pad	noun	C1	reading	object-or-context-scene	low	needs_teacher_approved_sense		pending	no
padding-dd4355d9	padding	noun	C1	reading	object-or-context-scene	low	needs_teacher_approved_sense		pending	no
paddle-fbc9320f	paddle	verb	C1	reading	action-scene	low	needs_teacher_approved_sense		pending	no
paramedic-816dfdc2	paramedic	noun	C1	reading	object-or-context-scene	low	needs_teacher_approved_sense		pending	no
parched-c76a93af	parched	adjective	C1	writing	contrast-pair	low	needs_teacher_approved_sense		pending	no
parental-901dcdb2	parental	adjective	C1	writing	contrast-pair	low	needs_teacher_approved_sense		pending	no
parish-9ac61bf1	parish	noun	C1	reading	object-or-context-scene	low	needs_teacher_approved_sense		pending	no
parliamentary-e150ef2b	parliamentary	adjective	C1	writing	contrast-pair	low	needs_teacher_approved_sense		pending	no
parrot-sb-sth-11275358	parrot sb/sth	verb	C1	reading	context-scene	low	needs_teacher_approved_sense		pending	no
partial-355705cf	partial	adjective	C1	writing	contrast-pair	low	needs_teacher_approved_sense		pending	no
partially-63b7132d	partially	adverb	C1	writing	manner-sequence	low	needs_teacher_approved_sense		pending	no
pass-over-sb-sth-28fc7fbe	pass over sb/sth	verb	C1	reading	context-scene	low	needs_teacher_approved_sense		pending	no
passing-f0374386	passing	noun	C1	reading	object-or-context-scene	low	needs_teacher_approved_sense		pending	no
passive-8cf03f5f	passive	adjective	C1	writing	contrast-pair	low	needs_teacher_approved_sense		pending	no
past-experience-b002641f	past experience	noun	C1	writing	context-scene	low	needs_teacher_approved_sense		pending	no
pastor-f1e835a0	pastor	noun	C1	reading	object-or-context-scene	low	needs_teacher_approved_sense		pending	no
patch-d75b3b52	patch	noun	C1	reading	object-or-context-scene	low	needs_teacher_approved_sense		pending	no
patent-6612af2e	patent	noun	C1	reading	object-or-context-scene	low	needs_teacher_approved_sense		pending	no
pathway-2c51efa1	pathway	noun	C1	reading	object-or-context-scene	low	needs_teacher_approved_sense		pending	no
patrol-37837363	patrol	noun|verb	C1	reading	multi-sense-panel	low	needs_teacher_approved_sense		pending	no
patron-a51a0187	patron	noun	C1	reading	object-or-context-scene	low	needs_teacher_approved_sense		pending	no
pay-attention-to-sth-37e9b6d7	pay attention to sth	verb|verb phrase	C1	reading	context-scene	low	needs_teacher_approved_sense		pending	no
pay-rise-639f23df	pay rise	noun	C1	reading	context-scene	low	needs_teacher_approved_sense		pending	no
peasant-cc81a90c	peasant	noun	C1	reading	object-or-context-scene	low	needs_teacher_approved_sense		pending	no
peculiar-8bd8d5e4	peculiar	adjective	C1	writing	contrast-pair	low	needs_teacher_approved_sense		pending	no
peer-group-ab4954c0	peer group	noun	C1	reading	context-scene	low	needs_teacher_approved_sense		pending	no
pejorative-a83fe9c9	pejorative	adjective	C1	writing	contrast-pair	low	needs_teacher_approved_sense		pending	no
per-cent-2d6fab0a	per cent	adjective|adverb|noun	A2	speaking	multi-sense-panel	low	needs_teacher_approved_sense		pending	no
perform-a-vanishing-act-ccd36e8b	perform a vanishing act	verb|verb phrase	C1	reading	context-scene	low	needs_teacher_approved_sense		pending	no
perk-edc12fcc	perk	noun	C1	reading	object-or-context-scene	low	needs_teacher_approved_sense		pending	no
perpetual-33fa9c62	perpetual	adjective	C1	writing	contrast-pair	low	needs_teacher_approved_sense		pending	no
persecuted-affe4c67	persecuted	adjective	C1	writing	contrast-pair	low	needs_teacher_approved_sense		pending	no
persist-f11f3d18	persist	verb	C1	reading	action-scene	low	needs_teacher_approved_sense		pending	no
persistent-112ade0f	persistent	adjective	C1	writing	contrast-pair	low	needs_teacher_approved_sense		pending	no
personality-8f835ab7	personality	noun	A2	reading	concept-metaphor	low	needs_teacher_approved_sense		pending	no
perspire-08a83a88	perspire	verb	C1	reading	action-scene	low	needs_teacher_approved_sense		pending	no
petition-f05a1517	petition	noun	C1	writing	concept-metaphor	low	needs_teacher_approved_sense		pending	no
philosopher-aa18b9dd	philosopher	noun	C1	reading	object-or-context-scene	low	needs_teacher_approved_sense		pending	no
philosophical-cfa5a7a5	philosophical	adjective	C1	writing	contrast-pair	low	needs_teacher_approved_sense		pending	no
phone-in-programme-c20d5668	phone-in programme	noun	C1	reading	context-scene	low	needs_teacher_approved_sense		pending	no
physical-aa8d7108	physical	adjective	A2	reading	contrast-pair	low	needs_teacher_approved_sense		pending	no
physician-f622146f	physician	noun	C1	reading	object-or-context-scene	low	needs_teacher_approved_sense		pending	no
pioneer-a2d4d7ee	pioneer	noun|verb	C1	reading	multi-sense-panel	low	needs_teacher_approved_sense		pending	no
pipeline-992b5d66	pipeline	noun	C1	reading	object-or-context-scene	low	needs_teacher_approved_sense		pending	no
pit-00884428	pit	noun	C1	reading	object-or-context-scene	low	needs_teacher_approved_sense		pending	no
place-a-strain-on-sth-sb-77163ffb	place a strain on sth/sb	verb|verb phrase	C1	reading	context-scene	low	needs_teacher_approved_sense		pending	no
plea-9c5c4237	plea	noun	C1	reading	object-or-context-scene	low	needs_teacher_approved_sense		pending	no
plead-ce3b25a1	plead	verb	C1	reading	action-scene	low	needs_teacher_approved_sense		pending	no
pledge-ade9260c	pledge	noun|verb	C1	reading	multi-sense-panel	low	needs_teacher_approved_sense		pending	no
plinth-64d48f85	plinth	noun	C1	reading	object-or-context-scene	low	needs_teacher_approved_sense		pending	no
plumes-of-smoke-e3b81243	plumes of smoke	noun|noun phrase	C1	reading	context-scene	low	needs_teacher_approved_sense		pending	no
plunge-e5f032a2	plunge	verb	C1	reading	action-scene	low	needs_teacher_approved_sense		pending	no
poised-6460491a	poised	adjective	C1	writing	contrast-pair	low	needs_teacher_approved_sense		pending	no
pole-57e9db67	pole	noun	C1	reading	object-or-context-scene	low	needs_teacher_approved_sense		pending	no
police-car-71e2bafe	police car	noun	A2	speaking	context-scene	low	needs_teacher_approved_sense		pending	no
pollen-d095ea05	pollen	noun	C1	reading	object-or-context-scene	low	needs_teacher_approved_sense		pending	no
pollutant-50a9f5f2	pollutant	noun	C1	reading	object-or-context-scene	low	needs_teacher_approved_sense		pending	no
ponder-sth-3f497386	ponder sth	verb	C1	reading	context-scene	low	needs_teacher_approved_sense		pending	no
portfolio-5f1a041a	portfolio	noun	C1	reading	object-or-context-scene	low	needs_teacher_approved_sense		pending	no
portray-89acde59	portray	verb	C1	reading	action-scene	low	needs_teacher_approved_sense		pending	no
positive-outlook-986da582	positive outlook	adjective|noun	C1	writing	context-scene	low	needs_teacher_approved_sense		pending	no
possession-914fb82e	possession	noun	A2	reading	concept-metaphor	low	needs_teacher_approved_sense		pending	no
post-war-41ebe457	post-war	adjective	C1	writing	contrast-pair	low	needs_teacher_approved_sense		pending	no
postpone-sth-34bc0974	postpone sth	verb	C1	reading	context-scene	low	needs_teacher_approved_sense		pending	no
power-plant-fed81e0c	power plant	noun	C1	reading	context-scene	low	needs_teacher_approved_sense		pending	no
practitioner-edcc418f	practitioner	noun	C1	reading	object-or-context-scene	low	needs_teacher_approved_sense		pending	no
preach-bd07a0e2	preach	verb	C1	reading	action-scene	low	needs_teacher_approved_sense		pending	no
precedent-e3e986b3	precedent	noun	C1	reading	object-or-context-scene	low	needs_teacher_approved_sense		pending	no
precision-13800272	precision	noun	C1	writing	concept-metaphor	low	needs_teacher_approved_sense		pending	no
predator-e9dcba39	predator	noun	C1	reading	object-or-context-scene	low	needs_teacher_approved_sense		pending	no
predecessor-893a2adb	predecessor	noun	C1	reading	object-or-context-scene	low	needs_teacher_approved_sense		pending	no
predominantly-22141790	predominantly	adverb	C1	writing	manner-sequence	low	needs_teacher_approved_sense		pending	no
pregnancy-646885db	pregnancy	noun	C1	writing	concept-metaphor	low	needs_teacher_approved_sense		pending	no
prejudice-ab2653c9	prejudice	noun	C1	reading	object-or-context-scene	low	needs_teacher_approved_sense		pending	no
preliminary-7e6199a1	preliminary	adjective	C1	writing	contrast-pair	low	needs_teacher_approved_sense		pending	no
premier-8080ff5f	premier	noun	C1	reading	object-or-context-scene	low	needs_teacher_approved_sense		pending	no
premise-44c728c9	premise	noun	C1	reading	object-or-context-scene	low	needs_teacher_approved_sense		pending	no
premium-5c0a4fc7	premium	noun	C1	reading	object-or-context-scene	low	needs_teacher_approved_sense		pending	no
preposterous-462c446a	preposterous	adjective	C1	writing	contrast-pair	low	needs_teacher_approved_sense		pending	no
prescribe-3a29d570	prescribe	verb	C1	reading	action-scene	low	needs_teacher_approved_sense		pending	no
presently-2fa4fac1	presently	adverb	C1	writing	manner-sequence	low	needs_teacher_approved_sense		pending	no
preservation-f8abebc0	preservation	noun	C1	writing	concept-metaphor	low	needs_teacher_approved_sense		pending	no
preside-68b6d9e9	preside	verb	C1	reading	action-scene	low	needs_teacher_approved_sense		pending	no
presidency-aa66b613	presidency	noun	C1	writing	concept-metaphor	low	needs_teacher_approved_sense		pending	no
presidential-ae1c1c34	presidential	adjective	C1	writing	contrast-pair	low	needs_teacher_approved_sense		pending	no
press-sb-for-sth-68d689db	press sb for sth	verb|verb phrase	C1	reading	context-scene	low	needs_teacher_approved_sense		pending	no
prestigious-15443ff8	prestigious	adjective	C1	writing	contrast-pair	low	needs_teacher_approved_sense		pending	no
presumably-c23090e7	presumably	adverb	C1	writing	manner-sequence	low	needs_teacher_approved_sense		pending	no
presume-1b666928	presume	verb	C1	reading	action-scene	low	needs_teacher_approved_sense		pending	no
prevail-a1de3fef	prevail	verb	C1	reading	action-scene	low	needs_teacher_approved_sense		pending	no
prevalence-eb59112e	prevalence	noun	C1	writing	concept-metaphor	low	needs_teacher_approved_sense		pending	no
prevention-94509ddf	prevention	noun	C1	writing	concept-metaphor	low	needs_teacher_approved_sense		pending	no
prey-952054f3	prey	noun	C1	reading	object-or-context-scene	low	needs_teacher_approved_sense		pending	no
price-yourself-out-of-the-market-b356266b	price yourself out of the market	verb|verb phrase	C1	reading	context-scene	low	needs_teacher_approved_sense		pending	no
primate-0d85f51b	primate	noun	C1	reading	object-or-context-scene	low	needs_teacher_approved_sense		pending	no
prioritise-sth-0368083a	prioritise sth	verb	C1	reading	context-scene	low	needs_teacher_approved_sense		pending	no
pristine-b7d42ce3	pristine	adjective	C1	writing	contrast-pair	low	needs_teacher_approved_sense		pending	no
privatization-ebc68bf5	privatization	noun	C1	writing	concept-metaphor	low	needs_teacher_approved_sense		pending	no
privilege-4754701a	privilege	noun	C1	reading	object-or-context-scene	low	needs_teacher_approved_sense		pending	no
probe-a949c530	probe	noun|verb	C1	reading	multi-sense-panel	low	needs_teacher_approved_sense		pending	no
problematic-9245884c	problematic	adjective	C1	writing	contrast-pair	low	needs_teacher_approved_sense		pending	no
proceedings-d243d8c0	proceedings	noun	C1	reading	object-or-context-scene	low	needs_teacher_approved_sense		pending	no
proceeds-0428140a	proceeds	noun	C1	reading	object-or-context-scene	low	needs_teacher_approved_sense		pending	no
process-of-trial-and-error-07bdf67b	process of trial and error	noun|noun phrase	C1	reading	context-scene	low	needs_teacher_approved_sense		pending	no
processing-6dd8429c	processing	noun	C1	reading	object-or-context-scene	low	needs_teacher_approved_sense		pending	no
processor-8eab5a6d	processor	noun	C1	reading	object-or-context-scene	low	needs_teacher_approved_sense		pending	no
proclaim-6f2ddf5b	proclaim	verb	C1	reading	action-scene	low	needs_teacher_approved_sense		pending	no
productive-f3f80621	productive	adjective	C1	writing	contrast-pair	low	needs_teacher_approved_sense		pending	no
productivity-0d117e42	productivity	noun	C1	writing	concept-metaphor	low	needs_teacher_approved_sense		pending	no
profile-5d45a009	profile	noun	A2	reading	object-or-context-scene	low	needs_teacher_approved_sense		pending	no
profitable-a88775a7	profitable	adjective	C1	writing	contrast-pair	low	needs_teacher_approved_sense		pending	no
profound-0d8898fc	profound	adjective	C1	writing	contrast-pair	low	needs_teacher_approved_sense		pending	no
project-sth-9568f557	project sth	verb	C1	reading	context-scene	low	needs_teacher_approved_sense		pending	no
projection-76b33a04	projection	noun	C1	writing	concept-metaphor	low	needs_teacher_approved_sense		pending	no
prolong-sth-847cc66e	prolong sth	verb	C1	reading	context-scene	low	needs_teacher_approved_sense		pending	no
prominent-91383af9	prominent	adjective	C1	writing	contrast-pair	low	needs_teacher_approved_sense		pending	no
pronounced-f01361b2	pronounced	adjective	C1	writing	contrast-pair	low	needs_teacher_approved_sense		pending	no
propaganda-fa9e6345	propaganda	noun	C1	reading	object-or-context-scene	low	needs_teacher_approved_sense		pending	no
property-speculator-6b2cdb9c	property speculator	noun	C1	reading	context-scene	low	needs_teacher_approved_sense		pending	no
proposition-39c2a099	proposition	noun	C1	writing	concept-metaphor	low	needs_teacher_approved_sense		pending	no
propulsion-46783526	propulsion	noun	C1	writing	concept-metaphor	low	needs_teacher_approved_sense		pending	no
pros-and-cons-of-sth-ecd12379	pros and cons of sth	noun|noun phrase	C1	reading	context-scene	low	needs_teacher_approved_sense		pending	no
prosecute-4f2778af	prosecute	verb	C1	reading	action-scene	low	needs_teacher_approved_sense		pending	no
prosecution-309c8dbf	prosecution	noun	C1	writing	concept-metaphor	low	needs_teacher_approved_sense		pending	no
prosecutor-321f0d96	prosecutor	noun	C1	reading	object-or-context-scene	low	needs_teacher_approved_sense		pending	no
prospective-9dfc52d3	prospective	adjective	C1	writing	contrast-pair	low	needs_teacher_approved_sense		pending	no
prosper-59267d67	prosper	verb	C1	reading	action-scene	low	needs_teacher_approved_sense		pending	no
prosperity-67a5d04c	prosperity	noun	C1	writing	concept-metaphor	low	needs_teacher_approved_sense		pending	no
protective-a17a0a05	protective	adjective	C1	writing	contrast-pair	low	needs_teacher_approved_sense		pending	no
protocol-6e9b4af6	protocol	noun	C1	reading	object-or-context-scene	low	needs_teacher_approved_sense		pending	no
province-8611a25f	province	noun	C1	reading	object-or-context-scene	low	needs_teacher_approved_sense		pending	no
provincial-177177d0	provincial	adjective	C1	writing	contrast-pair	low	needs_teacher_approved_sense		pending	no
provoke-8f793444	provoke	verb	C1	reading	action-scene	low	needs_teacher_approved_sense		pending	no
psychiatric-e50e6906	psychiatric	adjective	C1	writing	contrast-pair	low	needs_teacher_approved_sense		pending	no
pub-3f0ec57c	pub	noun	A2	reading	object-or-context-scene	low	needs_teacher_approved_sense		pending	no
public-face-de9a3b96	public face	noun	C1	reading	context-scene	low	needs_teacher_approved_sense		pending	no
pull-sb-s-leg-b5cddee4	pull sb's leg	verb|verb phrase	C1	reading	context-scene	low	needs_teacher_approved_sense		pending	no
pulse-8439fc48	pulse	noun	C1	reading	object-or-context-scene	low	needs_teacher_approved_sense		pending	no
punch-408c2608	punch	noun|verb	C1	reading	multi-sense-panel	low	needs_teacher_approved_sense		pending	no
put-in-more-of-an-effort-85220d68	put in more of an effort	verb|verb phrase	C1	reading	context-scene	low	needs_teacher_approved_sense		pending	no
put-sb-on-hold-53c577b0	put sb on hold	verb|verb phrase	C1	reading	context-scene	low	needs_teacher_approved_sense		pending	no
quality-of-life-f11ec1d9	quality of life	noun|noun phrase	C1	reading	context-scene	low	needs_teacher_approved_sense		pending	no
query-7cd9148e	query	noun	C1	reading	object-or-context-scene	low	needs_teacher_approved_sense		pending	no
quest-1ac9fdfa	quest	noun	C1	reading	object-or-context-scene	low	needs_teacher_approved_sense		pending	no
quirk-f47c8447	quirk	noun	C1	reading	object-or-context-scene	low	needs_teacher_approved_sense		pending	no
quite-by-chance-f35859b5	quite by chance	adverb|adverb phrase	C1	writing	context-scene	low	needs_teacher_approved_sense		pending	no
quota-a4b811f8	quota	noun	C1	reading	object-or-context-scene	low	needs_teacher_approved_sense		pending	no
radar-87c70a0b	radar	noun	C1	reading	object-or-context-scene	low	needs_teacher_approved_sense		pending	no
radical-5da0e27d	radical	adjective	C1	writing	contrast-pair	low	needs_teacher_approved_sense		pending	no
rage-4712b038	rage	noun	C1	reading	object-or-context-scene	low	needs_teacher_approved_sense		pending	no
raid-345912bb	raid	noun|verb	C1	reading	multi-sense-panel	low	needs_teacher_approved_sense		pending	no
rally-027fabe4	rally	noun|verb	C1	reading	multi-sense-panel	low	needs_teacher_approved_sense		pending	no
ranch-56928c24	ranch	noun	C1	reading	object-or-context-scene	low	needs_teacher_approved_sense		pending	no
ranking-26265f6c	ranking	noun	C1	reading	object-or-context-scene	low	needs_teacher_approved_sense		pending	no
rape-1f956b51	rape	noun|verb	C1	reading	multi-sense-panel	low	needs_teacher_approved_sense		pending	no
rapids-133580ff	rapids	noun	C1	reading	object-or-context-scene	low	needs_teacher_approved_sense		pending	no
ratio-4b6339ba	ratio	noun	C1	reading	object-or-context-scene	low	needs_teacher_approved_sense		pending	no
rational-0482d1f1	rational	adjective	C1	writing	contrast-pair	low	needs_teacher_approved_sense		pending	no
rattle-sth-f4c39f14	rattle sth	verb	C1	reading	context-scene	low	needs_teacher_approved_sense		pending	no
ray-7f525154	ray	noun	C1	reading	object-or-context-scene	low	needs_teacher_approved_sense		pending	no
reach-your-full-potential-051701d1	reach your full potential	verb|verb phrase	C1	reading	context-scene	low	needs_teacher_approved_sense		pending	no
readily-a3ebdab3	readily	adverb	C1	writing	manner-sequence	low	needs_teacher_approved_sense		pending	no
reality-tv-show-c4be1f1d	reality TV show	noun|noun phrase	C1	reading	context-scene	low	needs_teacher_approved_sense		pending	no
realization-92f23f21	realization	noun	C1	writing	concept-metaphor	low	needs_teacher_approved_sense		pending	no
realize-dab96e77	realize	verb	A2	reading	action-scene	low	needs_teacher_approved_sense		pending	no
realm-5bee6642	realm	noun	C1	reading	object-or-context-scene	low	needs_teacher_approved_sense		pending	no
rear-0f02135b	rear	adjective|noun	C1	writing	multi-sense-panel	low	needs_teacher_approved_sense		pending	no
reasoning-9662a505	reasoning	noun	C1	reading	object-or-context-scene	low	needs_teacher_approved_sense		pending	no
reassure-7c4bcd61	reassure	verb	C1	reading	action-scene	low	needs_teacher_approved_sense		pending	no
rebel-1d8875ea	rebel	noun	C1	reading	object-or-context-scene	low	needs_teacher_approved_sense		pending	no
rebellion-6917033b	rebellion	noun	C1	reading	object-or-context-scene	low	needs_teacher_approved_sense		pending	no
receive-funding-for-sth-f2e614ee	receive funding for sth	verb|verb phrase	C1	reading	context-scene	low	needs_teacher_approved_sense		pending	no
recently-fd92cc85	recently	adverb	A2	reading	manner-sequence	low	needs_teacher_approved_sense		pending	no
recognize-3dbcdc08	recognize	verb	A2	reading	action-scene	low	needs_teacher_approved_sense		pending	no
reconstruction-a253b715	reconstruction	noun	C1	writing	concept-metaphor	low	needs_teacher_approved_sense		pending	no
recount-f6642857	recount	verb	C1	reading	action-scene	low	needs_teacher_approved_sense		pending	no
recount-sth-42541253	recount sth	verb	C1	reading	context-scene	low	needs_teacher_approved_sense		pending	no
recreational-4e416a17	recreational	adjective	C1	writing	contrast-pair	low	needs_teacher_approved_sense		pending	no
refer-dc1da609	refer	verb	A2	reading	action-scene	low	needs_teacher_approved_sense		pending	no
referendum-ae5948d3	referendum	noun	C1	reading	object-or-context-scene	low	needs_teacher_approved_sense		pending	no
reflection-50c0788f	reflection	noun	C1	writing	concept-metaphor	low	needs_teacher_approved_sense		pending	no
reform-9f9284ef	reform	noun|verb	C1	reading	multi-sense-panel	low	needs_teacher_approved_sense		pending	no
refuge-cdc93d65	refuge	noun	C1	reading	object-or-context-scene	low	needs_teacher_approved_sense		pending	no
refusal-f15c5a0d	refusal	noun	C1	reading	object-or-context-scene	low	needs_teacher_approved_sense		pending	no
regain-61471fdf	regain	verb	C1	reading	action-scene	low	needs_teacher_approved_sense		pending	no
regardless-68970a95	regardless	adverb	C1	writing	manner-sequence	low	needs_teacher_approved_sense		pending	no
regulator-21a9756a	regulator	noun	C1	reading	object-or-context-scene	low	needs_teacher_approved_sense		pending	no
regulatory-1bf17bb6	regulatory	adjective	C1	writing	contrast-pair	low	needs_teacher_approved_sense		pending	no
rehabilitation-0547027a	rehabilitation	noun	C1	writing	concept-metaphor	low	needs_teacher_approved_sense		pending	no
reign-bc1385ee	reign	noun|verb	C1	reading	multi-sense-panel	low	needs_teacher_approved_sense		pending	no
rejection-8e25b9ed	rejection	noun	C1	writing	concept-metaphor	low	needs_teacher_approved_sense		pending	no
relatively-few-and-far-between-c652b612	relatively few and far between	adverb|adverb phrase	C1	writing	context-scene	low	needs_teacher_approved_sense		pending	no
release-a-record-cd-dvd-7e4dee34	release a record/CD/DVD	verb|verb phrase	C1	reading	context-scene	low	needs_teacher_approved_sense		pending	no
relevance-f4e91f3e	relevance	noun	C1	writing	concept-metaphor	low	needs_teacher_approved_sense		pending	no
reliability-844e392a	reliability	noun	C1	writing	concept-metaphor	low	needs_teacher_approved_sense		pending	no
relive-sth-199ef5e4	relive sth	verb	C1	reading	context-scene	low	needs_teacher_approved_sense		pending	no
reluctant-6436dc70	reluctant	adjective	C1	writing	contrast-pair	low	needs_teacher_approved_sense		pending	no
remainder-d89d955d	remainder	noun	C1	reading	object-or-context-scene	low	needs_teacher_approved_sense		pending	no
remains-75a94da2	remains	noun	C1	reading	object-or-context-scene	low	needs_teacher_approved_sense		pending	no
reminder-348be0ed	reminder	noun	C1	reading	object-or-context-scene	low	needs_teacher_approved_sense		pending	no
removal-2a89f5d8	removal	noun	C1	reading	object-or-context-scene	low	needs_teacher_approved_sense		pending	no
render-37eca575	render	verb	C1	reading	action-scene	low	needs_teacher_approved_sense		pending	no
renew-f102476a	renew	verb	C1	reading	action-scene	low	needs_teacher_approved_sense		pending	no
renowned-71577dff	renowned	adjective	C1	writing	contrast-pair	low	needs_teacher_approved_sense		pending	no
rental-96eb3d99	rental	noun	C1	reading	object-or-context-scene	low	needs_teacher_approved_sense		pending	no
replacement-91b5c0a6	replacement	noun	C1	writing	concept-metaphor	low	needs_teacher_approved_sense		pending	no
reportedly-73462add	reportedly	adverb	C1	writing	manner-sequence	low	needs_teacher_approved_sense		pending	no
representation-6cf68316	representation	noun	C1	writing	concept-metaphor	low	needs_teacher_approved_sense		pending	no
reproduce-e1fc5057	reproduce	verb	C1	reading	action-scene	low	needs_teacher_approved_sense		pending	no
reproduction-7ff5735c	reproduction	noun	C1	writing	concept-metaphor	low	needs_teacher_approved_sense		pending	no
republic-6ba80977	republic	noun	C1	reading	object-or-context-scene	low	needs_teacher_approved_sense		pending	no
researcher-7e22ea47	researcher	noun	A2	reading	object-or-context-scene	low	needs_teacher_approved_sense		pending	no
resemble-25cbac59	resemble	verb	C1	reading	action-scene	low	needs_teacher_approved_sense		pending	no
reside-d6426dd6	reside	verb	C1	reading	action-scene	low	needs_teacher_approved_sense		pending	no
residence-07ba81f3	residence	noun	C1	writing	concept-metaphor	low	needs_teacher_approved_sense		pending	no
residue-8252cfd4	residue	noun	C1	reading	object-or-context-scene	low	needs_teacher_approved_sense		pending	no
resignation-cc145949	resignation	noun	C1	writing	concept-metaphor	low	needs_teacher_approved_sense		pending	no
resistance-181efea9	resistance	noun	C1	writing	concept-metaphor	low	needs_teacher_approved_sense		pending	no
resistant-1960cef0	resistant	adjective	C1	writing	contrast-pair	low	needs_teacher_approved_sense		pending	no
respective-e2bf5566	respective	adjective	C1	writing	contrast-pair	low	needs_teacher_approved_sense		pending	no
respectively-fa546199	respectively	adverb	C1	writing	manner-sequence	low	needs_teacher_approved_sense		pending	no
respond-c0b78996	respond	verb	A2	reading	action-scene	low	needs_teacher_approved_sense		pending	no
response-0ec6d150	response	noun	A2	reading	object-or-context-scene	low	needs_teacher_approved_sense		pending	no
restoration-b4a4b6ca	restoration	noun	C1	writing	concept-metaphor	low	needs_teacher_approved_sense		pending	no
restraint-6167795c	restraint	noun	C1	reading	object-or-context-scene	low	needs_teacher_approved_sense		pending	no
resume-a2b41bba	resume	verb	C1	reading	action-scene	low	needs_teacher_approved_sense		pending	no
retain-sth-942a58b2	retain sth	verb	C1	reading	context-scene	low	needs_teacher_approved_sense		pending	no
rethink-sth-0c3d6b4d	rethink sth	verb	C1	reading	context-scene	low	needs_teacher_approved_sense		pending	no
retreat-eb5b9a3e	retreat	noun|verb	C1	reading	multi-sense-panel	low	needs_teacher_approved_sense		pending	no
retrieve-413bc616	retrieve	verb	C1	reading	action-scene	low	needs_teacher_approved_sense		pending	no
revelation-f6c564eb	revelation	noun	C1	writing	concept-metaphor	low	needs_teacher_approved_sense		pending	no
revenge-4bcd0679	revenge	noun	C1	reading	object-or-context-scene	low	needs_teacher_approved_sense		pending	no
reversal-of-fortune-b7a9db97	reversal of fortune	noun|noun phrase	C1	reading	context-scene	low	needs_teacher_approved_sense		pending	no
reverse-75470a30	reverse	adjective|noun|verb	C1	writing	multi-sense-panel	low	needs_teacher_approved_sense		pending	no
revitalization-c18c01c3	revitalization	noun	C1	writing	concept-metaphor	low	needs_teacher_approved_sense		pending	no
revival-c6c0e3f4	revival	noun	C1	reading	object-or-context-scene	low	needs_teacher_approved_sense		pending	no
revive-97dd8cdf	revive	verb	C1	reading	action-scene	low	needs_teacher_approved_sense		pending	no
revolutionary-d194afe1	revolutionary	adjective	C1	writing	contrast-pair	low	needs_teacher_approved_sense		pending	no
rhetoric-512767cd	rhetoric	noun	C1	reading	object-or-context-scene	low	needs_teacher_approved_sense		pending	no
rifle-efade50e	rifle	noun	C1	reading	object-or-context-scene	low	needs_teacher_approved_sense		pending	no
rights-1407cb23	rights	noun	C1	reading	object-or-context-scene	low	needs_teacher_approved_sense		pending	no
riot-5f6e05d5	riot	noun	C1	reading	object-or-context-scene	low	needs_teacher_approved_sense		pending	no
rip-ab8e5956	rip	verb	C1	reading	action-scene	low	needs_teacher_approved_sense		pending	no
risk-your-life-5a64b12f	risk your life	verb|verb phrase	C1	reading	context-scene	low	needs_teacher_approved_sense		pending	no
ritual-6f38d9dd	ritual	noun	C1	reading	object-or-context-scene	low	needs_teacher_approved_sense		pending	no
robust-581aae1e	robust	adjective	C1	writing	contrast-pair	low	needs_teacher_approved_sense		pending	no
rod-f9f03903	rod	noun	C1	reading	object-or-context-scene	low	needs_teacher_approved_sense		pending	no
rotate-2ac527f1	rotate	verb	C1	reading	action-scene	low	needs_teacher_approved_sense		pending	no
rotation-acaf3225	rotation	noun	C1	writing	concept-metaphor	low	needs_teacher_approved_sense		pending	no
rote-learning-eebb9d78	rote learning	noun	C1	reading	context-scene	low	needs_teacher_approved_sense		pending	no
rowing-81c4e551	rowing	noun	C1	reading	object-or-context-scene	low	needs_teacher_approved_sense		pending	no
rudimentary-09da4136	rudimentary	adjective	C1	writing	contrast-pair	low	needs_teacher_approved_sense		pending	no
ruling-7e354716	ruling	noun	C1	reading	object-or-context-scene	low	needs_teacher_approved_sense		pending	no
rumour-8ca2a47c	rumour	noun	C1	reading	object-or-context-scene	low	needs_teacher_approved_sense		pending	no
run-a-business-d5720685	run a business	verb|verb phrase	C1	reading	context-scene	low	needs_teacher_approved_sense		pending	no
run-for-parliament-4359a7c1	run for parliament	verb|verb phrase	C1	reading	context-scene	low	needs_teacher_approved_sense		pending	no
rural-backwater-6e2ed0e8	rural backwater	noun|noun phrase	C1	reading	context-scene	low	needs_teacher_approved_sense		pending	no
rusty-df9728c9	rusty	adjective	C1	writing	contrast-pair	low	needs_teacher_approved_sense		pending	no
ruthless-e2b2bf1b	ruthless	adjective	C1	writing	contrast-pair	low	needs_teacher_approved_sense		pending	no
sack-085c1e1d	sack	verb	C1	reading	action-scene	low	needs_teacher_approved_sense		pending	no
sacred-9d3127fb	sacred	adjective	C1	writing	contrast-pair	low	needs_teacher_approved_sense		pending	no
sacrifice-b3106c7b	sacrifice	noun|verb	C1	reading	multi-sense-panel	low	needs_teacher_approved_sense		pending	no
sadly-a1ac0c6a	sadly	adverb	A2	reading	manner-sequence	low	needs_teacher_approved_sense		pending	no
saint-b924344c	saint	noun	C1	reading	object-or-context-scene	low	needs_teacher_approved_sense		pending	no
sake-29b79322	sake	noun	C1	reading	object-or-context-scene	low	needs_teacher_approved_sense		pending	no
sanction-0a11c486	sanction	noun	C1	writing	concept-metaphor	low	needs_teacher_approved_sense		pending	no
sanctuary-7e42a105	sanctuary	noun	C1	reading	object-or-context-scene	low	needs_teacher_approved_sense		pending	no
save-sb-s-life-5520b0de	save sb's life	verb|verb phrase	C1	reading	context-scene	low	needs_teacher_approved_sense		pending	no
scattered-adc8449c	scattered	adjective	C1	writing	contrast-pair	low	needs_teacher_approved_sense		pending	no
sceptical-650d6b92	sceptical	adjective	C1	writing	contrast-pair	low	needs_teacher_approved_sense		pending	no
schooling-73747cdb	schooling	noun	C1	reading	object-or-context-scene	low	needs_teacher_approved_sense		pending	no
scope-aacd3103	scope	noun	C1	reading	object-or-context-scene	low	needs_teacher_approved_sense		pending	no
scratch-a-living-63d4981c	scratch a living	verb|verb phrase	C1	reading	context-scene	low	needs_teacher_approved_sense		pending	no
screw-35cc01a5	screw	noun|verb	C1	reading	multi-sense-panel	low	needs_teacher_approved_sense		pending	no
scrub-sth-ea8a11fb	scrub sth	verb	C1	reading	context-scene	low	needs_teacher_approved_sense		pending	no
scrutiny-40892c1b	scrutiny	noun	C1	reading	object-or-context-scene	low	needs_teacher_approved_sense		pending	no
seal-0f0ed7eb	seal	noun|verb	C1	reading	multi-sense-panel	low	needs_teacher_approved_sense		pending	no
sear-sth-dcd7bfd1	sear sth	verb	C1	reading	context-scene	low	needs_teacher_approved_sense		pending	no
search-engine-c482a063	search engine	noun	C1	reading	context-scene	low	needs_teacher_approved_sense		pending	no
secondly-a0f1066d	secondly	adverb	A2	reading	manner-sequence	low	needs_teacher_approved_sense		pending	no
secular-f3846619	secular	adjective	C1	writing	contrast-pair	low	needs_teacher_approved_sense		pending	no
seemingly-8a6b25fb	seemingly	adverb	C1	writing	manner-sequence	low	needs_teacher_approved_sense		pending	no
segment-6a80eba8	segment	noun	C1	writing	concept-metaphor	low	needs_teacher_approved_sense		pending	no
seize-44b55eac	seize	verb	C1	reading	action-scene	low	needs_teacher_approved_sense		pending	no
seldom-74e023ef	seldom	noun	C1	writing	concept-metaphor	low	needs_teacher_approved_sense		pending	no
selective-eb4c0d15	selective	adjective	C1	writing	contrast-pair	low	needs_teacher_approved_sense		pending	no
self-awareness-ebc9a2b9	self-awareness	noun	C1	writing	concept-metaphor	low	needs_teacher_approved_sense		pending	no
self-improvement-b851b63d	self-improvement	noun	C1	writing	concept-metaphor	low	needs_teacher_approved_sense		pending	no
senator-9844a3b1	senator	noun	C1	reading	object-or-context-scene	low	needs_teacher_approved_sense		pending	no
sensation-d2ce90c2	sensation	noun	C1	writing	concept-metaphor	low	needs_teacher_approved_sense		pending	no
sensitivity-bb770a71	sensitivity	noun	C1	writing	concept-metaphor	low	needs_teacher_approved_sense		pending	no
sentiment-504a5e68	sentiment	noun	C1	writing	concept-metaphor	low	needs_teacher_approved_sense		pending	no
separation-f7c13f20	separation	noun	C1	writing	concept-metaphor	low	needs_teacher_approved_sense		pending	no
serial-50de66b7	serial	adjective	C1	writing	contrast-pair	low	needs_teacher_approved_sense		pending	no
set-foot-in-d0950ddc	set foot in	verb|verb phrase	C1	reading	context-scene	low	needs_teacher_approved_sense		pending	no
set-up-1905ed78	set-up	noun	C1	reading	object-or-context-scene	low	needs_teacher_approved_sense		pending	no
setback-a11c2299	setback	noun	C1	reading	object-or-context-scene	low	needs_teacher_approved_sense		pending	no
settlement-6c5000af	settlement	noun	C1	writing	concept-metaphor	low	needs_teacher_approved_sense		pending	no
sexuality-3d0eea26	sexuality	noun	C1	writing	concept-metaphor	low	needs_teacher_approved_sense		pending	no
shareholder-61177aac	shareholder	noun	C1	reading	object-or-context-scene	low	needs_teacher_approved_sense		pending	no
shatter-a5303239	shatter	verb	C1	reading	action-scene	low	needs_teacher_approved_sense		pending	no
shatter-sth-3af74e11	shatter sth	verb	C1	reading	context-scene	low	needs_teacher_approved_sense		pending	no
sheer-exuberance-e6ada15a	sheer exuberance	noun|noun phrase	C1	writing	context-scene	low	needs_teacher_approved_sense		pending	no
shipping-20ba3182	shipping	noun	C1	reading	object-or-context-scene	low	needs_teacher_approved_sense		pending	no
shop-online-76232d11	shop online	verb|verb phrase	C1	reading	context-scene	low	needs_teacher_approved_sense		pending	no
short-term-effects-f4b05013	short-term effects	noun|noun phrase	C1	reading	context-scene	low	needs_teacher_approved_sense		pending	no
shriek-5899ff84	shriek	verb	C1	reading	action-scene	low	needs_teacher_approved_sense		pending	no
shrug-d2ec8455	shrug	verb	C1	reading	action-scene	low	needs_teacher_approved_sense		pending	no
side-effect-816b2d5b	side effect	noun	C1	reading	context-scene	low	needs_teacher_approved_sense		pending	no
sift-sth-255f6f93	sift sth	verb	C1	reading	context-scene	low	needs_teacher_approved_sense		pending	no
sign-language-0adf8f98	sign language	noun	C1	reading	context-scene	low	needs_teacher_approved_sense		pending	no
sign-up-for-sth-b9d4c279	sign up for sth	verb	C1	reading	context-scene	low	needs_teacher_approved_sense		pending	no
simulate-3cc2517c	simulate	verb	C1	reading	action-scene	low	needs_teacher_approved_sense		pending	no
simulation-81c0e8e9	simulation	noun	C1	writing	concept-metaphor	low	needs_teacher_approved_sense		pending	no
sin-7d14c04a	sin	noun	C1	reading	object-or-context-scene	low	needs_teacher_approved_sense		pending	no
single-handed-23509a49	single-handed	adjective	C1	writing	contrast-pair	low	needs_teacher_approved_sense		pending	no
sinister-5f765350	sinister	adjective	C1	writing	contrast-pair	low	needs_teacher_approved_sense		pending	no
sitter-09e91188	sitter	noun	C1	reading	object-or-context-scene	low	needs_teacher_approved_sense		pending	no
sitting-duck-2388a601	sitting duck	noun|noun phrase	C1	reading	context-scene	low	needs_teacher_approved_sense		pending	no
skip-c7e16815	skip	verb	C1	reading	action-scene	low	needs_teacher_approved_sense		pending	no
slam-233c2903	slam	verb	C1	reading	action-scene	low	needs_teacher_approved_sense		pending	no
slap-d31beed2	slap	verb	C1	reading	action-scene	low	needs_teacher_approved_sense		pending	no
slap-sb-sth-b7d5e6b2	slap sb/sth	verb	C1	reading	context-scene	low	needs_teacher_approved_sense		pending	no
slash-bee20638	slash	verb	C1	reading	action-scene	low	needs_teacher_approved_sense		pending	no
slavery-dbe289c6	slavery	noun	C1	reading	object-or-context-scene	low	needs_teacher_approved_sense		pending	no
sleep-deprivation-efe100cd	sleep deprivation	noun	C1	writing	context-scene	low	needs_teacher_approved_sense		pending	no
slight-improvement-4e7eafd2	slight improvement	adjective|noun	C1	writing	context-scene	low	needs_teacher_approved_sense		pending	no
slot-462854f9	slot	noun	C1	reading	object-or-context-scene	low	needs_teacher_approved_sense		pending	no
sluggish-4e47b852	sluggish	adjective	C1	writing	contrast-pair	low	needs_teacher_approved_sense		pending	no
snap-603863e3	snap	verb	C1	reading	action-scene	low	needs_teacher_approved_sense		pending	no
snowball-cbf41f5b	snowball	verb	C1	reading	action-scene	low	needs_teacher_approved_sense		pending	no
soak-69491bcc	soak	verb	C1	reading	action-scene	low	needs_teacher_approved_sense		pending	no
soar-719e9a26	soar	verb	C1	reading	action-scene	low	needs_teacher_approved_sense		pending	no
social-networking-website-5c0ed7b0	social networking website	noun	C1	reading	context-scene	low	needs_teacher_approved_sense		pending	no
socialise-dd7b4948	socialise	verb	C1	reading	action-scene	low	needs_teacher_approved_sense		pending	no
socialist-ce573f32	socialist	adjective	C1	writing	contrast-pair	low	needs_teacher_approved_sense		pending	no
sole-665a626e	sole	adjective	C1	writing	contrast-pair	low	needs_teacher_approved_sense		pending	no
solely-220b4074	solely	adverb	C1	writing	manner-sequence	low	needs_teacher_approved_sense		pending	no
solicitor-13506c76	solicitor	noun	C1	reading	object-or-context-scene	low	needs_teacher_approved_sense		pending	no
solidarity-df6063e3	solidarity	noun	C1	writing	concept-metaphor	low	needs_teacher_approved_sense		pending	no
solve-a-problem-4b13c941	solve a problem	verb|verb phrase	C1	reading	context-scene	low	needs_teacher_approved_sense		pending	no
source-828d338a	source	noun	A2	reading	object-or-context-scene	low	needs_teacher_approved_sense		pending	no
sovereignty-3cbf4111	sovereignty	noun	C1	reading	object-or-context-scene	low	needs_teacher_approved_sense		pending	no
spacious-29715c18	spacious	adjective	C1	writing	contrast-pair	low	needs_teacher_approved_sense		pending	no
spam-ded982e7	spam	noun	C1	reading	object-or-context-scene	low	needs_teacher_approved_sense		pending	no
span-6325f8c6	span	noun|verb	C1	reading	multi-sense-panel	low	needs_teacher_approved_sense		pending	no
spark-7187dade	spark	verb	C1	reading	action-scene	low	needs_teacher_approved_sense		pending	no
spark-sth-off-db99060a	spark sth off	verb	C1	reading	context-scene	low	needs_teacher_approved_sense		pending	no
sparkle-c840d118	sparkle	verb	C1	reading	action-scene	low	needs_teacher_approved_sense		pending	no
spartan-7bdab85f	spartan	adjective	C1	writing	contrast-pair	low	needs_teacher_approved_sense		pending	no
spate-4df36fc8	spate	noun	C1	reading	object-or-context-scene	low	needs_teacher_approved_sense		pending	no
specialized-e66c06b6	specialized	adjective	C1	writing	contrast-pair	low	needs_teacher_approved_sense		pending	no
specific-660cffc2	specific	adjective	A2	reading	contrast-pair	low	needs_teacher_approved_sense		pending	no
specification-03d6a194	specification	noun	C1	writing	concept-metaphor	low	needs_teacher_approved_sense		pending	no
specimen-e28ae40d	specimen	noun	C1	reading	object-or-context-scene	low	needs_teacher_approved_sense		pending	no
spectacle-8088292a	spectacle	noun	C1	reading	object-or-context-scene	low	needs_teacher_approved_sense		pending	no
spectrum-cd556c02	spectrum	noun	C1	reading	object-or-context-scene	low	needs_teacher_approved_sense		pending	no
sphere-f2954408	sphere	noun	C1	reading	object-or-context-scene	low	needs_teacher_approved_sense		pending	no
spider-640fb061	spider	noun	A2	reading	object-or-context-scene	low	needs_teacher_approved_sense		pending	no
spin-a801301e	spin	noun|verb	C1	reading	multi-sense-panel	low	needs_teacher_approved_sense		pending	no
spine-8e885be0	spine	noun	C1	reading	object-or-context-scene	low	needs_teacher_approved_sense		pending	no
splitting-headache-65cd828f	splitting headache	noun|noun phrase	C1	reading	context-scene	low	needs_teacher_approved_sense		pending	no
sponsor-sb-sth-e73c20bb	sponsor sb/sth	verb	C1	reading	context-scene	low	needs_teacher_approved_sense		pending	no
spontaneity-b5890d53	spontaneity	noun	C1	writing	concept-metaphor	low	needs_teacher_approved_sense		pending	no
spooky-36814d00	spooky	adjective	C1	writing	contrast-pair	low	needs_teacher_approved_sense		pending	no
spotlight-6e91db97	spotlight	noun	C1	reading	object-or-context-scene	low	needs_teacher_approved_sense		pending	no
sprawling-6ff23753	sprawling	adjective	C1	writing	contrast-pair	low	needs_teacher_approved_sense		pending	no
spur-f3ed6710	spur	noun	C1	reading	object-or-context-scene	low	needs_teacher_approved_sense		pending	no
squad-9ceb515c	squad	noun	C1	reading	object-or-context-scene	low	needs_teacher_approved_sense		pending	no
squeeze-a1259b42	squeeze	verb	C1	reading	action-scene	low	needs_teacher_approved_sense		pending	no
stab-9a8b470c	stab	verb	C1	reading	action-scene	low	needs_teacher_approved_sense		pending	no
stab-sb-in-the-back-9ad8828c	stab sb in the back	verb|verb phrase	C1	reading	context-scene	low	needs_teacher_approved_sense		pending	no
stability-e70647c6	stability	noun	C1	writing	concept-metaphor	low	needs_teacher_approved_sense		pending	no
stabilize-d534eb4b	stabilize	verb	C1	reading	action-scene	low	needs_teacher_approved_sense		pending	no
stair-bb31fd64	stair	noun	A2	reading	object-or-context-scene	low	needs_teacher_approved_sense		pending	no
stake-2f6c8f6b	stake	noun	C1	reading	object-or-context-scene	low	needs_teacher_approved_sense		pending	no
stand-sb-in-good-stead-69762875	stand sb in good stead	verb|verb phrase	C1	reading	context-scene	low	needs_teacher_approved_sense		pending	no
standing-8b6cd622	standing	adjective	C1	writing	contrast-pair	low	needs_teacher_approved_sense		pending	no
star-crossed-lovers-b3be6fa0	star-crossed lovers	noun|noun phrase	C1	reading	context-scene	low	needs_teacher_approved_sense		pending	no
stark-ec595fb7	stark	adjective	C1	writing	contrast-pair	low	needs_teacher_approved_sense		pending	no
statement-bbb930cc	statement	noun	A1	reading	concept-metaphor	low	needs_teacher_approved_sense		pending	no
statistical-a4f408e5	statistical	adjective	C1	writing	contrast-pair	low	needs_teacher_approved_sense		pending	no
steer-f8bfc15d	steer	verb	C1	reading	action-scene	low	needs_teacher_approved_sense		pending	no
steer-sth-83b0b76b	steer sth	verb	C1	reading	context-scene	low	needs_teacher_approved_sense		pending	no
stereotype-11207bad	stereotype	noun	C1	reading	object-or-context-scene	low	needs_teacher_approved_sense		pending	no
stick-around-3a1f801d	stick around	verb	C1	reading	context-scene	low	needs_teacher_approved_sense		pending	no
stifling-ae2f9e7d	stifling	adjective	C1	writing	contrast-pair	low	needs_teacher_approved_sense		pending	no
stimulus-4a7986ab	stimulus	noun	C1	reading	object-or-context-scene	low	needs_teacher_approved_sense		pending	no
stir-the-imagination-41d6641f	stir the imagination	verb|verb phrase	C1	reading	context-scene	low	needs_teacher_approved_sense		pending	no
storage-3d48292e	storage	noun	C1	reading	object-or-context-scene	low	needs_teacher_approved_sense		pending	no
straight-on-9eec7868	straight on	adverb	A2	speaking	context-scene	low	needs_teacher_approved_sense		pending	no
strain-26d10fbf	strain	noun	C1	reading	object-or-context-scene	low	needs_teacher_approved_sense		pending	no
strand-d6ed2f81	strand	noun	C1	reading	object-or-context-scene	low	needs_teacher_approved_sense		pending	no
strategic-78a6f39c	strategic	adjective	C1	writing	contrast-pair	low	needs_teacher_approved_sense		pending	no
strategy-31e10e63	strategy	noun	A2	reading	object-or-context-scene	low	needs_teacher_approved_sense		pending	no
striking-5206b3ae	striking	adjective	C1	writing	contrast-pair	low	needs_teacher_approved_sense		pending	no
strip-1a942eab	strip	noun|verb	C1	reading	multi-sense-panel	low	needs_teacher_approved_sense		pending	no
strive-5c970ffc	strive	verb	C1	reading	action-scene	low	needs_teacher_approved_sense		pending	no
structural-fbed31bc	structural	adjective	C1	writing	contrast-pair	low	needs_teacher_approved_sense		pending	no
study-skills-1115e8dc	study skills	noun	C1	reading	context-scene	low	needs_teacher_approved_sense		pending	no
stumble-67c21a24	stumble	verb	C1	reading	action-scene	low	needs_teacher_approved_sense		pending	no
stun-fea71c3b	stun	verb	C1	reading	action-scene	low	needs_teacher_approved_sense		pending	no
subconscious-bfe0f1d5	subconscious	noun	C1	reading	object-or-context-scene	low	needs_teacher_approved_sense		pending	no
sublime-1a5813dc	sublime	adjective	C1	writing	contrast-pair	low	needs_teacher_approved_sense		pending	no
submission-4da0c3de	submission	noun	C1	writing	concept-metaphor	low	needs_teacher_approved_sense		pending	no
submit-an-assignment-3b0017ca	submit an assignment	verb|verb phrase	C1	reading	context-scene	low	needs_teacher_approved_sense		pending	no
subscriber-32086137	subscriber	noun	C1	reading	object-or-context-scene	low	needs_teacher_approved_sense		pending	no
subscription-dc917a77	subscription	noun	C1	writing	concept-metaphor	low	needs_teacher_approved_sense		pending	no
subsidise-sb-sth-5dcf4659	subsidise sb/sth	verb	C1	reading	context-scene	low	needs_teacher_approved_sense		pending	no
subsidy-7cf99e2d	subsidy	noun	C1	reading	object-or-context-scene	low	needs_teacher_approved_sense		pending	no
substantially-f0d248b1	substantially	adverb	C1	writing	manner-sequence	low	needs_teacher_approved_sense		pending	no
substitute-6a8b6953	substitute	noun|verb	C1	reading	multi-sense-panel	low	needs_teacher_approved_sense		pending	no
substitution-a6288710	substitution	noun	C1	writing	concept-metaphor	low	needs_teacher_approved_sense		pending	no
suburban-eeaf4420	suburban	adjective	C1	writing	contrast-pair	low	needs_teacher_approved_sense		pending	no
succession-a54f5d45	succession	noun	C1	writing	concept-metaphor	low	needs_teacher_approved_sense		pending	no
successive-f76f0792	successive	adjective	C1	writing	contrast-pair	low	needs_teacher_approved_sense		pending	no
successor-cd4d7c5d	successor	noun	C1	reading	object-or-context-scene	low	needs_teacher_approved_sense		pending	no
suck-4f79cc4a	suck	verb	C1	reading	action-scene	low	needs_teacher_approved_sense		pending	no
sudden-jolt-f153fa40	sudden jolt	adjective|noun	C1	writing	context-scene	low	needs_teacher_approved_sense		pending	no
sue-1eac7bdc	sue	verb	C1	reading	action-scene	low	needs_teacher_approved_sense		pending	no
suffer-from-a-disease-86b5e1ea	suffer from a disease	verb|verb phrase	C1	reading	context-scene	low	needs_teacher_approved_sense		pending	no
suicide-b6928c29	suicide	noun	C1	reading	object-or-context-scene	low	needs_teacher_approved_sense		pending	no
summit-b3fbfac0	summit	noun	C1	reading	object-or-context-scene	low	needs_teacher_approved_sense		pending	no
superior-063dcf21	superior	adjective	C1	writing	contrast-pair	low	needs_teacher_approved_sense		pending	no
supplement-b5867ae5	supplement	noun|verb	C1	writing	multi-sense-panel	low	needs_teacher_approved_sense		pending	no
support-group-bc6c812e	support group	noun	C1	reading	context-scene	low	needs_teacher_approved_sense		pending	no
supportive-4ceafbc4	supportive	adjective	C1	writing	contrast-pair	low	needs_teacher_approved_sense		pending	no
supposedly-311d71a6	supposedly	adverb	C1	writing	manner-sequence	low	needs_teacher_approved_sense		pending	no
suppress-7309ece9	suppress	verb	C1	reading	action-scene	low	needs_teacher_approved_sense		pending	no
supreme-3da8ee17	supreme	adjective	C1	writing	contrast-pair	low	needs_teacher_approved_sense		pending	no
surf-the-net-31958263	surf the net	verb|verb phrase	C1	reading	context-scene	low	needs_teacher_approved_sense		pending	no
surge-c5b9c04c	surge	noun|verb	C1	reading	multi-sense-panel	low	needs_teacher_approved_sense		pending	no
surgical-2217938c	surgical	adjective	C1	writing	contrast-pair	low	needs_teacher_approved_sense		pending	no
surplus-19277fe5	surplus	noun	C1	reading	object-or-context-scene	low	needs_teacher_approved_sense		pending	no
surprising-50b8de2e	surprising	adjective	A2	reading	contrast-pair	low	needs_teacher_approved_sense		pending	no
surrender-3647690b	surrender	verb	C1	reading	action-scene	low	needs_teacher_approved_sense		pending	no
surveillance-124ede6e	surveillance	noun	C1	writing	concept-metaphor	low	needs_teacher_approved_sense		pending	no
suspension-066b4eb7	suspension	noun	C1	writing	concept-metaphor	low	needs_teacher_approved_sense		pending	no
suspicion-15f3df9e	suspicion	noun	C1	reading	object-or-context-scene	low	needs_teacher_approved_sense		pending	no
suspicious-92073842	suspicious	adjective	C1	writing	contrast-pair	low	needs_teacher_approved_sense		pending	no
sustain-1cab29e8	sustain	verb	C1	reading	action-scene	low	needs_teacher_approved_sense		pending	no
swerve-eb2e1c4d	swerve	verb	C1	reading	action-scene	low	needs_teacher_approved_sense		pending	no
swig-2375338c	swig	noun	C1	reading	object-or-context-scene	low	needs_teacher_approved_sense		pending	no
swing-723f4e1c	swing	noun|verb	C1	reading	multi-sense-panel	low	needs_teacher_approved_sense		pending	no
switch-between-languages-from-one-language-to-another-8e1f1e93	switch between languages/from one language to another	verb|verb phrase	C1	reading	context-scene	low	needs_teacher_approved_sense		pending	no
sword-10b0b9bc	sword	noun	C1	reading	object-or-context-scene	low	needs_teacher_approved_sense		pending	no
symbol-810a25d7	symbol	noun	A2	reading	object-or-context-scene	low	needs_teacher_approved_sense		pending	no
syndrome-1de9da18	syndrome	noun	C1	reading	object-or-context-scene	low	needs_teacher_approved_sense		pending	no
synthesis-6c943beb	synthesis	noun	C1	reading	object-or-context-scene	low	needs_teacher_approved_sense		pending	no
systematic-e5f87bc8	systematic	adjective	C1	writing	contrast-pair	low	needs_teacher_approved_sense		pending	no
tactic-8080905d	tactic	noun	C1	reading	object-or-context-scene	low	needs_teacher_approved_sense		pending	no
tactical-192cb80b	tactical	adjective	C1	writing	contrast-pair	low	needs_teacher_approved_sense		pending	no
tactics-3482dd30	tactics	noun	C1	reading	object-or-context-scene	low	needs_teacher_approved_sense		pending	no
take-a-course-a2835d31	take a course	verb|verb phrase	C1	reading	context-scene	low	needs_teacher_approved_sense		pending	no
take-account-of-sth-4683ef18	take account of sth	verb|verb phrase	C1	reading	context-scene	low	needs_teacher_approved_sense		pending	no
take-action-1e5ec003	take action	verb|verb phrase	C1	reading	context-scene	low	needs_teacher_approved_sense		pending	no
take-on-a-character-of-its-own-7d965544	take on a character of its own	verb|verb phrase	C1	reading	context-scene	low	needs_teacher_approved_sense		pending	no
take-sb-by-surprise-0762983f	take sb by surprise	verb|verb phrase	C1	reading	context-scene	low	needs_teacher_approved_sense		pending	no
take-sb-step-by-step-through-a-process-66645a33	take sb step-by-step through a process	verb|verb phrase	C1	reading	context-scene	low	needs_teacher_approved_sense		pending	no
take-sb-to-court-f646a2f0	take sb to court	verb|verb phrase	C1	reading	context-scene	low	needs_teacher_approved_sense		pending	no
take-sth-into-consideration-9bb080ea	take sth into consideration	verb|verb phrase	C1	reading	context-scene	low	needs_teacher_approved_sense		pending	no
take-sth-seriously-9ca248dd	take sth seriously	verb|verb phrase	C1	reading	context-scene	low	needs_teacher_approved_sense		pending	no
talk-to-sb-on-their-own-terms-7cfbd293	talk to sb on their own terms	verb|verb phrase	C1	reading	context-scene	low	needs_teacher_approved_sense		pending	no
tandem-93731a1d	tandem	adverb	C1	writing	manner-sequence	low	needs_teacher_approved_sense		pending	no
tantalising-242e1355	tantalising	adjective	C1	writing	contrast-pair	low	needs_teacher_approved_sense		pending	no
task-7fbb727d	task	noun	A2	reading	object-or-context-scene	low	needs_teacher_approved_sense		pending	no
taxpayer-127292cc	taxpayer	noun	C1	reading	object-or-context-scene	low	needs_teacher_approved_sense		pending	no
teaching-method-ca1afc0b	teaching method	noun	C1	reading	context-scene	low	needs_teacher_approved_sense		pending	no
technically-feasible-fe6a34ca	technically feasible	adjective|adverb	C1	writing	context-scene	low	needs_teacher_approved_sense		pending	no
teenage-038b2cd4	teenage	adjective	A2	reading	contrast-pair	low	needs_teacher_approved_sense		pending	no
teenage-angst-8d5e58c2	teenage angst	noun	C1	reading	context-scene	low	needs_teacher_approved_sense		pending	no
tempt-e976c086	tempt	verb	C1	reading	action-scene	low	needs_teacher_approved_sense		pending	no
tender-245d1e8a	tender	adjective	C1	writing	contrast-pair	low	needs_teacher_approved_sense		pending	no
tenet-cbfae0a3	tenet	noun	C1	reading	object-or-context-scene	low	needs_teacher_approved_sense		pending	no
tenure-c8c62b60	tenure	noun	C1	reading	object-or-context-scene	low	needs_teacher_approved_sense		pending	no
terminate-e261fbd2	terminate	verb	C1	reading	action-scene	low	needs_teacher_approved_sense		pending	no
terrain-da52cbf5	terrain	noun	C1	reading	object-or-context-scene	low	needs_teacher_approved_sense		pending	no
testify-2aff7541	testify	verb	C1	reading	action-scene	low	needs_teacher_approved_sense		pending	no
testimony-73daa624	testimony	noun	C1	reading	object-or-context-scene	low	needs_teacher_approved_sense		pending	no
text-book-84ed78e6	text book	noun	A2	speaking	context-scene	low	needs_teacher_approved_sense		pending	no
texture-8ab5cbe2	texture	noun	C1	reading	object-or-context-scene	low	needs_teacher_approved_sense		pending	no
thankfully-1ae1bcda	thankfully	adverb	C1	writing	manner-sequence	low	needs_teacher_approved_sense		pending	no
thaw-9e018d49	thaw	verb	C1	reading	action-scene	low	needs_teacher_approved_sense		pending	no
the-advent-of-sth-58ba03a7	the advent of sth	noun|noun phrase	C1	reading	context-scene	low	needs_teacher_approved_sense		pending	no
the-bush-10f6a300	the bush	noun	C1	reading	context-scene	low	needs_teacher_approved_sense		pending	no
the-chance-of-a-lifetime-626d1a07	the chance of a lifetime	noun|noun phrase	C1	reading	context-scene	low	needs_teacher_approved_sense		pending	no
the-emergency-services-c9e71d41	the emergency services	noun	C1	reading	context-scene	low	needs_teacher_approved_sense		pending	no
the-first-hurdle-12874533	the first hurdle	noun|noun phrase	C1	reading	context-scene	low	needs_teacher_approved_sense		pending	no
the-human-condition-e3377acb	the human condition	noun	C1	writing	context-scene	low	needs_teacher_approved_sense		pending	no
the-human-psyche-f2dca341	the human psyche	noun	C1	reading	context-scene	low	needs_teacher_approved_sense		pending	no
the-odd-day-here-and-there-b45902ee	the odd day here and there	noun|noun phrase	C1	reading	context-scene	low	needs_teacher_approved_sense		pending	no
the-tabloids-031932eb	the tabloids	noun	C1	reading	context-scene	low	needs_teacher_approved_sense		pending	no
theatrical-5a10139c	theatrical	adjective	C1	writing	contrast-pair	low	needs_teacher_approved_sense		pending	no
theology-02fe2039	theology	noun	C1	reading	object-or-context-scene	low	needs_teacher_approved_sense		pending	no
theoretical-caa34d08	theoretical	adjective	C1	writing	contrast-pair	low	needs_teacher_approved_sense		pending	no
thereabouts-89eab062	thereabouts	adverb	C1	writing	manner-sequence	low	needs_teacher_approved_sense		pending	no
thereafter-8d781104	thereafter	adverb	C1	writing	manner-sequence	low	needs_teacher_approved_sense		pending	no
thereby-6e76a4e5	thereby	adverb	C1	writing	manner-sequence	low	needs_teacher_approved_sense		pending	no
think-for-yourself-125d1a4b	think for yourself	verb|verb phrase	C1	reading	context-scene	low	needs_teacher_approved_sense		pending	no
think-you-know-best-78df4aa7	think you know best	verb|verb phrase	C1	reading	context-scene	low	needs_teacher_approved_sense		pending	no
thinking-beac9eac	thinking	noun	A2	reading	object-or-context-scene	low	needs_teacher_approved_sense		pending	no
third-34fb3300	third	noun|number	A1|A2	reading	object-or-context-scene	low	needs_teacher_approved_sense		pending	no
thought-provoking-b61f950b	thought-provoking	adjective	C1	writing	contrast-pair	low	needs_teacher_approved_sense		pending	no
thread-c283e375	thread	noun	C1	reading	object-or-context-scene	low	needs_teacher_approved_sense		pending	no
threadbare-cbc4e82c	threadbare	adjective	C1	writing	contrast-pair	low	needs_teacher_approved_sense		pending	no
threat-to-wildlife-d77be089	threat to wildlife	noun|noun phrase	C1	reading	context-scene	low	needs_teacher_approved_sense		pending	no
threshold-01dafae9	threshold	noun	C1	reading	object-or-context-scene	low	needs_teacher_approved_sense		pending	no
thrilled-8b56aa08	thrilled	adjective	C1	writing	contrast-pair	low	needs_teacher_approved_sense		pending	no
thrive-4a7256df	thrive	verb	C1	reading	action-scene	low	needs_teacher_approved_sense		pending	no
throw-up-your-hands-37ad5b7d	throw up your hands	verb|verb phrase	C1	reading	context-scene	low	needs_teacher_approved_sense		pending	no
tide-17c772d6	tide	noun	C1	reading	object-or-context-scene	low	needs_teacher_approved_sense		pending	no
ties-a758358b	ties	noun	C1	reading	object-or-context-scene	low	needs_teacher_approved_sense		pending	no
tighten-120bb93b	tighten	verb	C1	reading	action-scene	low	needs_teacher_approved_sense		pending	no
timber-e4651c9f	timber	noun	C1	reading	object-or-context-scene	low	needs_teacher_approved_sense		pending	no
time-consuming-e99ae9aa	time-consuming	adjective	C1	writing	contrast-pair	low	needs_teacher_approved_sense		pending	no
time-keeping-2c54a653	time-keeping	noun	C1	reading	object-or-context-scene	low	needs_teacher_approved_sense		pending	no
timely-d3496bac	timely	adjective	C1	writing	contrast-pair	low	needs_teacher_approved_sense		pending	no
tobacco-70178a60	tobacco	noun	C1	reading	object-or-context-scene	low	needs_teacher_approved_sense		pending	no
toddler-792051e3	toddler	noun	C1	reading	object-or-context-scene	low	needs_teacher_approved_sense		pending	no
tolerance-8432c7b6	tolerance	noun	C1	writing	concept-metaphor	low	needs_teacher_approved_sense		pending	no
tolerate-10c166e6	tolerate	verb	C1	reading	action-scene	low	needs_teacher_approved_sense		pending	no
toll-3cc82b67	toll	noun	C1	reading	object-or-context-scene	low	needs_teacher_approved_sense		pending	no
tool-1937c4c2	tool	noun	A2	reading	object-or-context-scene	low	needs_teacher_approved_sense		pending	no
torrent-a2ec67d8	torrent	noun	C1	reading	object-or-context-scene	low	needs_teacher_approved_sense		pending	no
torture-0734b72a	torture	noun|verb	C1	reading	multi-sense-panel	low	needs_teacher_approved_sense		pending	no
toss-d3b41209	toss	verb	C1	reading	action-scene	low	needs_teacher_approved_sense		pending	no
toxic-a4e0a6fa	toxic	adjective	C1	writing	contrast-pair	low	needs_teacher_approved_sense		pending	no
trademark-01c37993	trademark	noun	C1	reading	object-or-context-scene	low	needs_teacher_approved_sense		pending	no
tradition-56d99310	tradition	noun	A2	reading	concept-metaphor	low	needs_teacher_approved_sense		pending	no
traffic-lights-a430759a	traffic lights	noun	A2	speaking	context-scene	low	needs_teacher_approved_sense		pending	no
trail-81a85c61	trail	noun|verb	C1	reading	multi-sense-panel	low	needs_teacher_approved_sense		pending	no
trailer-9c0f8c4a	trailer	noun	C1	reading	object-or-context-scene	low	needs_teacher_approved_sense		pending	no
transaction-41c48b55	transaction	noun	C1	writing	concept-metaphor	low	needs_teacher_approved_sense		pending	no
transcript-ed12c188	transcript	noun	C1	reading	object-or-context-scene	low	needs_teacher_approved_sense		pending	no
transfiguration-e3e32850	transfiguration	noun	C1	writing	concept-metaphor	low	needs_teacher_approved_sense		pending	no
transformation-1b3ad029	transformation	noun	C1	writing	concept-metaphor	low	needs_teacher_approved_sense		pending	no
transit-195704cb	transit	noun	C1	reading	object-or-context-scene	low	needs_teacher_approved_sense		pending	no
transmission-34899a33	transmission	noun	C1	writing	concept-metaphor	low	needs_teacher_approved_sense		pending	no
transparency-ce03e308	transparency	noun	C1	writing	concept-metaphor	low	needs_teacher_approved_sense		pending	no
transparent-038e6f38	transparent	adjective	C1	writing	contrast-pair	low	needs_teacher_approved_sense		pending	no
trauma-ecf40479	trauma	noun	C1	reading	object-or-context-scene	low	needs_teacher_approved_sense		pending	no
traveller-a58c7f0d	traveller	noun	A2	reading	object-or-context-scene	low	needs_teacher_approved_sense		pending	no
treat-sb-with-respect-17410d76	treat sb with respect	verb|verb phrase	C1	reading	context-scene	low	needs_teacher_approved_sense		pending	no
treaty-4f8f1d1e	treaty	noun	C1	reading	object-or-context-scene	low	needs_teacher_approved_sense		pending	no
tremendous-e6c8f31e	tremendous	adjective	C1	writing	contrast-pair	low	needs_teacher_approved_sense		pending	no
tribal-1e91d0be	tribal	adjective	C1	writing	contrast-pair	low	needs_teacher_approved_sense		pending	no
tribunal-77422103	tribunal	noun	C1	reading	object-or-context-scene	low	needs_teacher_approved_sense		pending	no
tribute-aa4798cb	tribute	noun	C1	reading	object-or-context-scene	low	needs_teacher_approved_sense		pending	no
trio-50d4675e	trio	noun	C1	reading	object-or-context-scene	low	needs_teacher_approved_sense		pending	no
triumph-159ff1d6	triumph	noun	C1	reading	object-or-context-scene	low	needs_teacher_approved_sense		pending	no
tropical-island-a633aa23	tropical island	noun	C1	reading	context-scene	low	needs_teacher_approved_sense		pending	no
troubled-cf5efec1	troubled	adjective	C1	writing	contrast-pair	low	needs_teacher_approved_sense		pending	no
trustee-511068d2	trustee	noun	C1	reading	object-or-context-scene	low	needs_teacher_approved_sense		pending	no
trustworthy-a4bdbf4a	trustworthy	adjective	C1	writing	contrast-pair	low	needs_teacher_approved_sense		pending	no
turn-a-blind-eye-to-sth-06c16b29	turn a blind eye to sth	verb|verb phrase	C1	reading	context-scene	low	needs_teacher_approved_sense		pending	no
turn-sth-to-your-advantage-3f27b2e3	turn sth to your advantage	verb|verb phrase	C1	reading	context-scene	low	needs_teacher_approved_sense		pending	no
turnout-18257297	turnout	noun	C1	reading	object-or-context-scene	low	needs_teacher_approved_sense		pending	no
turnover-83e4fbbb	turnover	noun	C1	reading	object-or-context-scene	low	needs_teacher_approved_sense		pending	no
tv-ff0dc9ba	TV	noun	A1	reading	object-or-context-scene	low	needs_teacher_approved_sense		pending	no
tv-network-013c54cc	TV network	noun	C1	reading	context-scene	low	needs_teacher_approved_sense		pending	no
twist-d84b8620	twist	noun|verb	C1	reading	multi-sense-panel	low	needs_teacher_approved_sense		pending	no
unaffected-b95e7d9b	unaffected	adjective	C1	writing	contrast-pair	low	needs_teacher_approved_sense		pending	no
unbearable-4ba313c6	unbearable	adjective	C1	writing	contrast-pair	low	needs_teacher_approved_sense		pending	no
undergo-a-profound-transformation-61393454	undergo a profound transformation	verb|verb phrase	C1	reading	context-scene	low	needs_teacher_approved_sense		pending	no
underlying-90e7552b	underlying	adjective	C1	writing	contrast-pair	low	needs_teacher_approved_sense		pending	no
undermine-7ecd02fc	undermine	verb	C1	reading	action-scene	low	needs_teacher_approved_sense		pending	no
understanding-14a9d766	understanding	noun	A2	reading	object-or-context-scene	low	needs_teacher_approved_sense		pending	no
undoubtedly-63e295a8	undoubtedly	adverb	C1	writing	manner-sequence	low	needs_teacher_approved_sense		pending	no
unethical-edaa2776	unethical	adjective	C1	writing	contrast-pair	low	needs_teacher_approved_sense		pending	no
unify-3b6c457b	unify	verb	C1	reading	action-scene	low	needs_teacher_approved_sense		pending	no
uninhibited-28f3c24a	uninhibited	adjective	C1	writing	contrast-pair	low	needs_teacher_approved_sense		pending	no
unintended-7e8cb54d	unintended	adjective	C1	writing	contrast-pair	low	needs_teacher_approved_sense		pending	no
united-ecb7b4f4	united	adjective	A2	reading	contrast-pair	low	needs_teacher_approved_sense		pending	no
university-campus-682ee3a6	university campus	noun	C1	reading	context-scene	low	needs_teacher_approved_sense		pending	no
unobtainable-553abb77	unobtainable	adjective	C1	writing	contrast-pair	low	needs_teacher_approved_sense		pending	no
unprecedented-afbeeda5	unprecedented	adjective	C1	writing	contrast-pair	low	needs_teacher_approved_sense		pending	no
unrestrained-ae35b19c	unrestrained	adjective	C1	writing	contrast-pair	low	needs_teacher_approved_sense		pending	no
unskilled-f36de212	unskilled	adjective	C1	writing	contrast-pair	low	needs_teacher_approved_sense		pending	no
untold-tales-632e6580	untold tales	noun|noun phrase	C1	reading	context-scene	low	needs_teacher_approved_sense		pending	no
unveil-f3497ea3	unveil	verb	C1	reading	action-scene	low	needs_teacher_approved_sense		pending	no
up-market-a2ce43ee	up-market	adjective	C1	writing	contrast-pair	low	needs_teacher_approved_sense		pending	no
upcoming-be4f4f44	upcoming	adjective	C1	writing	contrast-pair	low	needs_teacher_approved_sense		pending	no
upgrade-7c5e83d7	upgrade	noun|verb	C1	reading	multi-sense-panel	low	needs_teacher_approved_sense		pending	no
upgrade-sth-a582f4cf	upgrade sth	verb	C1	reading	context-scene	low	needs_teacher_approved_sense		pending	no
uphold-544884e4	uphold	verb	C1	reading	action-scene	low	needs_teacher_approved_sense		pending	no
upload-sth-9a7b8778	upload sth	verb	C1	reading	context-scene	low	needs_teacher_approved_sense		pending	no
uptight-1274667b	uptight	adjective	C1	writing	contrast-pair	low	needs_teacher_approved_sense		pending	no
utilitarian-75abde51	utilitarian	adjective	C1	writing	contrast-pair	low	needs_teacher_approved_sense		pending	no
utility-8884fd30	utility	noun	C1	writing	concept-metaphor	low	needs_teacher_approved_sense		pending	no
utilize-c7bed6d7	utilize	verb	C1	reading	action-scene	low	needs_teacher_approved_sense		pending	no
vacuum-aac366da	vacuum	noun	C1	reading	object-or-context-scene	low	needs_teacher_approved_sense		pending	no
vague-94d08d6a	vague	adjective	C1	writing	contrast-pair	low	needs_teacher_approved_sense		pending	no
validity-c5aa6755	validity	noun	C1	writing	concept-metaphor	low	needs_teacher_approved_sense		pending	no
vanish-6c707595	vanish	verb	C1	reading	action-scene	low	needs_teacher_approved_sense		pending	no
variable-b46d0172	variable	adjective|noun	C1	writing	multi-sense-panel	low	needs_teacher_approved_sense		pending	no
varied-75b4d7d7	varied	adjective	C1	writing	contrast-pair	low	needs_teacher_approved_sense		pending	no
vast-knowledge-590e92b0	vast knowledge	adjective|noun	C1	writing	context-scene	low	needs_teacher_approved_sense		pending	no
vein-9c795e6a	vein	noun	C1	reading	object-or-context-scene	low	needs_teacher_approved_sense		pending	no
venture-36c53fa4	venture	noun|verb	C1	reading	multi-sense-panel	low	needs_teacher_approved_sense		pending	no
verbal-a1cca50f	verbal	adjective	C1	writing	contrast-pair	low	needs_teacher_approved_sense		pending	no
verdict-860360ac	verdict	noun	C1	reading	object-or-context-scene	low	needs_teacher_approved_sense		pending	no
verify-86a4261d	verify	verb	C1	reading	action-scene	low	needs_teacher_approved_sense		pending	no
vessel-90370074	vessel	noun	C1	reading	object-or-context-scene	low	needs_teacher_approved_sense		pending	no
viable-a7e05566	viable	adjective	C1	writing	contrast-pair	low	needs_teacher_approved_sense		pending	no
vibrant-08fe0690	vibrant	adjective	C1	writing	contrast-pair	low	needs_teacher_approved_sense		pending	no
vice-49443c2e	vice	noun	C1	reading	object-or-context-scene	low	needs_teacher_approved_sense		pending	no
vicious-4644fd12	vicious	adjective	C1	writing	contrast-pair	low	needs_teacher_approved_sense		pending	no
video-recorder-e044dae0	video recorder	noun	A2	speaking	context-scene	low	needs_teacher_approved_sense		pending	no
villager-51b98b8d	villager	noun	C1	reading	object-or-context-scene	low	needs_teacher_approved_sense		pending	no
violate-a5ec4bde	violate	verb	C1	reading	action-scene	low	needs_teacher_approved_sense		pending	no
violation-90f4ae11	violation	noun	C1	writing	concept-metaphor	low	needs_teacher_approved_sense		pending	no
virtue-b29400da	virtue	noun	C1	reading	object-or-context-scene	low	needs_teacher_approved_sense		pending	no
vocal-5a293c2f	vocal	adjective	C1	writing	contrast-pair	low	needs_teacher_approved_sense		pending	no
volatile-5b12b97a	volatile	adjective	C1	writing	contrast-pair	low	needs_teacher_approved_sense		pending	no
vow-1be7a308	vow	verb	C1	reading	action-scene	low	needs_teacher_approved_sense		pending	no
vulnerability-13c6cb1c	vulnerability	noun	C1	writing	concept-metaphor	low	needs_teacher_approved_sense		pending	no
war-torn-f889164e	war-torn	adjective	C1	writing	contrast-pair	low	needs_teacher_approved_sense		pending	no
ward-f7d6f816	ward	noun	C1	reading	object-or-context-scene	low	needs_teacher_approved_sense		pending	no
warfare-d6071776	warfare	noun	C1	reading	object-or-context-scene	low	needs_teacher_approved_sense		pending	no
warrant-e11ed3af	warrant	noun|verb	C1	reading	multi-sense-panel	low	needs_teacher_approved_sense		pending	no
warrior-f4c16fcf	warrior	noun	C1	reading	object-or-context-scene	low	needs_teacher_approved_sense		pending	no
washing-0f9fc203	washing	noun	A2	reading	object-or-context-scene	low	needs_teacher_approved_sense		pending	no
waste-disposal-3f81e6c1	waste disposal	noun	C1	reading	context-scene	low	needs_teacher_approved_sense		pending	no
weaken-fcb9e7c6	weaken	verb	C1	reading	action-scene	low	needs_teacher_approved_sense		pending	no
weave-e37ed0b8	weave	verb	C1	reading	action-scene	low	needs_teacher_approved_sense		pending	no
weed-a72f7b3f	weed	noun	C1	reading	object-or-context-scene	low	needs_teacher_approved_sense		pending	no
well-intentioned-advice-d05e7295	well-intentioned advice	noun|noun phrase	C1	reading	context-scene	low	needs_teacher_approved_sense		pending	no
whatsoever-c4a492b4	whatsoever	adverb	C1	writing	manner-sequence	low	needs_teacher_approved_sense		pending	no
whereby-0c0c95a8	whereby	adverb	C1	writing	manner-sequence	low	needs_teacher_approved_sense		pending	no
whip-ca5b7e9d	whip	verb	C1	reading	action-scene	low	needs_teacher_approved_sense		pending	no
whirr-cb9c4945	whirr	verb	C1	reading	action-scene	low	needs_teacher_approved_sense		pending	no
wholly-0f549db8	wholly	adverb	C1	writing	manner-sequence	low	needs_teacher_approved_sense		pending	no
widen-d0526345	widen	verb	C1	reading	action-scene	low	needs_teacher_approved_sense		pending	no
willingness-55a9aa65	willingness	noun	C1	writing	concept-metaphor	low	needs_teacher_approved_sense		pending	no
willpower-60ea2974	willpower	noun	C1	reading	object-or-context-scene	low	needs_teacher_approved_sense		pending	no
wine-e4fd69b0	wine	noun	A1	reading	object-or-context-scene	low	needs_teacher_approved_sense		pending	no
wipe-4ccb1f9e	wipe	verb	C1	reading	action-scene	low	needs_teacher_approved_sense		pending	no
wit-614c059b	wit	noun	C1	reading	object-or-context-scene	low	needs_teacher_approved_sense		pending	no
withdrawal-17138af5	withdrawal	noun	C1	reading	object-or-context-scene	low	needs_teacher_approved_sense		pending	no
word-for-word-84a4356c	word-for-word	adverb	C1	writing	manner-sequence	low	needs_teacher_approved_sense		pending	no
work-tirelessly-7078be72	work tirelessly	adverb|verb	C1	writing	context-scene	low	needs_teacher_approved_sense		pending	no
work-with-your-hands-45d43e4e	work with your hands	verb|verb phrase	C1	reading	context-scene	low	needs_teacher_approved_sense		pending	no
workload-8c6e326c	workload	noun	C1	reading	object-or-context-scene	low	needs_teacher_approved_sense		pending	no
workstation-65b822a4	workstation	noun	C1	writing	concept-metaphor	low	needs_teacher_approved_sense		pending	no
worship-90cc1846	worship	noun|verb	C1	writing	multi-sense-panel	low	needs_teacher_approved_sense		pending	no
worthwhile-cd17c1b3	worthwhile	adjective	C1	writing	contrast-pair	low	needs_teacher_approved_sense		pending	no
worthy-dbe020d2	worthy	adjective	C1	writing	contrast-pair	low	needs_teacher_approved_sense		pending	no
wrestling-27be5fea	wrestling	noun	C1	reading	object-or-context-scene	low	needs_teacher_approved_sense		pending	no
yield-f12e1e8f	yield	noun|verb	C1	reading	multi-sense-panel	low	needs_teacher_approved_sense		pending	no
youngster-fe0502d9	youngster	noun	C1	reading	object-or-context-scene	low	needs_teacher_approved_sense		pending	no
